# Constructed from biom file																														
#OTU ID	C021-S239-L001	C022-S245-L001	C002-S256-L001	C003-S262-L001	C001-S250-L001	C041-S228-L001	C011-S268-L001	C023-S251-L001	C043-S240-L001	C052-S252-L001	C051-S246-L001	C053-S258-L001	C042-S234-L001	C031-S257-L001	C012-S227-L001	C013-S233-L001	T011-S235-L001	C033-S269-L001	W011-S259-L001	T021-S241-L001	W012-S265-L001	T041-S253-L001	T031-S247-L001	W021-S271-L001	C061-S264-L001	C063-S229-L001	W031-S236-L001	W022-S230-L001	C062-S270-L001	W032-S242-L001
b316938c80ffdbf3cc3b7b2265fa615f	210	0	0	0	0	124	0	117	548	1	0	1	0	0	1	0	0	103	0	0	0	0	0	0	0	0	4	1	1	2
c419a728b2ae75f1fc9b1a8005a56a14	115	0	0	0	0	3	0	0	1	0	0	6	0	0	2	0	0	4	0	0	0	0	0	4	0	0	0	5	3	0
ecd2fac4f1912519e0c911bbf2b024a0	105	0	0	0	0	62	0	100	268	6	17	7	0	0	0	18	0	71	0	0	2	0	0	0	38	0	32	0	31	19
479aef4e3202b3c645bec4e0aa9af7ac	101	0	0	0	0	70	1	46	287	3	18	8	0	1	3	1	0	74	2	0	1	0	0	7	43	74	2	11	7	1
dda397b58873c1ec1ab3241f8f1ea2fc	90	0	0	0	0	39	0	12	72	1	0	0	0	0	0	0	0	25	0	0	0	0	0	0	0	0	0	2	1	0
977b74032a74c153a4501532174f6bf0	87	4	0	0	0	37	0	33	256	2	10	8	0	1	0	7	0	118	0	0	0	0	0	0	181	0	0	7	2	0
321f564c35ace397f846b59d0675f2ee	82	16	0	0	0	18	0	40	23	8	5	23	14	28	0	11	0	17	0	0	0	0	0	0	0	7	0	7	0	0
f69845f81244992b6b153ee4e08f6979	78	0	0	0	0	44	0	106	187	2	1	0	0	0	0	0	0	45	0	0	0	0	0	0	10	0	0	1	0	0
667379363a3c3f3acf7997973be310b0	73	0	0	0	0	15	0	3	153	10	0	0	0	0	375	0	0	0	0	0	0	0	0	3	0	0	0	6	0	0
01814d14d064d1ab20aaccb1080b9377	73	1	0	0	0	22	9	28	156	0	0	0	1	55	35	39	0	0	6	0	17	0	0	3	3	0	4	7	0	8
f3c06bb131189dd6497fb7ecbad525e6	63	0	0	1	0	0	2	304	172	0	196	0	0	0	132	0	0	0	0	0	0	0	0	6	438	164	35	0	21	41
1f00ec5875524114bfbd3e0569cf22f1	62	620	0	0	0	262	19	1838	511	182	1336	262	213	1502	306	36	0	387	0	0	17	0	0	77	3536	4489	39	320	56	96
33d3c2bc66624c577415e9651b1edffe	60	14	0	0	0	7	0	74	10	0	0	0	0	0	0	39	0	0	0	0	0	0	0	0	0	0	2	0	0	0
c864172b45def3b8444a6e37d53c9ca5	60	0	0	0	0	48	34	92	108	81	55	171	68	0	6	404	0	179	5	0	12	0	0	5	102	0	0	88	126	23
9cd6ec58a318dabd428792bcaa6cd28f	59	37	0	0	0	14	0	0	0	0	0	4	0	0	333	141	0	0	0	0	0	0	0	0	0	0	0	5	0	0
5789304dcb2b359993e02f0126fc61dd	54	0	0	0	0	32	0	21	190	0	0	6	0	0	0	0	0	38	0	0	0	0	0	2	3	324	0	2	3	0
108a23fa5513b78e0b160c10b725f65a	53	0	0	0	0	73	14	90	119	20	0	39	147	0	147	98	0	26	0	0	1	0	0	0	54	0	0	42	7	12
6a05628a88d42aa20ff6b96466a8b340	52	0	0	0	0	32	0	6	73	0	1	0	0	0	2	0	0	48	0	0	0	0	0	0	0	156	1	0	0	0
7d38d3b31c964dda4a805ae625092a1a	51	2	0	0	0	39	11	132	253	2	40	4	0	9	264	24	0	29	0	0	0	0	0	0	60	0	0	5	0	2
71c202e8b8f784a3934587ff86ea8589	49	55	0	0	0	156	38	155	185	74	69	65	41	160	250	136	0	105	0	0	11	0	0	16	273	0	18	65	38	39
19c3c9fdefe7766f327477481e9cd0cb	46	26	0	0	0	23	11	79	0	8	0	29	83	59	19	126	0	256	0	0	0	0	0	1	0	32	2	23	0	23
35879c52a35e5869762ef2ea3d8ccb73	44	0	0	0	0	28	0	17	101	0	0	0	0	0	0	0	0	47	0	0	0	0	0	0	7	1	1	0	2	6
c53461ff9b992325433de52bc7392529	42	109	0	0	0	42	0	143	99	1	30	1	0	30	86	14	0	26	0	0	0	0	0	0	22	0	0	0	0	3
b027cf348e9362001b80b7bdea05f701	42	0	0	0	0	45	2	124	216	2	13	5	0	5	31	40	0	41	0	0	0	0	0	1	30	0	1	9	0	3
b976d834ab85952154ffd1473151abba	42	0	0	0	0	10	0	16	34	0	0	0	0	0	0	0	0	0	0	0	0	0	0	0	0	0	0	0	0	0
172381151ffa62b3f1f301194cb8b8c5	41	7	0	0	0	36	22	97	170	4	19	11	26	8	170	39	0	48	1	0	0	0	0	1	31	7	1	12	1	8
e4a9e318b3b1030aa917c92c6dd13d97	40	0	0	0	0	39	0	20	22	11	0	0	1	0	3	62	0	135	0	0	0	0	0	0	0	0	4	0	0	0
6d6d07ef216c068062e77fb965a09999	40	15	0	5	27	63	0	41	156	4	0	19	0	5	113	0	0	0	0	0	1	0	0	8	45	452	1	18	15	7
34367902968830d49acb3428b834da99	40	0	0	0	0	1	0	1	0	0	0	1	0	1	0	1	0	0	0	0	0	0	0	0	0	0	0	0	0	0
3ceefe5a597a006dd4742798f605039a	39	0	0	0	0	27	0	43	153	1	2	0	0	0	26	2	0	46	0	0	0	0	0	0	9	0	0	0	0	1
6f8e504bf7d4fd6c7d5adebcdb048a65	38	0	269	81	53	1	0	55	8	3	0	9	0	9	2	53	36	206	2	19	0	16	32	2	0	0	4	10	0	0
0306eb92c31a6a76254a11101f3623ef	36	0	0	0	0	50	0	43	143	0	0	0	0	1	119	11	0	5	0	0	0	0	0	3	35	0	1	0	0	0
325952360d746135c8811defa92f001a	36	0	0	0	0	15	0	10	59	0	0	7	0	0	0	0	0	8	0	0	0	0	0	0	0	0	0	2	2	0
d0ee6383eeabffc28fbfbcb3421cf824	35	0	0	0	1	37	2	23	200	28	5	52	1	0	13	27	0	743	6	1	11	0	0	28	40	0	10	71	20	10
794e3281b6765ce9bf6894799b4c0c46	35	1	2	0	0	24	20	109	124	1	1	18	24	0	120	48	4	34	0	0	0	0	0	2	0	4	2	16	31	6
7a25cb43860e01d500f776e5dc2e53be	34	25	0	0	0	11	8	93	18	11	0	7	1	60	13	31	0	53	0	0	0	0	0	2	3	0	2	28	5	3
c346bc013dbe7f661abb6f08456f9a1f	34	0	0	0	0	13	0	9	0	1	3	1	0	0	0	14	0	26	0	0	0	0	0	1	13	0	1	0	0	1
3fefac5d9fca8a97d41a8b0c89191a07	34	0	0	0	0	0	0	11	0	0	160	44	209	0	7	5	0	472	0	0	0	0	0	0	0	0	0	0	0	0
94ebd4046e3ec5fac118841a79cccd35	34	33	8	0	0	69	0	58	19	28	1	31	0	49	0	116	6	270	1	0	18	0	0	14	31	4	1	19	45	15
47fe7cb36d6fc3b59616fcff0d0c18ba	33	9	0	0	0	155	11	0	660	43	0	26	0	0	0	0	0	12	0	0	0	0	0	48	0	0	27	65	231	27
702285487ad294e9644d2eeb0fa5f1b2	33	0	0	0	0	50	1	84	240	11	28	14	0	0	337	148	0	47	2	0	1	0	0	3	102	0	4	7	38	3
ef2dc10172ad1f7cb330c129dab553e6	32	0	0	0	0	24	0	19	108	0	0	12	0	0	24	24	0	29	0	0	0	0	0	0	3	85	1	4	5	4
9fb46e5fe921cad800a5679c8e4923ea	32	7	0	0	0	79	5	81	220	31	81	48	10	12	209	114	0	84	0	0	5	0	0	4	217	554	18	17	145	33
e67eb9cd65da14877761d307c4c34e5f	32	0	0	0	0	14	0	17	25	0	0	0	0	3	0	1	0	50	0	0	1	0	0	0	0	0	0	0	0	0
8c5d06c1424556da51b7cb3c0b3fca24	32	0	0	0	0	31	0	13	153	0	0	1	0	0	0	2	0	10	0	0	0	0	0	0	0	0	0	0	2	0
de20100d855a3c78ddb4f03238f76761	32	0	0	0	0	34	1	77	63	43	41	40	40	2	31	71	0	68	0	0	2	0	0	0	111	231	8	32	31	23
b51a789e89ea0ec2f2503a21a94dd6c6	32	0	0	0	0	72	0	19	331	0	66	0	0	1	8	3	0	97	0	0	0	0	0	1	73	0	2	1	0	1
0189080c1b3b9d4979751d0e8110f860	31	0	0	0	0	0	10	24	0	0	6	0	15	29	0	0	0	0	1	0	0	0	0	0	0	37	0	9	0	22
a5cba13db4f590e75bf21178c7ded113	31	0	0	0	0	29	2	57	146	6	51	4	0	2	38	35	0	152	0	0	0	0	0	1	149	0	3	5	18	11
f4f0735724a88c7cb022f3b84cfa3627	30	20	0	0	0	43	0	86	156	2	0	0	0	0	85	99	0	34	0	0	0	0	0	0	26	0	2	0	7	0
61b7af46ae3b98fb1aa24b7c8ba10245	30	26	0	0	0	17	10	29	1	0	2	0	0	4	42	29	0	3	0	0	0	0	0	0	0	0	0	0	0	0
bf289570a1edd15bad70a4ebd37be458	30	0	0	0	0	7	0	59	8	1	0	0	0	0	12	0	0	1	0	0	0	0	0	0	0	0	0	3	0	0
d604d25ad9472fa3f70e4475693a4262	29	4	0	0	0	4	10	16	0	1	0	5	0	41	13	9	0	5	1	0	0	0	0	1	0	0	3	12	0	6
c85458ebf2cf54e00e2fac4b7bfc7c4f	29	0	0	0	0	135	0	0	136	0	0	2	0	0	0	0	0	5	1	0	6	0	0	5	0	0	0	1	0	0
08c3514fe1b24c09ba65ef882772d8d6	28	2	0	0	0	0	3	7	0	4	0	8	3	5	9	5	0	0	242	0	119	0	0	12	2	1	2	12	0	1
992c068cd1b0e4736ce48c406ce3a727	27	5	0	0	0	33	0	36	102	5	20	5	0	6	19	6	0	58	0	0	0	0	0	0	85	174	2	4	0	0
92e1fb7c2230cd6b6aec4c9689ff6c2e	27	7	0	0	0	16	5	41	10	3	13	14	19	9	57	67	0	11	0	0	0	0	0	2	18	6	3	27	3	3
d5f43984743051f7230610f2a5a7ba34	26	0	1	0	0	131	0	79	228	4	45	0	7	25	6	18	1	77	1	0	0	0	0	1	89	287	0	18	0	1
ba776572a5ee98aefe53ea0d4d781938	26	0	0	0	0	4	0	0	4	0	0	0	0	0	0	0	0	0	0	0	0	0	0	0	0	0	1	0	0	0
12b5f253fae2b94dcd9ec365166352fd	26	0	0	0	0	0	0	0	11	0	0	0	0	0	0	0	0	0	0	0	0	0	0	0	0	0	0	0	0	0
7122ab2411d3bb545120031747c99b43	26	0	0	0	0	9	0	4	28	24	9	12	5	0	1	9	0	34	0	0	1	0	0	11	39	3	3	8	9	7
cb19113c541ff1b3796d64ffbf6d89a6	26	0	0	2	0	0	0	3	0	0	0	0	0	0	0	0	0	92	0	0	0	0	0	20	0	0	16	0	0	6
da7c7b4d86ef9da42cce5ef21ada01db	26	0	0	0	0	0	2	1	0	0	0	2	0	0	8	9	0	0	0	0	0	0	0	0	0	0	3	0	0	1
59fed19c57cf8f88a5c9a752b1963d4f	26	0	0	0	0	50	0	2	96	0	0	10	0	0	15	0	0	2	0	0	0	0	0	0	11	0	0	0	13	0
ed7201576244bbebf7d5452274ada4b7	25	1	0	0	0	0	25	27	0	18	0	14	17	16	57	91	0	0	0	0	2	0	0	9	0	0	11	41	19	15
34da9f94c28b5bd9569be4416006077d	25	0	0	0	0	22	3	85	36	18	39	21	224	0	11	238	0	93	2	0	4	0	0	10	83	9	4	50	0	0
b72b90a5ec2bdb8b8b0987c54e69513e	25	0	0	0	0	24	1	43	174	0	7	0	0	0	10	0	0	19	0	0	0	0	0	0	3	0	0	0	0	0
5149969ac3676dd6efe854dfaf541b23	25	6	0	0	0	4	0	0	2	0	0	0	0	6	0	6	0	0	0	0	0	0	0	0	0	0	0	0	0	0
78ea2f326c353540be4fb8007e2ce6f1	25	0	0	0	0	2	0	0	0	0	3	0	0	5	4	0	0	0	0	0	0	0	0	0	8	0	0	0	0	0
200bb948ebbcb015f6f861045e821572	24	0	0	0	0	9	0	0	48	0	0	0	0	0	7	0	0	13	0	0	0	0	0	0	0	0	0	0	0	0
99098625b3221be544234e154134655a	24	0	0	0	0	10	0	10	27	0	0	0	0	0	0	0	0	28	0	0	0	0	0	0	0	0	0	0	0	0
526356d3bd7c226cb766dc04e22e4d67	24	6	0	0	0	0	39	33	0	2	0	1	0	17	48	113	0	3	2	0	3	0	0	0	0	11	10	1	28	30
14a836e8415d8a8bb105c24ce224792a	24	3	0	0	0	0	1	1	5	0	0	0	0	0	2	58	2	14	1	0	0	0	0	0	0	0	0	1	0	0
bb4d7b4e3c42214f23d419e513bee4ca	24	0	0	0	0	3	0	0	3	0	0	0	1	10	0	0	0	13	0	0	0	0	0	1	0	0	0	0	0	0
22517135acc888b06f81c1653b0efb3e	23	0	0	0	0	42	0	42	132	0	0	7	0	0	0	0	0	36	0	0	0	0	0	5	6	0	0	4	1	0
a78ba4684e767980a33a7177463a5de9	23	0	0	0	0	48	0	64	145	0	92	9	0	0	0	0	0	129	0	0	0	0	0	0	57	91	0	9	0	0
0928e99c5abfb9987325982de78d620d	23	6	2	2	0	49	1	81	45	84	62	240	127	24	27	129	0	135	6	0	16	0	0	21	135	74	25	153	182	35
3fdf0691a3b0af7b0f006a3002c7ce14	23	0	0	0	0	25	0	29	43	3	10	11	0	0	11	43	0	89	2	0	1	0	0	6	49	0	1	11	2	1
a885b125abd77983e90609081c77210e	23	0	0	0	0	66	1	142	118	7	18	17	6	0	147	109	0	122	0	0	2	0	0	1	0	3	5	19	68	16
630e82060a1879a569c1e37db27bb1b5	23	0	32	46	13	68	98	109	123	70	100	119	170	0	251	251	32	143	3	1	9	0	0	18	284	0	18	79	130	53
df21a99ab868c6e1e07c922805f95890	23	1	0	0	0	23	12	36	156	0	7	4	2	3	97	18	0	48	0	0	1	0	0	0	34	0	3	2	4	3
4be4a2cd8708441ec668e7ef02c9d2f2	22	0	0	0	0	0	0	2	0	0	0	0	0	0	0	0	0	7	0	0	1	0	0	0	0	0	0	0	0	0
2ae3cb17f6153483d92795fe61514713	22	0	0	0	0	24	22	0	5	11	0	3	11	0	12	36	0	5	0	0	0	0	0	0	0	0	0	5	0	0
afffd5f30e9730a7701a0600e6134bd2	22	0	0	0	0	22	0	29	181	2	8	6	0	2	16	7	0	11	0	0	0	0	0	2	41	0	0	0	0	0
8f7f4457e35282348bdf51c6f94ab08d	22	1291	0	0	0	83	13	604	53	211	628	89	77	5437	18	0	1	29	11	0	17	0	0	3	411	2292	8	19	50	30
dc4c326f4bfecf28b430cb46b63ace30	22	0	0	0	0	5	0	11	9	0	0	0	0	0	0	0	0	0	0	0	0	0	0	0	0	0	0	0	0	0
e5543946b37ed8d1eaa0f712bcad117e	22	0	0	0	0	27	2	93	146	4	0	13	0	0	233	9	0	36	0	0	2	0	0	4	44	0	1	10	0	2
5e47f905591c278827ab7addd25c9a6b	22	8	2	0	0	8	0	25	0	4	2	2	0	14	3	2	0	45	0	0	0	0	0	0	0	0	1	3	5	1
614730f54c88c94548c255ff64284a89	22	0	0	0	0	13	0	0	33	0	0	0	0	1	0	0	0	6	0	0	0	0	0	0	14	0	0	1	0	0
1d4a75d6152c7c39ec5996459db56bc3	21	158	0	0	0	28	65	110	77	18	34	16	8	30	88	28	0	83	2	0	2	0	0	2	20	48	5	17	9	11
de2b78219f9c5c1b422b7912cc82f97b	21	92	0	0	0	34	0	17	64	8	67	6	0	3	6	12	0	24	0	0	1	0	0	4	68	127	4	8	6	2
616d4805214cb9d801851467cf2e127e	21	0	0	0	0	12	0	0	15	0	0	0	0	0	0	0	0	0	0	0	0	0	0	0	0	0	0	0	0	0
e758d5cd08b73eb8ca74b8fbd21d4d83	20	6	1	0	0	31	16	17	137	5	22	7	0	7	91	3	0	11	0	0	0	0	0	0	3	0	2	5	0	1
12e5261622804c16940253531732a298	20	0	0	0	3	14	2	15	0	10	0	3	0	33	7	0	1	0	0	0	1	0	0	0	0	0	23	5	0	8
25f3d62608df6b2e551c1df1108bd036	20	0	0	0	0	22	0	50	99	3	14	0	0	0	57	25	0	25	0	0	0	0	0	1	32	0	3	0	0	2
534f04a155cf320fe15f9349bc2b7b63	20	1	0	0	0	6	0	38	2	0	0	1	1	2	0	0	0	14	0	0	0	0	0	0	0	0	0	3	0	0
45c5cec7ce1dfa0f4839adde8a353724	20	0	0	0	0	0	0	0	11	1	0	3	0	0	0	0	0	3	0	0	0	0	0	1	7	0	1	2	0	0
46e8d08c01f696313d3892186ccdf944	20	0	0	0	0	0	1	6	0	0	0	0	0	2	2	3	0	0	30	0	82	0	0	0	0	0	0	0	0	0
713ee8bf5668b524f0ce33e0928d2c49	20	0	0	0	0	16	0	39	192	0	0	0	0	0	31	3	0	14	0	0	0	0	0	2	2	0	1	1	1	5
c57e36a2b3173d4a7a1761fb0337868c	20	0	0	0	0	0	0	50	1	0	5	4	0	0	1	33	0	4	0	0	0	0	0	0	14	0	1	0	0	3
ca016b0f74afc40eb2a93bd6dcbeba29	19	0	0	0	0	11	0	6	34	0	1	0	0	0	13	7	0	1	0	0	0	0	0	0	0	0	0	2	0	0
6723e71d5fcd3bfaef5910d44452c88e	19	0	0	0	0	3	14	40	4	10	9	0	0	0	42	11	0	15	0	0	2	0	0	1	13	0	11	9	8	7
1403cba7c3ea8be22a609fa2b2fe96cf	19	984	0	1	0	41	0	117	70	90	183	37	11	1911	0	14	0	18	0	0	3	0	0	3	312	118	12	38	9	34
4c03b05e49ae65d86f9bf243eb99a6ef	19	0	0	0	0	2	14	8	3	5	0	0	2	0	23	34	0	13	0	0	0	0	0	0	0	0	0	5	9	5
5d4ba3d32ce82e992895034c48e220b5	19	0	0	0	0	0	0	0	0	5	0	0	0	0	0	0	0	0	0	0	2	0	0	0	0	0	0	0	0	0
0130a19d24ed31e48c19015a7014ef30	19	9	0	0	0	17	28	27	459	0	10	9	8	83	64	27	0	45	0	0	1	0	0	6	91	0	5	22	5	9
aaaafd21579ee34ea8299c1bf666c6f9	19	0	0	0	0	4	4	0	2	0	0	1	0	4	0	0	0	0	4	0	13	0	0	2	0	0	0	3	2	16
793a660a829a19c64fdd00b8c946f369	19	0	0	0	0	18	0	11	41	0	0	0	0	0	4	1	0	0	0	0	0	0	0	0	3	0	1	0	0	0
1c3e5dc87e97f0701b72528c3584ecf1	19	0	0	0	0	54	0	20	42	0	1	0	0	0	0	0	0	39	0	0	0	0	0	0	0	0	2	0	0	0
041050ef374ffbb1bbc93c5e345271b0	19	0	0	0	0	18	39	70	11	34	8	42	19	6	70	73	0	67	1	0	0	0	0	6	24	0	4	40	31	3
3750a1ba857c8ab5243786f059785791	19	0	0	0	0	28	0	33	78	0	3	6	0	0	0	43	0	35	0	0	0	0	0	4	32	0	0	8	0	0
d5e209a42afe5c91a7cf68c7191a8452	19	2	0	0	0	0	0	19	16	0	4	0	0	0	37	27	0	3	0	0	0	0	0	0	4	0	0	2	0	0
a534aaab6201abca2f4f9be14a429f28	18	0	0	0	0	2	0	4	26	0	0	0	0	0	38	0	0	54	0	0	0	0	0	0	0	0	0	0	0	0
c399b908bb76cb1a2307ba6687ccaf80	18	0	0	0	0	0	0	0	16	0	0	0	0	0	0	0	0	0	0	0	0	0	0	0	0	0	0	2	0	0
84d3526ca2d52dc4c1929ec75ddcee45	18	0	0	0	0	14	0	0	5	0	0	0	0	0	0	0	0	0	1	0	0	0	0	0	0	0	0	0	0	1
f22a8ddaecca9f4f906184a6307aa8e8	18	0	0	0	0	21	1	229	120	0	13	0	0	0	36	138	0	29	0	0	0	0	0	0	0	0	0	4	0	1
7c8f403256ce863e7e69f2767b9a0bb5	18	1	2	0	0	0	16	28	0	0	0	0	0	9	42	53	0	15	0	0	0	2	0	7	0	0	0	0	0	0
bd8239011f6106e56e4b2c10e7ad540a	18	0	0	0	0	0	3	4	8	0	1	0	1	7	3	0	0	3	0	0	0	0	0	0	2	0	0	0	0	0
1b4d7d665e8f191899117282cf514a5b	18	0	0	0	0	17	0	4	38	0	0	0	0	0	1	2	0	0	0	0	0	0	0	0	0	0	3	0	0	3
6d4acdacf10022bb09d6e5386ef0c01e	18	0	0	0	0	8	3	19	9	4	4	3	1	0	6	10	0	30	0	0	0	0	0	0	18	0	4	21	4	7
ce34fea99c43eeff0613619eb5438023	18	0	0	0	0	11	0	13	71	0	1	2	0	0	5	1	0	2	0	0	0	0	0	0	1	0	0	0	0	0
643e87bfdd94d4c97e97fe0041441fc5	18	0	0	0	0	15	0	30	45	0	0	0	0	0	0	0	0	50	0	0	0	0	0	1	0	0	0	0	1	0
19ec4fe2401d49cb93afce6318476cc5	18	0	0	0	0	41	0	34	141	2	13	1	0	0	28	29	0	163	0	0	0	0	0	0	43	0	0	2	2	2
5474b983b2cba7cd0c63b01302ca1d41	18	2	1	0	0	1	0	1	0	0	0	2	0	2	2	1	0	25	5	0	3	0	0	0	0	0	0	14	0	0
81ef23f028c2d80bf37844d67b8af128	18	5	2	0	0	3	10	12	3	5	0	13	1	18	42	14	0	13	4	0	7	0	0	3	0	0	0	19	8	12
61633a9bbe32078d486326badafb113c	18	0	0	0	0	5	0	0	5	0	0	0	0	0	0	0	0	0	0	0	0	0	0	0	0	0	0	0	0	0
3b7f67b25b318d7b9126df7135dae7b2	18	0	0	0	0	0	0	0	0	0	0	0	0	0	0	17	0	15	0	0	1	0	0	2	5	0	0	0	0	0
2f4ee6a80fed9ac9b02cb2e3dde28bce	17	0	0	0	0	0	0	10	11	2	1	0	0	0	0	6	0	11	1	0	2	0	0	0	1	0	0	0	0	0
eb17788087b4e2323ad795ccd7722178	17	12	0	0	0	18	0	53	36	12	8	48	0	4	36	13	0	12	0	0	0	0	0	7	0	89	6	7	21	0
aa2b223d2bb668aa7b232c8c7ae054f9	17	0	0	0	0	7	2	4	5	1	0	3	0	0	3	1	0	14	0	0	1	0	0	1	4	0	1	2	1	0
9bc2dc3b87c7887b30f55b5df58bbdd7	17	0	0	0	0	20	0	169	88	0	4	0	0	0	64	0	0	72	0	0	0	0	0	0	0	54	0	0	0	3
b8d703c6073df634de74eced52d4eeae	17	1	0	0	0	2	0	7	0	7	0	16	0	1	1	2	0	22	76	0	302	0	0	44	0	0	20	103	4	20
bffa80f772aa9bdf6ca3a3bb5050aca4	17	0	0	0	0	8	0	28	24	0	0	0	0	0	11	40	0	16	1	0	0	0	0	0	0	0	0	0	0	0
fdcf3cb34529e911aa19cdfa1577c90b	17	0	0	0	0	1	0	9	0	13	0	0	0	0	0	0	0	21	0	0	1	0	0	0	0	0	0	0	0	0
1b35d8b597b74f7bcb637f7433cfea0e	17	3	23	10	9	0	12	11	0	16	0	20	0	0	15	24	12	7	5	0	8	0	0	2	49	0	10	15	13	43
d1325bee436ede3e5400349cade28882	17	13	26	1	0	5	15	44	3	24	8	13	1	18	11	11	16	26	0	0	3	0	0	3	16	1	7	23	13	4
dcb87cf2ac1b019b93811a2ae5359405	17	15	0	0	0	10	2	26	25	4	0	24	0	16	8	31	0	23	2	0	20	1	0	10	1	0	1	20	6	9
213ad8a367f078b75d8ff1b2d382fcea	16	0	0	0	0	3	0	6	15	2	3	0	0	39	1	0	0	0	0	0	0	0	0	5	9	25	2	1	0	3
e4d46d51c683ccb8622535ed12608e0e	16	0	0	0	0	0	0	5	0	0	0	0	0	5	0	4	0	11	0	0	0	0	0	0	0	0	0	0	0	0
ec7d5f8a5393369eb288aefa17b62e78	16	1	0	0	0	18	5	7	0	2	0	7	1	8	3	7	0	2	0	0	0	0	0	0	0	0	0	3	2	0
55654ac460ff118752508d1b6afc94c6	16	0	0	0	0	4	1	32	15	5	7	9	0	1	35	12	0	14	0	0	0	0	0	3	5	0	0	11	7	0
434f6146e9e81674493a336baa7c75f8	16	3	0	0	0	0	0	1	14	0	0	8	0	4	9	13	0	28	4	0	76	0	0	8	0	1	0	27	0	19
1bea55fde1d28fe894db1f5cfdf1e488	16	199	0	1	0	52	8	62	23	20	46	24	10	171	18	21	0	39	6	0	6	0	0	2	10	39	6	6	12	3
b475070fbcd4c577499dec6830c46039	16	15	20	8	9	30	50	78	40	63	2	37	3	8	112	134	16	42	1	0	2	0	0	10	1	26	75	89	83	94
48afc2f15258ef79892c3c1e5f4a5f90	16	7	0	0	0	8	23	28	74	2	5	6	2	4	94	14	0	8	0	0	0	0	0	0	1	0	0	4	2	4
72000719578f0bee882eabedfda52d92	16	0	0	5	0	8	0	4	35	7	4	6	3	0	26	24	0	1	2	0	1	0	0	20	4	6	26	8	48	21
067952c186cdafe25a1a9ef09ce65ab5	16	0	0	2	0	0	0	8	0	1	0	0	0	0	1	17	0	9	0	0	0	0	0	1	0	0	0	0	0	0
e8f69e1332efb85378ade4cfe3da0de9	16	0	1	5	0	12	43	42	24	0	4	2	0	0	141	8	2	38	0	0	0	0	0	2	0	0	3	15	0	5
3232b6bf7d286d07c74d7d0ac2d8e25f	15	0	0	0	0	13	0	1	56	2	0	0	0	0	0	1	0	46	0	0	0	0	0	4	5	0	0	1	0	0
246d2bb4fc2e49c92d1bb873d33ee3bc	15	0	0	0	0	12	0	0	37	0	0	0	0	0	1	0	0	9	0	0	0	0	0	0	0	0	1	2	0	2
9b13fdbf952333c8e21f4cdd21987af1	15	0	0	0	0	3	0	0	0	0	0	0	0	0	0	0	0	0	0	0	0	0	0	1	0	0	0	0	0	0
ef0590401f255055530b53b9aa1eae88	15	0	0	0	0	6	0	1	6	0	0	0	0	2	0	0	0	0	0	0	1	0	0	0	4	0	2	4	0	0
60d4004ade3ac487c6da37195846fe06	15	3	0	0	0	3	5	12	6	28	2	2	0	2	0	7	0	30	0	0	0	0	0	1	5	0	7	6	37	9
87745fc74550b857b38bf6ec31572b6a	15	0	0	0	0	1	0	0	1	0	0	0	0	0	0	0	0	0	0	0	0	0	0	0	0	0	0	0	0	0
7b95c6dde2cfcd4bcb39a4f181ecb6d3	15	0	0	0	0	15	0	23	22	0	8	0	0	0	10	2	0	21	0	0	0	0	0	0	5	0	0	2	0	0
3b10f362355ce957506b8a43e8e09fab	15	0	0	0	0	1	1	8	7	1	0	1	0	2	3	5	0	2	0	0	0	0	0	1	0	0	3	3	0	4
d879912eaf7a817392b824d0601810a1	15	2	0	0	0	4	6	15	0	5	2	9	0	15	44	28	0	9	2	0	1	0	0	4	1	0	2	9	2	1
88b87520915425abb73f9822f5991c2f	15	0	0	0	0	6	2	29	10	0	3	0	0	0	16	11	0	14	0	0	0	0	0	2	0	0	0	2	19	1
5ee186ec38dbf5f8b4eba588196d3e76	15	0	0	0	0	3	0	7	6	0	0	0	0	0	0	0	0	3	0	0	0	0	0	0	0	0	0	0	0	0
d2701c6c1d355c5b11433ef560bef5c7	15	0	0	0	0	25	0	0	74	0	4	0	0	0	0	0	0	2	0	0	1	0	0	0	137	0	0	0	0	0
e27b2962f113efd4eb3234ccdc2efae1	14	0	0	0	0	0	0	1	0	0	0	0	0	0	0	0	0	0	0	0	0	0	0	0	0	0	1	0	0	0
8d57514873f28b33f006b76a63752a9e	14	10	0	0	0	20	12	51	32	0	0	2	0	3	92	10	0	12	0	0	1	0	0	0	0	0	0	0	0	0
9b2ec09c39bba3dcf33bc4e5d436955b	14	0	0	0	0	0	0	0	0	0	0	0	0	0	0	0	0	0	0	0	0	0	0	0	0	0	0	0	0	0
920ac5925cfc707cca09e0bac429b350	14	0	0	0	0	0	0	0	0	0	0	0	0	0	0	0	0	4	0	0	0	0	0	0	0	0	0	0	0	0
672915700a6a573835217b3ed3e601b0	14	2	0	0	0	1	0	8	46	3	16	10	0	0	0	2	0	24	2	0	1	0	0	1	11	1	1	2	2	0
2f2ceb7e6675c1ae549c80cddd0b81bf	14	0	0	0	0	12	0	7	12	0	0	0	0	0	18	4	0	0	0	0	0	0	1	0	14	0	0	0	0	0
04b0cce57f07d800b67651a18958ee38	14	2	0	0	0	6	26	32	21	35	8	2	0	7	18	17	0	156	0	0	0	0	0	0	41	0	4	4	1	0
782c7f27e8a97111d45be089ced8f2d5	14	0	0	0	0	8	8	20	20	1	0	26	3	0	49	111	0	13	0	0	2	0	0	2	1	0	0	13	21	4
de2a01f46f5ee420216443e4aadbbd5b	14	0	0	0	0	0	0	5	0	0	0	0	0	0	4	0	0	0	0	0	0	0	0	0	0	15	0	0	0	0
e0c701b2cdb03accdf91950dc5ed829b	14	0	0	0	0	2	0	0	22	10	15	7	0	0	0	0	0	3	0	0	0	0	0	6	125	0	2	5	5	2
1189f0857ee9c74e794cc21141002e5d	14	0	0	0	0	7	0	13	52	1	0	0	0	0	4	24	0	47	0	0	2	0	0	2	1	0	0	0	4	1
857783d8309378c3a971603cdcfbc83b	14	6	0	0	0	5	0	17	7	3	3	1	0	10	0	13	0	1	0	0	0	0	0	2	2	0	3	5	0	7
9c2112b620f1e4cba4c0c7ec5bf44957	14	0	0	0	0	0	0	11	0	0	0	0	0	1	1	0	0	0	0	0	0	0	0	0	0	0	0	0	0	0
900f6c9aa0b4f682bd2d215ed7aebfe4	14	2	0	0	0	9	9	25	6	4	0	7	0	56	20	53	0	5	2	0	4	0	0	3	2	5	3	11	1	3
73f79dbf1b3c79c24533db1e7e90cffb	14	0	0	0	0	5	0	0	25	0	0	0	1	6	1	2	0	0	0	0	0	0	0	0	0	0	0	0	2	0
a7b0421889f60d49d757ec099aedf1c2	13	17	0	0	0	5	0	37	2	12	5	4	0	12	0	14	0	17	1	0	1	0	0	1	2	0	1	0	0	0
e5fe57a9dfc9dd870d6b7b411a695ff6	13	0	0	0	0	0	1	1	0	0	0	0	0	0	0	0	0	0	2	0	0	0	0	0	0	0	0	0	0	0
530843fd84949cbac0e9b7e63fd9c3ac	13	5	0	0	0	12	0	15	22	93	4	45	27	0	0	7	0	5	6	0	0	0	0	3	13	0	0	13	49	4
69cc175ff7092494c4360a0b9d24468a	13	0	0	0	0	2	0	10	23	0	0	0	0	0	1	0	0	0	0	0	0	0	0	0	0	0	0	0	0	0
5268a038f78c76bad880878cfbcfcd8c	13	1	0	0	0	0	1	6	0	0	0	0	0	1	48	0	0	0	0	0	0	0	0	0	0	0	0	0	0	0
210704ed452784baeae55cbf1ae87054	13	1	0	0	0	0	0	5	0	1	0	0	0	0	0	0	0	1	0	0	0	0	0	0	0	0	0	0	0	1
ad9d6d2529c69f35a6689acc8ec958d0	13	0	1	0	0	35	4	3	38	7	7	7	0	0	10	18	1	8	0	0	0	0	0	0	0	0	0	1	7	3
cda70d699983408b210e5fad5d0f05b1	13	0	0	0	0	3	0	2	3	0	1	0	0	0	0	6	0	16	0	0	0	0	0	0	3	0	0	1	0	0
658d7eca9ddf7724686bf05150ef9129	13	4	0	2	0	5	18	10	0	2	0	2	4	5	38	5	0	2	0	0	4	0	0	5	0	6	4	5	10	8
7e03fc0376710841aea5c63ac8de6ae4	13	0	0	0	0	10	0	5	88	0	0	3	0	0	0	8	0	19	0	0	0	0	0	0	0	0	0	7	0	5
c03d47bed299d3eb8201cbdaf7054677	13	38	0	1	0	5	0	55	18	12	26	23	5	33	0	13	4	55	4	0	4	0	0	1	16	0	2	8	4	2
fe338bf3f0e7b6dce5755cb02e21cdd3	13	0	0	0	0	2	0	5	38	0	0	0	0	0	0	1	0	6	0	0	0	0	0	0	7	0	0	1	0	0
0b2f8cdd917a9fdcf4040ccb2729dad7	13	0	0	1	0	0	0	0	0	0	0	1	0	0	7	9	0	3	0	0	1	0	0	0	0	0	1	5	0	0
e97b01f4dc9471fe1c8ba363201316b7	13	0	0	0	0	28	1	12	2	13	0	16	0	0	0	26	0	9	8	0	12	0	0	6	0	0	14	50	61	62
ed5c9c035561a0914f5cf0094cf1492a	13	0	27	6	2	6	22	0	0	59	3	29	15	0	8	37	2	18	27	0	26	0	0	34	2	23	69	47	170	106
0278f684757b3c1b1fff1998f5cd4d30	13	29	0	0	0	30	0	22	36	47	15	1	0	123	0	4	0	130	0	0	0	0	0	6	89	84	2	12	0	0
4a6df9d01ebfca04c6d2dc1a3716b1a8	13	0	0	5	0	35	16	19	66	36	5	37	24	0	45	43	8	21	0	0	3	0	0	3	3	8	5	8	47	2
b69bd0d680ada2a82aeafc7115ef89c5	13	0	0	0	0	11	2	11	7	1	0	8	0	0	9	19	0	6	0	0	0	0	0	1	8	0	0	1	16	5
a7b1f373ed7273970600e6e14864dd04	13	0	0	0	0	0	0	15	0	0	0	0	0	0	0	0	0	0	0	0	0	0	0	0	0	0	0	0	0	0
d050d04110d392cf2a490f5d2251bffb	12	2	0	0	0	12	0	21	18	7	11	3	0	7	0	13	0	44	0	0	0	0	0	0	25	0	0	0	3	0
59f4f2d7ad71ca00dfbe5e0e2a0e84be	12	107	0	0	0	0	24	204	0	0	33	0	2	81	154	93	0	0	0	0	0	0	0	0	0	108	0	0	0	0
80f22ae66d93abe02a2410ba8162abb5	12	0	0	0	0	1	3	25	2	1	2	0	4	14	15	19	0	2	1	0	1	0	0	0	3	0	0	0	0	0
cd6d2b81226dff5c6b6a56f6f65fc5de	12	4	19	5	1	4	25	4	0	1	0	14	17	0	11	9	11	15	0	0	0	0	0	0	0	0	6	3	35	2
85ca95441e312234da82fe8ce5010358	12	0	0	0	0	0	0	0	0	0	0	0	0	0	3	0	0	0	0	0	0	0	0	0	0	0	0	0	0	0
a0fa130ccc26e04e6f7a9f130e020ad0	12	3	5	5	0	12	6	3	1	7	0	1	0	7	8	15	1	2	0	0	2	0	0	0	2	0	3	2	4	2
bc90ab0c3be5154183d72becb47ec38f	12	0	0	0	0	0	0	0	21	0	0	0	0	0	0	0	0	0	0	0	0	0	0	0	0	0	0	0	0	0
2ce29c127a7f1ff86c5b7130b8200dee	12	0	0	0	0	11	0	0	13	0	0	3	0	0	13	0	0	2	0	0	0	0	0	2	0	0	1	2	0	0
c769b850b137b2de12569fb66ae8d676	12	0	0	0	0	0	0	7	0	0	1	0	0	0	0	0	0	35	0	0	0	0	0	0	0	0	0	0	0	0
fcb48dbd76d3dad3b70d97471c0419a7	12	0	0	0	0	1	0	22	42	0	0	0	0	0	0	0	0	3	0	0	0	0	0	0	0	0	0	0	0	0
b956a6283aa4f590d72403b9f231d4c5	12	0	0	0	0	0	1	1	0	0	0	0	0	4	1	1	0	0	0	0	0	0	0	0	0	0	2	1	0	0
8eea04880cb04aa796d3716e9ab54b7b	12	6	1	0	3	10	11	10	6	20	0	0	0	0	16	11	0	16	0	0	0	0	0	0	0	0	0	0	42	2
796be74284646a2796e3a19035215e30	12	0	0	0	0	3	0	1	0	0	0	0	0	0	0	0	0	0	0	0	0	0	0	0	0	0	0	2	0	0
1b6e697c17cacba4b7d66dd48a5edf41	12	0	0	0	0	0	0	0	0	0	0	0	0	0	0	0	0	0	0	0	0	0	0	0	0	0	0	0	0	1
83a380f7b2f9ab88ae3959a0f99a4f45	12	0	0	0	0	13	0	8	79	1	2	4	0	1	0	0	0	10	0	0	0	0	0	1	38	0	0	1	1	0
206064331fc706b2d47df05f77d8d3ee	12	2	14	0	6	6	3	7	1	17	2	0	0	9	3	5	9	18	1	0	0	0	0	1	0	0	3	0	0	1
e1e20f408c7d8e7c1e452c17ce59539f	12	0	4	0	0	18	0	0	14	0	0	0	0	0	55	0	3	34	0	0	6	0	0	0	0	0	0	3	4	0
d3eca56f4531a3f43be0a8d123ded558	12	0	0	0	0	0	0	0	0	0	0	0	0	0	0	0	0	0	0	0	0	0	0	0	0	0	0	0	0	0
7d3917afcd613f9abb804767ec35c28c	12	1	5	0	4	0	10	11	2	15	1	7	4	8	6	8	5	8	1	1	5	0	0	14	9	0	1	36	0	12
299f8ee3ad6346c099dd4e64e1db55c8	12	3	0	0	0	10	0	14	57	1	0	17	0	1	0	1	0	38	2	0	0	0	0	3	11	0	1	7	0	0
d898c4fe9d973040b05278912c9ae075	12	30	20	2	2	3	9	12	0	16	7	11	5	16	10	0	0	36	0	0	0	0	0	0	0	0	2	0	3	7
828f0a9f853de41a9dcab408736dc9e4	12	0	0	0	0	7	0	9	37	0	3	0	0	1	23	2	0	0	1	0	0	0	0	0	15	0	0	0	0	1
0a1f72f306de3355c7010168d8fc4c92	12	0	0	0	0	6	0	11	97	0	0	0	0	0	0	0	0	0	0	0	0	0	0	0	0	0	0	1	0	0
c40a2329664832c55d962f84d4d65953	12	8	0	0	0	0	3	8	8	10	4	1	0	6	2	5	1	1	0	0	0	0	0	1	0	0	0	6	5	2
e6c19e3936d358f81bdfd6bae03f4953	11	0	0	0	0	0	1	0	0	0	0	0	1	0	6	0	0	0	0	0	0	0	0	0	0	0	0	0	0	0
0f7957cd58120feea8f61e01fed20ae2	11	0	0	0	0	5	0	0	0	21	0	0	0	60	0	0	0	6	0	0	0	0	0	0	0	23	0	0	0	0
55847196783e5d1fdb2942be83b8eca4	11	2	0	0	0	55	7	8	0	19	1	3	1	70	3	5	0	5	0	0	6	0	0	2	57	3	7	17	2	3
c6cf0fce52bc8dca0068105309c8ae1e	11	0	0	0	0	3	0	0	3	0	2	0	1	0	3	1	0	10	0	0	0	0	0	0	15	17	0	4	0	0
3dac847e4668b437de9ba80fc6da1f2d	11	0	2	0	0	0	0	15	0	0	2	0	0	0	1	0	0	1	0	0	0	0	0	0	0	0	2	8	0	0
0067931c3b1fc76d9b6f98f7a74d51ad	11	20	0	3	9	10	11	20	0	13	2	3	5	9	49	7	6	3	0	1	2	1	1	0	4	0	6	10	0	15
1be66cbbaaac355b28ce070bf079c7f9	11	15	0	0	0	1	0	18	0	1	0	0	0	11	0	8	1	0	0	0	0	0	0	0	3	0	0	0	1	0
15c7f175504a3eecdcb70a1734488ae3	11	0	0	0	0	0	0	56	55	1	0	0	0	0	101	0	0	23	0	0	0	0	0	0	0	0	0	0	0	0
ca02418c562759a6f00b220dc346bf33	11	1	0	0	0	23	1	29	35	7	27	31	0	5	9	23	0	31	0	0	0	0	0	2	83	50	0	14	12	0
31b72ec1f96a023dbc5d0466ce7c6aa5	11	0	0	0	0	12	0	12	43	1	2	0	0	0	18	0	0	4	0	0	0	0	0	0	0	0	0	1	0	0
34273b5f1ee9f506f0cabacbf7196af4	11	1	0	0	0	0	0	7	3	0	1	0	0	4	1	3	0	1	0	0	0	0	0	0	2	0	0	0	0	0
ae1dcf84eb14dbe5e25b8aeecb9c47c1	11	2	0	0	0	9	7	22	4	9	4	6	0	5	5	0	0	20	0	0	1	0	0	8	1	0	5	28	0	0
f630e6dbf7f0632b44c9fcf209988b91	11	0	0	4	0	0	0	0	0	0	0	0	0	0	0	0	0	0	0	0	0	0	0	0	0	0	0	0	0	0
e0765dde8975d70afa8a0bc1529eba85	11	0	0	0	0	2	0	6	39	0	0	0	0	0	0	0	0	1	0	0	0	0	0	0	1	0	0	0	3	0
be73631bd7784044319ffecb3abcbb0b	11	0	0	0	0	4	0	2	29	0	0	0	0	0	0	0	0	6	0	0	0	0	0	0	24	2	0	0	0	0
173c1e36c572208111845c5a9992cc90	11	0	0	0	0	4	0	17	3	8	1	7	0	3	12	11	0	22	4	0	4	0	0	0	0	1	11	13	4	10
67d6e7d0f6d6011a74593cfa7515010d	11	0	0	0	0	0	0	7	0	0	0	0	0	0	1	0	0	2	0	0	0	0	0	0	0	0	0	1	0	1
f537c8bbce70e9987378042249782197	11	0	0	0	0	0	0	6	1	3	0	3	0	6	5	7	0	2	0	0	0	0	0	0	0	0	0	0	0	0
f51cff539634883e5ae40a7dade33d7f	11	35	0	0	0	5	1	42	4	17	8	2	0	37	5	11	0	23	0	0	0	0	0	0	18	28	3	1	1	0
fb221fa1a69e2335738784b89274a0cd	11	0	0	0	0	3	0	23	51	0	14	8	0	0	29	16	0	35	0	0	0	0	0	1	82	0	0	9	1	0
df8d21d1df36bfb8f9b179b97faa29ac	11	5	0	0	0	2	0	4	19	0	0	0	0	0	11	0	0	0	0	0	0	0	0	0	0	0	0	0	0	0
279fa4e41744bfa1fd30dd5ac90f79d9	11	1	12	0	0	2	0	9	0	0	0	0	0	2	0	3	0	0	2	0	2	3	1	3	0	0	0	2	0	0
292d16f400ee6647504aa54935277466	11	0	0	0	6	1	1	8	4	0	0	13	0	0	20	29	0	2	0	0	0	0	0	0	0	0	1	2	4	4
73f057e1ebc2563abadf2c9307b444bf	11	0	0	0	0	3	16	25	25	0	0	0	0	0	27	8	0	23	0	0	0	0	0	0	0	0	0	6	0	3
d7a062a6d98924a07afb54e9ef638cd1	11	0	0	0	0	6	1	1	0	3	1	0	0	0	1	19	0	0	0	0	0	0	0	6	2	0	2	0	6	1
f7adccd18bdfd4884d97184f95baf6b4	10	39	55	35	51	27	2	26	11	7	5	6	13	2	0	48	54	0	0	0	0	0	0	0	0	0	0	0	0	43
0376dfc4937cd6d12b0622f744cfeb22	10	0	0	0	0	2	1	2	2	0	0	0	0	0	9	18	0	1	0	0	0	0	0	0	0	0	0	1	3	2
dd6122d2cf65ac927f950d2d3e70aaa5	10	0	0	0	0	3	0	0	16	0	0	0	0	0	0	0	0	0	0	0	0	0	0	0	0	0	0	0	0	0
ec049dfef876194858913b5c49cc0daa	10	0	0	0	0	6	0	10	0	0	0	0	0	0	3	12	0	4	0	0	0	0	0	0	0	0	0	3	0	0
6b183f4b5fce4bc5fabc51d01a807dd4	10	0	0	0	0	13	0	29	13	0	2	0	0	0	0	17	0	25	0	0	0	0	0	2	6	0	0	0	0	0
61c69b10d8600367b16ee3c748d557f0	10	0	0	0	0	1	0	0	0	0	1	0	0	0	0	0	0	0	0	0	0	0	0	0	10	10	0	0	0	0
db14a061961cbb9741d77cacf419802f	10	0	0	0	0	13	0	8	27	5	2	4	0	0	2	19	0	7	0	0	0	0	0	1	2	0	0	0	2	0
cd11cc2e61320ed3664fd85c632bfd5a	10	0	0	0	0	0	0	0	0	0	0	3	0	0	0	14	0	0	0	0	0	0	0	0	0	0	1	0	0	3
64e183d3c2a87527f2416d964bc43a46	10	0	0	0	0	0	0	3	0	1	0	4	1	0	0	3	0	0	0	0	0	0	0	2	0	0	3	3	0	0
c0561f5cfd22f55cc1d15cd0c5c6a816	10	4	0	1	0	2	0	23	16	10	1	10	12	6	1	22	0	83	1	0	1	0	0	6	13	7	2	10	5	3
3fd0726279fb670feb3171ae8c68f46d	10	0	1	0	0	34	8	55	81	14	20	35	20	0	29	40	0	63	2	0	3	0	0	7	37	0	0	27	4	8
49e0c268c3f59c309ad19c69acf1868a	10	0	0	0	0	1	1	1	4	0	0	0	1	3	1	0	0	33	0	0	1	0	0	0	0	0	0	0	0	0
35acd07a9170cb96c1cde33b8ed7efad	10	0	0	0	0	20	7	11	75	5	0	0	0	0	29	22	0	35	1	0	1	0	0	0	0	0	0	0	41	7
5f7d0c35eebf01d1eb27bd09f323f0de	10	2	0	0	0	0	0	26	1	4	4	6	0	1	0	6	0	1	0	0	0	0	0	5	0	0	0	12	1	1
1abf2d7ab97957644d8976656e2fe850	10	0	0	0	0	26	0	30	95	0	0	2	0	0	0	2	0	30	0	0	0	0	0	0	0	0	0	1	0	0
9498871829c2ad0b025923b0af37ebf5	10	1	0	0	0	0	0	0	0	1	0	0	0	0	0	0	0	0	0	0	0	0	0	0	0	0	0	0	0	0
6aef34135a973ddac9abb5d49ca4407e	10	0	0	0	0	0	0	0	0	0	0	0	0	0	0	0	0	0	0	0	0	0	0	0	0	0	0	0	0	0
6ec753d8b4c7e53ddc126d5c201dede5	10	0	0	0	0	22	0	4	104	0	0	4	0	0	4	0	0	19	0	0	0	0	0	0	4	0	0	1	0	0
f936eacdc18d28d6e3cd12ee3597c428	10	0	0	0	0	0	1	0	0	0	0	0	0	0	1	1	0	0	0	0	0	0	0	0	0	0	0	2	0	0
934def61d8903d5e8b858efba4228aee	10	0	0	0	0	13	0	62	21	7	0	1	0	0	0	81	0	19	0	0	0	0	0	4	0	0	0	9	0	0
63c8b1e98c8d86a88e346937ffde1ff5	10	0	0	0	0	3	1	0	4	0	0	0	2	0	0	2	0	18	2	0	3	0	0	0	0	0	2	1	1	4
f37d7422c4b207b6e890668db40e1e94	10	0	0	0	0	0	5	16	10	6	0	7	4	0	14	21	0	0	0	0	0	0	0	3	1	0	2	3	25	4
60e2d968f9e93260c7709be77a4ab6a6	10	0	0	0	0	1	0	0	0	0	0	0	0	0	0	0	0	0	0	0	0	0	0	0	0	0	0	0	0	0
1b9ae4c61b4aebfdd186a506ff2ff4db	10	0	0	1	1	0	1	1	0	1	2	2	0	0	0	1	0	9	0	0	0	0	0	0	0	0	9	3	0	7
c50dfbd47d6a55ffcbf5c2887d7c3064	10	0	0	0	0	1	0	2	4	10	5	3	1	0	50	0	0	1	0	0	0	0	0	2	0	0	0	41	0	5
a8958702efc6127f115a3439a3aa6063	10	0	0	0	0	10	0	39	28	3	43	0	2	2	65	18	0	7	0	0	0	0	0	0	13	10	1	14	3	0
32a9ae416a63b249acfcb3ccdee5d018	10	0	0	0	0	12	1	42	36	0	0	0	0	0	63	4	0	9	0	0	0	0	0	0	0	0	1	0	0	3
0c5683c0c2b4280a6b72c2998e21b051	10	0	0	0	0	0	3	8	0	0	0	0	0	1	1	3	0	8	1	0	0	0	0	0	1	0	5	3	0	3
b84db025b1d97eb411e06f420d92ad58	10	0	0	0	0	0	1	2	0	0	1	0	0	0	1	3	0	9	0	0	0	0	0	0	0	0	0	2	0	0
b827499a0c9367405d60e9fab0cfcf1c	10	0	0	2	0	4	2	6	0	2	1	0	0	0	0	0	0	52	0	0	0	0	0	1	0	0	1	0	0	4
76e06af564a6dd4128f0a63021a1b6bd	10	0	0	0	0	0	0	0	0	0	0	0	0	15	0	0	0	1	0	0	0	0	0	0	0	0	0	0	0	1
0e0de2b10d48ae28dc0618438931e01f	10	0	0	0	0	2	0	0	5	6	0	6	0	0	0	25	0	0	0	0	5	0	0	0	0	0	1	3	18	2
952102ebf416e462bc229eee6fbacf2b	10	0	0	0	0	44	5	0	37	19	0	1	0	0	10	39	0	6	0	0	0	0	0	0	22	0	8	1	36	7
b8b65def3460040d971ad596e1ac7c12	9	2	1	0	0	1	8	13	0	1	0	3	3	13	9	4	0	8	0	0	0	0	0	0	0	0	0	9	0	2
00d0913ef7fbd876ddd4a7916cc74a35	9	7	0	0	0	0	0	0	0	0	1	0	0	2	0	0	0	0	0	0	0	0	0	0	0	0	3	3	2	0
a364b13bfde0f448779bfbc3d1c6a283	9	0	0	0	0	6	9	9	9	7	5	17	10	0	2	25	0	19	0	0	0	0	0	0	4	0	2	15	23	9
515728253fe0ea381e8c4de538164e07	9	0	0	0	0	1	0	0	34	0	0	0	0	0	0	0	0	2	0	0	0	0	0	0	0	0	0	0	0	0
8012ff3fe710554c7784e53d393f30b1	9	0	0	0	0	5	0	1	28	0	0	0	0	0	0	1	0	2	0	0	0	0	0	0	0	0	0	0	0	0
b51583b1de4e112dedf04d8479145fdb	9	0	0	0	0	0	1	2	1	0	1	0	1	0	4	3	0	4	0	0	0	0	0	0	2	0	0	2	1	2
10cfc8aa931a1ab5904e013affd5cc7d	9	0	0	0	0	10	0	39	0	0	0	0	0	0	36	12	0	0	0	0	0	0	0	0	39	0	0	0	0	0
bf4ca2cfa92593c3473cdb9c01051ae4	9	0	0	0	0	0	0	9	12	22	33	3	0	1	0	0	0	39	0	0	0	0	0	2	57	0	0	0	52	0
f44087a1d7e551f9abd17712ae7fa840	9	6	0	0	0	15	0	10	0	24	1	32	0	0	0	2	0	40	2	0	12	0	0	4	0	0	2	8	3	4
74e82f94f57406dd205f2198322e52b3	9	61	34	42	9	8	0	74	18	99	39	7	6	247	3	14	35	54	0	0	4	0	0	3	42	23	10	6	8	9
30adcd5d27a171119a4e9726ac9a806a	9	0	0	0	0	0	0	0	0	0	0	0	0	0	0	0	0	0	0	0	3	0	0	0	0	0	0	0	0	0
427201651603eef9fedffaf46d75eab5	9	0	0	0	0	2	5	5	2	0	2	8	2	1	4	0	0	39	0	0	0	0	0	2	0	5	1	8	0	2
0d3358d9a67ddc8c060af5c8ba27730b	9	0	0	0	0	2	0	5	18	0	2	1	0	0	0	0	0	8	0	0	0	0	0	0	10	1	0	4	0	0
6b7f2836eb4bd5ee462da5b7039d5e4c	9	0	0	0	0	2	0	7	37	0	17	3	0	0	8	4	0	34	0	0	0	0	0	1	5	1	0	4	1	1
695064d2dba096f11bd01a1a16c911ac	9	0	0	0	0	16	6	48	54	0	1	3	0	2	87	6	0	12	0	0	0	0	0	1	0	0	0	0	0	0
19e8207c646ed99dc28754cd2b0bf641	9	0	0	0	0	0	4	5	0	1	0	0	0	2	0	0	0	0	0	0	0	0	0	0	0	0	0	1	2	3
f2fcfccf9e4f2b10184d09fba20e4a18	9	0	0	0	0	0	0	0	0	0	0	0	0	0	6	0	0	0	0	0	0	0	0	0	0	0	0	0	0	0
9b1025beebfeca470e711cdd6cdd977d	9	0	0	0	0	11	0	18	25	0	0	1	0	0	5	0	0	12	0	0	0	0	0	1	7	0	0	2	0	4
23720eee1e5cf0173c766179b6fea2ed	9	0	0	0	0	1	0	4	4	2	0	4	0	0	6	2	0	1	1	0	4	0	0	1	0	0	2	5	3	3
5a62af527ec1895042448f84ed138ec9	9	1	0	0	0	0	0	0	0	0	0	0	0	2	0	3	0	0	0	0	0	0	0	0	0	0	0	0	0	1
5896d2e0c15606512d1e8efd79e073d9	9	0	0	0	0	1	3	10	2	0	0	0	1	0	23	5	0	1	0	0	0	0	0	0	0	0	0	0	0	0
dd649213a5a300d5c55da1b5f23e67f2	9	0	24	50	56	6	0	10	43	12	19	25	2	2	60	24	32	18	10	0	15	4	7	10	57	0	18	23	41	24
dfc0dadbacf3939a65b261be35e6dcb3	9	0	0	0	0	4	0	21	4	4	0	0	0	0	1	4	0	0	0	0	0	0	0	3	0	0	0	0	6	0
0384cc4de84a2681d25bf9717077a5e0	9	0	0	0	0	4	0	2	13	0	0	0	0	4	0	0	0	0	0	0	0	0	0	0	0	0	1	1	0	0
ad25a7df589d21ac2bbbb543de288024	9	0	0	0	0	10	0	8	31	2	3	5	0	0	16	0	0	12	0	0	0	0	0	1	4	13	0	0	4	1
b293ec6f0434f8d59bc5896bd24e20c8	9	0	0	0	0	1	0	3	11	0	0	0	0	1	24	1	0	3	0	0	0	0	0	0	0	0	0	1	0	0
d1db58273d6928fb72105df12b2d14e8	9	0	0	0	0	3	0	3	4	0	0	0	0	0	0	11	0	0	0	0	0	0	0	0	0	0	0	0	0	0
32f979aa64da8d474210f779ee4cce96	9	0	0	0	0	0	0	0	0	1	0	3	0	0	0	0	0	0	0	0	0	0	0	0	3	0	1	5	0	0
a579cf97ff9a565b11ef940d36c024f8	9	1	0	0	0	0	0	0	0	0	0	0	0	0	0	0	0	0	0	0	1	0	0	0	0	3	0	0	0	0
9a46872d1735d02a9dceaaf3feeca41e	9	0	0	0	0	4	0	2	1	1	0	0	0	0	0	5	0	0	0	0	0	0	0	0	0	0	0	0	0	0
f346ef4372528034f73b009fccd8c75d	9	3	0	0	0	0	2	7	2	0	0	2	0	8	2	9	0	6	2	0	2	0	0	0	0	0	0	0	0	0
545782eba764bc335e43c8487e49109e	9	0	0	0	0	0	0	0	18	0	23	14	0	0	0	9	0	5	0	0	0	0	0	2	19	0	0	3	4	0
9edb36dacd8b6f5e8c0af1c1ad347b52	9	0	0	0	0	12	0	1	3	0	0	0	0	0	0	7	0	35	0	0	0	0	0	0	6	0	0	0	0	0
34d7b7887dd25187158fc838bf965d22	9	0	0	0	0	0	2	7	1	4	0	0	0	1	14	1	0	0	4	0	10	0	0	2	0	1	0	2	7	2
9de78eb9af55c1bda98aca9144331a58	9	1	2	1	10	1	29	3	4	11	0	14	0	0	19	15	0	14	0	0	0	1	0	1	1	0	2	11	2	5
b601d8941191992149fd7c285fb28f62	9	0	0	0	0	0	0	6	0	0	0	0	0	0	22	12	0	0	0	0	0	0	0	0	0	0	0	0	0	0
2f332765442b6e9c1fadede682fd31cd	9	0	0	0	0	6	0	1	57	0	0	0	0	0	0	0	0	9	0	0	1	0	0	0	0	0	0	0	0	1
737873451d96c681b75583e07091a391	9	0	0	0	0	20	0	24	31	45	15	59	0	0	0	29	0	69	4	0	25	0	0	12	21	134	5	81	124	39
eff46422d07b16c3f9c3ffb86c9e6fe7	9	0	0	0	0	0	0	0	0	0	0	0	0	0	0	0	0	3	0	0	0	0	0	1	1	0	0	0	0	0
b68ea552105515f92ac25d082c144ae3	9	0	0	1	0	0	0	0	0	0	0	0	0	0	0	0	0	0	0	0	0	0	0	0	0	0	0	0	0	0
ed6c1d35801418e1cf57a6c2e7abb384	8	0	0	0	0	0	0	0	0	0	0	0	0	0	0	0	0	0	0	0	0	0	0	0	0	0	0	3	0	0
d106f4aa5b3f1d806ac8d33f5582b659	8	9	0	0	0	0	0	52	15	0	51	0	0	0	0	0	0	5	0	0	0	0	0	0	23	0	0	13	4	0
03fb33d77133a6c8cc0349f4b85ca049	8	0	0	0	0	4	0	3	3	0	3	0	0	4	0	0	0	0	0	0	0	0	0	0	0	0	0	0	0	0
9f401527a89556489a9f3aa754081f7b	8	0	0	0	0	7	0	9	85	0	0	1	0	0	0	1	0	20	0	0	0	0	0	0	1	0	0	0	1	0
a9c5b6acd833986526cca33762c9e0ee	8	0	0	0	0	7	0	81	24	0	0	0	0	0	176	246	0	24	0	0	0	0	0	0	0	0	0	0	0	0
d5aaa3753896192efe64debad55daef7	8	83	0	0	0	7	6	47	19	4	14	19	0	67	23	12	0	30	2	0	1	0	0	1	46	0	0	5	3	7
fe852237e9b6a2707c93edfa448be2aa	8	0	0	0	0	0	0	0	0	0	0	0	0	0	0	2	0	0	0	0	0	0	0	0	0	0	0	0	0	0
939a2fdb8c7114de2da6687093f61ebe	8	14	0	0	0	11	0	29	44	0	4	4	0	19	7	0	0	35	1	0	0	0	0	1	3	0	0	7	0	4
67d747e4c700f48beabf535b8942e491	8	0	0	1	0	18	1	7	4	4	4	8	2	2	17	22	0	17	1	0	2	0	0	6	6	0	0	13	1	3
8091c2a1b5e64765d3a4300fbb2e93f5	8	5	0	0	0	11	5	16	1	16	5	9	1	48	3	6	0	10	2	0	0	0	0	5	21	0	0	8	6	0
ba9c387a8637776b463f3d1f6e7bbe2a	8	1	0	0	0	4	1	11	2	0	2	0	0	1	2	28	0	16	0	0	0	0	0	0	1	0	0	0	0	0
8d82b5984be2480c50db059ebb46eafb	8	0	0	0	0	0	0	0	0	0	3	0	0	0	1	0	0	0	0	0	0	0	0	0	0	0	0	0	0	0
95a7c12218aba9d16840e4419a52a100	8	0	0	0	0	26	17	0	18	44	6	86	4	2	0	33	1	13	12	0	12	0	0	45	30	0	43	59	88	58
5f40e82d95e614da07497c53774a7ed9	8	0	0	0	0	1	0	17	21	0	4	0	0	0	0	0	0	3	0	0	0	0	0	0	0	0	0	0	0	0
f56035e9de906446406018462cdce3d7	8	0	0	0	0	2	0	0	0	11	0	0	0	0	0	0	0	0	0	0	0	0	0	2	0	0	0	1	0	0
12c619ae04dca4e1969b349c685ba8bb	8	0	0	0	0	19	0	13	109	3	6	15	0	2	8	2	0	14	0	0	2	0	0	2	61	0	2	3	2	1
0df7a00389c120e8fe7ab7965385821d	8	0	0	0	0	14	0	50	41	0	0	0	0	0	12	38	0	14	0	0	0	0	0	0	0	2	0	2	0	0
0b8d37dbb079f2645d5e254c3c719c3b	8	0	0	0	0	0	0	0	6	3	0	4	0	0	0	0	0	7	0	0	0	0	0	0	0	0	0	3	7	0
9c958fa33b62f28eb245d5f72377ad04	8	14	0	0	0	0	51	14	2	6	1	4	2	1	37	43	0	1	0	0	0	0	0	2	0	0	1	8	3	5
6c7ae336661e95683403a72c1e224a8b	8	0	0	0	0	16	0	18	14	14	9	63	1	3	7	7	0	96	37	0	121	0	0	2	4	0	6	17	15	5
d4fc7956f169f7748b7bb978f1e414f5	8	0	0	0	0	1	0	0	0	0	0	0	0	0	0	0	0	36	0	0	0	0	0	0	0	0	0	0	0	0
f87459d771a3b9a9a015d4ead15d41bd	8	4	0	0	0	11	13	18	2	13	3	13	0	3	13	126	0	36	0	0	0	0	0	0	2	0	2	15	10	3
45e6324473dca6ac5457ff9f11903cee	8	15	0	8	0	3	35	25	1	31	1	40	0	11	32	47	2	16	0	0	5	0	0	4	0	0	10	15	42	13
329211b4a66d0bf6935e535da81e8eee	8	0	0	0	0	89	53	59	164	78	19	47	40	0	190	262	0	179	3	0	9	0	0	66	52	24	52	133	156	53
d3efbfedaa4d6b0ccce2432d6bba96be	8	0	0	0	0	0	0	0	0	0	0	0	0	0	0	3	0	1	0	0	0	0	0	0	0	0	0	0	0	0
23eb1d7dab8df575f8aea62087267482	8	0	0	0	0	5	2	32	6	1	11	2	0	0	98	8	0	1	0	0	0	0	0	1	0	0	0	0	0	2
d51c143092ba40637a7d108da7d4c0ce	8	0	0	0	0	0	0	0	0	0	0	0	0	0	0	0	0	0	2	0	0	0	0	0	0	0	3	0	0	5
f1457fbcdf301f5a8e94299a35346d68	8	0	0	0	0	11	0	3	47	0	0	0	0	0	0	4	0	0	0	0	0	0	0	0	0	0	0	0	0	0
4824b1630431e9fb56bc42e4769c4b88	8	0	0	3	1	6	7	4	16	0	1	4	3	0	27	38	0	7	0	0	0	0	0	7	0	0	1	9	9	1
c821119813239c6bc8203e69c88e1dc4	8	0	0	0	0	18	0	7	27	0	43	0	0	1	0	0	0	47	0	0	0	0	0	0	17	8	0	11	4	0
d323d5c570870c1703f9f812fcf17f2c	8	18	0	0	1	14	9	40	80	5	21	4	7	13	21	55	0	53	1	0	0	0	0	0	70	8	1	3	13	2
b4c49a303b302c4ac2c0d31f302cb1fb	8	0	0	0	0	7	0	4	20	0	0	0	0	0	0	2	0	14	0	0	0	0	0	0	0	0	0	0	0	0
970a5ffad3d519eac38cac00730eddca	8	24	0	0	0	4	6	26	10	0	0	2	0	3	59	19	0	16	1	0	0	0	0	0	0	0	0	4	0	0
f2e84ed562880a7bd3a66e54d6850e7b	8	0	0	0	0	0	0	11	0	0	0	0	0	0	0	13	0	0	0	0	0	0	0	0	0	0	0	0	0	0
e0f9c73a664acf256eb975079a194218	8	0	0	0	0	4	0	8	6	0	0	0	0	0	1	8	0	1	0	0	0	0	0	0	2	0	0	0	0	1
7eb979fbdba32f879091324cacc891aa	8	15	0	0	0	0	0	0	0	0	0	0	3	0	0	0	0	0	0	0	0	0	0	0	0	0	0	0	0	0
240b6ef5870b952c35232c9403d59e05	8	8	0	0	0	1	5	41	22	3	14	3	13	0	36	39	0	27	0	0	0	0	0	0	3	13	0	6	0	3
e93f20bbeaa7071e51e182c2a0ecb139	8	1	0	0	0	3	0	7	2	18	2	5	0	0	2	1	0	7	0	0	0	0	0	2	3	0	1	3	3	1
11f4c0d6e6f9ba70f80a3c19bef04d61	8	0	0	0	0	0	0	0	4	0	0	0	0	0	4	0	0	0	0	0	0	0	0	0	0	0	0	0	0	0
b8ae136021abe5d1735649a3e4d4bf95	8	0	0	0	0	0	0	5	0	0	0	2	0	3	0	0	0	2	0	0	0	0	0	0	0	0	1	0	0	2
ee4f1849a5f3856d761e27009b524292	8	0	0	0	0	0	1	0	2	0	0	1	0	0	1	1	0	0	0	0	0	0	0	0	0	0	0	0	0	0
01cbba298611978e912326f66b78fca8	8	0	0	0	0	13	0	2	7	0	0	0	4	0	0	0	0	0	1	0	2	0	0	0	0	0	0	0	0	0
c58bcd1b9694a82f319404dca0511e72	8	435	0	0	0	2	0	71	16	21	7	4	5	25	2	15	0	30	0	0	2	0	0	1	5	2	0	8	6	6
b7e07b99eb59470a450dd1ccb9263c8c	8	4	0	0	0	6	5	14	12	1	0	0	0	1	3	2	0	16	0	0	0	0	0	0	7	0	0	1	0	3
a39e3307cbbed27eb080bcc872d24acf	8	0	0	0	0	7	0	10	59	0	1	0	0	0	0	0	0	14	0	0	0	0	0	0	0	0	0	0	0	0
28ba074a420af471d20a15440922f530	8	0	0	0	0	0	0	0	0	0	0	0	0	0	17	0	0	0	0	0	0	0	0	0	0	0	0	0	0	0
8dc473c8946288ed19454f57e347254b	8	2	0	0	0	0	0	1	0	4	0	0	0	0	0	0	0	7	0	0	0	0	0	0	0	0	0	0	5	4
0a38d7b4d58bff0d1c8371406cfc7c3f	8	0	0	0	0	2	0	2	0	0	0	0	0	0	0	1	0	0	0	0	0	0	0	0	0	0	0	0	0	0
b68239c1b4878c6d90e0ca9b599e9106	8	1	0	0	0	0	0	1	0	0	0	0	0	0	2	0	0	0	0	0	0	0	0	0	0	0	0	0	0	0
b4435552f499d89148c819d03ea280ac	8	0	0	0	0	20	0	18	27	1	4	0	0	0	7	12	0	31	0	0	0	0	0	0	11	0	0	0	0	0
19636f496095157b5107dbd0ad8c5360	7	0	0	0	0	1	0	0	0	0	0	0	0	0	0	0	0	2	0	0	0	0	0	0	0	0	0	0	0	0
98d4861f14b27f8e686471df372106e5	7	0	0	0	0	0	0	2	0	0	1	0	0	0	0	1	0	0	0	0	0	0	0	1	17	0	0	0	0	1
1645311b04adda4d1fda6b4d32ee90b6	7	0	0	0	0	0	0	0	4	0	0	0	0	1	0	2	0	3	0	0	0	0	0	0	0	0	0	0	0	0
0bce344838490509ae410ed43e7d2a34	7	0	0	0	0	0	0	0	22	0	0	0	0	0	0	0	0	2	0	0	0	0	0	0	0	0	0	0	0	0
89d432f79fd40253d2c2fbac7a16cc1a	7	1	0	0	0	0	0	49	0	1	4	0	0	8	0	10	0	4	0	0	0	0	0	0	0	0	1	5	1	0
82d4137c6a9c497ec6df4fd44b03e959	7	0	0	0	0	0	3	0	0	0	0	0	0	0	1	0	0	0	0	0	0	0	0	0	0	0	0	0	0	0
ee661e73ea92c07d85d23e45dec5d8cb	7	0	0	0	0	6	1	27	6	4	14	5	0	2	4	17	0	18	0	0	0	0	0	6	7	0	2	6	0	0
b150302ec321bb2990eb5641206ca0b5	7	0	0	0	0	0	0	0	0	0	2	0	0	6	0	1	0	2	0	0	0	0	0	0	0	0	0	0	0	1
211b67e44c090319a89089693f98634e	7	0	0	0	0	0	0	16	15	8	0	23	0	0	0	37	0	25	0	0	2	0	0	3	8	1	0	23	3	1
5378e0cec12e7ab17b9f75b323f3d82d	7	0	0	0	0	1	0	2	0	1	2	0	0	0	15	2	0	0	0	0	0	0	0	0	0	0	0	0	0	0
5aaf71c364581dcd31a4c2799c7cb911	7	0	0	0	0	38	1	116	123	7	47	22	0	0	17	21	0	132	0	0	1	0	0	6	217	798	8	22	37	12
71ad1808c5047c6bca1ed62252ad2a13	7	0	0	0	0	42	0	0	13	0	12	0	0	0	0	0	0	29	0	0	0	0	0	0	57	0	0	0	0	0
520afa382324b6eb0556ee2dc95ee95d	7	0	0	0	0	1	0	0	8	0	0	5	0	0	0	0	0	7	0	0	1	0	0	2	0	0	0	3	0	0
94e0f776fc7a32f0f2c271d9caa6ffbd	7	0	0	0	0	9	0	24	32	0	1	4	0	0	14	3	0	20	0	0	0	0	0	0	0	0	0	3	5	8
c18ba48f1a896a86e646e6692a873608	7	0	0	0	0	12	0	50	5	0	6	0	0	0	2	10	0	0	0	0	0	0	0	0	18	0	0	2	0	1
e78edb468ad13cb83d9a9c92cea542d1	7	2	0	0	1	7	4	2	2	2	0	6	0	3	2	5	0	10	1	0	2	0	0	0	0	0	3	4	0	1
5931bcb448f2f904c5396fc318d70dbc	7	4	0	0	0	1	1	9	0	0	0	0	0	2	1	6	0	4	0	0	1	0	0	0	0	0	0	2	0	0
c5d1ca569ad324a816b08f853c249ee6	7	1	0	0	0	0	0	2	0	0	0	0	0	0	0	0	0	0	0	0	4	0	0	0	0	0	0	0	0	0
49f8659cad7c43c90f8f00801f9b1fbf	7	0	0	0	0	3	0	7	30	0	1	0	0	0	9	0	0	28	0	0	0	0	0	0	3	0	0	0	1	0
0ab4f781469433db0efeaf078620dbf0	7	0	4	0	0	0	1	13	3	27	2	3	0	0	2	15	14	0	0	0	0	0	0	0	5	0	2	0	7	0
ea805375b4512dceb09e7ef29098860e	7	0	0	0	0	18	5	38	0	5	0	0	0	7	15	18	0	20	0	0	0	0	0	0	0	0	1	0	0	5
4c332a204243265bc5b98de3fa473825	7	2	0	0	0	1	0	18	2	4	17	0	0	7	13	7	0	14	0	0	0	0	0	0	7	1	0	0	4	2
c3e6e2c655e8e615236c8d2dabe97ca2	7	0	0	0	0	0	0	3	0	5	1	2	5	0	12	10	0	4	0	0	0	0	0	0	0	0	0	0	0	1
24a5d54e4efa87c19089648e0bccdfd9	7	3	0	0	0	1	1	11	10	2	0	11	0	0	6	11	0	4	0	0	0	0	0	3	0	1	0	11	0	2
51e5d4c935e1d2684bd54d0740324e82	7	0	0	0	0	4	29	6	14	20	0	18	0	0	28	7	0	5	0	0	6	0	0	5	7	0	5	15	64	19
b124751efe1d17900d84c191de923e9f	7	0	0	0	0	13	0	33	49	0	0	0	0	0	14	19	0	7	0	0	6	0	0	0	0	0	0	0	0	6
ff90bf42094c81ac7aab2c42eb5509a4	7	2	0	0	0	3	0	13	12	0	1	0	0	4	5	15	0	14	0	0	0	0	0	0	11	0	1	1	3	1
e5e5d028355e9a94a1f22774ffab3d39	7	0	0	0	0	7	0	34	23	2	0	3	0	12	35	3	0	5	2	0	1	0	0	1	59	0	0	14	4	3
406f1222699e699a7a1e2d4c0a670df8	7	0	0	0	0	7	0	9	6	6	3	4	0	0	0	3	0	18	0	0	2	0	0	0	22	0	1	3	3	0
0c2a475c361d7ac15e9bb4752299cfd0	7	0	0	0	0	2	0	21	25	0	0	2	0	1	0	2	0	6	0	0	0	0	0	0	0	0	0	0	0	0
20463e24f49b5923ef99ca8275a30d52	7	1	0	0	9	3	8	15	8	11	4	10	0	0	14	48	0	21	1	0	3	1	1	4	7	0	6	22	0	2
ec57155523b234f700e9aa66d1b3e1d2	7	0	1	4	11	0	0	5	0	1	0	0	0	0	13	6	0	6	0	2	0	0	8	10	0	0	7	0	0	0
68e8feeace14f270b39b0b2b4b14fc29	7	0	6	25	8	13	21	28	0	28	0	13	8	0	55	107	0	0	1	1	1	0	0	7	0	0	30	36	69	83
e9ab2e29b6d710bce65365cb5b1141b9	7	0	0	0	0	0	0	5	2	0	0	0	0	0	0	14	0	0	0	0	0	0	0	0	0	0	3	0	0	0
5cbdebb5e9b2a4050b497007c0e9ad20	7	0	0	0	0	13	0	37	16	0	0	1	0	2	51	12	0	32	0	0	0	0	0	0	0	0	2	4	0	0
d06d5bdb9be257e3a9fd9eb8f913656d	7	0	0	0	0	7	0	0	4	0	0	0	0	8	0	0	0	0	0	0	0	0	0	0	0	0	0	0	0	0
313dd469e815c99d8628b8b9a9777e70	7	0	0	0	0	6	0	0	53	0	0	2	0	0	0	0	0	1	0	0	0	0	0	0	3	0	0	2	0	0
081084db058051aff264281daf5fe86f	7	0	0	0	0	0	0	5	0	1	0	0	0	2	1	0	0	1	0	0	0	0	0	0	0	0	0	0	0	0
d750c2c5319e7dd986e78cb505b7d0e2	7	0	0	0	0	2	0	9	7	0	11	0	0	0	0	0	0	14	0	0	1	0	0	0	0	0	5	0	0	1
1ae9418c7a9af6e11f89c538efe963f9	7	0	0	0	0	1	1	4	0	1	6	0	0	0	11	2	0	4	0	0	0	0	0	0	0	83	2	0	0	2
60ea65cbf4e8c4e0f0414b9b26c51492	7	31	0	0	0	3	2	12	10	2	15	8	0	14	0	11	0	26	0	0	0	0	0	0	0	0	0	2	1	1
6b1054aeef7ee7a39b00ec999a3d883b	7	1	0	0	0	0	0	1	0	0	0	0	0	1	0	4	0	0	0	0	0	0	0	0	0	0	1	0	0	0
891907f19cd83711f8377a3bf7a4242b	7	0	0	0	0	0	0	3	0	2	3	0	0	0	1	0	0	31	0	0	0	0	0	0	0	0	1	0	0	2
d0b24b957a88e7f2d4fe3517e781dd45	7	0	0	0	0	0	0	3	24	0	0	0	0	0	0	0	0	26	0	0	3	0	0	0	94	9	0	0	0	0
4477e0320a62686161447cd9f0f54927	7	0	0	0	0	3	0	11	11	0	0	0	0	0	0	0	0	18	0	0	0	0	0	0	19	0	0	0	0	0
eb49f2d20033dc7a2511a3e615e166dc	7	9	0	0	0	4	0	19	20	8	10	2	0	0	0	1	0	51	0	0	1	0	0	0	26	1	0	1	1	1
a9a9646f2a19db2ed4e3395f1ca2e039	7	0	0	0	0	1	0	11	19	0	10	0	0	0	0	0	0	0	0	0	0	0	0	0	0	0	0	0	0	0
e9d361ce41420865f74f7df22412993b	7	0	0	0	0	0	1	6	0	0	0	0	0	1	0	0	0	2	1	0	0	0	0	1	0	0	0	3	0	1
5c6afd663e49394efda566872eaf3684	7	0	0	0	0	6	0	5	7	9	0	32	0	0	0	0	0	4	1	0	16	0	0	6	2	0	5	18	12	2
0613fe6b3c10570a64ffd9b4f10f408e	7	0	0	0	0	2	0	2	13	2	1	0	6	0	1	0	0	3	0	0	0	0	0	0	0	0	0	0	0	0
34199fb9b7f68cfe444fe5b3175c467d	7	0	0	0	0	3	0	6	6	7	6	2	0	0	1	0	0	1	0	0	0	0	0	2	25	0	3	1	8	0
8f6b58f45061f5788fcbd4785fada1f7	7	0	0	0	0	3	0	34	1	0	4	0	0	1	46	43	0	9	0	0	0	0	0	0	4	0	0	1	0	0
816c5ab0c82ec730f0a202971724f020	7	24	0	0	5	4	51	38	3	11	7	19	83	9	18	54	0	19	0	0	4	0	0	6	0	0	5	19	0	0
506515a0d77f69868250dfc9f0ec4694	7	0	0	0	0	10	0	0	17	0	0	0	0	0	0	0	0	0	0	0	0	0	0	0	0	0	0	0	0	0
21ec61ba94cab0360fe13d1d7e83e54c	6	0	0	0	0	1	0	25	37	0	2	0	0	0	39	0	0	4	0	0	0	0	0	0	0	0	0	0	0	0
ae91e394769c2403bd62800ccc5b4ba9	6	0	0	0	0	8	0	9	22	0	23	0	0	0	0	0	0	23	0	0	0	0	0	0	21	0	0	0	0	2
5ff02733a63eca37df7c8f99245665d8	6	0	0	0	0	2	0	5	0	7	4	1	0	0	0	0	0	12	0	0	0	0	0	1	0	0	1	5	0	0
61c4340d4865a9c57d5a507544548135	6	0	0	0	0	1	0	0	19	0	0	1	0	0	0	0	0	7	0	0	0	0	0	0	1	0	0	0	4	2
428b8392afc66150a3ede2e384ae969d	6	0	0	0	0	0	0	2	0	0	0	0	0	0	1	0	0	6	0	0	0	0	0	0	0	0	0	0	0	0
ed1e12dd45f674823e7286d1cb80887a	6	42	0	1	0	20	26	17	4	38	15	32	33	41	18	53	1	22	0	0	0	0	0	0	33	42	0	13	0	0
e64619cde8aee3538f22ef8cb5cc3589	6	42	0	0	0	7	0	26	0	7	4	0	1	25	0	2	0	0	2	0	0	0	0	0	0	0	0	1	2	0
69a3bd7457ec43d6c7f6c737431c0189	6	0	0	0	0	0	0	1	0	3	0	0	0	0	0	0	0	0	0	0	0	0	0	0	0	0	0	0	0	0
0d0390c6af7c8a7584d6248c220fa3b7	6	0	0	0	0	0	0	1	0	0	0	0	0	0	2	4	0	0	0	0	0	0	0	0	0	0	0	0	0	0
5a788df6d420385f2f7bac816e193a9c	6	0	0	0	0	6	5	10	4	11	2	7	4	0	4	22	0	11	0	0	0	0	0	0	11	22	1	2	1	0
40b3998ba35e6034d7c143ab224674ed	6	0	0	0	0	16	0	0	39	16	10	18	0	0	2	80	0	92	0	0	0	0	0	10	90	29	1	28	31	5
f15e7b743a6c9911cc8f58f8ef44bbb9	6	0	0	0	0	2	0	11	0	0	0	1	0	6	0	0	0	15	0	0	0	0	0	1	0	0	0	4	0	2
0be609bef9892fe1c2d399a52209f70a	6	0	0	0	0	5	0	0	21	1	0	2	0	0	0	3	0	6	0	0	0	0	0	2	0	0	1	6	12	5
9b677c21ad3225a0283e367b6a3f01c9	6	10	0	0	0	0	4	4	0	0	0	0	0	1	8	16	0	0	0	0	1	0	0	0	0	0	2	2	0	0
13bff16b4e88e2132ad8d4d175896111	6	0	0	0	0	0	0	0	10	0	0	0	0	0	1	2	0	0	0	0	0	0	0	0	0	0	0	0	0	0
41c7855d6b03fd43f98b62c4c8a1c78b	6	0	0	0	0	17	0	0	27	1	2	4	0	0	0	2	0	15	0	0	5	0	0	0	18	0	0	2	2	0
aeda060a7920f88e3ba1372a60b807eb	6	49	0	0	0	0	0	6	2	1	8	0	0	2	8	1	0	8	0	0	0	0	0	1	0	0	0	0	6	0
95625a140a1af5561aba2cfd08ad2dc3	6	4	0	0	0	2	0	22	3	6	9	3	0	0	0	23	0	28	0	0	0	0	0	0	12	0	0	3	0	0
162327cf81dff6ddcbfd83e4617966d2	6	0	0	0	0	0	0	0	5	0	1	0	0	0	3	0	0	0	0	0	0	0	0	0	0	0	0	0	0	0
f157fc831826423c75e0babcdc2868ca	6	178	0	2	0	42	1	75	29	23	62	20	10	214	11	16	0	21	2	0	4	0	0	1	0	9	0	7	7	7
7f91864958f14bf94cca866edfc19042	6	4	0	0	0	1	0	3	0	1	0	0	0	14	0	0	0	2	0	0	0	0	0	0	0	0	0	0	0	0
921b31d6e26c401fce1a78174a57245c	6	0	0	0	4	3	2	3	0	1	0	4	0	4	3	3	0	8	8	1	11	0	0	3	0	0	0	4	0	2
141bfa4b2fdb44fc6c9d12238da83f36	6	0	0	0	0	4	0	0	0	5	1	11	0	0	0	5	0	5	0	0	0	0	0	10	1	0	1	10	27	5
b22806ce0f62085b20a1f1f8c3cf1be9	6	2	0	0	0	0	0	3	0	1	3	0	0	2	0	0	0	2	0	0	0	0	0	1	32	0	0	0	0	1
6d2cf0dc2d380ef5333b7da287fd547a	6	0	0	0	0	7	0	1	13	1	1	1	0	0	0	0	0	16	0	0	0	0	0	0	0	17	0	0	0	0
2ab81e073afc6bf49387a847a8d0bf60	6	1	0	0	0	6	0	20	6	0	0	1	0	0	0	0	0	12	0	0	0	0	0	0	0	0	0	1	0	2
bf4f050c4a91d62f301d26003df77a4c	6	2	0	0	0	6	0	7	26	0	4	0	0	0	0	0	0	10	0	0	0	0	0	0	0	0	0	0	1	1
334c8421fb421d2e7134d76e082ed4ec	6	0	0	0	0	0	0	3	1	0	0	0	0	0	0	1	0	0	0	0	0	0	0	0	4	0	0	0	1	0
20c83587742d8b993bb99b579953bd10	6	0	0	0	0	0	0	17	0	0	0	1	0	0	1	0	0	0	0	0	0	0	0	0	0	0	0	0	0	0
5b2367e2ef9c064eefe34c840eeab8ae	6	0	0	0	0	1	0	3	7	0	0	0	0	0	0	2	0	7	0	0	0	0	0	0	0	0	0	0	0	0
a2e431b76805bb34e7702055dd60f812	6	0	0	0	0	0	5	6	0	3	0	2	0	7	0	8	0	0	1	0	0	0	0	0	5	9	0	2	3	0
d45207ba0371a0b0123e02294c5b68d4	6	56	0	0	0	8	0	28	19	0	3	1	0	8	16	26	0	13	0	0	0	0	0	2	11	1	0	2	2	0
ad8ef59e2003388124beb16acec4ce54	6	0	1	0	0	1	3	13	4	13	0	4	0	1	4	1	2	1	0	1	0	0	0	0	0	0	0	0	0	8
98e2d70b85ec17b16c4490aa0da1f03f	6	1	0	1	0	1	0	8	6	2	0	5	0	7	2	17	0	15	2	0	12	0	0	3	5	0	0	11	0	0
b47108652d429073d655e96eee5b6c66	6	0	0	0	0	1	0	15	13	0	1	0	0	0	0	0	0	0	0	0	0	0	0	0	0	0	0	0	0	0
3ca815d35dc369934b42f497b87b5118	6	0	0	0	0	0	0	4	0	0	0	0	0	0	20	1	0	0	0	0	0	0	0	0	0	0	2	0	0	0
362c5113be87bb88e795203f0ff41568	6	2	5	0	2	1	3	5	0	2	0	0	2	6	3	10	0	15	2	0	12	2	0	0	1	0	0	3	3	7
bfe83e52290573684f42b9621fd00766	6	0	0	0	0	4	0	1	9	0	0	0	0	0	0	0	0	3	0	0	0	0	0	0	0	0	0	0	0	0
b6a75679ad6e87b6084cae5832515819	6	0	0	0	0	0	0	4	0	0	0	1	0	0	0	0	0	0	0	0	0	0	0	0	0	0	0	1	1	0
bdcd1dde45971b4f8062bb8e4214c64a	6	3	0	0	0	0	3	1	0	3	2	4	0	0	7	6	0	21	0	0	0	0	0	0	0	0	2	7	0	2
910eb1cc2681c3252b8b5d59f4a42b59	6	0	0	0	0	0	3	0	0	0	1	1	0	1	4	4	0	8	0	0	0	0	0	0	0	0	0	2	0	0
3221d9eee3fd5a19490b2e7d823ffe63	6	0	0	0	0	1	3	10	1	0	0	0	0	0	9	7	0	8	0	0	0	0	0	1	1	0	0	1	3	0
57ca4ed6cc6113a04e274cda1d007c8f	6	21	0	0	0	3	25	25	3	0	1	10	32	89	35	15	0	18	0	0	5	0	0	3	0	8	4	21	3	12
8176788335e3c4214172faee33a72222	6	0	0	0	0	0	0	0	7	0	0	0	0	0	0	0	0	3	0	0	0	0	0	0	10	0	0	0	0	0
433fb59d06aaf935de5a35ed866a6809	6	3	0	0	0	1	0	28	0	0	0	0	0	1	1	11	0	3	0	0	0	0	0	0	1	0	0	0	0	0
558960227a5e320c228c2326cdf618d4	6	3	2	3	1	4	1	4	0	0	0	0	0	0	2	0	0	0	1	0	5	0	0	1	2	0	9	0	3	18
8b406a9c08b73923757a1cf949777233	6	26	0	0	0	0	6	17	2	13	18	0	0	56	13	12	0	81	0	0	0	0	0	0	11	138	3	19	4	0
ea346ef63f7f6ca733b0eae3e8b33c3d	6	0	0	0	0	1	0	0	0	3	0	0	0	0	0	0	0	0	0	0	1	0	0	0	3	0	0	11	6	0
1354e2291243abc085bc0d2e4ecd1fd8	6	0	0	0	0	5	0	0	8	0	0	0	0	0	1	1	0	0	0	0	0	0	0	1	1	2	1	0	0	0
51c55e80df32897b91e863e3c108f08b	6	0	2	1	0	2	0	4	1	0	0	0	0	0	0	0	2	2	0	0	0	0	0	0	0	0	1	1	0	1
408fe12ea22e36e16096e2e920af5133	6	0	0	0	0	0	0	0	2	0	0	0	0	0	0	0	0	3	0	0	0	0	0	0	0	0	0	0	0	0
eeb3b3d8438d5c7fbb9d4b5f9a7f4af4	6	0	0	0	0	2	0	14	60	0	0	0	0	1	0	0	0	9	0	0	0	0	0	0	0	0	0	1	0	0
a78d728071fd7d4c1ab3b67ee27eb96b	6	2	2	2	4	6	7	8	5	0	2	2	0	16	8	7	5	15	0	0	0	0	0	0	10	0	9	5	8	15
a7eec010e53772c0394fe0cbb96ab3e2	6	0	0	0	0	0	0	9	9	0	0	0	0	2	0	0	0	11	0	0	0	0	0	1	0	2	0	0	0	0
f698333659f9b084b688e91ddb7815de	6	1	0	0	0	2	1	14	0	0	0	1	0	11	5	13	0	4	0	0	0	0	0	0	0	0	2	6	0	1
504d8d670149388c7a4ece6fd04065fc	6	1	0	0	1	1	3	20	4	2	0	7	1	5	3	3	0	8	0	0	0	0	0	3	0	0	2	7	3	1
aeefb381bb21bf64551f08b2cc65bb68	6	0	0	0	0	11	0	18	11	0	0	0	0	0	3	0	0	7	0	0	0	0	0	1	0	0	0	3	0	0
2ec76a2c01548ef9104c151f9db27278	6	0	0	0	0	0	0	3	0	0	1	0	0	1	0	3	0	6	0	0	0	0	0	0	0	0	0	0	0	1
38c85ac945169e25ef15ed4990fccd80	6	0	0	0	0	0	0	8	0	0	5	1	3	0	1	4	0	0	0	0	0	0	0	0	2	2	0	1	0	0
09de3371771cba09c74f46d491a187a6	6	1	0	0	0	0	1	6	0	2	0	0	0	0	2	4	0	0	0	0	0	0	0	2	5	0	1	7	24	0
2527eeec222f68a6fea44745f6ee5fb2	6	0	0	0	0	0	0	3	0	1	0	0	0	0	0	0	0	0	0	0	1	0	0	1	0	0	0	1	0	7
fb5a934d4ff484bf8557ebde349d7351	6	0	0	0	0	7	0	1	40	0	0	1	0	0	0	0	0	14	0	0	0	0	0	0	2	0	1	2	0	1
6e36b47685e208e5d20b4068372a1ba3	5	27	6	1	0	21	0	50	22	59	31	17	0	50	0	39	17	46	0	0	10	0	0	13	157	0	5	78	8	8
061e0b704a8f771c685ee52dbadc336a	5	0	0	0	0	2	0	8	14	1	0	0	2	2	0	0	0	7	0	0	0	0	0	0	0	0	0	1	1	0
1be30fbf5937171dfb72019809c67cb9	5	0	0	0	0	3	0	1	11	2	0	0	0	0	0	0	0	4	0	0	0	0	0	0	0	0	0	0	0	1
8dc0edca28c07551ebae7444d10d2fd2	5	0	0	0	0	0	0	0	0	2	0	0	0	0	0	0	0	0	0	0	0	0	0	0	0	0	0	1	4	4
fa481c5496153c0b55ada1e7d0c3ed4b	5	3	1	0	2	13	11	6	8	2	2	5	6	6	17	5	0	12	1	0	2	0	0	3	7	5	1	9	2	4
f6eec006e7bf67ea35b059f55a8fcedc	5	5	1	0	0	0	0	3	1	0	0	0	0	0	5	0	0	0	0	0	0	0	0	6	1	1	7	5	5	0
42d02c57931201dc9f0795a249e7dd1e	5	1	0	0	0	0	0	35	0	0	0	0	0	64	0	0	0	24	0	0	0	0	0	0	0	0	8	0	0	0
7931222c0429b2672296bdbbd8cd6f2c	5	0	0	0	0	0	0	0	0	0	0	0	0	5	1	0	0	0	0	0	0	0	0	0	0	0	0	0	0	0
d4a5f0b9614dddb046721935ad35ce5d	5	0	0	1	0	0	4	3	3	5	3	3	0	2	2	2	0	11	0	0	1	0	0	1	1	0	0	5	2	4
ec42467410535140a9d46663fa4a62cc	5	365	0	0	0	14	0	44	2	9	11	6	3	41	14	4	0	14	0	0	1	0	0	1	0	6	0	4	6	4
4ccf1563a9eabf581a9b0be1dcd01fe3	5	0	0	0	0	2	0	6	14	0	7	3	0	0	2	2	0	16	0	0	0	0	0	0	13	0	1	2	0	0
c5271e718497c32fe5606e558c2cb63e	5	0	1	7	0	0	1	1	0	1	0	1	0	0	2	3	0	226	0	0	0	0	0	0	9	0	4	1	3	1
8860dbf76a0c2588731ea74c50f08354	5	1	0	0	0	8	0	5	27	9	5	13	0	0	15	0	0	34	6	0	0	0	0	3	22	0	13	2	5	3
84424760e1ff32306975e1e0d0dcf1eb	5	0	0	0	0	0	0	1	0	4	0	0	0	0	0	0	0	2	0	0	4	0	0	0	0	0	0	3	0	0
e96c188a6e287af4be084e0b5ad2fdcc	5	6	0	0	0	3	1	30	0	26	11	3	2	140	0	1	0	1	0	0	1	0	0	0	25	13	1	0	28	1
56614020d1edea36d85a66ca0eba169d	5	2	3	1	0	3	1	11	6	15	16	25	2	28	0	3	1	32	1	0	1	0	0	7	102	0	3	4	9	1
f0a6f9237f9269f3d4c41a0ada213cc6	5	0	0	0	0	12	0	0	16	0	2	3	0	0	8	0	0	0	0	0	0	0	0	0	0	0	0	1	9	0
c510c2dbe4bfeb8a8920618622c7a2f6	5	0	0	0	0	6	0	8	29	0	0	7	0	0	13	2	0	17	0	0	0	0	0	0	1	0	0	2	2	0
3c1592e4eae4ccdf821bee875eac3d9b	5	0	0	0	0	2	0	9	36	0	0	1	0	0	0	0	0	8	0	0	0	0	0	0	7	0	1	0	0	0
23d5e10b317aee2cf3400c3b60595905	5	0	0	0	0	0	0	3	1	0	0	0	0	0	3	0	0	0	0	0	0	0	0	0	3	0	0	0	0	0
027b8655c05eacd1cffb8040898b134b	5	1	1	1	0	1	4	6	1	9	3	20	3	0	4	8	0	4	1	0	0	0	0	3	0	0	3	0	19	6
d0221d7b90411c57ca4bad44ab33db07	5	0	0	0	0	2	0	2	7	1	6	10	0	1	0	7	0	0	0	0	0	0	0	0	31	0	0	2	0	0
9409a7dabaf16137ba7436be6b30f18e	5	0	0	1	1	0	3	2	0	1	0	0	0	0	0	1	2	1	0	1	0	0	0	0	0	0	0	2	3	0
9ae90ff12ef013446ea8dbf761e6ac85	5	2	1	1	0	0	2	3	1	6	0	0	10	0	4	8	1	0	0	0	0	0	0	0	0	1	0	3	11	0
56227c5d2253765efd013d0378483149	5	0	1	0	0	4	1	9	0	6	0	0	0	0	0	4	0	7	1	0	0	0	0	0	0	0	0	0	2	0
7c8461f3d4ce5ba27b9541183c0090e7	5	0	0	0	0	4	0	7	25	2	8	0	0	0	0	6	0	7	0	0	0	0	0	0	8	0	0	5	0	0
4340ed9ce2e88050d9e0fa6b16d47276	5	0	0	0	0	0	0	0	0	0	0	1	0	0	2	0	0	25	0	0	0	0	0	2	0	0	4	0	0	5
13b621d8e0b25fa447028bafa6efebb6	5	5	0	0	0	2	0	5	0	1	0	0	0	1	0	0	0	3	0	0	0	0	0	0	0	0	0	1	0	0
b86b83b53f13001d371292e0d8859d30	5	0	0	0	0	2	2	35	9	6	2	0	2	1	8	51	0	14	1	0	0	0	0	1	0	0	2	19	0	5
70b73508ba2c57289485828af0612c4b	5	0	7	0	1	2	4	7	3	11	1	13	0	0	3	12	4	20	8	0	51	0	0	2	0	0	7	30	20	14
2b0ec1538d01ff00fbe284f3dcd27ed8	5	0	0	0	0	4	0	0	7	0	0	0	0	0	0	1	0	0	0	0	0	0	0	0	0	0	1	0	0	0
0a1dbd3f925a8ec2332d636103ee5f7d	5	0	0	0	0	4	0	14	2	0	1	0	0	0	0	0	1	1	0	0	0	0	0	0	4	0	0	1	0	0
a7b363bb2edacf7e9b613f559fdf1170	5	0	0	0	0	1	1	2	1	0	0	1	0	2	1	6	0	8	0	0	0	0	0	1	0	0	1	1	0	2
11d45f1365eb98e2b0313460ca2434a8	5	1	0	0	0	0	0	7	0	0	0	0	0	1	0	6	0	0	0	0	0	0	0	0	0	0	6	1	24	17
7f77d3bffd70adfef01f7b269d451951	5	4	0	0	0	4	7	5	4	1	3	4	2	1	6	15	0	2	2	0	9	0	0	4	3	0	6	12	13	13
d94f29ceeffbd059d945dbd0d33dcf16	5	0	0	0	0	1	0	2	5	2	0	0	1	0	0	2	0	4	0	0	0	0	0	5	4	0	1	2	1	1
8a45e1d31c7a21bbbba279dfaf662c3b	5	0	0	0	0	0	1	9	1	6	1	8	0	0	0	1	0	8	89	0	366	0	0	62	0	0	1	146	0	18
b3fcf2d8490b5fb041995b96dd56d5fb	5	2	0	0	0	0	0	1	0	0	0	0	0	1	0	0	0	3	0	0	0	0	0	0	0	0	1	0	0	0
d8d5cd35ce94d61267e6abd861bda741	5	0	21	15	7	0	0	4	1	6	0	0	0	0	0	0	8	19	0	0	0	0	0	0	0	0	8	0	14	6
8a52d38b86715aa49907ae809cef9d61	5	0	0	0	0	2	0	0	0	1	0	5	3	0	0	4	0	1	2	0	2	0	0	1	1	0	0	1	2	5
463f1f5826161e1aeedecc90e765aa4d	5	0	0	0	0	3	0	0	0	0	0	0	0	0	0	2	0	0	0	0	0	0	0	0	0	0	0	0	0	0
5eaa7faba7b48a3a571958cae9c79551	5	0	0	0	0	1	3	20	0	2	1	0	2	0	3	14	0	2	0	0	0	0	0	0	0	0	0	0	3	1
1fbe497d8b0ae1eef30ad669c3b96175	5	0	0	0	0	13	0	33	87	0	0	1	0	0	0	1	0	24	0	0	0	0	0	0	0	0	0	0	1	1
2d0ed6e244b5b6bd374e4cf555828b30	5	89	0	0	0	0	0	20	1	10	0	6	0	16	2	0	0	9	0	0	2	0	0	1	0	0	2	5	0	3
d509116d3e7071b59a4be275c23cfe08	5	0	0	0	0	0	0	0	9	1	1	0	0	0	1	2	0	6	1	0	0	0	0	1	3	0	2	4	0	1
ec472d12e154435725212ecd6d9031fa	5	1	0	0	0	0	1	4	0	0	0	0	0	0	3	5	0	0	0	0	0	0	0	0	0	0	0	0	0	0
dc67fdf9af169c6ab7f0ba4e2377afdb	5	0	0	0	0	2	0	20	3	0	0	0	0	0	2	0	0	3	0	0	0	0	0	0	0	0	0	1	0	0
795de81a0e8ebdd9c9db7d9fe39596d0	5	15	33	8	30	6	9	1	0	0	0	0	26	0	12	21	42	4	0	1	0	0	3	1	0	0	2	0	1	1
df5274ffae7646187ed4e5b7a611a1cb	5	0	0	0	0	0	1	1	0	0	0	0	0	0	24	0	0	0	0	0	0	0	0	0	0	0	0	0	0	0
2bbbb26c56bc735b46e0686d668ab39d	5	24	0	0	0	26	8	35	2	2	0	1	3	74	0	8	0	6	0	0	0	0	0	1	0	0	1	0	0	4
6edf11600ebfcde9354857aeadf1fe36	5	0	0	0	0	0	0	0	0	1	0	0	0	1	0	0	0	0	0	0	0	0	0	0	1	0	0	5	4	0
a85f36da30db60dd6148583b042f56b1	5	0	0	0	1	23	0	9	58	1	10	8	0	0	0	0	0	34	0	0	0	0	0	0	50	0	0	12	0	0
0a6123415a7869cd24d8230e78f136b5	5	0	0	0	0	5	0	4	2	1	0	0	0	0	0	3	0	12	0	0	1	0	0	0	0	0	0	1	0	0
5b75765cb6631dba3fe956ed8116e98f	5	0	0	1	0	49	0	1	0	2	3	0	0	9	0	0	11	0	0	0	0	2	0	0	12	0	0	0	0	0
4a77ab200b5f2ad9a138361e12216d86	5	0	0	0	0	7	0	0	22	0	0	1	0	0	0	0	0	4	0	0	0	0	0	0	24	0	0	0	0	0
a94d66546fb8c70e64a95b0323027127	5	0	0	0	0	0	0	0	0	0	0	1	0	0	15	1	0	1	0	0	0	0	0	0	0	0	0	0	0	2
b8f7018a1c05be89a1d4ee1db65aa458	5	0	0	0	0	2	1	5	3	1	0	1	0	1	1	2	0	6	0	0	3	0	0	4	0	0	0	3	0	1
067ccbd9396931508d15f30e87797c25	5	1	0	0	1	3	0	3	6	0	0	3	0	1	1	2	0	10	0	0	0	0	0	0	0	0	0	0	0	1
6af46e48094e46d71fa1bf7502efc7f6	5	0	0	0	0	0	0	0	7	0	0	0	0	0	0	0	0	2	0	0	0	0	0	0	0	1	0	0	0	0
d1b4f92c70d5ec0ca1b1aa0870d336d4	5	0	0	0	0	5	0	1	6	0	1	2	0	4	0	1	0	0	0	0	1	0	0	0	0	0	0	0	0	1
aa20e1b83be56d7cc65c27fb98e899aa	5	0	0	0	0	1	0	0	1	0	0	0	0	2	0	0	0	0	0	0	0	0	0	0	0	0	1	0	0	2
004a405dcc4af96348cf542a1918393e	5	0	0	0	0	8	0	24	48	0	2	0	0	0	0	2	0	34	0	0	0	0	0	0	1	0	0	1	0	0
0fece722587fec03d51200575205cf5f	5	0	0	0	0	2	0	0	1	1	0	0	0	0	1	0	0	82	0	0	0	0	0	1	0	0	0	4	0	0
5c19ca57f479158414abfa56cf5888a3	5	0	0	0	0	0	0	2	0	0	0	0	0	0	0	1	0	5	0	0	0	0	0	0	0	0	0	0	1	0
b5c30b69c33ef2a0083cb734487e9229	5	0	0	0	0	0	0	10	11	1	0	11	0	1	2	81	0	18	0	0	0	0	0	0	0	0	5	9	0	2
4035f2a413e008479eef0adb671ffb8d	5	1	0	0	0	0	0	10	0	0	4	0	0	0	14	1	0	14	0	0	0	0	0	0	0	0	0	6	0	0
c58855f676f9df953f1b31e6f15efa81	5	0	0	0	0	0	0	2	0	0	0	0	0	9	0	0	0	5	0	0	2	0	0	0	0	0	0	0	0	0
a24464bbe532373994957c3cb06e91cc	5	7	0	0	0	0	0	1	0	0	7	0	2	3	0	0	0	2	0	0	0	0	0	0	11	5	0	0	0	0
a6a2a33f8953d42a0649f541928d39c4	5	0	0	0	0	12	0	3	54	0	0	0	0	0	0	0	0	2	0	0	0	0	0	0	3	0	0	0	0	0
cb0bb7fdd8d29141a5a3fb77f6d6f216	5	2	1	0	0	0	2	29	2	0	0	2	0	3	5	12	0	9	0	0	4	0	0	2	0	0	1	2	0	2
4edc01a177c2d0b50639f825f92561f9	5	3	0	0	0	2	0	15	25	0	4	2	0	0	13	12	0	5	0	0	1	0	0	0	34	0	1	12	0	2
dec037ecd46b02869d300f289e86584e	5	0	1	0	1	0	0	2	2	0	0	0	0	0	0	1	0	0	0	0	1	0	0	1	0	0	0	0	6	6
a0ee7f50f68dc2a4510337ef3bd781ba	5	0	0	0	0	7	0	2	23	0	0	0	0	0	0	0	0	21	0	0	0	0	0	0	0	0	0	0	0	0
dbd6d87bab086031fc0d8ca0dda20bcd	5	0	0	0	0	0	1	3	4	2	0	4	0	0	0	0	0	17	0	0	0	0	0	0	6	2	0	2	0	0
884844485895a4980b4ce457f93de36e	5	0	0	0	0	14	0	28	17	0	0	0	1	0	0	10	0	3	0	0	0	0	0	1	0	0	0	2	1	0
3299acae7bd5b8ac735ffedef7366376	5	1	0	0	0	0	0	1	1	0	0	0	0	0	0	5	0	0	0	0	0	0	0	0	0	0	0	0	0	0
348587de1c1500876a236043075d88c1	5	0	55	2	8	0	8	0	4	52	0	65	1	0	1	6	5	9	0	0	0	0	0	9	0	0	0	25	7	11
bf6291441882884fd4ab81dbba07ac22	5	0	0	0	0	0	0	4	0	0	0	0	0	0	3	1	0	3	2	0	13	0	0	0	0	0	3	5	3	5
235d36ab819c7bd75c17b68d0dfbb9c3	5	7	0	0	0	3	1	8	0	1	2	2	1	28	5	7	0	4	0	0	0	0	0	0	0	0	0	1	1	0
6fa41e14beb03fe2c92f14f0bf8679fb	5	0	0	0	0	0	0	0	0	0	0	0	0	0	1	1	0	2	0	0	0	0	0	0	0	0	0	1	0	1
fd8c7f1886cb513198ffd27619c73d97	5	2	2	1	0	0	9	8	1	0	0	0	1	9	2	3	0	1	0	0	0	0	0	0	0	1	0	9	0	0
384d0a7396d1984c453d1dd867de4112	5	3	0	0	0	5	0	0	0	0	0	0	0	10	0	0	0	0	0	0	0	0	0	0	0	8	0	1	0	0
0b07f95257eed6dd5148532883a31941	5	4	0	0	0	1	0	23	5	1	0	2	0	95	0	0	0	15	0	0	0	0	0	0	8	0	0	1	0	0
e972f3a35bf4a6cc5cc2f9a1b81b23cf	5	0	0	0	0	15	0	50	51	0	0	0	0	0	0	0	0	18	0	0	1	0	0	0	0	0	1	0	0	1
0bec246ea49aa064c1ca19916d01ad01	5	0	0	0	0	0	0	3	0	0	0	0	0	0	0	2	0	0	0	0	0	0	0	0	0	0	0	0	0	0
2735a6a8b4cf6f73891c4738e4b902ce	5	0	0	0	0	2	0	8	52	0	0	0	0	0	0	3	0	14	1	0	0	0	0	0	13	0	0	0	0	0
061f883ba6089f0748b8933cde9afdc0	5	0	3	0	2	0	6	3	0	0	0	2	0	2	9	4	0	2	4	0	19	0	0	0	0	0	2	17	2	7
ecf005f7f280e28cca69682a2ea2559e	5	0	0	0	0	4	0	29	26	0	0	0	0	0	5	0	0	13	0	0	0	0	0	0	0	0	0	1	0	0
8021fb76885f40ed3c93abf6861d61e8	5	0	9	3	3	0	9	0	0	0	0	1	1	0	2	3	0	1	0	0	0	0	0	0	0	0	4	1	0	4
2fe43b3ef2872c33d826abb8ecdbd004	5	0	0	0	0	2	0	2	9	0	0	0	0	0	0	0	0	0	0	0	0	0	0	0	0	0	0	0	0	0
140ba8145fc85a39efbb9299476867ec	5	0	0	0	0	0	0	0	0	0	1	1	0	0	0	0	0	1	9	0	0	0	0	14	0	0	5	15	0	5
cea3336c5a74b74236856f309a0f1e7b	5	0	0	0	0	11	37	23	64	8	33	12	9	0	60	84	0	41	0	0	0	0	0	1	113	0	0	13	0	0
caea0ed0e62b0fc1d7caebaa3877521f	5	1	1	0	0	0	4	4	2	0	0	0	0	0	18	25	0	6	0	0	1	0	0	1	0	0	0	2	0	0
07eb9529d4c3c1384141e923ec010092	5	0	0	0	0	0	0	0	0	3	0	1	0	0	0	0	0	14	2	0	2	0	0	0	9	0	0	0	0	0
b1db41e0bf5b40e6f291673ec92d011e	5	0	0	0	0	2	0	0	4	0	0	1	0	2	9	2	0	0	0	0	0	0	0	0	0	0	0	0	0	0
7eb660c37022d02c38f4fc6eb67bc7dd	5	0	4	0	1	8	5	3	2	2	2	5	0	4	2	0	0	2	0	0	0	0	0	0	8	0	0	0	0	1
8bd362fd1507ba5b484192f5f067e886	5	5	0	0	0	2	0	8	0	3	1	0	0	4	0	1	0	10	1	0	0	0	0	0	0	0	1	0	0	0
dc2b2da1b8cd5396d6d931d925c7bf52	4	0	0	0	0	0	0	10	13	0	2	0	0	5	12	0	0	27	0	0	0	0	0	0	0	6	0	0	0	0
563276469e1e20af63b7a7663150b39b	4	0	0	0	0	0	1	0	0	0	0	0	0	0	0	0	0	0	0	0	0	0	0	0	0	0	1	1	0	3
6128272d92e62d161d75e215db90fd78	4	0	0	0	0	0	1	1	2	0	0	0	4	0	0	1	0	1	0	0	0	0	0	0	0	0	0	0	0	2
46299c553d214e78e44398a6c5116846	4	2	0	0	0	0	0	0	4	0	0	0	0	3	3	1	0	0	0	0	0	0	0	0	0	0	0	0	0	0
656d37ef9a6367f48601dd39d8246456	4	2	0	0	0	1	0	1	0	0	0	0	1	2	0	6	0	0	0	0	0	0	0	0	0	0	0	0	0	0
8cd72956eb3ce77c62f5d6731d4abb63	4	0	0	0	0	0	0	1	0	2	1	0	0	4	0	0	0	0	0	0	0	0	0	1	2	0	0	4	0	0
ff6344a060f6d6af5cd7096a4877bf44	4	0	0	0	0	1	0	1	0	0	0	0	0	1	0	0	0	4	4	0	16	0	0	2	9	0	0	1	0	1
0a11b454acc374f84aca24c81f71ce31	4	0	0	0	0	2	0	25	8	0	1	0	0	0	0	7	0	5	0	0	0	0	0	0	2	0	0	0	0	0
241e316ecf8507e2de782ec6d73e3c4f	4	0	0	0	0	0	3	0	0	2	22	4	1	0	0	23	0	0	0	0	0	0	0	4	108	4	0	4	9	0
5530801ff53fda3d1f4f59a9dcf93624	4	8	0	0	0	0	0	3	1	0	0	0	0	0	4	0	0	0	0	0	0	0	0	0	0	0	0	0	0	0
b51fefdaae5a2779cc893094e65ba4c2	4	2	0	0	0	5	0	8	0	1	3	1	0	0	0	4	0	16	0	0	0	0	0	0	4	0	2	2	0	0
46e61eaf1366d7a9187123516f8850e4	4	0	0	0	0	1	0	1	1	0	1	2	0	2	0	0	0	2	0	0	0	0	0	1	0	0	0	1	1	0
811f8c34b618cd9cf7ff4bcef8d27ce8	4	3	0	0	0	14	10	22	0	10	0	13	7	0	9	49	0	2	0	0	0	0	0	0	19	5	2	18	9	4
14a9ac7af6327351309cadee90aed934	4	0	0	0	0	5	0	0	2	0	0	0	0	0	0	0	0	0	0	0	0	0	0	0	0	0	0	0	0	0
cb7f334a3e2a46466b46a472f525f031	4	0	0	0	0	0	0	5	0	0	0	0	0	1	1	0	0	2	0	0	0	0	0	0	0	0	20	0	18	36
0778ba14a005e13f08f66af068fc2b29	4	8	92	11	14	4	13	4	0	1	0	1	1	32	50	46	0	10	0	2	0	4	0	0	0	0	0	0	1	0
e03b5894686b6e75fe497fd4663b881e	4	0	0	0	0	17	0	21	87	0	0	4	0	2	0	0	0	8	0	0	0	0	0	0	0	0	0	0	0	0
01aad5dc46080ac7ee6608464153776b	4	0	0	0	0	0	0	0	3	0	0	0	0	0	0	1	0	2	0	0	0	0	0	0	0	0	0	0	0	0
70ae413bfdfb071f9bb0b47a9c025090	4	0	0	0	0	0	0	0	3	0	0	4	0	0	5	0	0	16	0	0	0	0	0	0	23	0	0	2	0	0
8150c04a003988f9f88744e9baf3367c	4	0	0	0	0	9	0	0	121	0	0	0	0	0	0	0	0	5	0	0	0	0	0	0	72	0	0	0	0	0
e2b6ebe92d23c4794d285294493b38d7	4	3	0	0	0	0	0	15	0	0	0	0	21	3	24	25	0	0	0	0	0	0	0	0	0	4	0	3	0	0
f62e50dc384f26ca02c0d5f1ca8f3974	4	9	2	1	0	1	9	11	2	0	0	3	1	0	7	14	2	5	0	0	0	0	0	0	0	0	0	0	0	0
cc8a1cb65b9b6cea8f906d9c7115c1cd	4	270	0	0	0	12	0	8	0	7	0	0	0	0	0	3	0	0	0	0	0	0	0	0	0	0	0	0	4	2
2be9d337c5fc0e4be88c6b7f8ad0ae0a	4	0	0	0	0	0	1	0	0	0	0	0	2	2	0	1	0	0	0	0	0	0	0	0	0	0	1	1	0	0
d143ee8d3e542d2ba470d04ece1fdcb1	4	0	0	0	0	2	0	1	0	2	0	8	0	0	0	1	1	4	0	0	0	0	0	0	0	0	1	0	1	0
2532001974dd60c718008ba5cf96f0de	4	0	0	0	0	4	0	9	32	3	0	12	0	0	0	4	0	9	0	0	0	0	0	4	0	0	0	6	13	0
f45fe6bc2d4da30dd9cbcfa24eed1127	4	0	0	0	0	0	0	0	0	0	0	0	0	0	0	0	0	0	0	0	3	0	0	2	0	0	12	0	0	4
1ce0c86061136d6df0af5a201d142c40	4	3	0	0	0	2	8	3	0	0	0	0	1	7	5	0	0	2	0	0	0	0	0	0	0	1	0	2	1	0
99fb834120bfb7e4034b32923a3a84c6	4	1	0	0	0	0	0	0	0	0	0	0	0	4	0	1	0	0	0	0	0	0	0	0	0	0	1	0	0	0
b2da129225b857d88effc182912a5042	4	0	0	0	0	1	3	0	0	0	0	0	0	0	8	0	0	0	0	0	0	0	0	0	0	0	0	0	0	0
adcc10393f26de6780e4c9aac8f29fa6	4	5	0	0	0	6	0	37	0	19	7	11	0	33	1	8	0	5	0	0	0	0	0	0	1	0	0	7	0	0
68ca75b18b988ce8d0a884c53e25e113	4	0	0	0	0	0	0	3	0	0	45	0	0	0	0	2	0	28	0	0	2	0	0	0	0	0	0	0	0	0
aeafc9f68a5f498aa9538c18a1032a4e	4	0	0	0	0	0	0	10	0	5	0	3	0	1	0	2	0	2	0	0	0	0	0	1	0	0	0	3	2	0
2b6ebb67e471b5568f223580a60f7b48	4	1	7	0	0	1	0	0	0	0	0	1	0	0	1	12	0	21	0	0	0	0	0	0	0	0	0	0	0	0
cc854c29b79747204aaa63f745956906	4	0	0	0	0	0	0	0	0	6	3	1	0	0	0	0	0	18	0	0	0	0	0	0	0	0	0	0	0	0
b1f76d24eafafd6e7fe339394c9abc82	4	43	11	0	0	57	108	71	0	72	5	28	112	0	209	321	9	43	0	0	1	0	0	4	5	6	14	43	156	2
c0cabc74afdded4c310a8bbee311ff70	4	0	0	0	0	1	2	2	0	0	0	1	0	0	0	0	0	8	0	0	0	0	0	0	2	0	0	6	4	2
a942c01aeb19b3766789ce5ef18b15bb	4	7	2	12	7	4	7	2	5	4	3	8	0	16	5	2	14	6	5	1	4	2	0	0	4	0	8	25	10	32
bad16d726f459324862a31a7327d5b4d	4	1	0	0	0	0	1	0	0	0	0	0	0	84	0	0	0	0	0	0	0	0	0	0	0	0	0	1	0	0
d9a0a505be83964b05ab6d761e805983	4	0	0	0	0	7	1	2	31	0	12	0	0	0	58	0	0	3	0	0	0	0	0	0	0	0	1	1	0	2
93ea47a13789f4ffb86ec70b2c3a5972	4	0	0	0	0	0	0	0	0	1	0	0	0	4	2	0	0	0	0	0	0	0	0	0	0	0	0	3	0	0
ec8b1404176340772bc45dbc5addb6c9	4	0	0	0	0	1	4	16	0	0	1	1	0	0	1	1	0	12	0	0	0	0	0	0	1	0	1	0	0	52
ddfcc69b8b3b3f985c28e037e2c888a2	4	0	0	0	0	17	0	0	245	0	0	0	0	0	0	0	0	0	0	0	0	0	0	0	0	0	0	0	0	0
9b79a64a1d5e49deb58646c9b13c6b6c	4	0	0	0	0	0	0	0	0	0	0	1	0	0	0	1	0	1	0	0	0	0	0	0	0	0	3	3	0	1
4583c792990f4afc56e70852ae43e28f	4	0	0	0	0	3	0	0	11	0	0	0	0	0	0	0	0	1	0	0	0	0	0	0	0	0	0	0	0	0
6f236b50052f910df7b6ba1cc161bf1f	4	2	0	2	1	0	2	6	21	1	0	3	0	6	15	24	0	8	2	0	3	0	0	4	0	0	0	3	0	3
3d5e00b687a82b853080353085378765	4	0	0	0	0	0	0	0	0	1	0	0	0	0	0	0	0	0	0	0	0	0	0	0	0	20	0	0	0	0
bece883c53919fe1c9c838893e9c054c	4	144	0	0	0	0	0	41	0	2	0	3	0	0	0	1	0	21	0	0	1	0	0	0	0	0	0	0	0	0
1a73a46b1efdb84fad33b85da16813f7	4	0	0	0	0	1	2	0	3	0	0	0	0	2	0	0	0	0	0	0	0	0	0	0	0	0	0	3	0	0
400c6f62fb5c2ce803a3ab81f6178200	4	0	0	0	0	1	0	2	10	0	0	0	0	0	0	0	0	0	0	0	0	0	0	0	0	0	0	0	0	0
d19ddf32742cb71856f3ada0fb286570	4	5	0	0	0	0	0	3	0	0	0	0	0	1	0	0	0	0	0	0	0	0	0	0	0	0	0	0	0	0
730d0cae76f3cea6ecf88f4107c91fca	4	0	0	0	0	1	0	2	2	0	1	0	0	0	0	0	0	0	0	0	0	0	0	0	7	0	0	0	0	0
7dd02085bd4e3d84e530b3589f53f471	4	0	0	0	0	0	0	44	0	0	0	0	0	57	19	0	0	0	0	0	0	0	0	0	0	0	0	7	0	0
1fbdaee3da0f5a324b33393a9013accc	4	0	0	0	3	0	0	0	5	0	7	0	0	0	0	0	0	11	0	0	0	0	0	0	10	0	0	0	0	0
ee97ad5c065cf77be45a62d3bccdc2aa	4	0	0	0	0	4	0	27	14	9	2	8	7	10	0	3	0	22	0	0	0	0	0	7	26	6	0	12	20	1
bc6fc1c368d4729853427cc8d091deb3	4	0	0	0	0	0	0	0	0	4	0	0	0	0	0	0	0	0	0	0	0	0	0	0	0	0	2	0	4	0
5c7b84f7949c26ec7ce8bd3590657b9b	4	0	0	0	0	3	0	2	4	0	2	0	0	0	0	0	0	3	0	0	0	0	0	0	8	0	0	0	0	0
99bdfd6fcaa46146e1314da8e356efcb	4	2	0	0	0	0	0	0	0	0	7	0	0	2	16	0	0	0	0	0	0	0	0	0	0	0	0	0	0	0
79d8fd1a30201c9474b1fb1ed1391f23	4	52	0	0	0	9	0	9	19	0	48	3	0	11	17	8	0	16	0	0	0	0	0	0	24	0	0	2	1	2
b94455c270446ada8ef8d1ba5053515d	4	2	0	0	0	0	2	0	0	1	0	0	0	8	1	1	0	8	0	0	0	0	0	0	0	0	0	1	2	0
a55c7d2d0df7204f879e2fd73097f564	4	2	0	0	0	2	0	5	5	0	1	1	0	2	6	2	0	7	0	0	0	0	0	0	4	0	0	2	0	1
8debddf280790de36c53b681029af67c	4	0	0	0	0	7	0	27	2	0	0	0	0	0	3	0	0	0	0	0	0	0	0	0	0	0	0	1	0	0
1acd8a830934273e81388115b30e9ba2	4	0	0	0	0	0	0	8	0	0	0	0	0	5	0	0	0	0	0	0	0	0	0	0	0	0	0	0	0	0
805940a5eec51d55adc4d77aa9beb811	4	0	0	0	0	0	5	0	0	0	0	0	0	0	0	0	0	0	3	0	19	0	0	0	0	0	0	0	0	3
3b3413fcfb36ba3ecbe2f46fd3ac46cd	4	0	0	0	0	1	2	8	8	1	0	1	0	2	0	9	0	12	0	0	0	0	0	0	0	0	0	1	0	0
d9cf4d85f0fea3f6b2c5beb78430f452	4	0	0	0	0	2	2	2	0	2	0	3	0	0	0	0	0	14	0	0	1	0	0	0	1	0	1	7	2	1
d72d6822b0fe69990cbf31362e15cf7e	4	0	0	0	0	0	0	10	1	0	0	0	0	50	4	0	0	4	0	0	0	0	0	0	4	2	0	7	0	4
99e0a6a08c7c55f24c2cb4b31caebbda	4	0	0	0	0	2	8	0	0	4	1	0	0	8	0	2	0	9	0	0	0	0	0	2	0	0	1	4	8	0
970c32e8e1dd26a4ca5ee43d1f3516ae	4	2	0	0	0	0	0	41	0	18	10	0	0	120	4	0	0	22	0	0	0	0	0	1	36	0	1	0	0	4
00840cee348745b0d91ca40a8b1e86b2	4	0	0	0	0	0	0	8	5	0	0	0	0	0	0	0	0	0	0	0	0	0	0	0	3	0	0	0	0	0
8bcbc0ca5b56d1728d658e1da69d5048	4	0	0	0	0	7	0	2	91	0	0	0	0	0	0	0	0	3	0	0	0	0	0	0	0	0	0	0	0	0
96fd93c3ea2f83595d0847d3a1f59f40	4	0	0	0	0	1	0	0	0	1	0	0	1	0	0	0	0	0	2	0	3	0	0	6	0	0	21	0	9	23
5de1e74ea9dc75a62609f0d598119ebf	4	0	0	0	0	0	1	7	0	0	0	1	0	0	1	2	0	2	0	0	0	0	0	4	0	0	0	0	0	0
df93cee8ad6a1198bfa745c778398816	4	0	0	0	0	3	0	0	5	0	0	0	1	0	0	0	0	0	0	0	0	0	0	1	0	0	0	2	0	1
0b5b4253d9286cc398a20da3ee960ac9	4	0	0	0	0	6	0	0	12	0	3	0	0	1	0	2	0	33	0	0	0	0	0	0	46	0	0	0	1	0
c7d10416d14e786e63898119aaff7ba7	4	8	0	2	6	3	1	9	4	1	0	2	0	0	0	19	6	6	0	4	1	0	0	2	0	0	0	1	0	0
6ed2dba6f89142d067770117ad2ae146	4	1	0	0	0	10	6	22	31	2	24	10	0	21	42	4	0	13	1	0	0	0	0	0	2	1	1	2	2	2
de14b0ea5946a610a59652c7ee1f5a4a	4	0	0	0	0	1	0	0	6	7	0	0	0	0	6	11	0	4	0	0	0	0	0	0	0	0	0	0	3	1
eae7507bdb6c4fb0f694ca2409f10784	4	0	0	0	0	3	0	18	0	0	0	0	0	13	0	2	0	12	0	0	0	0	0	0	0	0	2	0	1	0
22a3368e08a0caecbb9326eeae4f6ae0	4	18	0	0	0	28	1	9	49	17	8	27	0	0	25	0	0	16	0	0	1	0	0	4	10	0	5	14	14	6
815433cb8be6a923944f6a12ce87919b	4	0	0	0	0	1	0	29	4	2	3	5	0	0	2	9	0	8	2	0	0	0	0	7	2	11	0	10	1	0
bfc2a60cdb07251b9aa42e08aa2c4737	4	0	0	0	0	14	0	21	115	0	1	3	0	0	0	0	0	25	0	0	0	0	0	0	0	0	0	4	1	0
6e5c38b49b5b48123e2c25a2876ad800	4	0	0	0	0	5	0	0	0	3	0	0	0	0	0	0	0	0	0	0	0	0	0	5	0	0	0	1	1	0
1758a0b96944c620eb7d5f517d0ef83a	4	6	0	0	0	0	0	2	0	1	0	0	0	4	0	0	0	0	0	0	0	0	0	0	0	0	0	0	2	0
e6e30baf2f4b88dcf39343d51c84d3a4	4	0	0	1	0	0	3	4	0	0	1	0	0	2	1	1	0	0	0	0	0	0	0	0	0	0	2	1	0	1
9e07a93d14a6e94e396080d14a1224c6	4	0	0	6	0	0	0	4	2	0	2	0	0	0	2	0	5	0	0	0	0	0	0	0	0	0	0	0	0	0
ef6ec44dc0a223251db2fa7f4b6db2d8	4	0	4	3	0	2	0	2	0	0	0	1	0	4	1	2	1	0	0	0	0	0	0	0	0	0	4	1	0	0
0e6a8293033bb18ef3e05d43997a06e2	4	2	0	0	0	3	2	5	0	8	0	17	0	0	0	13	0	0	0	0	0	0	0	0	3	0	0	0	0	0
5d5dd28695d21eeeb86c3a38e3956c6e	4	7	97	74	39	10	21	5	0	14	0	9	0	18	14	8	49	1	0	111	0	107	79	1	0	0	4	0	6	7
0ccea24c7ec382d159c2bac7a906839c	4	0	0	0	0	5	0	5	13	0	0	4	0	0	0	0	0	4	0	0	0	0	0	0	0	0	0	2	0	0
4cd5c5e79cf3cfdd70b60fdcbc89b70d	4	1	0	0	0	0	2	4	0	0	0	0	0	25	4	1	0	0	0	0	0	0	0	0	0	0	0	0	0	0
011e4eeb9bb1002a0f3593aec2fabb29	4	1	0	0	0	2	0	5	8	2	1	0	1	3	0	5	0	19	0	0	0	0	0	2	4	0	0	7	2	0
0f6a3b592458c559b3d410307cb6b943	4	0	0	0	0	1	7	4	0	4	0	7	0	0	5	5	0	1	2	0	3	0	0	7	0	0	17	7	8	32
26705ce524f192ace2e558fc7a63b72d	4	3	0	0	0	6	0	5	3	5	11	8	0	34	5	2	0	8	0	0	1	0	0	0	22	11	0	1	5	1
84fe1731013e60da9291f1edd290aade	4	1	0	0	0	1	0	1	1	0	0	3	0	1	0	0	0	0	0	0	0	0	0	0	0	6	2	1	0	2
f3fe11ef20bb94ad3eb061e9cab4a670	4	0	0	0	0	0	0	3	0	0	0	0	0	0	0	19	0	2	0	0	0	0	0	0	0	0	0	0	0	0
f7d9891f4ea06a095e1cacab9a83573e	4	1	0	0	0	1	0	6	11	0	0	0	0	3	0	2	0	6	0	0	0	0	0	0	0	0	0	0	0	0
cff6b10f10ddcc2cc453a879cf9ef841	4	12	0	0	0	2	17	9	2	0	0	5	0	0	8	4	1	14	0	0	0	0	0	0	5	0	0	0	0	0
3b736f96b49b295fc820ba0f83b88b22	4	5	0	0	0	0	1	0	2	12	0	8	0	0	1	0	0	3	0	0	0	0	0	0	0	0	0	2	1	0
a255e314719f1ea97963b234a7e7df6e	4	0	0	0	0	2	0	1	1	0	1	0	0	0	0	2	0	0	0	0	0	0	0	0	0	0	0	0	0	0
06c1860611d93cec0686815d23b092da	4	0	20	0	1	0	1	0	0	6	0	0	0	0	0	3	0	1	0	0	0	0	0	4	0	0	5	8	3	4
5d21440b79d3054d8f46136a8ba26429	4	1	0	0	0	0	1	0	1	0	0	0	0	0	0	8	0	0	0	0	0	0	0	0	0	0	0	0	0	0
e00d8e65bbcc4c511911002d9def3812	4	0	0	0	0	2	0	7	4	0	0	0	0	0	0	0	0	5	0	0	0	0	0	0	0	0	0	0	0	1
e5844271b1da809b3adb1e29b17575f5	4	1	0	0	0	0	4	0	0	1	5	5	0	62	1	1	0	12	0	0	0	0	0	0	0	0	0	4	0	0
c1608c4dea158d9e439a67ad10105303	4	1	0	0	0	3	0	3	1	5	0	3	0	2	4	10	0	11	2	0	4	0	0	2	0	0	0	4	2	0
d22dd8c719c2a53769d2329d649978fd	4	0	0	1	0	0	5	2	0	0	0	0	1	0	2	0	0	0	0	0	0	0	0	0	0	0	0	1	0	0
fc9c8f4baf3cc4725e7c67b2861d34b0	4	12	0	0	0	0	0	13	1	5	1	0	0	5	0	0	0	10	0	0	0	0	0	0	0	0	0	0	0	0
8338261a9ba9c68c28c93dc9f3066a22	4	0	0	0	0	10	0	4	13	1	1	2	0	0	0	0	0	4	0	0	0	0	0	0	0	0	0	0	0	0
97c0d5913def32329e89a0ad3554354f	4	3	0	0	0	1	0	6	25	2	10	0	0	0	5	3	0	3	0	0	1	0	0	0	14	0	0	3	0	0
6da63ba35c4cc1af1bffc59fa496bb21	4	0	0	0	0	0	0	1	3	0	1	0	0	0	0	0	0	0	0	0	0	0	0	0	2	0	0	0	1	1
0fe6fa67da830f85731773018b4e5c49	4	0	0	0	0	0	0	2	0	0	1	4	0	0	0	4	0	36	2	0	3	0	0	0	0	0	0	1	5	2
babaf510803ef2c351483511b13c1d7c	4	8	0	0	0	3	0	12	0	0	0	0	0	91	6	9	0	6	0	0	0	0	0	0	0	0	1	4	0	1
bb25f7a421b2fa18388cefdb1c5b5858	4	2	0	0	0	4	0	1	0	2	0	0	0	0	0	0	0	8	0	0	0	0	0	0	4	0	0	4	0	0
556e467401852617d72d6d6017398e62	4	0	0	0	0	21	0	17	11	2	28	0	44	1	0	10	0	9	0	0	0	0	0	0	2	0	1	1	0	0
2420cc1ad718135e6a425bdf21201222	4	0	0	0	0	2	0	33	18	4	2	4	0	0	8	16	0	38	0	0	0	0	0	1	14	1	1	1	1	0
84f4820cc6b8fb959e4d75463b6f2cf6	4	0	0	0	0	0	0	0	4	0	0	0	0	11	1	1	0	0	0	0	0	0	0	0	17	0	0	1	0	0
e4bfac4a03ffb101b4f537552bce9895	4	1	0	1	0	12	5	25	28	2	22	4	0	1	29	15	0	13	0	0	0	0	0	0	9	5	0	7	3	2
ba2a45f5f616b7106b57901ad786a35b	4	0	0	0	0	2	0	18	0	0	0	0	0	9	4	5	0	0	0	0	0	0	0	0	0	0	1	1	0	1
e2b3c3e64e5cb7416555a90b5a5c2218	4	0	0	0	0	0	0	1	0	19	0	0	0	0	0	3	0	0	0	0	9	0	0	4	0	0	0	4	5	0
09752c0cf1d7135d381fd5439e423501	4	60	0	0	0	9	6	46	40	11	38	1	0	8	31	15	0	17	3	0	5	0	0	8	23	275	2	12	1	3
351a1df0861542a56ab0fa6b8c9ef984	4	1	0	0	0	2	0	1	0	0	0	1	0	0	0	0	0	1	0	0	1	0	0	0	0	0	0	3	0	0
0b786a7cd08d8895ebf515e14eda4935	4	0	0	0	0	3	1	0	2	2	0	2	0	0	0	1	0	1	0	0	1	0	0	0	0	9	5	4	8	8
aa782a55f8cc7e707ae82bb6373d1b25	4	0	0	0	0	0	0	1	1	3	13	1	0	0	0	4	0	17	0	0	0	0	0	0	7	0	0	3	0	0
e95ce42375b674398ffdc4eebcb982bd	4	0	0	1	0	0	0	0	0	0	0	0	0	0	0	1	0	1	0	0	0	0	0	1	0	6	0	0	0	1
fa36e70fd580d32911bfb05477c2c648	4	0	0	0	0	0	0	3	0	0	0	0	0	0	1	3	0	7	0	0	0	0	0	0	0	0	0	0	1	0
207d017ab2ea5fdea42dbe9cd22dae51	4	0	31	8	4	0	0	0	0	0	0	3	6	0	0	1	12	0	0	1	0	0	0	2	0	0	0	2	1	3
452e6f74cf91ff54ad562bfd9a91ecb9	4	0	0	0	0	0	0	1	0	0	0	0	2	0	0	2	0	0	0	0	0	0	0	0	0	0	1	0	0	0
bc29918c492ac83a9f0b8b33c944ef95	4	1	0	0	0	2	2	1	0	0	0	0	0	6	0	0	0	0	0	0	0	0	0	0	0	0	0	1	0	0
871e777cb64e6b9c37c7be6053f87f01	4	0	0	1	0	0	0	5	0	10	16	0	1	0	0	1	0	3	0	0	0	0	0	1	4	0	2	1	13	2
fc0fe3e8070e1c9bec2bb638aa2b66e0	4	0	0	0	0	0	16	10	0	0	0	0	17	0	14	15	0	3	0	0	0	0	0	0	1	0	0	1	0	3
708518f6f4868ee326a93b4b563f8e24	4	0	0	0	0	3	0	0	7	0	0	3	0	0	0	0	0	0	0	0	0	0	0	0	0	0	0	0	0	0
3758711f28995101e859351835a57cc0	4	1	0	0	0	0	0	2	0	2	0	0	0	0	2	5	0	1	0	0	2	0	0	7	0	0	0	9	0	1
ee4cb2853daef42db90590ea191b7ab7	4	1	1	1	4	0	5	1	0	0	0	0	0	6	0	1	4	0	0	0	1	0	0	0	0	0	1	3	0	1
cf515ffae447f7d630d33f33b7dcc1e0	4	0	0	0	0	0	0	0	1	0	0	2	0	0	0	1	0	0	0	0	0	0	0	0	1	0	0	2	0	0
3a93204c7babafa17192e94ad02d8469	3	21	0	0	0	21	2	68	36	1	9	0	0	6	25	5	0	54	0	0	2	0	0	1	19	0	1	2	2	1
98d1fda5a3280b0fdc3c3121cfd6f502	3	0	0	0	0	0	0	0	0	0	0	0	0	0	0	0	0	33	0	0	0	0	0	0	1	0	0	3	0	0
49f45813c9f24298b10f74f75e181fb0	3	0	0	0	0	2	0	4	24	0	0	0	0	0	1	0	0	4	0	0	0	0	0	2	1	0	0	0	0	0
55c32ec719600922889eaa14733417a0	3	0	0	0	0	0	0	1	0	0	3	0	0	0	0	0	0	54	0	0	0	0	0	0	0	0	0	0	0	0
c0ba3f94917a8d03bbab673d01dd27a5	3	0	0	0	0	1	0	0	0	0	1	0	0	0	0	0	0	7	1	0	0	0	0	0	0	0	4	15	0	0
70befd53959c41701fa0dbb383da9c90	3	1	0	0	0	6	0	0	3	0	0	3	1	0	0	1	0	0	4	0	0	0	0	5	0	0	0	25	0	0
9731f420371143f5fdbe3d55f7b4def8	3	1	0	0	0	0	0	3	0	0	0	0	0	5	3	2	0	1	0	0	0	0	5	0	0	0	2	0	0	2
331c6c6b13ba5f0e3126d23f8d3002a3	3	1	0	0	0	0	0	0	0	0	0	6	0	0	0	2	0	1	0	0	0	0	0	0	2	1	0	6	0	0
47d2f4862fcff62a73ca6bbbaa9489b8	3	0	0	0	0	3	0	0	0	1	0	0	0	0	0	0	0	0	0	0	0	0	0	1	0	0	5	0	0	14
fdc6453666073e80b69608d314c422fa	3	0	1	0	0	2	4	13	1	7	2	0	0	0	1	21	0	1	0	0	0	0	0	0	1	0	2	4	24	12
bd927e3e23f088b945dad6689f78183d	3	0	0	0	0	1	0	6	3	0	1	1	0	3	0	0	0	7	0	0	0	0	0	0	0	0	0	0	0	0
6bd17929cff3acd32ca6720803aacaa1	3	0	0	0	0	0	0	1	1	2	0	3	1	0	1	1	0	0	0	0	2	0	0	1	0	0	0	1	0	0
0f269991babf06db428ca4442a7b46d7	3	0	0	0	0	0	0	0	0	0	0	0	10	0	0	27	0	0	0	0	0	0	0	0	0	0	0	0	0	0
b99808f8695f93860f26f6ed41d88eeb	3	0	0	0	0	0	0	4	5	0	0	8	0	0	0	0	0	2	0	0	0	0	0	0	0	0	1	6	57	7
4d0c5fbf133ab861f9690aecfbd30472	3	0	0	0	0	3	1	0	1	2	0	2	0	0	1	0	0	23	9	0	11	0	0	9	0	0	5	18	0	34
86e2b8d18a02c582831d3b7870624a8c	3	0	0	0	0	3	0	10	6	0	0	0	0	0	16	21	0	0	0	0	0	0	0	0	0	0	0	0	0	0
5852df5dfb8861af1dfe8df7b5c2e927	3	3	0	0	0	0	0	9	0	0	1	0	0	1	4	7	0	0	0	0	0	0	0	0	0	0	0	1	0	0
398e3dc3a43a4d49a40d54104497f04c	3	0	0	0	0	5	0	0	0	0	0	9	9	0	0	9	0	0	0	0	0	0	0	0	0	0	0	10	0	0
242f67c842977578a45d7a5957a162a8	3	0	0	0	0	0	0	12	0	0	0	0	0	1	0	0	0	1	1	0	0	0	0	0	0	0	0	0	0	1
09fdfe74ddb84776f26f94e7a5e4f0dc	3	0	0	4	0	5	20	17	9	0	4	2	0	0	13	39	4	15	0	0	3	0	0	2	12	0	0	7	4	1
8965d6d371b4150f3650ba6c56314f27	3	0	0	0	0	10	0	12	14	0	0	1	0	0	10	18	0	4	0	0	0	0	0	0	0	0	0	0	0	0
c09317d2f2e6f3d9018ce2d2ddd8779b	3	5	0	0	0	0	1	3	0	4	1	1	0	9	0	2	0	1	0	0	0	0	0	0	0	2	2	0	0	0
4911892b5b00b11436a3d57721879214	3	0	0	0	0	4	0	0	5	0	2	0	0	0	0	0	0	4	0	0	0	0	0	0	0	0	0	0	0	0
2e0167116b086eb199c6119e8cd9ab89	3	0	0	0	0	0	0	0	0	0	3	0	0	0	10	0	0	0	0	0	0	0	0	0	0	0	0	0	0	2
c5f8c91da50ba0e982e2b8bd8ce15a98	3	1	0	0	0	5	7	23	49	0	21	0	0	0	46	19	0	30	0	0	2	0	0	0	22	6	0	3	0	5
1f617cdc67ed2fce16131078e4b9473f	3	0	0	0	0	3	0	1	3	0	0	0	0	0	0	0	0	0	0	0	0	0	0	0	1	0	0	0	0	0
3bf4c58b0914dce14b66f89a8db49a51	3	0	0	0	0	0	0	3	0	0	0	0	0	0	0	0	0	8	0	0	0	0	0	0	0	0	0	0	0	0
0d3ae8d6e1deee1b475124d7493bb205	3	1	5	0	1	1	1	0	0	0	0	0	4	1	0	1	0	0	0	0	0	0	0	0	0	0	0	1	0	1
9e372bee861fb431d875ea9da0017553	3	0	0	0	0	0	0	2	0	3	0	3	0	0	0	2	0	0	0	0	0	0	0	0	0	2	0	0	0	0
5f880561d1271afe39bc5733029e3ce1	3	0	0	0	0	0	16	0	0	0	0	4	0	0	6	5	0	0	0	0	0	0	0	0	0	0	0	0	0	0
a591f2f574487907fdedf4aa48b75f7f	3	0	0	0	0	0	0	4	1	0	1	0	0	6	0	0	0	0	0	0	0	0	0	0	0	0	0	2	0	0
b5d4f95be0774473faf246c2af94d6d5	3	0	0	0	0	1	2	12	12	0	4	0	0	1	39	4	0	3	0	0	0	0	0	0	0	0	0	1	0	0
1e73c6a48e2a81c61fe3e2f0c0d1e207	3	0	0	0	0	9	0	11	74	0	2	1	0	0	0	0	0	35	0	0	1	0	0	0	0	0	0	0	0	0
399604abb0feef7206e2b3248d06b6cf	3	1	0	0	0	0	0	1	0	1	0	1	0	0	2	4	0	1	0	0	1	0	0	0	1	1	0	2	0	1
0206dbe0317a87601d9ef7fba06d9f5f	3	1	0	0	0	1	11	15	2	0	0	1	1	0	2	3	0	1	0	0	1	0	0	0	1	0	1	2	0	2
227c22274722d47756bf9575f112e91d	3	1	0	0	0	1	0	10	0	0	0	0	0	23	0	0	0	0	0	0	0	0	0	0	0	0	4	1	1	0
fe979bac4a43b91167a73bc73b565ab3	3	0	0	0	0	2	0	0	0	1	0	0	0	0	0	0	0	0	0	0	0	0	0	2	1	0	0	1	0	0
b8ccb9985d6bd3933d540af5bea4f6c4	3	0	0	0	0	0	0	2	0	1	0	0	0	0	0	1	0	1	0	0	0	0	0	0	0	0	0	0	1	4
1810cfa6190c8ed5a9952e5113c0115b	3	0	0	0	0	2	0	28	2	0	54	1	0	0	72	0	0	6	0	0	0	0	0	0	0	0	2	19	0	6
f0f1cbbcfd75467048bd94226f2df16e	3	0	0	0	0	7	0	0	25	0	0	0	0	0	0	0	0	9	0	0	0	0	0	0	2	0	1	1	2	1
b3e5256c0b9747191d516c891c4f0aea	3	1	0	0	0	0	0	0	0	3	0	0	0	0	0	0	0	0	0	0	0	0	0	1	0	0	0	1	1	0
05ff52befff8c4ae74a87e5ed3970083	3	0	0	0	0	1	0	3	0	1	2	0	1	0	0	1	0	0	0	0	1	0	0	0	0	0	0	0	0	0
b11b7afe6748a0f9ab0636f124461c78	3	4	3	0	0	0	9	5	0	0	0	0	0	20	3	1	5	0	0	0	0	0	0	0	0	0	0	0	0	0
b6bfe9e9677bc582f70e49c2e6649180	3	0	0	1	0	0	0	9	0	0	0	0	1	0	6	0	0	49	0	0	0	0	0	0	0	0	0	0	13	0
0e6b98cee6f816fa789ca0b21ab3c938	3	0	0	0	0	0	0	0	2	0	4	0	0	0	0	0	0	6	0	0	0	0	0	0	0	0	0	0	0	0
c24185535b3321fafab493c80cfad858	3	2	0	0	0	17	1	11	7	5	0	0	0	4	0	7	0	15	0	0	1	0	0	5	0	11	0	8	1	1
cec0a94ccc5d709f07122d9c799b26e8	3	0	0	0	0	0	2	8	0	0	0	0	5	0	2	15	0	0	0	0	1	0	0	0	0	0	0	0	0	0
3ae5a0f94788396617f0b07d143594f3	3	0	0	0	0	0	0	0	32	0	0	2	0	0	0	0	0	0	0	0	0	0	0	1	4	0	0	0	0	0
a01d5a3511bd1a94771bdbf2a550648b	3	0	0	0	0	0	0	0	0	0	0	4	5	0	0	12	0	0	1	0	1	0	0	1	0	0	0	9	14	0
d1651e9bea26bdb0787024f52f831aa0	3	9	5	14	0	1	3	21	7	9	11	15	0	49	1	20	16	19	2	1	5	0	0	0	54	0	3	9	0	5
32232a16be248ec92485c981fb3db668	3	0	0	0	0	0	0	0	0	0	0	1	0	0	1	0	0	0	0	0	0	0	0	0	0	0	4	0	0	5
bd97caa67d61a1fa9cca2cc65e01b78c	3	10	0	0	0	3	1	10	0	0	1	0	0	140	1	0	0	16	0	0	0	0	0	5	0	7	0	0	0	1
30da1c78a2a2966130a3adf821e707fd	3	0	0	0	0	1	2	0	0	0	0	1	0	0	3	2	0	0	0	0	1	0	0	0	0	0	0	0	0	0
de88d081485205313daab950a162fb19	3	0	0	0	0	0	0	2	5	0	0	0	0	0	2	3	0	2	0	0	0	0	0	0	0	0	0	0	0	0
97df4558b27ec6c5af8c6718ed98f5c6	3	3	0	0	0	0	1	5	0	1	0	5	0	1	0	2	0	3	6	0	3	0	0	1	1	0	0	13	0	0
c8e60225ebf8f89e75a9615ecd8f2cbf	3	3	0	0	0	4	0	0	1	1	0	0	0	5	0	0	0	0	0	0	0	0	0	0	0	0	0	0	0	0
dc6e19b911bbe05de370b61d44df3db4	3	0	0	0	0	0	4	0	2	0	0	5	0	0	6	0	0	0	3	0	0	0	0	0	0	0	1	1	0	0
1234f4db594da7d215c677a3f7daabf1	3	0	0	0	0	0	0	4	0	0	0	0	2	0	0	0	0	1	0	0	0	0	0	0	0	0	0	1	0	0
891850f9d933ae4d16e5c197eb7b1cff	3	0	0	0	0	0	0	8	0	0	0	0	0	0	17	0	0	0	0	0	0	0	0	0	0	0	0	0	0	0
58195f72e52bbbb0ddd517243edee28a	3	0	0	0	0	0	0	0	0	0	0	0	0	0	0	0	0	0	1	0	0	0	7	0	0	0	0	0	2	0
8a851f7bc95deafea03831d3316a6397	3	0	0	0	0	29	0	3	2	2	0	13	0	0	2	1	0	4	1	0	3	0	0	0	0	0	0	12	15	3
00677d851afae4b895aa0139da477f2d	3	0	0	0	0	6	0	13	2	0	2	0	0	2	3	1	0	2	0	0	0	0	0	0	9	0	0	0	0	0
69685c954d9b1f904469f916eb6a923e	3	0	0	0	0	0	1	0	0	1	0	0	0	3	0	3	0	1	0	0	0	0	0	0	0	0	0	1	0	0
bc6480a2bed8db9854d085107c4fb7b0	3	6	0	0	0	0	0	0	2	0	0	0	0	4	0	0	0	0	0	0	0	0	0	0	0	0	0	0	0	0
d59448d22c69d2538795e731abaad623	3	0	0	0	0	0	0	0	0	0	0	3	0	0	0	11	0	1	0	0	0	0	0	0	0	0	0	0	0	0
f72b2ac8112eec285c9944212cb58dd7	3	0	0	0	0	1	0	14	11	8	3	29	2	0	0	25	0	11	2	0	9	0	0	8	0	0	1	20	30	1
045c7e3c33a0cf9ac0a865e3fe0d4609	3	0	0	0	0	0	0	1	4	0	0	0	0	0	0	0	0	0	0	0	0	0	0	0	3	0	0	0	0	0
f28c5a783283827744bae135fb45beb3	3	5	0	0	0	0	0	0	0	0	0	0	1	0	0	0	0	0	0	0	0	0	0	0	0	5	0	0	0	0
5df1549c8ec4acdd9f352861af949464	3	9	0	0	0	0	0	11	0	0	0	0	0	4	0	0	0	0	0	0	0	0	0	0	0	0	0	0	0	0
0aad1e2e1315954fc45ea06c5e896396	3	6	0	0	0	0	0	0	0	0	0	0	0	0	0	1	0	1	0	0	0	0	0	0	1	0	0	0	0	0
eaf5d1873d83d17309384cc6aad99b74	3	0	0	0	0	0	0	1	0	0	1	1	0	0	1	0	0	0	0	0	0	0	0	0	58	0	0	1	0	0
d3eee21d0aa6eded663920272be5700b	3	0	0	0	0	0	3	0	3	0	3	6	1	8	1	6	0	1	0	0	4	0	0	2	3	0	0	2	1	0
5a78398af556ad989cb60990174de38c	3	0	0	0	0	0	0	4	9	0	0	0	0	0	0	1	0	8	0	0	0	0	0	0	0	3	0	0	0	0
2161bacd7aa75f89751059011540457f	3	0	3	0	0	0	4	1	1	0	0	0	0	1	0	0	0	8	1	0	0	0	0	1	2	0	0	0	0	0
07f0ba97dfc72d71bcb6b917e4b70d67	3	0	0	0	0	2	0	1	5	0	0	0	0	1	1	0	0	1	0	0	0	0	0	0	3	0	0	0	0	0
de1a18620e24027d4a42a4f4ca869efc	3	0	0	0	0	0	0	5	3	0	0	0	0	0	0	0	0	2	0	0	0	0	0	0	17	0	0	0	0	0
b0def6d6ece97da5f94a56eedcb0110d	3	6	0	0	0	0	0	2	0	1	0	0	0	0	0	0	0	9	0	0	0	0	0	0	0	63	0	0	1	1
e035c77789e800e2a422316abb902fa8	3	6	0	0	0	10	0	1	0	0	0	0	0	0	0	0	0	0	0	0	0	0	0	0	0	0	0	0	0	0
2b21778f3a491050c3e10478f0a02c19	3	35	0	0	0	0	4	25	0	10	2	0	17	4	20	4	0	0	1	0	0	0	0	0	0	0	5	0	1	4
364eba018865da874c5d1451c95076c0	3	2	1	3	7	2	8	7	0	1	0	6	2	12	9	0	0	1	0	0	1	0	0	5	6	0	7	3	12	3
aceedd99f33eeef8830c9a54a50ed8e3	3	0	0	0	0	0	0	0	10	0	0	3	0	0	0	0	0	7	0	0	0	0	0	3	0	0	0	1	1	1
e6d4a0348ff4dac00e2c0cc899d1dc1e	3	0	0	0	0	0	0	5	0	0	1	0	0	13	0	0	0	3	0	0	0	0	0	0	1	0	0	0	0	0
2a0fe7c926449fa79e96f0eeca6526aa	3	4	0	0	0	12	0	0	0	0	2	0	0	0	0	0	0	1	0	0	0	0	0	0	0	0	0	0	0	0
cde54f950c2b8d63a83232b358508e8e	3	3	0	0	0	0	0	1	0	0	0	0	0	0	0	0	0	0	0	0	0	0	0	2	0	0	0	1	0	0
82f02709730188aa19015c43bce5153e	3	0	0	0	0	0	0	4	1	0	1	0	0	0	0	5	0	10	0	0	0	0	0	0	0	0	0	1	4	2
1a1898e39b37884afb2f788b5bc50a8c	3	1	0	14	1	1	16	3	4	2	0	0	1	1	15	43	1	4	0	0	0	0	0	0	0	0	0	0	0	0
48021ae62cb4195e58038d7bccb79970	3	28	0	0	0	0	0	1	0	1	0	0	0	5	0	0	0	0	0	0	0	0	0	0	0	0	0	0	0	0
8d289e85b08d312556e7c88991907f60	3	8	0	0	0	36	0	13	28	3	0	42	0	0	0	40	0	25	1	0	1	0	0	3	21	0	0	12	6	0
0bf1d7f91d58f42523c70e528b8b8aa2	3	0	0	0	0	0	5	0	0	0	1	0	5	0	3	5	0	0	0	0	0	0	0	0	0	0	0	1	1	2
05b05f092b8d7790d4f052fd7c023a48	3	0	0	0	0	0	7	3	1	0	1	0	0	0	6	37	0	0	0	0	0	0	0	0	0	0	0	1	0	2
b2c3581cae27d2858b5d632aeaaabe93	3	0	0	0	0	0	0	2	5	13	8	7	12	0	1	7	0	11	0	0	0	0	0	3	9	19	1	3	4	1
f7ccc8486f8df091c18b6fb72c28d3a3	3	1	0	0	1	0	1	5	0	0	0	0	0	3	2	2	0	1	0	0	0	1	0	0	0	0	0	0	0	2
9a1d653f7a3836e0b3b3db77212200f9	3	0	0	0	0	0	2	3	0	1	0	2	0	3	2	1	0	12	0	0	0	0	0	0	0	0	0	1	1	0
f077bc442f5b60c51f61ed0dd816b104	3	0	1	0	0	0	2	1	0	0	0	1	0	0	0	2	0	3	0	0	0	0	0	0	0	0	0	0	0	0
fc73282f89e1cd323ae63d8a3897db42	3	0	2	9	0	14	46	24	9	22	55	43	0	1	119	101	3	39	0	0	0	0	0	1	67	58	3	19	32	0
70d8cada67cb9202a651cd30f2717a61	3	0	0	0	0	0	0	3	3	0	10	5	0	2	0	0	0	10	0	0	0	0	0	1	26	15	0	3	3	1
29de3a65de2accc5e2af7c47b3b6e453	3	2	0	0	0	0	0	2	0	1	0	0	1	0	0	3	0	0	0	0	0	0	0	0	0	0	0	0	0	0
e6b11f14e845804790d4bec207033925	3	0	0	0	0	0	2	17	3	1	2	2	0	0	2	9	0	5	0	0	0	0	0	0	3	0	0	0	1	0
145fc653ce198ab08809c8ec35653952	3	0	0	0	0	1	0	0	20	0	0	0	0	0	0	1	0	5	0	0	0	0	0	0	0	0	0	1	0	0
6c2819ed171959f5f0e55b6818869a61	3	11	0	0	0	1	0	17	12	6	0	9	0	3	1	0	0	0	0	0	0	0	0	0	0	8	1	1	0	0
72fabbfc3ed2c302029d4de62b824151	3	0	0	0	0	0	0	0	1	0	0	0	0	0	0	0	0	17	0	0	0	0	0	1	8	0	0	0	0	0
a3595171d4b9b805d43624bf384e5897	3	0	0	0	0	2	0	7	13	0	6	0	0	0	3	1	0	8	0	0	0	0	0	0	20	0	0	0	0	0
372746226f61d3b4423f592d8507f26b	3	18	1	0	0	3	12	16	14	4	6	6	4	13	42	4	0	6	0	0	0	0	0	2	18	20	1	16	5	11
ad99e89af65b9a8dca8bb405fc3630f0	3	0	0	0	0	1	2	6	4	4	6	5	0	0	3	3	0	7	0	0	0	0	0	0	24	2	0	0	2	0
4d99dfcdb00e7722a18ecc16bf439e07	3	0	0	0	0	0	4	0	0	0	0	0	0	0	11	0	0	0	0	0	0	0	0	0	0	0	0	1	0	0
7347335a1187acc618b2f6aff40140a6	3	0	0	0	0	0	0	1	0	0	0	0	0	1	0	6	0	0	0	0	0	0	0	0	0	0	0	0	0	0
0cf592cdb0124fda631fe5bd118ec5a1	3	3	0	0	0	0	1	5	3	1	2	0	0	0	3	0	0	5	0	0	0	0	0	0	0	0	2	4	0	0
4b8a90f574ac6343d30f5f5e313d2560	3	16	0	0	0	0	0	5	3	0	1	0	0	5	0	0	0	7	0	0	0	0	0	0	0	0	0	0	0	1
325c129dc094ac6f991de2c1b7741bb0	3	0	0	0	0	0	0	1	0	0	0	2	0	0	3	1	0	13	0	0	1	0	0	1	0	0	0	2	0	0
81279c3d81b1007925aaeb2553366356	3	1	0	0	0	0	0	0	0	0	0	0	0	0	0	29	0	1	0	0	0	0	0	0	0	0	0	0	0	0
52733cde3fcec87f4a7d5d54679b12c1	3	0	0	0	0	6	0	3	2	0	0	0	0	0	2	0	0	6	0	0	0	0	0	0	1	0	0	1	1	1
64672178c2d2972fea96a8c1057e814f	3	0	0	1	0	2	0	0	0	0	4	0	0	0	0	3	3	0	0	0	1	0	0	0	2	0	0	0	0	0
ac7b07d9516376a25a5da9e6cf4e5126	3	0	0	0	0	2	0	0	9	2	0	0	0	0	0	0	0	0	0	0	1	0	0	0	0	0	0	0	3	0
913094bb9b7743fb3a2c17a940220946	3	51	0	0	0	0	0	4	0	0	8	0	0	5	0	0	0	0	0	0	0	0	0	0	0	0	0	0	0	0
6362c2b22702e365349b0928e28e42e7	3	0	0	0	0	0	1	4	6	1	4	3	1	3	7	10	0	5	1	0	0	0	0	0	4	2	0	4	1	0
bd793a45dcab425df13dc49c6285cd27	3	0	0	0	0	0	0	3	0	0	0	0	0	0	18	4	0	0	0	0	1	0	0	0	0	0	0	0	0	0
150e41ee7fcea41d0ed8d22c91c8d8b5	3	0	0	0	0	0	0	1	2	3	2	0	0	0	0	1	0	26	0	0	0	0	0	1	0	0	0	1	0	0
1d7ac00806e4f5f823c36ddd1a14c19d	3	0	0	0	0	0	1	0	0	0	0	0	0	0	1	18	0	0	0	0	0	0	0	0	0	0	0	0	0	0
6334751721799730ed12a8a63d85f6d2	3	0	0	1	0	0	0	0	24	2	2	9	0	0	0	1	0	0	0	0	0	0	0	0	0	0	1	0	8	2
e7c835fd243aca1ac71b2228ac48aeca	3	1	1	0	0	0	2	0	0	2	0	6	0	0	6	2	0	0	0	0	0	0	0	0	0	0	1	0	0	0
9c3542ac22edbe526c4f20b6e9f7ca5f	3	2	0	0	0	10	11	12	10	0	0	0	0	0	5	11	0	11	0	0	0	0	0	1	47	0	0	3	0	2
2b0f0412b82382acb2517dcdd4f623c9	3	0	0	0	0	0	1	0	0	1	0	0	0	0	1	2	0	1	0	0	0	0	0	0	0	0	0	1	0	0
9ef539a9238850bb092c401107b0bef7	3	0	1	0	0	4	0	1	0	1	1	0	1	2	1	0	0	1	0	0	0	0	0	0	0	0	0	0	2	0
b96aef493adef69681d17a47e53d8800	3	0	0	0	0	1	0	0	2	0	0	4	1	0	0	0	0	24	0	0	0	0	0	1	47	59	2	4	1	1
317d9fb2080bd2581141a9736ac54138	3	0	0	0	0	0	0	5	1	0	1	1	0	1	5	6	0	0	2	0	0	0	0	0	0	0	1	0	1	0
ebc67b51fdcb583fb3c28d7308c7c4b8	3	0	0	0	0	3	0	1	4	2	0	2	0	0	0	5	0	6	0	0	0	0	0	0	4	0	5	9	2	2
7018fd415bd6c8261e4f9ec5752cd184	3	0	0	0	0	0	0	0	0	0	1	5	0	0	0	0	0	3	0	0	0	0	0	1	0	0	0	0	0	0
13cc153cda3b0290d1005dd479dc32e0	3	8	0	0	0	2	0	4	1	3	0	0	0	19	0	1	0	2	0	0	0	0	0	0	0	0	2	0	0	1
388c559eae93eea9f1fcfedefe18efa8	3	0	0	0	0	4	0	14	1	1	5	3	13	0	0	2	0	5	0	0	0	0	0	3	5	5	0	0	0	0
e622c3025d56df2d11fe2cc60009e453	3	0	0	0	0	10	0	1	7	6	0	42	0	0	0	10	0	19	0	0	0	0	0	2	0	0	1	12	2	3
d869afad3f6e8af6a66736a519f9ae16	3	2	0	0	0	0	0	0	7	0	0	1	0	0	0	11	0	3	0	0	0	0	0	0	0	0	1	0	0	0
61221915f6c93d5081749dabc0a31c02	3	6	0	0	0	0	0	5	0	5	0	0	0	2	0	0	0	0	0	0	0	0	0	1	0	0	1	0	0	0
fbd01cf73b3e1cf33b090ccd1c79b8d7	3	51	0	0	0	19	22	51	59	14	27	39	3	89	97	36	0	77	4	0	4	0	0	7	60	0	6	17	20	9
77fd25c1b295776e3e8147bd3f3c1f6e	3	0	0	0	0	7	0	10	37	2	20	0	0	0	3	0	0	13	1	0	0	0	0	2	40	1	1	9	0	0
645c81f4d928876883e4b3620a924ac9	3	3	0	0	0	1	0	1	4	0	1	0	0	1	0	0	0	1	0	0	0	0	0	0	9	5	0	0	0	0
b665c678d9e5f7f3e05c4aed8781409f	3	0	0	0	0	0	4	0	0	0	0	1	1	0	0	2	0	0	0	0	0	0	0	0	0	0	0	3	0	2
4efeead3303715d5c3f7ad819021d5e7	3	0	0	0	0	0	0	0	0	0	0	0	0	0	1	0	0	0	0	0	4	0	0	1	0	0	0	2	0	4
32b7e2d0b542e0fc866f27056fdc0497	3	0	0	0	0	3	0	9	6	1	7	10	0	3	0	14	0	21	1	0	0	0	0	3	47	0	0	3	0	0
8a27b941b1ca45c8ab203e31e3be1aba	3	8	0	0	0	0	0	4	0	0	0	0	0	18	1	7	0	7	0	0	0	0	0	0	0	0	1	0	0	0
33de099a10415f0d7e895a5b4a0f0296	3	0	0	0	0	2	0	0	18	0	0	2	0	0	0	1	0	6	0	0	0	0	0	0	28	0	0	2	0	1
e1e79699c4e590715d443b411669bddf	3	0	0	0	0	16	122	8	6	4	1	8	42	0	118	70	0	3	1	0	0	0	0	6	0	59	4	20	1	9
b8a3440cf7adef0d1605e55fb892c0be	3	0	0	0	0	1	0	3	2	0	0	0	0	0	1	0	0	0	0	0	0	0	0	0	0	0	0	0	0	0
478f79e87101f19376e19ae88bd4e938	3	1	0	0	0	1	0	9	0	0	0	11	0	12	0	2	0	2	0	0	0	0	0	0	0	0	2	3	0	1
1a07d90b72026c4237112622db6ae63c	3	0	0	0	0	5	0	0	0	0	0	0	0	0	0	0	0	0	0	0	0	0	0	0	39	3	0	0	0	0
caf45718293a9b93f906f29bd3bdfe3e	3	0	0	0	0	3	0	7	7	0	0	0	0	0	0	0	0	3	0	0	0	0	0	0	0	0	0	0	0	0
81494507c714fcfe88007ab37fcb524d	3	0	0	0	0	18	0	0	85	12	26	28	0	0	0	0	0	93	0	0	0	0	0	6	62	61	0	26	27	2
ba85b5f7ab87b2e57b98406dc05f57d9	3	0	0	0	0	0	0	0	0	1	0	1	0	0	3	0	0	1	0	0	1	0	0	0	0	0	0	3	0	0
699a63fbfad6ff65682aaa4801763f5c	3	0	0	0	0	0	0	5	0	0	1	0	0	0	0	1	0	0	0	0	0	0	0	0	0	0	0	1	0	0
3ea8a4cf335785c92e032ecddede8337	3	0	0	0	0	0	0	2	3	0	3	1	0	0	4	0	0	5	1	0	0	0	0	0	0	0	0	0	0	0
f3625fae685513ed680acfa86b01b9db	3	0	0	0	0	0	2	0	0	0	0	0	0	0	0	1	0	0	0	0	0	0	0	0	0	0	3	2	0	3
fb6a91e825a4dad619a8d7095ecbcf78	3	0	0	0	0	1	4	1	0	2	0	1	2	0	0	0	0	0	0	0	0	0	0	0	0	0	0	1	2	0
6c034808bff2b990ab15557b7eb77c14	3	0	1	1	0	3	1	0	2	2	1	0	1	0	1	1	0	8	0	0	0	0	0	0	0	0	0	1	0	0
c6410141189dd48bbfd6f631235cf1bb	3	0	0	0	0	0	1	3	0	0	0	0	0	3	0	0	0	0	0	0	0	0	0	0	0	0	0	0	0	1
3c65c08095c9f8686a34b6b96a4c8f27	3	0	0	0	0	0	0	0	0	0	0	0	0	0	0	0	0	0	20	0	13	0	0	8	0	0	67	7	0	43
271af7e2bc41e5928e9bfbff5afc671d	3	0	0	0	0	5	0	5	0	0	0	0	1	0	0	1	0	0	0	0	0	0	0	0	0	0	0	0	0	0
b5c678ad8c35bf017cfff21eace5a3f6	3	10	0	0	0	0	0	0	5	0	0	3	0	0	2	32	0	9	0	0	0	0	0	0	17	0	0	1	0	0
1a82295206f42f6da6400d841dc5bda3	3	0	2	1	0	8	6	45	9	7	0	33	225	0	55	73	0	8	0	0	0	0	0	5	3	0	5	21	24	2
ab2ab0b8ba700013b661a2562f9c5ec0	3	0	0	0	0	0	0	1	0	1	0	1	0	0	1	1	0	0	0	0	1	0	0	0	0	0	0	0	1	0
1c00a3475d1869a0ff21e11bf909c2a4	3	0	0	0	0	0	0	0	0	0	0	0	0	0	0	1	0	0	1	0	0	0	7	0	0	0	0	0	0	0
f58881672ffe563844aebfd4a0e1fbcc	3	0	0	0	0	0	0	4	0	0	0	0	0	0	3	0	0	0	0	0	0	0	0	0	0	0	0	4	3	0
c6af5f419886a3aec26ce0f828560df5	3	0	0	0	0	0	0	3	15	1	0	6	0	0	0	1	0	0	0	0	0	0	0	0	0	0	0	3	0	0
974c596afe42b1b8137f061cd3747631	3	1	0	0	0	5	2	0	2	3	0	3	0	1	0	1	0	24	9	0	8	0	0	2	0	0	0	22	1	2
0faa0f108fc65d65e81c1eb1b47cd427	3	0	0	0	0	24	9	0	31	6	4	19	0	0	17	9	0	51	2	0	14	0	0	0	0	0	0	19	3	8
333b148830aead804867566b0d0ea644	3	0	0	2	0	1	1	2	1	0	0	0	0	0	0	0	0	0	0	0	0	0	0	0	0	0	0	0	0	0
70d4317002a88edc93ab85628c4fa4cf	3	0	0	0	0	3	0	0	1	0	0	0	0	1	2	0	0	0	0	0	0	0	0	0	4	0	0	0	0	2
1b8dea27406c1713a653a1438bb012e9	3	120	0	0	0	23	0	49	7	3	26	1	5	58	0	6	0	11	0	0	4	0	0	0	0	7	0	1	2	1
054ed11150872b26ae48167f2688823c	3	2	0	0	0	0	0	5	0	0	3	0	0	0	0	1	0	5	0	0	0	0	0	0	0	0	0	0	0	0
d4a7ba554114d2448789b68b269abc4a	3	4	0	0	0	2	5	2	1	0	1	1	3	1	4	7	0	2	1	0	0	0	0	3	0	0	0	2	8	1
f22491a905f56ec55830af75bd24f2ee	3	35	0	1	0	0	0	2	0	0	1	0	0	0	0	0	0	7	0	0	0	0	0	0	0	0	0	0	0	0
06bd726eb6e961004a04768ad66910e3	3	0	0	0	0	30	0	2	52	0	1	0	0	0	0	0	0	94	0	0	1	0	0	0	0	0	0	8	0	1
fd6ac1b446481227fef66dc1213a7a3a	3	0	0	0	0	6	4	0	0	0	0	0	0	3	5	14	0	6	3	0	2	0	0	0	0	0	0	2	14	1
907314f91a95f7cbcb29fe6ae053a1eb	3	0	0	0	0	0	1	1	8	0	0	0	0	0	6	7	0	0	0	0	0	0	0	0	2	0	0	1	0	0
0fb39f23670478ad7f70aa5055c032f3	3	0	0	0	0	2	0	4	8	0	2	0	0	0	1	4	0	4	0	0	0	0	0	2	1	0	0	0	0	0
42a5685785f802e4166cf918fc0a7b97	3	1	0	0	0	0	0	8	10	4	1	2	6	0	0	6	0	3	0	0	0	0	0	0	0	10	0	0	0	4
e86ee37c1e1b850c60b8dc516fb65d72	3	0	22	44	23	2	2	0	0	1	0	3	0	0	2	2	11	0	0	9	1	7	0	0	0	0	3	1	5	13
63460e6bb0b5728a83fb81da3ef6b6eb	3	0	0	0	0	1	0	0	0	0	4	5	0	0	0	0	0	1	0	0	0	0	0	0	1	0	0	0	0	0
c674b9d8d62598e412bab889399961fb	3	0	0	0	0	2	0	1	8	0	0	0	0	0	0	0	0	0	0	0	0	0	0	0	1	1	1	0	0	0
d81f53c121fc5bfa998319e5e6380167	3	0	0	0	0	2	6	5	0	1	1	0	0	1	2	2	0	1	0	0	0	0	0	4	2	0	0	5	2	1
f199e692e5634540037f71c664260642	3	0	0	0	0	0	0	3	5	0	0	0	0	0	0	0	0	2	0	0	0	0	0	0	0	2	0	0	0	0
ff8648245d62fe63a21d23e84431d05a	3	1	0	0	0	1	1	2	0	3	0	0	0	4	0	6	0	6	0	0	2	0	0	2	0	0	0	1	1	0
b59ea3b07a0a885ae548a6b9ff289838	3	0	0	0	0	2	0	8	0	0	0	0	0	0	0	8	0	7	0	0	1	0	0	0	17	0	0	0	0	0
7e31963c1372dfdd9d66e78e5c4c0afb	3	0	0	0	0	0	0	9	3	0	0	0	0	0	0	0	0	7	0	0	0	0	0	0	0	0	0	0	0	0
7290b9f96f7b5f273f22f2cda12ee8ef	3	0	0	0	0	1	0	2	1	0	2	7	0	0	0	0	0	10	0	0	0	0	0	0	1	0	0	0	0	0
7b706fb34e9fb80e2b45a330a4086fd3	3	1	3	0	0	0	0	0	0	5	0	0	0	1	1	2	0	12	0	0	0	0	0	0	0	0	0	0	0	0
2c0180a71f210cd0f816e8589bc0eb1b	3	3	0	0	0	0	0	0	0	0	1	0	0	10	0	0	0	0	0	0	0	0	0	0	0	0	0	0	0	0
e7be976d3cbf50cb0e7a1162a2008cd9	3	1	0	0	0	0	3	2	1	1	0	0	1	1	1	7	0	6	0	0	0	0	0	3	0	0	0	0	1	5
f52b70e24658deff046b316d660ea2c3	3	1	0	0	0	2	0	26	6	2	6	2	0	0	0	0	0	2	2	0	6	0	0	0	4	0	1	0	2	2
89c7fccc2c60f682ac19a53230ab9771	3	8	0	0	0	1	0	2	0	0	2	0	0	5	0	1	0	2	0	0	0	0	0	0	0	1	1	0	0	1
2e509d249aaf0b46a255e6d4c887ae78	3	8	0	0	0	1	0	0	1	0	3	0	0	0	0	0	0	10	0	0	0	0	0	0	0	0	0	0	0	1
844d25d56ffdf5a43c9ef2aebef295b1	3	16	0	0	0	1	0	11	5	6	9	4	6	12	1	2	0	0	3	0	3	0	0	0	0	0	2	4	1	1
b4f68ce4159b88610a5410ae3bc60c13	3	0	0	0	0	6	0	5	31	0	0	0	0	0	0	1	0	3	0	0	0	0	0	0	1	3	0	2	0	0
2dbb3ed53f64e431096a9d10b58a4710	3	1	0	1	0	6	1	3	5	0	0	2	0	0	1	3	0	4	0	0	0	0	0	1	0	0	0	2	4	4
adb97aaebc193733798173ff4152df4c	3	0	0	0	0	0	3	4	0	1	2	0	0	2	1	0	0	4	0	0	0	0	0	1	0	0	2	6	1	3
b027378dc78362ce751cf2f3056fbe57	3	0	0	0	0	0	8	7	2	1	0	5	49	0	7	8	0	7	0	0	0	0	0	2	0	0	2	9	12	0
2436501c39ae54cf78f3977337b1e101	3	10	0	0	0	7	0	14	24	0	6	0	0	50	0	0	0	4	0	0	1	0	0	2	0	77	5	0	0	0
a6e6e968239afc5dd2ac113da66a8c76	3	5	0	1	4	0	4	4	0	0	4	0	3	1	4	12	2	6	1	0	0	3	1	1	0	22	0	9	5	5
60d8e55589f63bd0a7b4deab9cf072e0	3	0	0	0	0	0	1	1	0	2	0	3	15	0	0	14	0	3	0	0	0	0	0	0	0	0	0	4	2	0
806137a4401c657b9f14865e919c1583	3	0	0	0	0	0	0	2	0	0	1	0	0	0	1	0	0	1	0	0	0	0	0	0	1	1	0	0	0	0
3377f228feaa7ac70a9b404e27691a0a	3	1	0	0	0	0	0	10	1	1	9	0	0	11	0	0	0	10	1	0	0	0	0	0	10	3	0	0	0	0
c58bb796601033fadfac67299e0cf9af	3	2	4	0	0	4	3	8	7	3	0	6	0	0	2	4	0	2	0	0	0	0	0	2	6	0	1	7	4	1
e8809333ff3faef094de6a935b56b855	2	6	0	0	0	0	0	41	0	0	4	4	0	0	0	0	2	0	1	0	0	0	0	1	5	86	0	9	0	0
de75817a563f32b608fe4fcc11e22c8e	2	1	0	0	0	11	0	15	1	2	8	3	0	14	0	0	0	2	0	0	0	0	0	1	16	2	0	13	0	0
a5559b7286b0c0f2a7254b333115a824	2	0	3	0	0	0	89	5	0	0	0	21	0	0	0	0	0	32	2	0	3	0	0	11	0	3	8	29	63	19
c71bc488f5a5149c3ca71266ad8384e4	2	0	0	0	0	0	0	7	0	0	1	1	0	0	2	10	0	1	0	0	0	0	0	0	0	0	0	0	0	0
e10d6e663a7f3e1cbc7495b92c1a81a7	2	0	0	0	0	0	0	0	0	1	0	0	0	0	0	0	0	0	0	0	0	0	0	0	0	11	0	1	0	0
24c153181cb55276f7c96b8bec617f1e	2	0	0	0	0	0	0	9	0	0	9	0	0	0	0	0	0	0	0	0	0	0	0	0	0	0	0	0	0	0
aaf7a026465f39633d88f810bfa1b717	2	0	0	0	0	3	0	4	0	2	0	3	0	15	18	7	0	0	1	0	2	0	0	1	0	0	0	7	0	5
4b11b80f327584141d6c6ac6b8e44ae4	2	0	0	0	0	0	0	2	12	0	0	0	0	0	0	0	0	2	0	0	0	0	0	0	0	0	0	0	0	0
2a52cd0b94dbeb83106bd20d671381ca	2	0	0	0	0	9	0	0	0	0	2	0	0	0	1	0	0	7	0	0	0	0	0	0	0	0	0	0	0	0
48e9bd73967aa128175833b00e00502f	2	0	0	0	0	1	0	0	26	0	0	0	0	0	0	0	0	0	0	0	0	0	0	0	0	0	0	0	0	0
dcbed6e45d4747a8b7025c491fcceb98	2	2	4	0	0	187	45	0	6	183	114	110	123	51	0	308	0	746	0	0	0	0	0	0	147	22	0	101	80	17
6c44e9fb6486b0d8ee73d537e8f48d1b	2	6	0	0	0	2	0	0	27	3	18	7	0	9	0	4	0	7	0	0	0	0	0	1	34	76	0	4	0	0
77e236a03ed720e045964f68cc3f605a	2	0	2	1	0	0	2	9	0	2	2	1	0	0	4	0	0	3	2	0	34	0	0	7	1	0	20	10	1	66
44c21c41bcc86dd852e79255678ab748	2	0	0	0	0	0	0	0	5	0	0	2	0	0	0	0	0	0	0	0	0	0	0	0	0	0	0	0	0	1
604949e4969b18d40e7a6221e40d47b9	2	0	0	0	0	8	0	22	32	0	1	1	0	0	22	32	2	11	0	0	0	0	0	2	0	0	2	4	1	0
d06a5a517d51ee975731e802852ad1a1	2	0	7	2	0	0	3	6	0	9	0	0	0	0	0	1	0	1	0	0	0	0	0	0	0	0	0	0	0	0
c8bc2fb15a3900462312eae79aec7f16	2	0	2	1	4	1	0	3	33	0	0	0	0	0	0	0	0	1	0	0	0	0	0	0	0	0	0	1	3	1
e0aa7c50cd17ea206df18679d89b1df6	2	0	0	0	0	2	0	2	2	0	0	0	0	0	0	0	0	7	1	0	0	0	0	0	0	0	0	0	0	1
f14c98524f899d77808f45247b2b1af6	2	0	0	0	0	0	0	6	0	0	2	0	0	9	0	1	0	0	0	0	0	0	0	0	8	0	1	3	0	0
b252b39f5c51e97248f1a20484731c6d	2	0	15	0	4	0	0	30	0	0	17	3	0	0	116	0	0	0	1	0	0	0	0	0	62	0	15	0	0	8
920b07e81c5584ae957531b7723f8f77	2	1	0	0	0	0	0	3	0	0	0	0	0	1	0	0	0	5	0	0	0	0	0	0	1	0	0	0	0	0
68db3485fe16d7da9a603a4872964fac	2	0	0	0	0	0	0	5	0	0	0	0	0	13	0	0	0	0	0	0	0	0	0	0	0	0	0	0	0	0
0ff9042a219e196181a400ad5681c6fd	2	0	0	0	0	2	7	0	1	2	157	6	25	0	3	0	0	0	0	0	0	0	0	0	0	108	0	11	1	3
b9b059aab08970afe71c429c631b29d0	2	0	0	0	0	4	0	1	19	0	0	0	0	0	1	1	0	2	0	0	0	0	0	0	0	0	0	0	0	0
742eda4633ab7c420c2500d7fa538413	2	0	0	0	0	3	0	0	0	0	0	0	0	15	0	0	0	0	0	0	0	0	0	0	0	0	1	0	0	0
ff117a6951ba862b94b1a7f6553eead7	2	34	0	0	0	0	3	14	4	3	26	0	0	21	1	5	0	10	1	0	1	0	0	2	13	0	0	1	0	0
41369b590917be8a1ce3ea9b6ab2a44a	2	95	0	0	0	10	9	1	30	0	17	8	8	36	0	2	0	5	2	0	0	0	0	3	0	22	4	0	9	0
765337bbb9713e7327e29a4002518fea	2	0	0	0	0	7	9	2	3	26	0	42	12	0	16	317	0	17	2	0	0	0	0	2	0	7	4	15	67	2
cc3e62e64fb32b8ab090b08976cfd809	2	0	0	0	0	9	1	7	2	1	8	1	0	15	1	0	0	4	1	0	12	0	0	4	106	9	2	10	1	0
f5d8657919e696ccb78c092f07cdb3cd	2	15	0	0	0	7	0	3	0	9	0	3	0	41	0	0	0	3	0	0	1	0	0	0	1	0	0	0	0	0
fd3df114a3d083bbe8ee82f7bdc7fccb	2	0	0	0	0	61	1	0	0	1	0	2	0	0	6	0	0	0	0	0	0	0	0	2	0	0	0	0	8	2
5a57a228159b0a63bbec4f7117b3810d	2	0	0	0	0	10	0	0	0	0	0	31	0	0	0	0	0	33	0	0	0	0	0	0	0	1	0	0	0	0
4428360e2cb4a894533456170d1b5d78	2	0	0	0	0	2	0	0	6	0	0	0	0	0	0	0	0	0	0	0	0	0	0	0	0	0	0	0	0	0
69107e221c9f25d64cb25b7a3f81501e	2	33	0	0	0	0	0	5	9	3	0	0	0	20	11	0	0	9	1	0	1	0	0	0	0	0	0	1	0	0
9ad7e108da8116e0093f258e2b6dcbfd	2	0	0	0	0	2	0	0	4	0	0	0	0	0	1	3	0	0	0	0	0	0	0	0	0	0	0	0	1	0
e59ec9dd9656b61f9d4c59bb1f29771a	2	0	0	0	0	6	0	0	9	0	0	0	0	1	0	0	0	3	0	0	0	0	0	0	0	0	2	0	0	0
a10ae6b4048f0a49257a011a8d267a6a	2	0	0	0	0	0	0	2	12	0	0	0	0	0	1	5	0	0	0	0	0	0	0	0	0	0	0	0	0	0
69bf59ccdf1a0d8219b1f3a1095935be	2	0	0	0	0	0	0	5	13	0	11	0	0	0	0	0	0	4	0	0	0	0	0	0	28	49	0	0	1	0
141c57296175196fba283b7fd690dade	2	1	0	2	11	1	51	4	14	2	0	3	0	11	71	15	5	0	0	0	0	0	0	0	9	0	0	0	5	0
44acbb33b7300c1383a8f90aa5a4795e	2	3	0	0	0	6	0	3	8	0	0	2	0	8	0	1	0	8	0	0	0	0	0	0	3	2	0	2	0	0
d1237fc2120cde8eedf02ba596943b93	2	0	0	0	0	0	0	0	0	0	2	1	0	0	0	0	0	1	0	0	0	0	0	0	13	7	1	1	1	0
f30050afd512feb33e26b94848305342	2	3	0	0	0	2	0	6	6	0	0	3	4	2	0	6	0	2	0	0	0	0	0	0	0	1	0	3	0	2
2704a43a82f8830313576de011930131	2	1	18	9	0	3	18	0	10	30	0	16	55	0	4	25	2	11	1	0	0	0	0	2	9	0	12	11	103	23
41be584c1f297f3fb6c52fe17c187df1	2	10	0	0	0	5	0	8	2	2	1	1	0	5	6	4	0	6	0	0	4	0	8	0	0	0	0	2	0	1
7fa4443a64400abd8a5acbeed327f5a3	2	1	0	0	0	0	1	3	0	0	0	9	0	0	2	0	0	0	2	0	0	0	0	0	0	0	0	0	0	0
31578dcfce7a283417ab8c2f9f34f846	2	0	0	0	0	1	4	0	1	0	0	0	0	0	3	17	0	5	0	0	0	0	0	1	0	0	0	0	0	0
0f920ff79ce46f624383e3a6ab411882	2	0	1	0	0	1	0	0	0	0	0	1	2	0	0	0	0	7	0	0	1	0	0	0	0	0	1	0	0	4
485702ab6d8abf5c749231b118681c97	2	0	0	5	1	0	8	0	0	0	0	0	0	0	6	13	0	3	0	0	0	0	0	0	0	0	0	2	0	4
187a95aece499e3f2d5f6fb0857cc864	2	0	0	0	0	2	8	39	1	2	0	3	2	64	31	6	0	3	2	0	8	0	0	1	0	0	0	7	2	5
e95cd9404573ca3bb7a72a4d443ef37f	2	1	0	0	0	2	0	7	0	7	0	5	6	0	0	20	0	14	0	0	0	0	0	2	0	0	0	0	0	1
765bfd1e55a8cdb1a3ee511a06ba1458	2	17	0	0	0	7	1	43	17	18	6	0	1	44	14	19	0	34	0	0	1	0	0	3	30	10	1	6	2	3
4bbbd540041ad1fa499dae767b471c60	2	0	0	0	0	2	0	5	3	0	0	1	0	0	0	1	0	1	0	0	0	0	0	0	0	0	0	0	0	0
e4f1f2d5f704aa62da8eb5ebc37d9430	2	3	0	0	0	0	0	4	0	1	2	0	0	4	1	1	0	7	0	0	0	0	0	0	0	0	0	0	0	0
c1a600d1eb912c1789d704e39acaad67	2	1	2	5	1	0	7	0	4	1	0	0	8	0	3	10	0	5	0	0	0	0	0	0	0	0	0	1	0	1
26847dbf867a2c80846016ebbf98994a	2	0	0	0	0	0	3	1	0	0	0	2	0	0	3	0	1	0	0	0	0	0	0	0	0	0	1	4	2	0
f05dde8d3178387166db9ea949c3e555	2	0	0	0	0	0	20	1	0	0	0	0	0	12	10	0	17	0	0	0	0	0	4	0	0	0	0	0	0	0
3ac80f3c853602d2b31022fce5a4ca73	2	59	0	0	0	0	0	26	0	1	7	0	1	8	30	0	0	6	0	0	0	0	0	0	0	9	2	0	0	3
5fc5cddc222033abbaadb119372e6084	2	16	0	0	0	1	0	10	19	0	1	2	0	2	1	3	0	8	0	0	0	0	0	0	1	0	1	2	0	1
039e3824b42258a1275b4341f4a3b56f	2	0	0	0	0	0	1	34	0	0	0	0	0	1	3	0	0	0	0	0	0	0	0	0	0	0	0	0	0	0
e2cdea86a54d6ea880241c806883dfa0	2	2	1	0	0	5	1	5	5	3	0	7	1	2	3	15	0	15	0	0	0	0	0	1	18	1	0	7	1	0
639ee9916c7b4b496f246c69c041c61d	2	1	0	0	0	3	0	2	14	6	1	3	1	0	0	17	0	13	0	0	0	0	0	4	6	0	3	14	14	5
f18a813b8991dde2aa5e8f0e1fbe229c	2	1	0	0	0	0	10	2	1	0	0	0	0	0	11	1	0	2	0	0	0	0	0	0	0	0	0	1	0	1
013ce877a003c9d0dff3a73eacf18f1f	2	1	0	0	0	0	0	11	0	0	1	0	0	0	0	0	0	12	0	0	0	0	0	0	0	6	0	0	0	0
7f892b84e98f53142af7146232c56f1a	2	14	0	0	0	8	0	24	34	0	0	2	0	0	6	0	0	8	0	0	0	0	0	0	0	0	0	0	0	0
5dc4fc0c4ae7ded5a12dde20ec4bb89d	2	0	0	0	0	0	0	0	0	0	0	0	0	0	0	7	0	4	0	0	0	0	0	0	0	0	0	1	1	0
8410bb27924fc810a7a4ea30f29acd7c	2	0	0	4	0	0	4	5	0	0	0	0	4	0	10	17	3	0	0	0	0	0	0	0	1	0	0	6	4	0
f28a2bce8918837d7b0b6024db5434f6	2	0	0	0	0	4	0	0	0	0	0	0	0	0	7	0	0	4	0	0	0	0	0	0	0	0	0	0	0	0
6211b070559c5d80bac9dc240998ddc8	2	3	0	0	0	0	0	10	1	0	4	0	8	3	7	9	0	3	0	0	1	0	0	0	1	0	0	3	0	0
03fc46170a6245c1cd981544c7fd1287	2	1	0	0	0	0	0	2	2	1	4	3	0	0	3	4	0	0	0	0	0	0	0	0	2	0	0	1	4	1
215fd11a40da370220cd645d52822bf1	2	0	0	0	0	16	11	15	0	3	0	17	0	0	95	5	0	16	0	0	0	0	0	4	0	0	14	16	0	15
a5779d5dcf0cb94200a69259faf6858a	2	1	0	0	0	0	0	0	0	0	0	0	0	0	0	2	0	0	0	0	2	0	0	0	1	0	0	1	0	1
1632b518adb4590780f62a96bcb21006	2	3	0	0	0	1	0	0	7	9	8	6	3	13	0	0	0	12	0	0	1	0	0	2	26	22	0	0	0	0
afec126332399a782b27ba335713bde0	2	0	0	0	0	0	0	10	0	0	0	0	0	1	0	0	0	0	0	0	0	0	0	0	5	0	0	0	0	0
4683921474024cf084f320da59661037	2	0	0	0	0	0	2	0	0	0	0	0	0	1	4	1	0	0	1	0	0	0	0	0	0	0	3	0	0	0
59ae860b9522cf45fa098b7eca7ad4cb	2	0	0	0	0	0	0	1	0	0	3	0	1	0	0	0	0	0	0	0	0	0	0	0	2	1	0	0	0	0
755925e7e389d64d92dcb8e692ac9953	2	0	0	0	0	0	0	13	0	1	0	0	0	0	0	1	0	3	0	0	0	0	0	0	0	0	0	0	0	0
5c5c8b23c71ec5e8db2102cd09a3ebf5	2	0	0	0	0	0	2	0	1	0	7	1	0	5	7	4	0	1	0	0	0	0	0	0	2	0	0	0	0	1
5228f29b21339071feb16741d86e29ef	2	0	0	0	0	1	0	0	11	0	0	0	0	0	0	0	0	3	0	0	0	0	0	0	0	0	0	0	0	0
c65f9c9892919eae3f3e13d0f6c6648d	2	0	0	0	0	1	1	1	0	0	0	5	3	0	0	0	0	0	0	0	0	0	0	0	0	0	0	0	0	0
0c931b444caa443820c4fab48e3b9a0a	2	0	0	0	0	0	0	1	2	2	0	0	0	0	0	0	0	0	2	0	3	0	0	3	0	0	0	0	0	1
9c6063096aec171abd359cf55ad63034	2	0	0	0	0	7	0	0	0	6	2	23	0	0	0	3	0	14	0	0	0	0	0	1	11	0	3	6	3	0
d5dfa286cf361655eadb1a27cb5a086c	2	1	0	6	0	0	0	4	0	0	0	0	1	0	1	3	0	7	0	0	7	0	0	0	0	0	0	0	0	12
a100261a9b87743b8d59cc8ea0682fd9	2	0	0	0	0	1	0	4	7	0	0	1	0	0	10	0	0	0	0	0	0	0	0	0	0	0	0	0	0	0
2615f57f27194a78a11c25e31ff92ffa	2	1	0	0	0	0	0	4	0	0	0	0	0	0	0	0	0	2	0	0	0	0	0	0	1	0	0	0	0	0
2a8dd61ae1075da5f3d2222f860cb66e	2	0	0	4	0	0	0	0	0	28	0	54	18	0	0	20	0	0	0	0	0	0	0	0	0	0	1	13	18	11
ad4c84e8e37ef8caaaa6deb0e3823acb	2	25	0	0	0	3	0	18	7	9	2	21	26	22	31	62	0	20	1	0	0	0	0	4	5	1	6	14	21	11
ba24041b57a90344ce3a0ec44450354f	2	0	0	0	0	2	0	0	4	1	2	0	0	0	2	13	0	4	0	0	0	0	0	2	0	0	0	5	3	2
16fa271c82fc59aabcbf9e92c7a74cdc	2	0	0	0	0	5	4	3	1	5	3	3	1	3	3	4	0	14	4	0	10	0	0	7	5	22	0	29	13	14
2c50357944cf31a7dc8c8ab24e0cc518	2	0	0	0	0	6	4	5	10	1	20	1	5	0	6	5	0	8	0	0	3	0	0	2	8	1	1	2	1	0
ae58a29f069f34bb03b736bfcb9603df	2	0	0	0	0	2	0	0	24	0	0	0	0	0	0	0	0	2	0	0	0	0	0	0	0	0	0	0	0	0
86c86b80a0223189e6c90a14eb75caf3	2	0	0	3	0	2	1	0	30	33	1	26	28	0	0	0	1	0	0	0	1	0	0	2	9	0	2	1	17	0
35a9d7a1eba7794d1505f8b2130b27ed	2	0	0	2	2	0	0	3	0	0	0	0	2	301	5	0	3	0	0	2	0	0	0	0	1	0	0	0	0	0
94a884bca50afe793f57487ba7d56c52	2	0	0	0	0	0	0	0	9	0	1	0	0	0	2	1	0	0	0	0	0	0	0	0	0	0	0	0	0	0
bd94ccb516f1e18a917815090d2212ec	2	0	0	0	0	0	0	2	0	0	0	0	0	0	0	2	0	0	0	0	0	0	0	0	0	0	0	4	0	0
28cdab62da69f162224000a604f00a53	2	0	0	0	0	0	1	3	0	0	7	0	0	0	0	3	0	1	0	0	0	0	0	0	10	0	0	0	3	0
33eaff09cd63d1aaff4373da5fac355f	2	21	0	0	0	0	0	0	0	0	0	0	0	0	0	0	0	0	0	0	0	0	0	0	0	0	0	0	0	0
d2fb2e4c7b413a528a965892df173a83	2	9	0	0	0	0	0	2	0	0	1	0	0	10	0	0	1	0	0	0	1	0	0	0	6	0	3	0	7	3
701ff5eecac8cced5a543db9c4a31cb4	2	0	0	0	0	2	1	3	1	7	0	0	0	13	3	2	0	0	0	0	3	0	0	2	0	0	0	0	3	2
1878b6bcccabd80af9d8a5bac792d04f	2	0	0	0	0	4	1	5	2	0	3	0	0	0	6	6	0	36	0	0	0	0	0	0	0	0	0	0	0	0
f56a5efb3d0801d6c5fbca0d207e77db	2	0	0	0	0	7	0	12	0	0	16	0	0	0	0	6	0	14	0	0	0	0	0	2	41	0	0	8	0	0
28d075a964cf83c6da4228297df6a123	2	1	0	0	0	4	0	0	0	0	0	0	0	1	1	0	0	1	4	0	5	0	0	2	0	0	3	6	0	1
0f0d69018efd532d537701b6717f141f	2	1	0	0	0	0	7	7	2	2	0	2	0	0	7	5	0	3	1	0	0	0	0	1	1	0	0	8	0	4
6bc3b28ec5dbf3e58c050c98057ec45a	2	1	0	0	0	0	0	0	2	0	1	0	0	0	3	0	0	1	0	0	0	0	0	0	1	0	0	0	0	0
b76bf04c37a4bf402209e42a429e2403	2	0	0	0	0	0	0	1	0	0	0	0	0	0	0	0	0	4	0	0	0	0	0	0	2	2	0	0	0	0
300f39ae7d9bb0c46660eacba9566c04	2	71	20	15	3	16	110	14	8	6	0	12	0	33	55	6	28	9	1	0	3	0	0	7	40	15	3	16	16	10
b3d622d948712154070091046e774fa8	2	13	0	0	0	0	0	9	0	3	0	0	0	1	0	1	0	0	0	0	0	0	0	0	0	0	0	0	0	0
ec3f244c61f34c4fd273c21e70a2e899	2	0	0	0	0	0	0	0	0	0	0	0	0	0	0	14	0	11	0	0	0	0	0	0	0	0	0	0	0	0
222ca266f0cf8ce6f0bb26e5aa5cfe36	2	1	0	0	0	0	0	2	0	3	4	2	1	11	0	0	0	0	0	0	0	0	0	0	0	6	0	0	0	0
d8afad07e524348b197a3778f9a10641	2	0	0	0	0	3	0	0	12	0	0	0	0	0	3	0	0	0	0	0	0	0	0	0	0	0	0	0	0	0
17c568af1102587ad677971ba5c8f2ab	2	0	0	0	0	0	0	3	2	4	0	2	0	3	0	0	0	5	0	0	0	0	0	0	0	0	0	5	0	0
9d11235ad00884f6caa64281fdee5a00	2	0	0	0	0	16	0	0	77	0	0	0	0	0	0	0	0	8	0	0	0	0	0	0	0	0	0	0	0	0
f60fc4e5dae08ad20cdf404659d85b83	2	0	0	0	0	0	0	2	0	0	2	0	0	1	1	2	0	3	0	0	0	0	0	0	5	0	0	0	0	0
668727bd54760f9ca92600bf49c2d3d2	2	0	0	0	0	1	0	28	4	2	0	0	0	0	3	0	0	2	0	0	0	0	0	0	3	0	0	0	0	0
e182bde86c894b05d3db6cc4976484ef	2	0	0	0	0	4	0	1	1	0	0	0	0	1	0	0	0	1	1	0	0	0	0	0	0	0	0	0	0	0
2e484c1ac8493e7b6c40450af0e7948e	2	0	0	0	0	0	0	0	2	1	0	0	0	0	0	0	0	23	0	0	0	0	0	0	0	0	0	0	0	0
b8c4c63aa56df4cc222dd7b12294395f	2	0	0	0	0	1	0	7	11	0	0	0	0	0	14	0	0	2	0	0	0	0	0	0	0	0	0	0	0	0
f1de47d75109f5f4d2665e2df2aa50b8	2	0	21	26	8	0	33	0	0	5	1	7	0	0	25	20	28	0	0	0	0	0	0	0	0	0	9	2	5	23
785229f0a84025bd3d54b581ecb39554	2	9	0	0	0	0	1	12	0	0	4	0	0	11	2	0	0	4	0	0	0	0	0	0	1	0	0	1	1	0
bf4cc79cecc2d9758f163e193af27161	2	0	0	0	0	0	0	0	18	0	0	0	0	0	0	0	0	3	0	0	0	0	0	0	0	0	0	0	0	0
59cdddd6a8789b78fbf0fec5126fd0d9	2	0	0	0	0	18	0	2	12	3	0	2	0	6	0	0	0	19	0	0	0	0	0	0	28	0	0	1	0	0
ab06d1e2c5839e066d86485832514c88	2	0	4	7	3	0	0	5	0	1	0	0	0	0	0	4	0	0	0	1	0	1	1	1	0	0	0	0	2	1
18315c046d09636ef4ea7bea67405535	2	0	0	0	0	25	0	1	63	0	0	4	0	0	51	0	0	16	0	0	0	0	0	0	3	0	2	4	1	2
c01845a1a575b7fbb120e9642dd5d9db	2	0	0	0	0	0	0	0	9	3	0	4	0	0	0	3	0	0	0	0	0	0	0	0	0	0	0	4	1	0
3dbaf845d5a149127488310280c82b0c	2	0	0	0	0	0	11	2	1	0	0	0	0	0	11	17	0	0	0	0	0	0	0	0	0	0	0	0	0	0
4882984870b07894a15d274fcd413bc2	2	8	0	0	0	0	0	4	0	1	0	1	0	0	0	0	0	4	0	0	0	0	0	0	0	1	0	0	0	0
f2c1fd4d30a74c9f3e7956d2ab91c1d6	2	3	0	0	0	0	0	0	0	0	2	2	0	0	0	0	0	4	0	0	0	0	0	0	0	0	0	0	0	1
b61568e87bb78b8657f9fbb8669d7dbf	2	0	2	0	0	1	4	0	0	1	0	0	0	1	2	0	1	1	0	0	0	0	0	0	0	0	1	1	1	1
8a8b0dab43325e4322e8c32c1260301e	2	0	0	0	0	0	0	0	7	0	0	1	0	0	0	0	0	1	0	0	0	0	0	0	6	0	0	1	0	0
ab1c0def670602b7f99e40e8871f9d70	2	0	1	0	1	11	0	0	9	6	9	0	0	0	0	0	0	0	0	0	1	0	0	0	13	0	0	0	0	0
0149363c1fd084bd2c408759ffadbaa8	2	0	0	0	0	0	0	0	0	0	0	2	4	19	4	0	0	0	0	0	0	0	0	3	0	0	1	8	0	3
8d99fd762df0d889492c7e19fe944983	2	9	0	0	0	1	0	28	8	0	3	0	0	0	3	0	0	0	0	0	0	0	0	0	0	0	0	0	0	0
ea6fe8629d639e6aba4e921813188452	2	0	0	0	4	0	0	0	0	0	0	0	3	0	0	0	0	0	0	1	0	0	4	0	0	0	0	0	0	0
64cdbb9547cd23c3f02c523f481ccacb	2	0	0	0	0	0	0	0	1	0	0	0	0	0	0	6	0	3	0	0	0	0	0	0	0	0	0	0	0	0
cb55dcc8a62b91b57812e62412882ee1	2	0	0	0	0	0	1	10	0	0	1	0	0	0	8	12	0	0	0	0	0	0	0	0	0	0	0	2	0	0
f470fb0d92b709201b930a243ac64c75	2	0	0	0	0	1	3	2	0	0	0	0	0	0	18	0	0	0	0	0	0	0	0	0	0	0	0	0	0	0
9928182b99c23aead0008d25390a58a7	2	0	3	0	8	1	5	0	0	0	1	0	0	15	15	8	6	0	0	0	0	0	0	0	0	0	0	2	0	2
3c453407fbc85dcc4f9d9b6f503b1fa6	2	7	0	0	0	0	3	0	0	0	0	0	0	10	0	3	0	3	0	0	0	0	0	0	1	0	0	0	0	1
075294be662fd59b1dbafc960edfbccb	2	0	0	0	0	1	2	0	0	0	0	0	0	0	11	14	0	0	0	0	0	0	0	0	0	0	0	0	0	0
76bf85b7271c3f5f71fa92a6200e56dc	2	0	0	0	0	2	0	0	1	0	0	0	0	0	1	13	0	0	0	0	0	0	0	0	0	0	0	0	0	0
f43b15e64b9b0fbc4cc9ad295b28fc9b	2	0	1	0	0	1	2	3	1	0	0	0	0	22	4	0	0	0	0	0	0	0	0	0	0	0	0	0	0	2
f192f939a0e2054f7bda73a3ae72899a	2	3	0	0	0	5	0	16	12	2	1	1	5	0	26	11	0	22	0	0	0	0	0	0	1	0	1	6	0	2
56acf009d438d1ec8d68214fa864368a	2	0	0	0	0	0	0	3	0	2	0	0	0	0	0	0	0	0	12	0	16	0	0	0	0	0	0	10	0	0
10607987ea7fdc0911e04342c37e9685	2	0	0	0	0	0	0	0	5	1	0	0	0	0	1	1	0	6	0	0	0	0	0	0	2	30	1	3	3	3
e6153b80c941a5ae1a555d4018961a65	2	0	0	0	0	0	0	5	0	0	1	0	0	0	3	3	0	2	0	0	0	0	0	0	0	0	0	0	1	1
6812b1c9fcd2f27832f3270fd24ad793	2	0	0	0	0	0	0	3	0	0	0	10	0	0	0	0	0	2	11	0	137	0	0	3	0	0	0	8	0	0
2a1688c8dbc9ea232e47244d95d9a20a	2	3	24	17	2	4	76	7	0	23	0	15	8	3	48	42	20	5	2	0	2	0	0	0	0	0	9	10	51	8
65fe718d209723e6730fa7d8d08601a7	2	0	1	0	4	2	0	0	3	0	0	0	2	0	10	1	0	0	1	2	0	0	0	1	0	0	0	2	0	2
5bd87e45355b2de6eb92d115c1e94a86	2	0	0	0	0	0	0	1	0	1	0	6	0	0	0	0	0	0	0	0	1	0	0	0	0	0	0	2	1	0
dd7ede05dda6ae6378c7b07423f12436	2	0	0	0	0	1	0	7	0	0	6	0	0	1	0	6	0	8	6	0	10	0	0	0	17	0	1	0	0	0
e3513a8774cfae51587d1bb5e0539ede	2	0	0	0	0	0	0	6	0	0	1	0	0	0	0	3	0	0	0	0	0	0	0	0	1	0	0	1	0	1
0cecf09aa04d02d4ebeaf9859d011ecb	2	5	0	0	0	3	1	7	13	4	18	1	1	26	3	5	0	9	0	0	0	0	0	0	25	0	1	1	1	2
90222a7266dc135a00b094732956c833	2	0	0	0	1	0	0	1	0	1	0	0	0	3	0	3	0	5	1	0	0	0	0	0	1	0	0	0	1	0
7d93fb57e927e5a2acddf8cd7f443be1	2	0	0	0	0	0	0	12	0	0	0	0	0	1	0	1	0	1	0	0	0	0	0	0	0	0	0	0	0	0
ea68d0e94fa2a44411e1dbb063c434fc	2	0	0	0	0	0	0	0	0	0	0	0	5	0	1	8	0	0	0	0	0	0	0	10	0	0	2	3	11	11
248a293431576af43425e39e77710534	2	0	0	0	0	5	0	0	5	0	1	0	0	0	0	0	0	0	0	0	1	0	0	0	0	1	0	0	0	0
c393b966285b1d027638a8c7098098d9	2	0	0	0	0	1	0	7	36	0	0	1	0	0	0	0	0	4	0	0	0	0	0	0	3	0	0	0	0	0
f4254a0e0c5536a34dcfdeddfea4f3c2	2	0	2	0	0	3	0	6	2	8	12	0	0	2	10	3	0	5	0	0	0	0	0	5	29	8	2	10	2	2
e1ecd32b8a74180f53f7da169564730b	2	0	0	0	0	0	0	0	0	0	0	0	0	0	2	23	0	0	2	0	0	0	0	0	0	0	1	1	1	3
7b1c089bf5b1a891d8e44ae289264f5d	2	0	0	0	1	0	1	0	2	0	0	0	0	0	1	2	0	1	0	0	0	0	0	0	0	0	3	3	0	0
76978a7298bf37d0762a6b42a4944b31	2	0	0	0	0	1	0	5	10	0	0	0	0	0	0	0	0	4	0	0	0	0	0	0	0	0	0	0	0	0
2e268f33520386a219171368664d3ce8	2	6	0	0	0	0	0	5	0	2	0	0	0	1	4	2	0	0	0	0	0	0	0	0	0	0	0	4	2	0
db1d7fdf72b55eb9f4caa183159a28b6	2	0	0	0	0	10	3	54	18	17	18	18	15	0	16	71	0	115	0	0	0	0	0	5	57	0	4	5	61	19
d0ec133ca1a175611191b384fbbf04b3	2	0	4	1	0	0	1	0	0	0	0	3	0	0	0	0	0	0	0	0	0	0	0	0	0	0	0	0	0	0
6c081d35cf492de9be40b54df27834db	2	1	0	0	1	0	0	0	0	2	1	2	0	1	0	2	0	0	0	0	0	0	0	0	2	0	0	0	1	3
6782adbf9c24ffb4be1a37df8626759a	2	0	2	1	1	0	2	0	0	0	0	0	0	0	1	0	0	0	0	0	0	0	0	0	0	0	0	0	2	3
556e540d9773495420b433fd13ec4cfe	2	0	0	0	0	1	0	4	10	0	3	0	0	0	2	2	0	0	0	0	0	0	0	0	3	0	0	1	0	0
81dd7583b6ffe00d70366798750533da	2	1	0	0	0	2	0	10	2	0	1	0	0	0	13	7	0	8	0	0	0	0	0	2	0	0	0	2	0	0
b555be5f4da8925610e298a97853065f	2	0	0	0	0	38	0	28	123	5	8	18	0	5	15	26	0	118	0	0	1	0	0	1	79	180	4	37	3	3
8ca38cf4711d26bcc16431b92ff78223	2	0	3	0	1	4	3	1	1	1	0	13	4	1	7	7	1	0	0	0	0	0	0	0	0	0	1	2	0	7
2074b2755414b3f5ea7a62cad980b955	2	0	0	0	0	0	0	3	0	1	0	1	0	0	0	0	0	5	0	0	0	0	0	0	0	0	0	0	0	0
089823b89e8cebfc3f50d38fff9a5480	2	2	0	0	0	1	0	1	2	0	5	6	0	7	0	1	0	17	0	0	0	0	0	0	0	0	1	0	0	0
7c868d245d297b0e21dd9ba2ffe2d6ad	2	0	0	0	0	4	0	9	20	0	4	6	1	0	6	3	0	45	0	0	2	0	0	0	21	0	5	4	5	1
98d7f2503e5f17976ed0d1ca14afda0b	2	0	0	0	0	0	0	1	0	10	0	12	0	1	0	29	0	19	1	0	0	0	0	2	0	0	2	3	1	0
7bf15d7abb813302b291cbaddf9ee4f5	2	0	0	0	0	0	0	5	0	0	0	0	0	1	0	1	0	1	0	0	0	0	0	0	0	0	0	0	0	1
b6af3331cc873f39fd720e71395ca9f8	2	0	0	0	0	0	1	0	0	0	0	0	0	0	1	3	0	1	0	2	0	0	4	0	0	0	0	1	0	0
2f73ab7e4912aa5b365919a172150042	2	0	0	0	0	3	0	2	44	0	0	0	0	0	3	0	0	3	0	0	0	0	0	0	3	0	0	0	0	2
ab52c7ebdc86f6dd7667dfee471667a1	2	0	2	0	0	0	6	1	0	1	0	9	1	0	0	22	0	0	2	0	1	0	0	0	0	0	1	1	0	4
ac4b9c3d7bbcafc0df197cff430dc488	2	0	0	0	0	0	1	5	0	0	0	3	0	0	3	2	0	15	0	0	0	0	0	0	0	3	0	2	1	1
f990a898577d1650b808b0048cc5e65c	2	12	0	0	0	0	0	0	0	0	0	0	0	0	0	0	0	0	0	0	0	0	0	0	0	1	0	0	0	0
a1a67a7c62cadee74dc57cc66580c186	2	3	0	0	0	3	0	7	1	3	1	2	1	1	6	1	0	16	1	0	2	0	0	3	3	0	1	3	5	3
f1f33203ae8f6aab3499b47263345965	2	0	0	0	0	4	0	0	0	0	2	0	0	0	0	0	0	2	0	0	0	0	0	0	1	0	0	0	0	0
7dfde3fd20001f9b596679fe9734cb15	2	0	0	0	0	0	0	0	0	0	0	0	0	0	0	0	0	17	0	0	0	0	0	0	0	0	0	0	0	0
718f8183854452ce27ee9ada37f36661	2	0	0	0	0	0	0	0	0	1	0	0	0	0	0	0	0	2	3	0	4	0	0	5	0	0	0	4	16	0
ab91b788c83659d37201d7987cab711d	2	3	0	0	0	0	0	9	0	0	0	0	0	3	0	14	0	5	0	0	0	0	0	0	0	0	0	1	0	0
38d2fa560cbb7879aee92505690cb394	2	2	0	0	0	0	2	4	0	2	0	4	11	0	4	7	0	0	0	0	0	0	0	0	0	0	0	1	1	0
8edd8677ed3030d0ff704bcdafd11068	2	0	0	0	0	9	0	12	3	3	0	0	0	5	9	4	0	11	0	0	1	0	0	2	0	1	1	3	0	0
f868f222664f63d401a9fcbd10b3d956	2	7	0	0	0	1	1	7	0	15	2	12	0	0	4	0	0	5	0	0	3	0	0	4	0	0	12	15	29	12
758c453a1f9ad0427d63bcbea413edb9	2	1	0	0	0	0	3	22	0	0	7	0	0	0	12	42	0	0	6	0	0	0	0	17	3	0	0	0	0	0
a12ffb75a68deec2356f385ae29a449d	2	0	0	0	0	0	5	1	2	1	2	5	4	0	3	2	0	0	0	0	0	0	0	1	0	0	0	5	1	4
161eae9f386557b466e8dab02922b360	2	0	0	0	0	0	0	11	0	0	0	0	0	0	0	11	0	0	0	0	0	0	0	0	0	0	1	1	0	1
609e4f3448a60daaf127cc11db4ddc53	2	0	0	0	0	0	2	10	0	6	1	9	20	3	0	17	0	2	4	0	0	0	0	16	0	8	1	11	21	8
ff01cfe8dbcf511edd2c1197ce782a02	2	0	0	0	0	2	1	0	4	0	0	0	0	0	2	1	0	1	0	0	0	0	0	0	0	0	0	0	0	0
938a8d1682cf290cea286ae401e38f82	2	0	0	0	0	0	0	8	0	0	0	0	0	12	0	0	0	0	0	0	0	0	0	1	9	0	0	0	0	2
86678b2bb335f8805cb27eed2cbe4d98	2	0	0	0	0	0	0	34	0	0	4	0	0	2	0	0	0	11	4	0	10	0	0	0	3	0	6	0	33	3
47c1d64ef875d2bbb20f4ca880507fc5	2	0	0	0	0	3	4	2	1	0	0	2	5	13	0	0	0	0	0	0	0	0	0	0	0	0	1	7	0	1
10a6073d08a019844e7b6b0f62657e85	2	0	0	0	0	0	0	0	0	2	0	0	0	0	0	0	0	0	10	0	6	0	0	0	0	0	16	8	0	3
9b28a77f22f4bc1910d0ed61bbdf4856	2	1	0	0	0	0	0	2	0	0	0	0	0	0	4	0	0	0	0	0	0	0	0	0	1	0	1	0	0	0
d10e2542d4ba2324620d809268a71dbb	2	57	0	0	0	0	0	6	0	1	0	0	0	5	0	1	0	2	0	0	0	0	0	0	0	0	0	0	0	0
bdba6b51fada4fdb1056fe2d8f3b169f	2	0	0	0	0	2	0	10	11	0	0	1	0	0	5	2	0	8	0	0	0	0	0	0	6	0	0	0	1	0
d74cf2eee17adbc28a33a31acdf8b4b4	2	15	0	0	0	0	0	1	1	0	2	2	0	1	0	1	0	5	0	0	0	0	0	0	1	0	0	0	1	0
476ad673c5672e6f783b85cbedefb128	2	0	0	0	0	0	0	0	0	0	0	1	0	0	0	0	0	0	0	0	6	0	0	0	0	1	0	0	0	0
f278a66594022874b11f07600833ebe0	2	18	0	0	0	2	1	1	12	2	2	40	1	0	7	5	0	13	0	0	0	0	0	2	4	0	0	15	4	0
7c0aa174ed222717064940419659d5a4	2	0	0	0	0	16	3	0	0	0	0	5	0	0	0	0	0	0	0	0	0	0	0	0	0	0	0	0	0	0
33f3458df01193b1825e79e462f8847a	2	0	0	0	0	0	0	7	0	1	1	0	0	0	0	0	0	8	0	0	0	0	0	0	0	0	2	0	0	0
a85177ef172fdd8233083d5d5f0fe29f	2	0	0	0	0	1	0	2	0	0	0	0	0	0	0	5	0	0	0	0	0	0	0	1	0	0	0	0	0	0
a166ea1e909fa0b6c235ba0df16581b2	2	4	0	0	0	4	0	7	1	0	0	1	0	5	0	3	0	7	1	0	0	0	0	0	1	0	0	4	0	0
9fc11a95db424efc938b5158c9612628	2	0	0	0	0	0	0	2	0	1	0	1	0	0	0	8	0	3	0	0	1	0	0	0	0	0	0	0	0	0
1e8b88efefd399df6d34a0b11ca7b307	2	0	0	0	0	1	0	2	5	0	0	0	0	0	2	0	0	3	0	0	0	0	0	0	1	0	0	0	0	0
ab2c55f1a795a2dbf6f267f1086a3e4d	2	0	0	0	0	2	0	6	6	0	0	0	0	0	0	1	0	1	0	0	0	0	0	0	0	0	0	0	0	0
a4db080c7272bad7494dc9052915cfc4	2	0	0	0	0	0	0	1	1	0	0	7	0	0	0	0	0	0	0	0	0	0	0	0	0	0	0	0	0	0
399dacb605d7b6686c4a38058479e57f	2	5	0	0	0	1	8	8	15	4	11	6	0	1	10	0	0	16	0	0	5	0	0	1	29	67	1	8	3	0
7fd1fc6ed15072f4cc18ec3f41a717a5	2	1	0	0	0	3	0	0	1	0	3	0	0	0	0	0	0	1	0	0	0	0	0	0	0	0	0	0	0	0
496230c39b79b35d4e4a28d9b5dc6d2c	2	0	0	0	0	0	0	0	0	1	0	0	0	1	0	4	0	0	0	0	0	0	0	0	1	0	0	1	0	0
6306070e0726b83bf2718048388149bb	2	1	0	0	0	1	0	0	0	1	0	0	0	0	0	1	0	5	0	0	2	0	0	1	0	0	0	1	0	0
68fde164fc750134d2cb67a57a467aea	2	1	0	0	0	0	0	0	0	0	0	1	5	0	0	0	0	0	0	0	0	0	0	0	0	0	4	0	1	0
57140e2721ecaebc19856a2fcddc20ba	2	1	0	0	0	2	0	2	0	0	0	0	0	0	0	27	0	0	0	0	2	0	0	0	0	0	0	2	0	0
69810397bc1d1af76584ed2417d6a52a	2	0	1	1	0	1	6	1	0	1	1	5	0	3	1	0	1	5	2	0	3	0	0	3	1	0	2	8	3	13
a3e1f0b62f0b692c9e06abdc3d8d3104	2	0	0	0	0	0	1	2	0	0	0	0	0	0	7	0	0	2	0	0	0	0	0	0	1	0	0	1	0	0
85c44a338180cd13c6554e4189a6d6ff	2	3	11	5	5	0	0	0	0	0	0	1	0	25	0	0	6	5	0	0	0	0	0	1	0	0	0	0	0	0
8a19e486e1849efa874f3b2d577c04f7	2	4	0	0	0	0	0	0	0	0	0	0	0	2	7	0	0	0	0	0	0	0	0	2	0	0	0	0	0	0
1c574b69b55f7e271f6e3f9b33ebe63c	2	0	0	0	0	0	14	18	22	0	10	8	6	0	29	15	0	14	0	0	0	0	0	0	1	0	2	3	0	3
5d13f535039512713eecfc5625c8c4d6	2	1	0	0	0	0	0	0	2	0	0	0	19	0	0	2	0	5	0	0	0	0	0	0	0	0	0	0	0	0
ca5f45976d885ec52384e7b41c903d48	2	0	0	0	0	0	0	7	0	12	0	0	0	0	0	0	0	5	0	0	0	0	0	1	0	0	0	2	2	0
4b03a69727d16de92c473192d7ab0b06	2	0	0	0	0	1	0	3	1	0	0	0	0	0	1	1	0	0	0	0	0	0	0	0	0	0	0	1	0	0
b82c6484cc71e4498b35d15e8e53c902	2	0	0	0	0	20	0	0	0	0	1	0	0	0	0	0	0	0	0	0	0	0	0	0	0	0	0	0	0	0
e0831dbbcea634677705161817c28466	2	0	0	0	0	6	4	3	0	4	0	0	0	25	9	6	0	0	0	0	0	0	0	0	0	0	0	10	1	0
2126f72e7845bce5862601dc7a6ba124	2	14	0	0	0	117	0	6	1	3	0	0	0	23	0	3	0	12	0	0	0	0	0	0	9	0	0	0	2	0
4e6346ec012d89416efb8431f67d95be	2	0	0	0	0	0	0	0	0	0	0	1	0	0	0	0	0	3	104	0	35	0	0	7	0	0	9	14	3	5
77429660d97de44cfc352c334d0d4ac1	2	0	0	0	0	0	9	11	0	0	0	8	5	0	106	6	0	2	1	0	1	0	0	0	0	0	0	3	0	1
7ae1c8819dca60b024fb7508fc9e350b	2	1	0	0	0	0	0	1	1	0	0	0	0	3	2	0	0	0	0	0	0	0	0	0	0	0	0	2	0	0
6046ab568a8acb35f4674c29e5300cde	2	0	0	0	0	0	0	0	0	0	0	0	15	0	0	0	0	0	0	0	0	0	0	0	0	0	0	0	0	0
3980673a0d0f499cf86682ab53aee4bf	2	0	0	0	0	8	0	6	44	1	21	11	9	4	12	0	0	15	0	0	0	0	0	0	46	24	1	12	25	1
1c160e1b7d3084f7a6b421be392b9255	2	0	0	0	0	5	0	1	0	0	0	0	0	0	0	3	0	3	0	0	0	0	0	0	0	0	0	0	0	0
338fc3067a5654b3acaabb70d55b03f3	2	0	0	0	0	0	0	1	0	1	0	0	8	0	0	0	0	0	0	0	0	0	0	0	0	0	0	0	0	0
920f60f2e2edbadef96294957d2ff210	2	0	0	0	0	3	0	0	6	1	17	0	0	0	0	0	0	2	0	0	0	0	0	0	0	0	0	0	0	0
a720e5dde29caf96214680a01aa78e07	2	1	0	0	0	3	0	18	5	2	0	3	0	18	1	1	0	2	0	0	0	0	0	1	0	0	1	1	0	1
5fd78a266a0edea64d7329661a12e0ff	2	0	0	0	0	0	0	0	0	0	0	0	0	1	0	2	0	0	0	0	1	0	0	2	0	0	0	2	1	0
cb48fe698ccbec95b010a983ef25c9ce	2	0	0	0	0	0	3	0	0	0	0	3	0	1	2	6	0	0	0	0	0	0	0	0	0	0	0	3	0	0
1668095aa6364e4f0c4f6a970f384ba8	2	0	0	0	0	0	4	7	0	0	4	0	0	0	0	3	0	5	1	0	0	0	0	0	0	0	2	4	0	5
5d7090eeec7653b217190d1cd5034e86	2	0	0	0	0	0	0	0	4	1	0	0	0	0	0	9	0	6	2	0	0	0	0	1	0	0	0	0	1	6
983e27d567994a2bdeea5e2ae2775e3a	2	0	0	0	0	1	0	0	5	1	0	0	0	0	0	0	0	5	0	0	1	0	0	0	0	0	0	1	3	0
747663c9ef1b8be8ede9ddd84f3b9205	2	1	0	0	0	0	0	2	2	0	0	3	0	1	8	0	0	3	0	0	0	0	0	0	0	0	1	0	3	1
7bb5b34b0ff318584e4abd0b3376fe3c	2	12	0	0	0	3	2	39	4	3	7	0	2	0	51	19	0	13	0	0	0	0	0	0	14	0	0	0	1	5
443438445e8cfcd57265228c293766c5	2	2	0	0	0	0	0	4	0	0	0	0	0	0	1	0	0	0	0	0	0	0	0	0	0	0	0	1	1	0
18e608f33f550813621972cbca63a7d8	2	0	0	0	0	2	0	0	3	0	0	0	0	0	0	0	0	2	0	0	0	0	0	0	0	0	1	0	0	0
4500ecdf77ae6ab0d302e11f3925c737	2	0	1	1	0	2	4	0	1	0	13	1	0	0	0	3	0	11	0	0	0	0	0	0	15	15	0	0	2	4
444d90cd3e7ba370c1b9fb2f730ec064	2	0	0	0	0	1	0	1	9	1	5	18	0	0	0	1	0	5	0	0	0	0	0	4	3	1	2	5	5	1
072d07c6c41acb524a327ccf6a4b3373	2	0	0	0	0	3	2	0	0	0	1	0	0	0	0	1	0	1	0	0	0	0	0	0	2	0	0	0	0	0
7f09b63823fbb9670fccd0c9f582f492	2	0	0	0	0	3	0	2	9	0	2	1	1	0	0	3	0	3	0	0	0	0	0	0	11	0	0	2	0	1
ff952f79d5c58b40d24b3e582a8c676d	2	0	0	0	1	7	0	0	3	2	3	0	0	0	0	8	0	12	0	0	1	0	0	0	8	0	2	1	11	1
02b6a953d8789c3a02ff38d5eb2af07c	2	0	0	0	0	0	0	2	0	2	0	2	0	0	0	2	0	0	0	0	0	0	0	1	0	0	1	6	1	1
ff3e00a8b41a679d6430a799f70ecaae	2	0	2	0	0	0	2	0	0	10	0	0	6	0	0	30	1	0	0	0	0	0	0	0	0	0	0	0	0	0
930cf9b43404b3d2f49cbc44c324844e	2	0	0	0	0	0	2	5	0	0	2	1	0	0	1	5	0	1	0	0	0	0	0	0	6	0	0	0	0	1
f179c5aba0ff403c040481b54140dd96	2	0	0	0	0	0	0	0	0	1	2	2	0	0	0	3	0	0	0	0	0	0	0	0	1	2	3	0	3	3
cfcdc541f0fb96caa5a60062d8317378	2	0	0	0	0	0	0	9	0	0	0	4	0	0	0	0	0	14	13	0	19	0	0	1	0	0	3	22	0	0
791b44f463fcf4280f7e706e8430db96	2	0	0	0	0	5	3	45	7	6	1	4	0	0	17	16	0	0	0	0	0	0	0	0	2	3	0	8	5	3
2af78068389b0f5f8b720963d40c6fb7	2	9	0	0	0	0	0	1	1	0	0	0	0	0	0	0	0	2	1	0	0	0	0	0	0	0	0	0	1	1
cdd7a87139255ba166ac393502053814	2	0	0	0	0	0	0	1	0	0	2	0	0	0	0	1	0	1	0	0	0	0	0	0	0	7	0	0	0	1
4a82f9a96e91d6e702245261f5a6af50	2	0	0	0	0	0	4	15	1	0	3	0	0	0	0	6	0	3	0	0	0	0	0	0	6	0	0	1	0	0
32aad63ef8bc76faa145129257b8d09f	2	0	0	0	0	0	1	0	1	0	0	0	0	0	0	0	0	4	0	0	0	0	0	0	7	1	0	0	0	0
cab27efe81e3446b500aa6083a4764cc	2	0	0	0	0	0	13	0	0	0	0	2	0	0	33	4	0	0	0	0	2	0	0	0	0	0	7	0	15	6
d17f9495dfc36c76bae9daa7793673ed	2	0	0	0	0	3	0	0	4	2	0	1	0	0	0	0	0	4	1	0	0	0	0	2	0	0	2	0	1	0
f792a7b6e6192024467b15124b2e142a	2	0	0	0	0	1	0	0	0	2	0	13	1	1	0	0	0	0	0	0	0	0	0	0	0	0	1	1	5	1
c2d71a5606ed1b275c9dc52e3934f4d6	2	6	0	0	0	0	0	0	0	0	4	0	0	2	21	0	0	0	0	0	0	0	0	0	0	0	0	0	0	0
be3088cfbdc3069ff74290a54057e93c	2	0	0	0	0	0	0	0	0	0	0	0	0	0	1	0	0	0	2	0	0	0	0	1	0	0	1	3	1	0
c0f8cdc0cb3393cd79e994a09e63c2ea	2	23	0	0	0	0	3	1	5	0	0	0	0	1	34	1	0	2	0	0	0	0	0	0	0	0	0	1	0	1
26e1df516e3a6b973b0e7235195db369	2	1	0	0	0	1	1	1	0	0	0	1	0	0	2	0	0	1	0	0	0	0	0	0	0	0	0	0	0	0
cccc407552fed4a07f1a126b6d63ddec	2	1	0	0	0	20	9	22	44	24	3	7	14	2	24	63	0	28	0	0	0	0	0	6	4	0	0	16	4	5
690eb22d5094899b8d38127838018667	2	0	0	0	0	0	0	1	8	0	0	0	0	0	0	0	0	3	0	0	0	0	0	0	0	0	1	0	0	0
c7cda4992ade276a331bf097cc0cb5f0	2	7	0	0	0	0	0	2	0	0	0	0	0	0	0	0	0	5	0	0	0	0	0	0	0	0	0	0	0	0
0b9f804ed02359c5bc9b95b76aa62a32	2	0	9	2	3	0	4	4	0	0	1	0	1	9	6	2	1	0	0	0	0	0	0	4	0	0	5	6	6	27
d6cad02bad2d7a83ec62b9e514878b63	2	0	0	0	0	0	1	0	0	2	0	0	0	0	0	0	0	1	0	0	0	0	0	1	0	0	0	5	0	4
719c76cf7f6d31ffe8b3eb372a700492	2	0	0	0	0	0	4	0	0	4	0	0	0	0	0	0	0	0	0	0	0	0	0	0	0	0	0	0	0	0
d714da8e21b0b167030e555d41dd36a9	2	0	0	0	0	1	0	0	0	0	0	0	0	0	0	0	0	2	0	0	0	0	0	0	5	0	0	0	0	0
6e00bfa2b7058757fe6e054a83355eaa	2	6	0	0	0	0	0	18	0	2	8	1	0	0	6	1	0	3	0	0	0	0	0	1	6	0	1	3	0	1
7096547558042a102389cc36de922236	2	0	0	0	0	0	1	0	0	0	3	0	2	2	0	0	0	0	0	0	0	0	0	0	0	0	0	0	0	0
71947ac3cb15807ce966a4b6767573db	2	0	0	0	0	2	1	6	2	3	1	0	0	0	1	5	0	6	0	0	7	0	0	1	0	0	3	2	10	0
19df760ad266173fc2c4c5693cc73bc4	2	1	0	0	0	0	3	6	0	0	1	1	0	0	0	0	0	2	0	0	0	0	0	0	0	0	0	0	0	1
92cc0846b7c38650dbb32e7766bf3460	2	0	0	0	0	13	0	0	75	1	1	0	0	0	0	0	0	4	0	0	0	0	0	0	75	0	0	0	0	0
846b5f4271aae028d7c00418be34d3b8	2	0	0	0	0	8	0	3	3	6	3	19	8	0	1	11	0	4	0	0	0	0	0	5	1	8	0	13	61	5
256a64b9e1a19ab78437e837566d0817	2	0	0	0	0	3	0	1	0	0	0	5	0	0	0	2	0	1	230	0	153	0	0	222	0	0	48	140	0	36
1c32652f957e658585342ee0044d81c2	2	0	0	0	0	6	4	1	4	0	0	2	0	0	0	2	0	0	0	0	0	0	0	0	0	0	0	0	0	0
35bffd6e21c5b41042096228967cb547	2	33	0	0	0	14	0	12	2	20	13	0	0	17	0	3	0	13	0	0	0	0	0	1	6	2	0	2	1	1
14f90995a840b960c97d6bba788bbe5b	2	0	0	0	0	0	10	4	4	0	0	0	0	0	56	3	0	1	0	0	0	0	0	0	0	0	0	1	0	0
b847432f9b69ac116f4763dbca833050	2	0	0	0	0	0	0	1	0	0	0	0	0	0	0	1	0	0	2	0	0	0	0	0	0	0	13	3	0	9
b80a020e21b25c2ba15353c92f0d183e	2	0	0	0	0	0	9	1	4	1	3	0	11	0	11	13	0	1	0	0	0	0	0	0	0	52	0	0	0	0
18fd138a7002ecea30cb865316184334	2	0	0	0	0	1	0	1	1	2	1	3	0	0	0	1	0	10	0	0	0	0	0	0	0	0	1	0	0	0
575e357655d88b72a99b3617a33035ef	2	0	0	0	0	5	0	2	1	0	0	1	0	0	0	1	0	1	0	0	0	0	0	0	0	0	0	2	7	5
8ba7e6629b7ca7229c9a743579c3e801	2	0	0	0	0	0	0	2	1	0	1	0	0	0	1	2	0	4	0	0	0	0	0	4	0	0	0	3	5	0
7a9d9ea18c89b0954680cef4c0621c4c	2	0	2	0	0	3	1	6	10	5	1	2	3	0	5	5	0	5	1	0	3	0	0	2	1	0	0	13	2	11
0ee0738b7e37f8604476ae14798bdd52	2	0	0	0	0	0	1	0	0	0	0	0	0	0	12	2	0	2	0	0	0	0	0	0	0	0	0	0	1	0
0910db5f07441c73f88cc097d9b44d0f	2	0	0	0	0	1	0	2	7	0	0	0	1	1	0	3	0	10	1	0	0	0	0	0	0	0	0	0	1	0
e78aaf84cae2e9d84cb492e8aa0bc8ed	2	0	0	0	0	0	0	4	0	4	0	4	0	0	0	0	0	0	1	0	6	0	0	1	0	0	0	4	11	22
e5e49eb9c0aa31cc8687188c045dee47	2	0	0	0	0	0	0	4	0	1	1	0	0	0	0	2	0	2	0	0	0	0	0	0	0	0	0	3	0	0
450b807214d6e5ce7efa2ce559031eca	2	0	0	0	0	0	0	0	0	0	18	0	0	0	0	0	0	0	0	0	0	0	0	0	0	0	0	0	0	0
e907b97e710d494a3f11298957e2ac24	2	0	0	0	0	1	0	4	0	0	0	2	0	0	0	0	0	6	0	0	0	0	0	2	4	0	0	1	0	0
4fd040fc522217754604728ee20114fe	2	0	0	0	0	0	0	6	0	0	3	0	0	0	0	0	0	0	0	0	0	0	0	0	0	0	0	0	0	0
1c38f6650e825784697c4e789fd1dbf1	2	0	0	0	0	2	0	0	26	0	0	0	0	0	0	0	0	3	0	0	0	0	0	0	2	0	1	0	0	0
db42835f7049e85f13deb3100b4f9816	2	2	0	5	0	0	10	14	28	9	3	12	0	3	12	23	0	35	1	0	10	0	0	2	17	0	7	17	23	12
4c468d604aaca2f5764861699289741d	2	0	0	0	0	3	0	2	12	0	0	0	0	0	0	0	0	0	0	0	0	0	0	0	0	0	0	0	0	0
618cbaa64bf0fbc459085e2d10f4d1b2	2	0	0	0	0	3	0	2	2	1	0	1	0	0	0	0	0	0	0	0	0	0	0	0	0	0	0	0	0	1
12463296063ee6f4d00ae63de59d07c3	2	0	0	0	0	0	1	0	0	0	0	0	0	0	0	0	0	0	0	0	0	0	0	1	0	0	0	6	2	0
6cd837c0a61402ca525cdcc74322038d	2	0	0	0	0	1	0	16	2	1	0	2	0	3	1	3	0	2	0	0	1	0	0	0	0	0	0	0	0	0
1fbdeef3949e9e96425615cff91929cc	2	0	0	0	0	2	0	0	0	1	1	0	0	0	0	0	0	4	0	0	0	0	0	0	0	0	0	0	0	0
ecf1bfaf175f82a780a8bfd89322f232	2	0	3	0	0	0	1	2	0	2	0	0	0	6	0	3	0	1	0	0	0	0	0	0	2	1	0	1	0	0
eb3867baf989794910b2821c4fdc14fe	2	0	26	30	30	2	31	10	10	10	9	6	21	0	31	25	42	11	0	30	0	19	0	0	5	0	3	4	32	14
ed6eecba9f275240f02802160cc8e403	2	0	9	0	0	0	0	0	0	4	1	1	7	0	0	0	0	5	0	0	0	0	0	0	4	3	0	6	4	0
d27485cf7b16b5c9f97678422ddad4f9	2	0	0	0	0	4	2	0	0	3	0	6	0	0	2	0	0	0	0	0	2	0	0	4	0	0	3	11	0	2
a6eab36eacf0947c1e8e001edc750c1d	2	0	0	0	0	0	5	0	1	2	0	18	0	0	8	1	0	3	8	0	18	0	0	6	1	0	6	13	4	20
4d1808f8504fd50832425bc3faea7a93	2	0	1	0	0	0	0	2	0	0	1	0	0	1	3	1	0	13	0	0	0	0	0	0	0	0	0	0	0	0
e64bbff75192f57af033e96f15ce8c7f	2	0	0	0	0	2	0	4	0	0	0	0	2	1	0	0	0	0	8	0	9	0	0	2	0	0	30	4	1	30
3473003d10ae844679344b7a6339c6de	2	3	1	0	1	0	6	1	0	0	0	0	0	0	2	4	2	2	0	1	1	0	0	1	0	0	31	0	6	12
bec6b95c7913f5aa21406e556781ad48	2	0	0	0	0	0	0	0	1	0	0	0	0	0	0	8	0	0	0	0	0	0	0	0	1	0	0	1	0	0
a4a8b6782115d1005822116fc4dde03a	2	0	0	0	0	0	0	0	3	0	0	1	0	0	0	6	0	2	0	0	0	0	0	0	4	0	0	1	0	2
1e23b968cc3739ba8b74ad9ac0c773f7	2	0	0	0	0	1	0	0	9	0	0	0	0	0	2	0	0	0	0	0	0	0	0	0	0	0	0	0	0	0
c3aa18f97d343abc2969cd42b6aa9062	2	1	0	0	0	0	0	0	3	0	1	0	0	0	0	0	0	0	0	0	0	0	0	1	3	0	0	1	0	0
ccf619c7fa03d58af64505daff6cf0c2	2	0	0	0	0	1	0	3	5	0	1	2	0	0	0	0	0	11	0	0	0	0	0	0	1	1	0	2	0	0
549a00fa514d3ff257620356875c283a	2	0	0	0	0	4	0	2	7	0	0	0	0	0	0	0	0	0	0	0	0	0	0	0	0	0	0	1	0	0
569045920ecb2ff661cd97499af2cae7	2	6	0	0	0	2	0	6	0	1	1	1	0	8	0	5	0	2	0	0	0	0	0	0	0	0	0	0	5	0
e70f7ea78d834cdae6818998328cee7f	2	1	0	0	0	1	0	1	0	0	0	0	0	7	0	3	0	0	0	0	0	0	0	0	0	0	0	0	0	0
d16fadb6b5a9f1d765f1ccee2e1d3633	2	0	0	0	0	0	0	1	0	0	2	0	0	0	0	0	0	2	0	0	0	0	0	0	6	0	0	0	0	0
ba9bec78cbac4e6cadf319c40235ea35	2	0	0	0	0	0	0	0	6	0	0	0	0	0	0	0	0	2	0	0	2	0	0	1	1	0	0	0	0	0
b6a04142c42c532a7e913dd20528bbae	2	2	0	0	0	4	0	9	0	0	0	0	0	0	0	0	0	0	0	0	0	0	0	0	0	0	0	0	0	0
e1d1e106b304548a2395d8dbb83ae387	2	0	0	0	0	3	0	2	6	0	0	4	0	0	9	5	0	4	0	0	0	0	0	0	0	0	0	6	3	0
499b5faaf905f69c27d59344e6f4bfb7	1	3	0	0	0	1	0	7	0	0	1	0	0	0	0	19	0	2	0	0	0	0	0	0	0	1	0	0	0	0
9824fac02d028b5178ff0f94cad4f702	1	0	0	0	0	0	0	0	0	0	0	0	0	0	0	66	0	0	0	0	0	0	0	0	0	4	0	0	0	1
15e0b675832742c6640279285118c6d6	1	0	0	0	0	1	0	4	0	0	0	0	0	0	1	2	0	1	0	0	0	0	0	0	0	0	0	1	0	0
622a1fe60b9b2acfd09a08aa0a714454	1	0	0	0	0	0	0	0	0	1	2	1	0	0	4	8	0	4	0	0	0	0	0	0	1	0	0	2	1	4
167077b9462bc727ab271a8b113013f1	1	0	21	27	9	5	25	8	5	47	6	25	49	0	12	117	24	13	0	0	1	0	0	1	1	0	14	13	92	31
46c2354c5537df5d049424526e96c9ef	1	0	0	0	0	0	3	0	0	0	0	0	0	5	8	0	0	0	0	0	0	0	0	0	0	0	0	0	0	0
4daa2eb54b2081dd8b30c4928320f721	1	0	0	0	0	7	0	0	0	0	1	0	0	0	0	24	0	5	0	0	0	0	0	0	0	0	0	0	0	1
8b6b11bfc1e076dc454e37b8233f9436	1	2	0	0	0	0	0	5	0	0	0	1	0	1	0	2	0	4	0	0	0	0	0	1	0	0	0	1	0	1
9d684d30e9bb24553bfe631aebb2a4cb	1	1	0	0	0	0	3	0	0	4	0	9	0	0	0	0	0	0	0	0	0	0	0	0	0	2	0	7	1	0
b7ebbbddc7ba97a2c49dc457472ca5b5	1	14	0	0	0	4	8	0	0	0	0	0	0	6	0	0	0	0	0	0	0	0	0	0	0	0	0	0	0	0
8acaefd3900a8eaa84debea5a1f1e50f	1	0	0	0	0	1	0	0	17	0	2	0	0	0	0	2	0	1	0	0	0	0	0	0	0	0	0	2	0	0
766bdd3f654f3d0fb8a7f7bdd3e8a085	1	0	0	0	0	28	0	4	14	4	0	3	11	2	0	19	0	25	5	0	5	0	0	7	21	0	7	14	26	13
45f75d08ca97a351dd3a049b1d7caaa7	1	0	0	0	0	0	1	0	0	0	2	0	0	0	1	4	0	0	0	0	0	0	0	0	1	1	1	2	2	1
1aec9bf3b0a360b1ed452c1ccfee6997	1	0	0	0	0	1	0	0	1	0	0	1	0	0	0	2	0	3	0	0	2	0	0	0	0	0	0	1	0	0
7e534b9771160b544be43cf39676f39d	1	0	0	0	0	0	0	1	0	0	0	0	0	1	0	0	0	0	0	0	0	0	0	0	0	0	1	4	0	3
6f09dd90f8b9a8334f7c437be91d61ad	1	0	0	0	0	2	0	5	10	4	6	11	0	1	1	3	0	4	2	0	8	0	0	9	0	0	5	19	6	9
2f25125cbb1b1ba562f192290ed8498e	1	0	0	0	0	14	0	0	60	0	1	0	0	0	1	1	0	2	0	0	0	0	0	0	26	7	0	0	0	0
45c910a5a046846150317d571fe4e438	1	0	0	0	0	0	0	9	4	0	1	0	0	0	3	1	0	0	0	0	0	0	0	0	0	0	0	0	0	0
213a97a921e299d36bd1891d540e9b50	1	0	0	0	0	5	0	0	2	0	0	0	0	0	5	1	0	0	0	0	0	0	0	0	1	0	0	0	0	0
256cdd3d73c8ec18c49a65d1ae421ac6	1	0	0	0	0	0	0	0	0	1	0	11	0	0	0	0	0	0	0	0	1	0	0	2	0	0	0	0	0	0
af52bbb8805d2a31f9313e136bfaba29	1	0	5	2	5	0	12	0	0	0	0	11	0	0	2	2	3	0	5	0	65	0	0	2	0	0	1	9	2	19
241e897e25543861d8a7842cabd85bb0	1	0	0	0	0	0	0	11	0	0	1	0	0	0	0	20	0	6	0	0	0	0	0	0	3	0	0	2	0	3
47094bf9f8b0fce41b0b74e9b4658d82	1	0	0	0	0	0	4	5	0	0	0	0	3	0	1	0	0	0	0	0	0	0	0	1	0	0	0	0	0	0
0f63bc5b7ac3d4c0177f39f8e9b315d9	1	0	0	0	0	25	0	8	25	5	0	4	0	0	49	88	0	0	0	0	0	0	0	0	0	0	0	11	15	0
74a30c2d34b8fe1a1c382dc4ce7a0982	1	1	0	0	0	0	3	0	0	1	0	1	0	0	2	0	0	1	0	0	0	0	0	0	0	0	1	0	0	0
f6f15051fdd809c07bae96f9633bd142	1	4	0	0	0	0	1	0	5	0	0	7	0	0	16	2	0	0	0	0	0	0	0	2	0	0	0	0	1	2
832129d42eda8a6092d3559ef1af515b	1	0	0	3	15	0	6	21	0	0	0	0	0	95	0	0	0	0	0	0	0	0	0	0	0	0	0	0	0	0
6affd186e2a999802fe638500e1e6f1a	1	0	0	0	0	0	0	0	2	1	0	3	0	0	0	2	0	2	0	0	0	0	0	0	4	0	0	2	0	0
d473229a610a51c758457497a25d1953	1	0	0	0	0	5	0	1	1	2	0	5	0	0	0	1	0	9	0	0	2	0	0	0	0	0	0	5	0	0
c21d855dcc331716e221e30746e769b3	1	0	0	0	0	0	0	0	0	0	2	4	0	0	0	0	0	7	1	0	0	0	0	0	0	0	0	0	0	0
5e0ba7069a2d2c493893ace7e9b8305b	1	1	0	0	0	0	0	1	6	0	0	2	0	1	0	0	0	0	0	0	0	0	0	1	0	0	0	0	0	0
35969664a635143247b1438136082546	1	0	0	0	0	0	0	0	0	0	0	0	0	0	0	0	0	1	0	0	0	0	0	0	6	1	0	1	0	0
f2ade91b2e711948c2268ca3da71a350	1	1	0	0	0	0	0	7	0	3	1	0	0	0	2	3	0	0	0	0	0	0	0	0	0	0	0	1	0	0
2c4d5c140cf37d60aa61bf6613c3eefb	1	0	0	0	0	0	0	0	0	0	0	0	0	0	0	0	0	0	0	8	0	0	7	7	0	0	3	9	1	4
b30847b2f1eeed5d53a8f00f0e105a8f	1	0	0	0	0	0	0	0	0	0	0	0	0	0	12	0	0	0	0	0	0	0	0	0	0	0	0	0	0	18
a1bd046b185000e5bc54534d171490e3	1	0	0	0	0	2	0	2	5	0	2	1	0	0	0	1	0	1	0	0	0	0	0	0	1	0	0	0	0	0
4eecdc32fa6b1d249b9b7b0bf34c215a	1	2	0	1	0	21	0	48	45	25	29	28	9	0	21	92	0	51	0	0	2	0	0	6	90	0	13	41	69	13
62db4936672aa5f4ca9f924368a328d1	1	0	0	0	0	1	0	0	8	1	5	3	1	0	0	1	0	16	2	0	4	0	0	0	1	5	0	3	0	2
45d862659ac09978cb06af3932ef5025	1	0	0	0	0	0	0	2	7	0	0	0	0	0	0	0	0	3	0	0	0	0	0	0	1	0	0	0	0	0
b47b2dfae6fe6d828bfa539a52a155bf	1	0	0	0	0	0	0	7	0	0	0	0	0	8	2	0	0	0	0	0	0	0	0	0	0	1	0	1	0	0
5f8ba4af4a53795ed6c5922be1dd4490	1	0	0	0	0	1	3	3	4	0	0	2	0	0	8	18	0	4	0	0	0	0	0	5	0	0	0	12	9	0
2058c6fb6d120d8830164d30abc390ca	1	0	0	0	0	2	0	19	0	0	1	0	0	0	0	1	0	30	0	0	0	0	0	0	15	0	3	8	0	2
25e3e0529c1669b8b506d725790deff5	1	0	0	0	0	1	0	2	0	0	0	0	1	0	6	1	0	0	0	0	0	0	0	0	0	0	0	0	2	0
fdc66714dd43a9a6227625b15ef40bca	1	0	0	0	0	0	0	7	1	1	4	0	0	1	6	10	0	6	0	0	0	0	0	1	4	13	0	6	2	3
8398f36896558d1dcf38df4d30e65b84	1	0	0	0	0	5	0	0	2	8	3	47	0	0	0	0	0	45	3	0	14	0	0	0	12	0	5	23	17	1
bb81727c48045a87c280c38e48c28307	1	0	0	0	0	8	0	0	1	0	1	0	0	0	0	2	0	1	0	0	0	0	0	1	1	0	0	1	2	0
78235c4702e2bdf46bd5291fcf2d0c78	1	0	0	0	0	0	0	0	0	0	0	0	0	4	0	0	0	0	0	0	0	0	0	4	0	0	0	1	0	0
bf83acb5fe51f5997c778e76136f6e99	1	4	0	0	0	0	1	4	0	0	1	0	0	4	10	2	0	0	0	0	0	0	0	0	2	2	0	2	0	0
45c53c77a3efc9925b8a770fc8c6fac8	1	0	0	0	0	11	7	10	50	1	0	6	3	0	13	23	0	8	0	0	3	0	0	12	42	40	29	9	34	53
8246c417042f5a48bd38808de17c02b3	1	0	0	0	0	0	9	6	0	0	0	10	1	1	10	2	0	0	2	0	0	0	0	1	0	11	4	8	23	9
939cf16628aa254054faf0a62ca99887	1	0	0	0	0	4	0	1	2	0	0	0	1	0	1	2	0	7	0	0	0	0	0	1	0	0	3	7	0	0
6c1a6302804e6f4fe032e35cbc6f160c	1	0	0	0	0	16	0	0	0	0	0	1	0	0	0	0	0	0	0	0	0	0	0	1	0	0	0	2	0	1
f6c356e4e4839ba10d789ba2c97d4011	1	0	0	0	0	2	1	0	0	2	0	7	10	0	2	1	0	1	1	0	0	0	0	0	0	0	0	0	1	0
6a828177db41f9b10803d14b54870398	1	0	0	0	0	4	0	2	1	19	2	1	0	0	1	3	0	3	0	0	0	0	0	2	0	0	2	0	0	3
559394c054c07b8abcfdbe47b9e72247	1	0	0	0	0	0	1	0	1	3	1	0	0	0	0	1	0	0	0	0	1	0	0	2	0	0	0	0	2	0
679a554a29cd5d8a8836ea56b9080737	1	0	0	0	0	0	0	0	0	1	3	0	0	0	0	0	0	6	0	0	0	0	0	0	9	0	0	0	0	0
f4760facc41b9eed8bcb0cd0ef71aa32	1	1	0	0	0	0	4	3	3	2	0	1	5	0	0	5	0	1	0	0	0	0	0	0	4	0	0	2	1	1
4bf1f680c3d0be0aa14c00d34941111c	1	0	0	0	0	4	0	2	10	0	0	0	0	0	0	5	0	5	0	0	0	0	0	0	0	0	0	0	0	0
e71ab6b6aeab3a4844e7d130716d8c40	1	0	0	0	0	0	2	0	2	0	0	0	0	0	3	6	0	0	0	0	0	0	0	0	0	0	0	0	0	0
712bbd2a6b39c12daf5046937989ef33	1	0	1	0	0	0	0	5	0	0	0	0	0	0	4	5	0	0	0	0	0	0	0	0	0	0	7	0	6	37
9a1f76b6bd56f093aad848a6ee79cbc1	1	0	0	0	0	16	0	0	52	0	0	0	0	0	0	0	0	5	0	0	0	0	0	0	0	0	0	0	0	0
a64b524ce2f05fd7fc78393283bbda6d	1	0	0	0	0	0	0	0	2	0	0	0	0	0	6	1	0	0	0	0	0	0	0	0	0	0	0	0	0	0
a7028a524985e3db7a39e8efaa258516	1	0	0	0	0	0	0	0	1	0	0	0	0	0	0	0	0	1	0	0	0	0	0	0	0	0	6	0	4	10
ff0452c9910ff254246a2af030de7e5d	1	0	0	0	0	2	4	4	2	2	8	7	4	2	0	15	0	3	0	0	0	0	0	0	6	0	0	4	0	0
eaf908c942d835c9b793ec3ade701e42	1	0	0	0	0	0	0	12	2	0	4	0	0	0	0	0	0	4	0	0	0	0	0	0	31	3	4	0	0	0
3d798c1222c63767df0a98ea54dca362	1	0	0	0	0	0	0	0	0	1	1	4	4	0	1	1	0	0	0	0	0	0	0	0	0	0	1	0	8	3
89402f99f27da57781bda7240a062d5a	1	0	0	0	0	3	0	7	14	2	9	2	1	0	0	4	0	12	0	0	0	0	0	3	49	0	0	6	1	0
769e9bf256db317d730b1827239ee292	1	0	0	0	0	0	0	3	0	1	1	0	1	0	0	1	0	0	1	0	0	0	0	1	0	0	3	0	2	0
9c07df49c1f7a19dc94fd44d6f511dbb	1	0	0	0	0	0	1	3	0	1	1	1	0	2	1	4	0	0	0	0	0	0	0	0	1	0	0	0	0	0
4728a5d46d75908fb6c42430976dee09	1	0	0	0	0	0	2	0	0	0	0	0	16	0	2	1	0	0	1	0	0	0	0	0	0	0	0	0	0	0
85777ecab36ebcad5b785dd25a5e2c57	1	0	0	0	0	0	0	0	4	5	0	0	0	0	0	5	0	0	0	0	0	0	0	1	0	0	0	2	6	3
40468fa87635a142e84f5d85fbcb43e9	1	0	0	0	0	0	0	4	1	0	0	0	0	0	0	0	0	15	0	0	0	0	0	0	0	0	0	0	0	0
b945b6c5f610251c9ba1026c3956b15c	1	0	0	0	0	0	0	0	9	0	0	17	0	0	0	0	0	6	0	0	5	0	0	14	0	84	1	30	0	10
de62c53e4473267a757506f07e496307	1	0	0	1	0	0	0	4	0	0	4	0	0	0	1	2	0	3	1	0	0	0	0	0	7	0	0	1	3	2
2b162015bef01e6b3b07dc1440d6af10	1	0	1	0	0	0	0	0	0	1	0	1	0	2	3	0	0	2	0	0	10	0	0	2	0	0	0	5	0	7
41623d559e2f8ffacf90193f72ebb1f3	1	3	0	0	0	10	0	2	4	0	0	0	0	13	0	0	0	0	0	0	0	0	0	0	0	0	0	0	0	0
a220931c0fe8b6f3f0a03a7805cbb415	1	0	0	0	0	3	0	0	0	0	0	2	1	0	1	2	0	10	1	0	0	0	0	2	0	0	4	4	0	22
0d03b8220e811e0104dabf72f3dc177b	1	0	0	0	0	3	10	1	10	0	0	0	0	0	79	3	0	2	0	0	0	0	0	0	0	0	0	0	0	1
8559a4f0d011ad975114b75395bb4828	1	0	0	0	0	1	0	0	4	3	0	10	0	0	0	59	0	3	0	0	0	0	0	0	0	0	0	11	8	8
73088da4535b314157ee078717192c2b	1	0	0	0	0	8	0	0	11	0	0	0	0	0	0	0	0	16	0	0	0	0	0	0	0	0	0	0	0	0
dc2323017c0d46c1f66d1ae2eb678883	1	0	0	0	0	1	0	0	7	0	0	0	0	0	0	0	0	4	0	0	0	0	0	1	5	0	0	0	2	0
13c192d50cff7e65ab17657c4769d790	1	0	0	0	1	0	8	3	1	7	16	17	3	0	6	4	0	36	3	0	1	0	0	4	0	0	4	39	0	6
ceb3bb06f6606edb992d40447d4c8129	1	0	0	0	0	3	0	0	25	0	0	0	0	0	0	0	0	0	0	0	0	0	0	0	0	0	0	0	0	0
65ea5e409d6b4a04ab69df95cffe9f57	1	0	5	0	0	2	4	4	0	5	3	7	0	0	0	8	0	6	0	0	0	0	0	2	0	0	0	0	1	1
4634da0ed6dfa188a812bdbbad4dfc14	1	0	0	0	0	4	1	9	23	6	0	16	0	0	29	7	0	49	0	0	0	0	0	4	0	0	2	12	5	2
93fdf57d8bfe5ab77c2c2d417406004f	1	1	0	0	0	1	0	3	2	1	0	0	0	5	0	0	0	2	0	0	0	0	0	0	7	1	0	0	0	0
9ec0a18095ece55edd9730e0320cdf85	1	2	0	0	0	1	1	1	0	1	0	1	0	0	2	4	0	0	0	0	0	0	0	1	0	0	0	1	1	0
1d7067d24dfab28270180f1952880cec	1	0	0	0	0	1	0	8	10	2	15	1	5	28	20	5	0	15	1	0	0	0	0	1	13	0	1	1	1	0
9b0a78098c27da16e6b6ee99e5197823	1	0	0	0	0	2	1	0	0	0	0	0	0	0	2	3	0	0	0	0	0	0	0	0	0	0	1	1	0	0
6494afb24afdc26f662b20f52cb1cc40	1	15	0	0	0	4	0	0	0	0	1	0	0	0	0	0	0	8	0	0	0	0	0	0	0	0	0	0	0	0
11cbda4de7c5a388722f63bc0495073b	1	1	0	0	0	0	0	0	0	1	0	0	0	0	11	0	0	0	0	0	0	0	0	0	0	0	0	0	0	0
93f65447a6975d10931aaeb77690973b	1	0	0	0	0	1	0	4	0	3	0	4	0	0	0	2	0	4	0	0	0	0	0	0	1	0	0	0	3	0
199348078d2ba4a96cdb2b94cbabdae1	1	0	0	0	0	0	0	20	0	0	0	0	0	9	1	0	0	1	0	0	0	0	0	0	0	0	0	0	0	0
0076b3e26d220b0c20502f40500c7c29	1	0	1	4	4	1	0	9	0	0	0	0	3	0	28	11	7	0	0	0	0	0	0	0	0	0	0	6	2	0
b598e7a488e205c5ed28fe3c15cdeb5b	1	0	0	0	0	0	1	14	0	0	0	0	0	1	6	8	0	0	0	0	0	0	0	0	0	0	0	0	0	0
65f79ab2de9aa427dbcf08805eb03aee	1	0	0	0	0	0	0	0	0	0	0	0	0	0	1	0	0	1	0	0	2	0	0	0	0	0	0	7	0	2
49c88cd438c519b470d495c95dfb067c	1	5	0	0	0	2	0	5	7	2	3	6	0	2	2	1	0	13	0	0	0	0	0	0	18	0	0	0	1	0
a552e23932bb63b1192ff328be6ca543	1	0	0	0	0	0	0	0	0	0	0	1	0	0	0	4	0	3	0	0	0	0	0	0	0	0	5	1	0	0
45d3c6475845dcf6398615c6e35aea74	1	0	0	0	0	0	0	3	0	1	0	0	0	0	0	1	0	2	0	0	0	0	0	1	0	0	1	2	1	1
dd964ea2b8cfdf57fce1257b06a39db5	1	0	0	0	0	0	3	0	0	0	0	0	0	1	4	0	0	0	0	0	6	0	0	0	0	0	1	3	0	0
efebf39b1c7b8843c28fd940063cf88c	1	23	0	0	0	0	0	37	0	8	0	0	0	29	0	2	0	0	0	0	0	0	0	0	0	0	0	0	0	0
6f9d6238fe792c8446866dd18acb9ce2	1	0	0	0	0	12	0	0	17	1	0	0	0	0	0	1	0	18	1	0	5	0	0	5	0	0	0	0	0	1
f079040767899746d544535c18dd840d	1	1	0	0	0	1	2	0	0	0	0	0	1	6	2	2	0	1	0	0	0	0	0	0	0	0	0	0	0	0
cfd7de8603bca1386a2c9a74efde61d5	1	0	0	0	0	7	0	0	29	0	0	0	0	0	0	0	0	7	0	0	0	0	0	0	2	0	0	0	0	0
3118d0f38b33fcfd4aa178f15f67b378	1	0	0	0	0	0	0	1	2	0	1	0	0	0	0	2	0	0	0	0	0	0	0	0	1	0	4	0	0	0
711ce72eac7bbc38efc94356b2bba333	1	0	0	0	0	1	0	0	11	0	0	0	0	0	0	0	0	0	0	0	0	0	0	0	0	0	0	0	0	0
78ca129931d717a165c54bcc6f596d36	1	0	0	0	0	1	0	6	4	1	0	0	0	0	0	0	0	1	0	0	0	0	0	0	3	0	0	0	0	1
e8b3a3abda6b55646b58d82b306202f1	1	0	0	8	0	0	0	2	0	0	0	0	0	0	11	0	0	7	0	0	0	0	0	0	0	0	0	0	0	0
36352c17f37676da7ec3176c13a6d598	1	0	0	0	0	0	1	0	2	0	0	1	0	0	0	0	0	0	3	0	9	0	0	5	0	0	1	5	0	1
5bcd000160916f5d231402025829d365	1	0	0	0	0	0	0	2	0	0	0	4	0	0	2	4	0	2	0	0	0	0	0	0	0	0	1	0	0	0
6775ec635991dd8461b0dd20f9597b85	1	0	3	0	0	0	0	3	0	0	0	0	0	0	0	4	1	4	0	0	0	0	0	0	0	0	0	0	0	0
8474936f645b7668c9cd15812d9cda6f	1	0	0	1	0	1	2	1	0	1	0	2	0	0	1	6	0	0	0	0	0	0	0	2	0	0	1	0	1	0
acbef3a05d98a08d696acc07d6193d0f	1	0	0	0	0	3	0	0	44	0	0	0	0	0	0	0	0	3	0	3	0	1	0	0	0	0	0	0	1	3
45cc0c1469a47e75a356734f23dbf286	1	0	0	0	0	0	0	0	2	4	1	3	10	0	0	4	0	5	0	0	0	0	0	0	2	0	0	5	0	4
531912f5b30771fd8682a28fc6627316	1	0	2	0	0	2	2	6	9	3	0	4	1	5	7	6	2	3	0	0	1	0	0	1	23	0	1	5	0	0
8226aa65043dd401fd9d6d9a9c3346e6	1	0	0	1	0	0	8	0	0	1	0	1	0	0	3	5	0	0	0	0	0	0	0	0	0	0	0	1	0	0
b03c53df5c6ce78ece29691899782276	1	0	0	0	0	0	0	6	36	0	22	2	0	0	1	0	0	7	0	0	0	0	0	0	24	1	1	0	0	0
9c896b4b6918acbf4170530933a3d4b4	1	0	0	0	0	7	0	2	6	3	2	0	0	0	2	5	0	30	0	0	0	0	0	0	17	0	0	0	2	0
fb4cb2f3056abf84ab472b2c2002d9ed	1	15	0	0	0	1	0	1	0	0	0	1	0	2	0	0	0	7	0	0	0	0	0	2	0	0	0	1	1	0
3179f9a2f5f485c3601df2163555e2b0	1	0	0	0	0	0	0	5	0	1	0	0	0	0	0	0	0	0	0	0	0	0	0	0	0	0	0	0	0	4
cdd5db13d3e2979c80f81bd66b85bd60	1	0	7	2	6	1	39	0	0	0	0	2	0	0	7	10	17	0	0	0	0	0	0	0	0	0	4	7	0	4
78968737a5c101a424ada9dd9ee839be	1	0	0	0	0	0	0	0	2	276	7	46	0	0	0	5	0	0	0	0	0	0	0	7	0	0	0	22	1	3
a1b42dd336a14f430667ec7ae0ae58ff	1	0	24	2	1	2	0	0	0	2	1	0	0	1	0	1	2	0	0	0	1	0	0	0	0	0	1	0	0	0
c13b10e2ed857aa7ff369377b8494d6f	1	2	0	0	0	5	2	1	1	5	0	1	0	0	0	1	0	6	0	0	0	0	0	0	0	0	1	0	0	1
ff6ca765ae85bc34ba287d6d292699e1	1	0	0	0	0	0	0	1	4	0	0	0	0	10	0	0	0	0	0	0	0	0	0	0	0	0	1	0	0	0
e02fb888bc14afaf356a993ae66165bf	1	0	0	0	0	0	0	0	0	0	0	3	0	0	0	0	0	13	0	0	0	0	0	0	0	0	0	0	0	0
9ec4dd822cbb15215d52a8f0c095fbaa	1	0	0	0	0	9	0	13	0	1	0	0	0	0	15	13	0	0	0	0	0	0	0	0	0	0	0	1	0	2
987f91a90532fc658a6fb2a912852286	1	6	0	0	0	0	0	0	1	0	0	0	0	0	0	1	0	1	0	0	0	0	0	0	0	0	1	0	0	0
f29e4f89cc163c50dad485c66a2d30ad	1	0	0	0	0	0	1	1	0	2	0	3	0	3	0	0	0	0	0	0	2	0	0	1	0	0	0	5	0	0
d642134683168d420d4185c03a3920a2	1	0	0	0	0	2	0	0	0	4	0	0	6	0	0	0	0	4	0	0	0	0	0	3	0	0	3	9	2	0
a90564fbf6fe4c6c0951d4043e3d3ca7	1	0	0	0	0	0	0	0	0	11	0	32	221	0	0	0	0	1	1	0	0	0	0	2	0	0	3	12	0	0
f888d3f02a4c94821c24e7af906c2a0b	1	1	0	0	0	0	0	2	0	0	0	0	0	0	0	0	0	5	0	0	0	0	0	0	0	0	0	2	0	2
6c123e7ce1b0b5d84298306a526e16d1	1	1	0	0	0	2	0	3	0	2	0	0	0	0	3	0	0	0	0	0	0	0	0	0	0	0	0	0	5	0
a396c38d2e3b74ca3ca9f668936d6152	1	0	0	0	0	1	0	2	0	0	0	2	0	0	0	6	0	2	0	0	0	0	0	1	0	0	0	6	0	4
a6368c82ae95830def1e6a1c51566098	1	0	0	0	0	0	3	1	3	3	0	8	0	1	25	2	0	2	0	0	0	0	0	0	29	0	4	0	0	0
1ec16bb228d88c613c9b8445979115f2	1	3	0	0	0	0	0	0	1	0	0	0	3	0	0	0	0	0	0	0	0	0	0	0	0	10	0	4	0	0
2b3794ec97e70c9a1dab90da9663dc26	1	0	0	1	1	4	6	0	1	0	0	4	0	0	3	3	0	0	0	0	0	0	0	0	0	0	0	2	0	0
d3ceda048921b71c91c66a7bc0d9fea4	1	0	0	0	0	1	0	3	2	1	1	0	0	0	2	0	0	3	2	0	2	0	0	0	3	0	1	0	2	1
add47adaff62a7dff1986aa12f1197e3	1	1	0	1	0	2	0	1	4	0	3	0	0	4	15	2	1	2	0	0	0	0	0	1	5	0	0	0	0	0
f451280c868d6219510b41b12c203b18	1	0	0	0	0	13	0	0	3	0	0	0	0	0	0	0	0	5	0	0	0	0	0	0	13	0	0	0	0	0
7af218a1f09ea04075fd5aad195910d4	1	0	0	0	0	0	0	0	5	2	0	0	0	0	1	0	0	6	0	0	0	0	0	1	0	0	0	3	3	0
1022074a6374f7a6586b110f39ae5e12	1	51	0	0	0	2	0	33	0	15	2	1	5	11	0	1	0	4	0	0	0	0	0	0	0	0	1	3	1	0
ec9ff85f7b9ccfb268adeb516d506cf2	1	0	0	0	0	14	0	2	11	11	6	13	0	0	0	27	0	47	3	0	1	0	0	12	1	0	2	6	12	2
4d85e3e3476a38a7a4f4c914d0ef1950	1	9	0	0	0	1	0	1	1	2	4	7	0	11	0	2	0	55	0	0	0	0	0	0	2	0	2	0	2	0
13ecd50f08a2b2769633fbe4c31e22fa	1	0	0	0	0	2	0	2	1	0	0	1	0	0	0	0	0	8	0	0	0	0	0	0	1	0	0	0	0	0
1584d65ec4dcba6c39d30e1c721c5e0a	1	0	0	0	0	2	0	0	9	0	0	0	0	0	0	19	0	1	0	0	0	0	0	3	0	0	0	5	0	0
25857405c1be70028532652dbecda9d9	1	0	11	4	2	0	8	1	0	1	0	2	0	0	0	7	0	0	0	0	0	0	0	1	0	0	0	1	0	1
f26f5093b355118225d2f4d8d4c632c4	1	0	8	3	0	0	33	0	0	1	0	53	0	0	11	0	0	10	0	0	0	0	0	19	0	0	0	22	12	24
743368f67b1ddfbed368a0a5c8a46fdb	1	14	0	0	0	0	1	10	0	3	3	0	0	73	19	3	0	4	0	0	0	0	0	0	0	0	0	0	0	0
9e9be2761251004c08f9b00a308e37e4	1	4	0	0	0	0	0	1	0	0	0	2	0	0	3	0	0	1	0	0	0	0	0	0	0	12	2	1	0	0
d01f2df2d35b4456744e920a131441b7	1	4	0	0	0	0	0	0	0	1	2	0	0	0	0	1	0	0	0	0	0	0	0	0	0	0	0	0	1	0
00c384a1a43e6473670be38f682351fd	1	0	0	0	0	0	0	0	0	0	0	1	0	3	0	3	0	1	0	0	0	0	0	0	0	0	0	1	0	0
3452e5cf2d8e3da65c73653fbd5f8760	1	0	0	2	0	4	0	0	2	0	0	0	0	0	0	0	6	0	0	0	2	0	0	0	0	0	0	0	0	0
7bbd383b0e7fed8f3da0f93f15bca561	1	8	0	0	0	1	0	0	0	0	0	0	0	1	0	0	0	9	0	0	0	0	0	0	0	0	0	0	0	0
1f80f6aef4e2be6a034c4ce40e375306	1	26	0	7	0	0	0	0	0	0	0	0	0	0	0	0	6	3	0	0	0	0	0	0	0	0	0	0	0	0
23e4dbc7b562f1390d63da9926a5511a	1	8	0	0	0	1	0	11	0	5	0	0	0	13	1	1	0	0	0	0	0	0	0	0	0	0	0	0	5	0
69eb2bb6984f5508492fa6a8ac1b1dab	1	0	0	0	0	1	0	0	0	0	1	0	0	0	0	1	0	10	0	0	0	0	0	0	0	0	0	0	0	0
01d4d12176ab2715bb01d4b148c4b044	1	16	0	0	0	0	0	1	0	0	0	0	0	0	0	0	0	3	0	0	0	0	0	0	0	0	0	0	0	0
8594fe8188f7df2d5b11b907ea0238e2	1	0	9	0	0	0	0	0	0	0	0	0	0	0	0	0	0	0	0	0	0	0	0	0	0	0	0	0	0	0
8096580fa45047b81612ab806324c0dc	1	3	0	0	0	1	0	6	3	0	0	0	0	3	3	5	0	0	0	0	0	0	0	0	0	0	0	1	0	1
7ac48974755cb9c72715b23af80dbf7e	1	0	0	0	0	0	0	5	0	0	0	2	0	0	1	0	0	0	0	0	0	0	0	1	0	0	0	0	0	0
c14dbcad7bda84dd5310c013a9cc40c3	1	0	0	0	0	0	0	1	0	0	0	0	0	0	1	1	0	0	0	0	0	0	0	3	1	0	0	2	0	0
69e3960444cb23bb441e24f85ac7054e	1	0	0	0	0	2	0	0	1	2	1	0	0	0	1	5	0	4	0	0	0	0	0	0	0	1	0	0	0	0
9c8a3edc08046feee7b972405210b83a	1	0	0	0	0	1	0	3	0	0	1	0	0	4	0	0	0	2	0	0	0	0	0	0	1	0	1	0	0	2
7d1fb801037dd3272fbc0a683644d2b6	1	0	2	3	2	0	0	0	0	3	0	3	0	0	0	0	0	4	0	0	0	0	0	0	0	0	0	1	0	0
b10a94ea138a92f377ec0cbafd1ceebe	1	0	0	0	0	4	0	0	0	1	2	0	0	0	0	0	0	1	0	0	0	0	0	0	0	0	0	0	1	1
31382cc164aaf684988619127234ac8e	1	3	0	0	0	1	0	16	8	0	0	0	9	9	0	1	0	15	0	0	0	0	0	2	0	0	0	0	0	2
bb447d572bc6bf2bfb7fec607422aec1	1	0	0	0	0	0	0	0	1	0	6	0	2	1	3	0	0	1	0	0	0	0	0	0	1	6	0	0	0	0
d1abec0335dcbd7d890c5409d113a44c	1	4	0	0	0	0	0	12	0	1	0	6	0	11	0	0	0	4	1	0	0	0	0	1	0	0	0	0	4	0
23a7d8c41d4af9ff73d5e4cb2b5febd3	1	2	0	0	0	1	0	4	0	0	0	0	0	2	0	0	0	1	0	0	0	0	0	0	0	4	0	0	0	0
693c287de724e047ed5dfead0d9b112c	1	1	0	0	0	0	0	0	0	0	0	0	2	0	1	14	0	2	0	0	0	0	0	0	0	0	1	0	0	0
69ddb3191e702f0eae9daa8b3132d2c0	1	0	0	0	0	0	0	3	0	0	6	0	0	0	2	0	0	1	0	0	0	0	0	0	2	0	0	0	0	0
80433ef8c8ec07892e7426ae53eb8bac	1	0	0	0	0	0	0	0	3	0	0	0	0	0	0	0	0	0	0	0	0	0	0	0	6	0	0	0	0	0
674e771f2f1861978d926d8c8bc59810	1	2	1	0	0	0	0	0	0	0	0	0	0	0	0	1	0	0	0	0	0	0	0	1	1	0	0	2	1	1
caf0aa058bd2de86a4f1518aa8e3b016	1	46	0	0	0	8	0	4	0	4	3	0	0	10	7	5	1	0	0	0	0	0	0	3	0	1	0	2	0	0
d8d82c21390b520e6319c7bb1e93d898	1	2	0	0	0	3	0	0	0	0	0	3	0	0	0	0	1	0	8	0	0	0	0	0	0	0	0	0	0	0
0a88ba71d720b9a9a08223c60463021d	1	0	0	0	0	1	0	0	0	0	0	3	0	0	0	0	0	0	0	0	0	0	0	3	0	0	0	3	0	0
0d437a6f2e7e57d777ef84e75d388657	1	0	0	0	0	1	0	12	2	1	5	0	0	0	0	0	0	2	0	0	0	0	0	0	0	10	0	2	0	0
cdcd71cd2a5aa489c260fab67674a4d4	1	0	0	0	0	0	0	6	16	0	0	0	0	0	0	2	0	4	0	0	0	0	0	0	0	0	0	0	0	0
be1b840be8e9ec2d64671d45063aaf5f	1	0	0	0	0	0	0	0	0	0	0	0	0	0	0	0	0	0	0	0	0	0	0	0	0	319	0	0	0	1
bde2b6473c27ecb3b48f14d0194e4135	1	0	0	0	0	1	0	1	5	0	0	0	0	0	0	6	0	4	0	0	0	0	0	0	0	0	0	0	2	0
94738732a8eb2c95e17aa311292e8d69	1	0	0	0	0	0	0	0	0	0	0	0	0	0	2	7	0	0	0	0	0	0	0	0	0	0	0	0	0	0
cdc9aad13e70c5d4c05fa7aa7cd273d7	1	0	0	1	0	0	3	0	0	0	0	0	0	0	1	0	0	0	3	0	1	0	0	0	0	0	3	1	0	0
ed03e8295a0a6c232bb1ee7619148e32	1	0	0	23	2	0	0	0	0	0	0	0	0	0	0	0	0	0	0	0	0	0	0	0	0	0	0	0	0	0
ecce7a1e7d731120e47365ac0f19c749	1	0	0	0	0	5	0	95	43	2	40	0	0	31	11	0	0	2	0	0	0	0	0	0	53	0	0	0	0	0
855de10c2b5ee110f5b50b848e8af834	1	0	4	1	2	0	0	0	0	5	1	0	1	2	8	0	36	0	0	0	0	0	0	0	0	0	0	1	0	0
afc2b86b3dd9e5a27a283552ee8f09e2	1	0	0	0	0	0	0	16	3	0	5	1	0	0	6	1	0	7	1	0	0	0	0	1	2	0	0	2	1	0
d9bb09d0b8ebdb2565d1a3cdf12455df	1	0	0	0	0	0	0	0	0	0	0	0	0	10	0	0	0	0	0	0	0	0	0	0	0	0	0	2	0	0
abd4bc8cb9f9175bbb0438691d4d4f66	1	17	0	0	0	5	8	14	0	6	5	2	0	9	4	5	0	5	0	0	4	0	0	6	0	0	2	11	0	2
83ab3e65fee9d26c89d35550328dda3d	1	0	2	3	2	0	3	0	0	3	0	0	0	0	0	0	0	1	0	0	0	0	0	0	0	0	0	1	1	0
761a6d460b3c798921431e0edd6a6a2d	1	2	0	0	0	0	0	0	2	0	0	0	0	0	0	0	0	3	0	0	0	0	0	0	8	0	0	0	0	0
7d1fc56f3a7922c7af1ab7ad76f4ec78	1	1	0	0	0	0	0	0	0	0	6	2	0	1	3	3	0	4	0	0	0	0	0	0	1	0	1	0	0	0
36914891d80c09cbab4e526bae483024	1	0	0	0	0	7	0	4	5	3	0	1	0	0	0	2	0	2	0	0	0	0	0	0	0	0	0	3	0	0
a13c6c13b063142aa6c9ab0dde4e521c	1	0	0	0	0	1	2	4	13	1	22	3	0	0	3	5	1	5	0	0	0	0	0	0	113	0	0	1	0	1
fe60d5d1b189739580f48a23287a8949	1	0	11	2	9	5	1	2	0	0	0	0	0	0	0	30	0	0	0	0	0	0	0	0	0	0	0	0	0	0
0b10579c00c19ae2cfb05224ffc0eee0	1	0	0	0	0	1	0	3	2	0	0	0	0	4	2	3	0	0	1	0	2	0	0	2	0	0	0	3	1	7
0230d34cdda818534a5ab7fb5733999c	1	0	0	0	0	0	0	1	6	1	0	4	3	0	15	0	0	8	0	0	0	0	0	1	0	9	0	1	2	4
99677336809f634c3b17b2061c077d45	1	0	6	0	1	0	0	2	0	1	0	0	0	0	0	0	0	0	0	0	0	0	0	0	0	0	0	0	0	0
f652d19e14caff63f86231c9e5fd5c4f	1	0	0	0	0	2	1	8	0	0	0	0	0	0	19	3	0	2	0	0	0	0	0	0	0	0	0	0	0	3
82d074f51c97b3413c0d19536fd88a73	1	1	0	0	0	0	2	0	0	1	0	4	0	0	0	0	0	11	138	0	80	0	0	149	0	0	44	263	0	31
78fce48171db128d99f01660b1e683ea	1	0	0	0	0	15	0	0	11	1	0	1	0	0	2	5	0	4	0	0	0	0	0	1	2	0	0	0	4	0
754c238a7cc214cb5048a2984aafcdae	1	0	0	0	0	2	0	2	3	0	0	1	0	0	1	0	0	0	0	0	0	0	0	0	0	0	0	0	0	0
017101aafc75d87691ef78e2ecf63ce5	1	0	0	0	0	0	2	0	0	0	0	0	0	0	0	2	0	1	0	0	0	0	0	1	0	0	0	6	0	0
eab818ccc36808d515c2a8dc1a7ec8b4	1	0	0	0	0	9	0	11	3	4	3	7	0	0	2	26	0	0	1	0	0	0	0	4	18	0	3	6	12	3
4bdcedec88ddf180924ed9d5dc7db4de	1	1	0	0	0	0	0	1	7	0	0	1	0	8	1	0	0	0	0	0	0	0	0	0	0	0	1	0	1	0
e057e6d7ed7768144feb4d93d95c5aa1	1	1	0	0	0	1	0	4	0	4	0	0	0	0	0	1	0	6	34	0	183	0	0	14	0	0	1	16	0	3
e4ca064c37111b65c44742f5cce606ad	1	0	0	0	0	0	1	0	0	57	2	96	1	0	11	3	0	0	0	0	0	0	0	1	0	0	10	19	60	18
01bfb5407a3cb9dba083417ba215b59b	1	0	0	0	0	0	2	0	0	7	0	0	0	0	2	0	0	0	0	0	0	0	0	0	0	0	2	2	0	1
f84091ffb4d4ef778999017088ab6492	1	12	0	0	0	0	0	2	0	0	0	0	0	2	0	0	0	1	0	0	0	0	0	0	0	0	1	0	0	0
322cfa6ea7ed4d940b0529eae8ffb8dc	1	0	0	0	0	0	0	2	0	0	1	1	0	1	0	1	0	3	0	0	0	0	0	0	0	0	0	0	0	0
e1513ef800174a17f5db01cb7e505eaa	1	0	0	0	0	0	0	0	0	0	0	8	0	0	0	0	0	0	0	0	0	0	0	0	0	0	3	0	0	0
f0ddef676b08eb1c21f02abfa81cad44	1	0	0	0	0	0	0	0	0	0	0	1	0	0	0	0	0	1	85	0	53	0	0	67	0	0	8	51	0	10
97dda815c04c9723b7a9e4f831978066	1	2	0	0	0	0	0	4	0	1	0	1	0	24	0	4	0	9	0	0	1	0	0	0	0	1	0	6	0	0
c8e3b944955c8709f4697ee1943c562b	1	0	0	0	0	0	0	2	1	0	0	1	0	0	0	0	0	2	3	0	38	0	0	1	1	0	0	3	0	1
f71bceab6c39811ea3dbbe35660e535e	1	0	0	0	0	0	0	6	0	5	0	0	0	0	1	1	0	0	0	0	0	0	0	0	0	0	6	0	5	4
752bfcb4e9e61f06fce1f29cfa95306c	1	1	3	1	0	1	0	14	0	0	0	0	0	4	0	3	0	0	0	0	0	0	0	0	10	10	2	3	0	6
3094d5f8e3917eb2429bff1d73bcd39a	1	0	0	0	0	0	0	2	1	0	0	2	0	0	0	4	0	0	0	0	0	0	0	0	0	0	0	0	0	0
83b917fd461a3b163fcb9d7907afbeb8	1	9	0	0	0	10	0	1	0	5	0	2	0	8	0	0	0	0	0	0	0	0	0	0	0	0	0	0	0	0
6bcdce6bb5867cef1a42da5eaa3efcc4	1	5	0	0	0	0	22	0	0	0	0	0	0	2	20	0	0	0	0	0	0	0	0	0	0	0	0	0	0	0
66d9e9be9189837e944650cc3dca38de	1	0	0	0	0	0	0	1	0	10	0	0	0	3	0	0	0	0	81	0	74	0	0	29	0	0	5	32	0	5
f9de4324ac7ff423d9a2bd0d0ffa0627	1	2	3	12	7	0	8	1	6	0	3	1	9	0	7	4	1	4	0	5	0	3	5	0	1	0	2	1	1	3
4a75c47ba6e20e97edab1323394fa109	1	0	0	0	0	2	0	0	0	1	0	0	0	8	2	0	0	0	1	0	9	0	0	0	0	0	0	0	0	0
f7e8e1193c294dc7cd16e3d0d527b476	1	0	0	0	0	1	0	0	0	0	0	6	0	0	0	2	0	20	0	0	1	0	0	6	3	0	0	3	0	2
82f8cbdb3dc353794fda76a340c759c6	1	0	0	0	0	1	0	0	0	1	0	1	0	0	0	3	0	10	0	0	0	0	0	0	0	0	1	0	0	1
82b0b273dfc93986695a7bbccfee3fde	1	1	0	0	0	6	2	12	27	2	6	0	1	4	5	4	0	7	0	0	0	0	0	1	16	0	0	0	0	1
7bd36d8aa9dff987820c1ed4d94469a3	1	2	56	187	120	0	21	7	0	6	3	22	105	0	49	5	56	3	0	0	0	14	0	5	9	0	1	27	4	9
17824b39655f991f908aac6528ff9775	1	0	0	0	0	10	0	23	0	0	0	0	0	0	0	0	0	0	0	0	0	0	0	0	0	0	0	0	0	0
18bfa89f281e005203d2f07aa73bcaa5	1	0	0	0	0	2	0	0	8	0	0	0	0	0	0	12	0	1	0	0	0	0	0	0	0	0	1	0	0	0
8759ef893f5b7ad6e7c87ee2318760e7	1	2	0	0	0	1	0	4	2	1	0	1	0	0	12	0	0	0	0	0	0	0	0	0	1	0	0	1	0	0
702b9adc618f282beeacb646b048f458	1	10	0	0	0	1	0	20	7	11	2	7	0	28	0	0	0	11	2	0	1	0	0	2	0	0	2	3	2	0
1e9d7e8d800d0198a98b2fde74bd84bd	1	0	0	0	0	2	0	0	20	0	8	0	0	0	0	0	0	4	0	0	0	0	0	0	54	0	0	1	0	0
4785d43a33def4a9871e785bd240a838	1	2	0	0	0	1	0	5	0	1	0	0	0	2	0	0	0	1	0	0	0	0	0	0	0	0	0	0	0	0
d04dedb1f8ea0f01cd5d4856ff374478	1	0	0	0	0	0	0	2	0	0	0	0	0	16	0	0	0	0	0	0	0	0	0	0	0	0	0	0	0	0
9132c61a65393ce1864f2321cd7f3b64	1	1	0	0	0	0	0	1	4	1	3	0	0	0	0	0	0	7	0	0	0	0	0	0	4	0	0	2	3	0
f5b6a4c1b78a42b5c3154fe329bdcaf5	1	0	0	0	0	1	10	2	0	1	0	3	1	0	18	16	0	1	0	0	0	0	0	0	0	0	0	2	0	4
4207565c5bb78f00ede49ec703516c3b	1	0	0	0	0	0	0	0	1	4	0	0	0	8	0	5	0	7	6	0	4	0	0	6	4	0	1	22	0	3
1a6f742d882b1f20219cafd962d5963e	1	0	0	0	0	0	0	6	0	0	5	0	0	0	0	16	0	0	0	0	0	0	0	0	0	0	0	3	0	0
c2c394ea842822b55f53d4e10f15eb34	1	19	0	0	0	0	0	3	1	7	6	0	2	26	0	0	0	0	0	0	0	0	0	0	0	0	0	1	0	0
1b560793a0a6779251ea39816d0c2859	1	0	0	0	0	1	0	4	0	0	1	0	0	1	0	0	0	1	1	0	0	0	0	0	0	0	0	0	0	0
193ddcabf6614d3450c7d69e41102ea7	1	0	0	0	0	0	2	1	0	1	0	6	0	0	0	5	0	1	0	0	0	0	0	0	1	1	0	3	3	0
129de0f6d5b7b7b96c034f2aaf859b0f	1	17	0	0	0	0	0	0	0	0	0	0	0	0	0	0	0	2	0	0	0	0	0	0	0	0	0	0	1	0
baeef2da258fee73b8e24f1abafac558	1	0	0	0	0	0	0	1	4	3	0	5	8	0	3	6	0	3	0	0	1	0	0	5	0	0	5	1	15	14
c81850785f13367cfe56ed110c0c1164	1	0	0	0	0	1	0	0	0	0	0	1	0	0	0	0	0	2	13	0	9	0	0	0	0	0	4	8	0	2
9ef54225b1fac121f4903be9eaa32742	1	0	0	0	0	0	1	0	0	0	0	0	0	0	0	3	0	1	0	0	2	0	0	1	0	0	0	2	0	1
16e28614f05841f3669da9a9ad8df48d	1	0	0	0	0	0	0	0	1	1	0	0	0	0	3	0	0	3	0	0	0	0	0	0	0	0	0	3	0	0
684f01c3d178a14076c14cdb0499eaec	1	2	0	0	0	4	0	4	12	0	2	0	0	0	0	2	0	4	0	0	0	0	0	0	11	0	0	0	0	0
261e63aef778708a1b0e72b78f6e9f12	1	0	0	0	0	8	0	3	25	5	3	9	0	0	0	4	0	3	0	0	2	0	0	3	8	0	10	8	9	3
05c1a2468c49bf2350c7edf4a4296e0d	1	0	0	0	0	3	0	6	19	0	0	0	0	0	1	0	0	6	0	0	0	0	0	0	0	0	0	3	0	0
29bbe4185a35918aa5f380134dc165ea	1	19	0	0	0	3	0	4	0	0	0	3	0	0	0	1	0	0	2	0	2	0	0	0	0	0	0	0	0	3
c2097ee9607ab41d0145365a5b46470c	1	0	0	0	0	5	0	0	10	0	0	0	0	0	0	0	0	0	1	0	0	0	0	0	13	0	0	0	0	0
65f3cc3219de61ea0f49dad01f5c0331	1	0	0	0	0	0	0	1	0	0	0	0	0	1	0	0	0	17	0	0	0	0	0	0	0	0	0	2	0	0
fb7f0cbfc7d863a6e108a22fbfff1f30	1	37	1	0	1	0	0	1	0	2	4	8	0	2	0	7	0	0	0	0	0	0	0	0	0	36	0	0	0	3
c67494ccaac7781ab36f9f0bab1b9fb3	1	0	0	0	0	0	0	3	3	3	3	0	0	0	0	0	0	0	0	0	1	0	0	1	42	0	0	0	0	0
867154973f21642533b32ff00c4c7769	1	1	5	8	0	0	1	2	0	2	1	0	0	1	0	0	2	1	0	0	0	0	0	0	0	0	0	0	0	0
91aad929755286ee68af0b65d2f0a363	1	0	0	0	0	0	0	0	0	1	0	4	0	5	0	1	0	0	0	0	0	0	0	0	2	0	0	1	0	0
adf475285f2e7b4f7978000ce0576795	1	2	0	0	0	6	0	0	1	3	3	0	0	0	0	0	0	0	0	0	0	0	0	0	0	0	0	0	0	0
691ed9cd8abbafa66eb1954d6b0a8249	1	0	0	0	0	0	0	0	0	1	0	0	2	0	6	20	0	0	0	0	0	0	0	0	0	0	0	0	0	0
62c848eed6a26000e29316ea31fe8282	1	0	0	0	0	4	0	4	1	0	1	0	8	0	5	13	0	1	0	0	0	0	0	0	0	0	0	5	0	2
2a848fe38bc05645c4a9380b96289f0c	1	1	0	0	0	0	0	5	3	0	1	0	0	1	1	0	0	2	0	0	0	0	0	1	0	0	0	1	0	0
5018f74a9a6c448a4fa1991bc184b3b0	1	14	0	0	0	0	0	1	0	1	2	0	0	2	0	1	0	2	0	0	0	0	0	0	0	0	0	0	1	0
5f55b14c01155a83fb6a5a470eedc6e3	1	0	0	0	0	0	0	0	2	1	1	0	0	0	0	0	0	17	1	0	3	0	0	0	8	0	0	1	0	0
4e09432e4ae57790d5a80671254b5cc3	1	4	0	0	0	0	0	4	0	0	0	0	0	3	0	4	0	2	0	0	0	0	0	0	2	0	0	0	1	0
db720c3f1712fa566a5038e9447d5822	1	0	0	0	0	0	0	21	0	0	0	0	0	0	0	0	0	0	0	0	0	0	0	0	0	0	0	0	0	0
2de1e670d72b027d1f3b6bb324c26e38	1	0	0	0	0	0	0	0	0	0	0	0	0	0	0	0	0	0	60	0	36	0	0	43	0	0	58	29	0	30
f5128d53aaee9b3092bee72a82a6b8b5	1	0	0	0	0	1	1	1	0	0	0	0	0	0	3	2	0	0	0	0	1	0	0	0	0	0	0	0	0	0
96a7ce494eea50efbedc44cb3db9a3a0	1	1	5	6	7	0	3	2	1	0	0	4	0	0	7	6	4	0	0	0	0	0	0	1	0	0	3	3	3	2
bc949fbf65c13551c0de72e90c9337ae	1	1	0	0	0	0	0	0	0	0	1	3	0	0	0	0	0	4	0	0	0	0	0	0	6	0	0	0	0	0
1a35c4a72d7c4c320ec2517431626415	1	0	0	0	0	0	0	2	0	0	0	0	0	0	0	0	1	4	0	0	0	0	0	1	0	0	0	1	0	0
630e5a1bd17113670f5654cd3d0ee87c	1	0	0	0	0	0	1	0	1	0	0	1	0	0	0	0	0	1	0	0	0	0	0	2	0	0	0	0	0	6
8af7533d8c62e44b72d8dddd4f32e404	1	0	0	0	0	0	1	0	0	0	0	0	7	0	12	8	0	0	0	0	0	0	0	0	0	0	0	2	0	0
92076472c19f50be3e056a860a7fd934	1	2	0	0	0	0	0	6	0	3	0	0	0	0	0	3	0	11	0	0	0	0	0	0	0	2	0	3	0	0
1d2528aabab1f5ec41da75bac60a5892	1	0	0	0	0	0	0	4	3	0	0	0	0	0	5	24	0	0	0	0	0	0	0	0	14	0	0	0	0	0
a878b4279d6b0b584efbea7251bc5adb	1	1	0	0	0	1	5	3	2	0	0	1	4	0	0	2	0	1	63	0	43	0	0	8	0	0	13	9	1	15
5f1e65527149ea65aeeb2d7cec3f96ef	1	38	0	0	0	0	0	24	8	3	0	11	0	4	0	2	0	0	0	0	0	0	0	0	9	0	0	7	0	2
cd0fc39443b21aa6816ca4c3ae444e94	1	0	0	0	0	0	0	2	0	0	0	0	0	0	3	4	0	1	0	0	0	0	0	0	4	0	0	0	0	0
18d8ba42e12fa41f3d1152804359ae4e	1	0	0	0	0	0	4	1	0	0	0	0	0	0	6	0	0	0	0	0	0	0	0	2	0	0	1	1	0	1
b661bab3e97c1c4a6b0ef7fadd1d1899	1	0	0	0	0	2	0	2	3	0	4	0	0	0	4	8	0	0	0	0	0	0	0	0	0	0	0	0	1	0
d843046a05aed19cd3ac4ec3ff5b6a24	1	0	0	0	0	0	0	0	10	0	0	0	0	0	0	0	0	0	0	0	0	0	0	1	3	0	0	2	0	0
785ca0da502b2b751b721e50d5285023	1	0	0	0	0	2	0	3	6	0	0	0	0	0	0	3	0	2	0	0	0	0	0	0	0	0	0	0	0	0
bc2f43a482baa6e35727606275e65bcf	1	0	1	0	0	0	0	1	0	5	0	0	0	0	0	0	0	0	0	0	2	0	0	0	0	0	4	0	4	0
c9d63b0ea741a28a8741716e8bea0f2c	1	1	0	1	0	0	3	1	3	1	0	1	0	1	1	2	0	1	0	0	0	0	0	0	0	1	1	2	5	0
747641f9b1fabadde67051c71a302ab2	1	0	0	5	0	0	1	2	5	4	13	13	7	0	1	0	0	0	0	0	0	0	0	2	39	0	1	13	10	2
2b3438fef0971137e677e1a6afa57d7a	1	2	0	0	0	0	1	0	2	0	0	0	0	1	0	0	0	0	0	0	1	0	0	0	0	0	0	0	0	2
2c16fcb37ab34743e705aaedd17e0972	1	0	0	0	0	0	0	0	0	0	0	0	0	0	1	0	0	0	0	0	1	0	2	2	0	0	1	4	2	1
18a0f7f07bf1792377db3f8a871b4d4d	1	0	0	0	0	1	0	1	0	0	0	0	0	0	0	2	11	0	0	0	0	0	0	0	1	0	1	1	0	0
6d4711bcf55025e94faf7b31cc24987b	1	0	0	0	1	2	4	6	0	0	0	0	0	0	0	11	4	0	0	0	0	0	0	0	0	0	0	3	0	8
8431e2438a5827a1f7794ffbbe789db5	1	0	0	0	0	2	2	0	0	1	0	4	1	0	1	9	0	0	0	0	0	0	0	0	0	0	0	1	0	0
5615ef3bd09e2ba46d75523af070e94e	1	3	0	0	0	0	0	0	2	0	0	0	0	0	0	0	0	2	0	0	0	0	0	0	0	0	0	0	0	2
46dd7108b656e1dc4358d4066a09b2ab	1	1	0	0	0	2	0	1	0	0	0	4	0	2	2	0	0	0	0	0	0	0	0	0	0	0	1	4	0	2
77d0b1eec4f3d751e3e8fb1b2c00b66b	1	0	0	0	0	3	0	0	6	0	0	2	0	0	0	0	0	6	0	0	0	0	0	0	0	0	0	7	0	0
0a22020f4266f18c0db0666bdd2070e0	1	0	0	0	0	0	2	1	0	0	0	0	0	1	1	3	0	2	0	0	0	0	0	0	1	0	1	0	0	5
6d73a50958ddf5270a58857580088479	1	0	0	0	0	0	0	4	14	0	0	0	0	2	0	1	0	5	0	0	0	0	0	0	0	0	1	0	0	0
4bd4220e6e6e2c5870c2979971241e34	1	0	0	0	0	0	0	0	4	0	2	0	0	1	0	0	0	0	0	0	0	0	0	0	9	0	0	0	0	0
b53e61c03c2ff4415cc6bdda789a2eb8	1	0	0	0	0	0	0	2	0	0	0	0	0	0	4	4	0	0	0	0	1	0	0	0	0	0	0	1	0	0
92ec9c81a700bf4129c144cc3f7e641a	1	0	0	0	0	6	0	2	2	1	0	17	0	0	0	7	0	15	0	0	1	0	0	0	5	0	2	0	1	0
bf1c8dc4021f7dc116c6b9f5adc17faa	1	0	2	4	2	0	1	0	0	2	0	0	0	0	0	0	4	0	0	0	0	0	0	1	0	0	0	0	0	0
b80f4cea02f9bdd7ca5d760676175785	1	0	0	0	0	0	0	0	2	0	0	2	0	0	0	0	0	3	0	0	0	0	0	0	6	0	0	3	2	0
88742b1f1391ce685b1ca239f4ebc325	1	0	0	0	0	2	0	2	0	1	0	0	0	8	0	0	0	0	1	0	0	0	0	0	0	0	0	1	0	0
361e4fd07302a0ae6e04221b73c03244	1	1	0	0	0	0	0	2	1	1	0	0	0	0	0	3	0	1	0	0	0	0	0	0	0	0	0	0	0	0
1910be01d8dd0cfae2050cb089c68af9	1	1	0	0	0	5	0	0	0	1	3	0	0	0	0	0	0	6	0	0	0	0	0	0	9	0	0	1	0	0
777dbf9b2fa70660a4d53321899870a0	1	0	0	0	0	0	0	0	2	0	2	0	1	0	0	1	0	3	0	0	0	0	0	0	0	0	0	1	0	0
0eeea64d5def2c63866753d46dfeb394	1	0	0	0	0	1	0	2	0	3	2	0	0	3	1	2	0	0	2	0	1	0	0	5	3	0	0	3	1	3
de6b9c0dc3b67927db2dabc62e8b3a1a	1	0	0	0	0	0	0	0	3	1	1	0	0	0	0	0	0	4	0	0	0	0	0	0	8	0	0	0	0	0
b4005e22fe71416bbddbf7f9e9ad6df2	1	0	0	0	0	0	0	0	0	0	0	3	0	1	0	0	0	0	377	0	202	0	0	222	0	0	112	154	0	64
3fb42998e9d1eab98cd6847e5a5930a3	1	0	0	0	0	0	0	15	0	0	0	0	0	0	0	0	0	0	0	0	1	0	0	0	0	0	0	0	0	0
932adc98e3eac7a3766ebbfa7365d0e1	1	0	0	0	0	7	1	0	2	2	0	0	0	0	1	7	0	3	0	0	0	0	0	0	0	0	1	0	0	1
729429731ae1b9407282319ac6a7056b	1	0	0	0	0	1	0	0	6	7	5	5	0	0	4	0	0	0	0	0	0	0	0	0	3	0	1	1	15	0
e43416c20fc2f957230a9ae2bac47673	1	0	0	0	0	2	0	0	1	0	1	0	0	8	0	0	0	2	0	0	0	0	0	0	3	0	0	0	0	2
c5dc9dd429686dd1016ef859b3f9f70a	1	0	0	0	0	13	0	1	40	0	0	0	0	0	0	0	0	32	0	0	0	0	0	0	10	0	0	0	0	0
e4fce4e6f46d51110f1de6a27453f418	1	0	0	0	0	0	0	0	0	1	0	1	2	0	0	2	0	11	0	0	0	0	0	0	0	0	0	0	0	0
e36f7d3c7c29bd2b2f0cc36e7406dfa5	1	5	0	0	0	0	0	5	0	0	0	0	0	1	0	1	0	0	0	0	0	0	0	0	0	0	0	0	0	0
db03e38f8621235daafcaf15ee78523b	1	0	0	0	0	0	0	0	0	0	0	0	0	1	0	0	0	0	0	0	0	0	0	0	0	0	15	0	3	26
930f069cdf23aabda15304b7be0163eb	1	0	0	0	0	0	0	0	0	0	0	0	0	0	0	0	0	5	0	0	0	0	0	1	0	0	0	1	1	1
accd172f27430e4f44adfa180c95e38c	1	0	0	0	0	0	2	0	0	0	0	0	0	0	6	11	0	0	0	0	0	0	0	1	0	0	0	0	0	0
6290d9f3ee705462a1ee75aa287d7256	1	0	0	0	0	1	1	12	0	0	0	0	0	0	2	0	0	10	0	0	0	0	0	0	0	0	0	1	0	0
07d6ab41d656687051ec23e8c0df7301	1	3	0	0	0	2	0	2	7	1	0	0	0	0	1	0	0	8	0	0	0	0	0	0	3	0	0	0	0	0
c7533152164644c6ea3721b26e2f0b89	1	2	0	0	0	2	0	1	14	0	0	0	0	0	0	0	0	5	0	0	0	0	0	0	6	0	0	3	0	0
679485475480aa4c2189700111f8d7b7	1	2	0	0	0	12	0	3	0	3	1	1	0	23	0	1	0	1	0	0	0	0	0	0	1	0	1	1	1	0
2693d72a643e17df8584db3a3e8ea4ce	1	0	0	0	0	0	0	1	0	0	0	4	0	0	0	1	0	0	0	0	1	0	0	0	0	0	1	0	3	0
0d892a8fbfc5892247d60939e68ab411	1	0	0	0	0	2	12	3	0	0	20	1	19	0	9	68	0	9	0	0	0	0	0	0	2	0	0	0	0	0
5a72e9a0ae9914649e3dd6d699c1d385	1	0	0	0	0	2	0	1	5	1	0	0	0	0	0	0	0	1	0	0	0	0	0	0	6	0	0	0	0	0
0d69a12fbb80dd0330a68e703ea8cc95	1	0	0	0	0	0	1	0	0	5	0	1	0	0	1	0	0	0	0	0	0	0	0	0	0	0	0	0	0	2
ca7b86acfd806aadf2a36fedbf7032c4	1	1	0	0	0	0	2	0	0	0	2	2	0	18	0	1	0	4	0	0	0	0	0	1	1	1	1	0	0	0
b8bfddc9fdee5ea3865998d6383cd3af	1	0	0	0	0	4	0	0	5	0	0	0	0	0	0	0	0	0	0	0	0	0	0	0	0	0	0	0	0	0
1093923106d950d59337417a544b3552	1	0	0	0	0	2	0	0	1	0	0	0	0	0	0	0	0	1	0	0	0	0	0	0	3	0	0	1	1	0
b305809e93976eef29d9a05ada66b887	1	0	0	0	0	3	0	0	0	0	0	3	0	1	0	1	0	0	0	0	1	0	0	0	1	0	1	3	0	0
4c4818fdb53ef815efad7263593e5174	1	0	0	0	0	0	2	2	0	0	1	0	0	0	1	1	0	0	0	0	1	0	0	0	0	0	0	0	3	2
f3fd9805c5824f8bef98a71502c176c5	1	0	0	0	0	2	0	0	0	0	0	0	0	0	0	0	0	4	0	0	0	0	0	1	0	0	0	0	8	0
947928d44949f9d95643bc42a4407d97	1	0	0	0	0	2	4	10	8	4	0	8	17	14	0	0	0	3	1	0	3	0	0	7	0	1	6	15	24	6
1196958a78d7c169d907d657ce97117a	1	0	0	0	0	1	0	10	0	4	6	1	0	0	1	1	0	3	0	0	0	0	0	0	16	0	0	3	0	0
c44d06034f753dbf9d560641650d8460	1	0	0	0	0	0	0	1	2	0	2	1	0	0	0	4	0	1	0	0	1	0	0	0	3	3	0	1	0	1
54515852525db2f2a7bd93e3e1bbba25	1	0	0	0	0	0	1	0	0	0	0	0	0	1	5	0	0	0	0	0	0	0	0	0	0	0	0	0	0	4
54148f44031c97224a14826181075bcc	1	0	0	0	0	1	0	0	0	0	0	0	0	0	0	0	0	1	3	0	4	0	0	3	0	0	0	6	0	0
10a9b5dc5042fda2020398cbc5ec5faa	1	0	0	0	0	0	1	3	0	3	0	12	0	5	2	3	0	10	32	0	36	0	0	42	0	0	73	40	1	80
3cde856ca88c5cc256625f3ef2557c01	1	1	0	0	0	2	0	0	3	2	0	0	0	0	0	1	0	0	0	0	0	0	0	0	2	0	0	0	0	0
c3b022acad0b099caa84684e56f57341	1	0	0	0	0	8	0	39	1	0	0	0	0	0	98	154	0	0	0	0	0	0	0	2	0	0	0	4	0	0
2f3c7b9938a1a869527863162ff5ce98	1	0	0	0	0	0	0	0	0	6	0	0	1	1	0	0	0	3	0	0	0	0	0	0	0	0	0	0	0	0
8f5ba66b72c7b9af049ad4897d378c94	1	0	0	0	0	1	5	2	0	0	0	3	0	1	12	4	0	0	0	0	0	0	0	0	0	0	0	0	0	2
fa5d1eb0c6fbf0a09e9cdf8aeb363952	1	0	0	0	0	3	0	0	1	10	1	3	1	0	1	0	0	1	0	0	0	0	0	3	0	0	0	3	3	0
7974f05b1afa7837fa3f34cc43bd2f93	1	0	0	0	0	2	0	5	10	0	16	0	0	0	0	0	0	12	0	0	0	0	0	0	15	0	0	0	1	0
37f9ed46b2ff648c3bc69a14ba39e8b3	1	0	0	0	0	10	0	1	9	0	0	0	0	0	0	5	0	5	0	0	0	0	0	0	0	0	6	1	24	1
247eeaf61b9b99ec9b3b76896b0e5371	1	0	0	0	0	0	12	3	0	0	0	1	2	0	17	7	0	1	0	0	0	0	0	0	0	1	0	4	0	2
bbd70daed354ffda1ec340c92e88ddd1	1	0	0	0	0	0	0	1	0	1	0	0	0	0	0	0	0	0	0	0	0	0	0	0	0	7	0	0	0	0
8ef2ca7a9a84ab1f0e3c3b56ac349934	1	0	0	0	0	1	1	1	24	0	2	0	0	0	6	3	0	5	0	0	0	0	0	0	43	0	0	1	1	0
cc35a0e81da217b5484dcf9976faa379	1	0	12	0	0	2	0	1	0	24	1	40	17	0	0	7	0	0	1	0	1	0	0	0	0	0	2	0	47	2
b97afe11b45e9cc5c555b6f9d0e1285a	1	0	0	0	0	0	0	5	7	0	0	0	0	0	0	2	0	2	0	0	0	0	0	0	0	0	0	0	0	1
c67212d4153842caaa3ec97dcaa2d9df	1	4	0	0	0	2	0	0	0	4	1	1	0	30	0	1	0	1	0	0	0	0	0	0	0	1	0	0	0	0
96986a72f862c4ea21ae4078cabcfd73	1	0	0	0	0	0	0	1	0	1	1	0	1	1	1	3	0	0	0	0	0	0	0	1	0	0	0	0	0	0
0350987959e0e659c861b21e30e1c27c	1	0	0	0	0	0	0	1	0	3	0	0	0	0	0	0	0	1	7	0	9	0	0	11	0	0	1	13	0	2
b44156175947e8384ead0b93a40a98a3	1	0	0	0	0	2	1	4	0	2	0	7	2	41	1	3	0	0	1	0	1	0	0	1	0	0	0	2	0	2
9f96eda749efee7c45ea24a4ccd456db	1	0	0	0	0	1	0	0	2	0	0	2	0	0	0	0	0	0	0	0	0	0	0	1	2	0	0	1	0	0
c952f86fc4628d5a5ae32f746f4f3663	1	0	1	0	0	0	0	3	0	7	0	0	6	0	0	0	0	0	0	0	0	0	0	0	12	0	0	1	9	0
be1daf67f7ab86cf6e84bdb40b58f315	1	0	0	0	0	0	8	0	1	1	1	6	0	0	23	8	0	0	0	0	1	0	0	3	5	0	3	5	9	3
60b4fff129fb49f5959b0020ab20100f	1	1	0	0	0	0	0	0	0	0	0	0	2	1	0	1	0	0	0	0	0	0	0	0	0	9	0	0	0	0
3690e1b7e94b4790129b71b9ca8bce54	1	0	0	0	0	4	0	5	15	1	6	3	1	0	1	5	0	5	0	0	0	0	0	0	8	0	0	1	3	2
7461021944860a379d00d37ce62b7616	1	0	0	0	0	3	0	0	2	1	0	0	3	0	0	6	0	0	0	0	1	0	0	1	1	0	0	0	0	0
051dd6fb2a8e858a2f8ee513902a3b63	1	0	0	0	0	0	2	1	0	0	0	0	0	0	0	0	0	0	2	0	8	0	0	0	0	0	0	0	0	6
37f84e138e0f97ff3297be79e2c26368	1	0	0	0	0	0	3	2	0	1	3	0	2	1	1	4	0	0	0	0	1	0	0	0	0	4	1	0	5	1
4af68f96a52d1aca07c45ca9e1a0971b	1	0	0	2	0	0	7	0	0	0	0	0	0	0	0	2	0	0	0	0	0	0	0	2	0	0	0	0	0	0
019fefe9d385542348a8cd608fdd145b	1	0	0	0	0	0	0	0	0	0	0	0	0	0	0	0	0	3	25	0	35	0	0	0	0	0	0	0	0	2
8aeca8b86d533af2af671207944fe86f	1	1	2	0	0	0	2	1	0	0	1	0	1	1	4	9	2	4	0	0	2	0	0	2	0	1	4	1	0	0
60af1919c7d842235b2e60296567086c	1	0	0	0	0	3	0	1	3	0	0	0	0	1	0	2	0	0	0	0	0	0	0	0	0	0	0	2	0	1
02a6ba166e7f1b0b6941cfdbdba38371	1	0	0	0	0	2	0	3	0	1	0	0	0	0	0	0	0	2	0	0	0	0	0	0	0	0	0	1	0	0
cef8df618c76a70a652fc8f53511675c	1	8	0	0	0	0	0	0	0	0	1	0	0	0	0	1	0	0	0	0	0	0	0	0	0	0	0	0	0	0
ddc4132da514573691f2dd073a74596a	1	8	0	0	0	3	0	3	0	1	0	1	0	5	2	0	0	4	0	0	0	0	0	0	1	0	0	1	0	1
ee511910be84309b5463c8e95932f1e6	1	1	0	0	0	0	1	8	0	0	2	1	0	0	5	2	0	3	0	0	0	0	0	0	0	0	0	1	0	2
7a6c138c6b1bee9ab65ae2df0a2e03e3	1	35	0	0	0	0	1	8	2	5	1	0	1	27	0	0	0	8	0	0	14	0	0	4	0	1	5	33	0	16
cc784a2a3523e76abc370d9805249266	1	0	0	0	0	0	0	2	3	0	0	0	0	0	0	3	0	6	0	0	0	0	0	0	0	0	0	2	2	0
cccfc42b3d38361f2a86ecf19734fc43	1	0	1	8	5	0	4	0	0	0	0	2	0	1	2	0	3	0	0	0	0	4	0	0	0	0	1	0	4	2
e4a6d7d8add5730734caf824d6558c34	1	0	1	0	2	3	3	0	0	0	0	1	0	1	0	5	1	1	0	0	0	1	0	1	0	0	2	1	0	0
55e43490fc7b79e04322abe73d0e8a76	1	0	0	0	0	0	0	1	0	2	1	0	0	0	0	0	0	4	0	0	0	0	0	0	8	0	0	1	0	0
71db01990d27951f3206d19eb4552e1a	1	0	0	0	0	3	0	0	1	2	0	4	0	0	0	0	0	9	0	0	0	0	0	2	5	0	0	0	0	0
7b18bf466c2358fc34ab48ecbb53d89e	1	0	0	0	0	2	1	3	1	1	5	0	0	4	1	5	0	4	0	0	0	0	0	0	20	0	0	3	0	2
e18951163270a4196720d8dcc40ba752	1	3	0	0	0	0	0	1	2	8	0	0	0	0	0	0	0	5	0	0	0	0	0	0	0	0	0	1	0	0
048c2823c12a2c78565bd9ed936f821d	1	0	0	0	0	2	0	1	0	32	0	0	0	0	0	0	0	3	0	0	0	0	0	0	0	0	0	0	0	0
b0bc8e8b22d6c751e14646a9d15d260b	1	0	0	0	1	0	3	0	0	0	0	0	0	0	0	0	0	0	0	0	0	0	0	1	0	0	0	4	0	0
4513a2e23add48eff3082a17071192ba	1	0	0	0	0	1	0	7	5	0	1	0	0	0	1	7	0	9	0	0	0	0	0	0	1	0	0	1	0	0
6868c03c8396f4c412666dd461cb38ad	1	0	0	0	0	3	0	4	10	0	5	0	0	0	6	13	0	2	0	0	0	0	0	0	0	0	0	0	0	0
98c598e6dc1e4fbee0846f8fcd0e539a	1	0	0	0	0	3	0	0	15	0	0	0	0	0	2	0	0	2	0	0	0	0	0	0	8	0	1	0	0	0
2d005820028dea274839af3083d0d5ea	1	0	0	0	0	1	1	1	3	0	0	3	0	0	0	0	0	1	0	0	0	0	0	0	0	0	1	0	12	0
5ce092ade0a04a2c9e410dc7a4afe2f3	1	0	0	1	0	0	8	13	8	0	0	1	0	0	28	4	0	1	0	0	0	0	0	0	0	0	0	0	0	2
5d1e8d648bfddab613ccb8f7babc982d	1	0	0	0	0	1	4	0	0	1	0	5	0	5	1	3	0	0	1	0	12	0	0	0	1	3	0	2	8	3
7ada33708837ed1b05f8c34c5f00d31d	1	5	0	0	0	1	0	4	0	0	0	0	0	6	0	0	0	1	0	0	0	0	0	0	0	0	0	0	0	0
dbf546f0f8e73af71d520dcc1f7213bd	1	0	0	0	0	0	1	1	0	0	0	0	0	2	0	1	0	0	0	0	0	0	0	0	5	0	0	0	0	1
d73895b0f2e9924df7855dd6d11bab85	1	0	0	0	0	6	0	0	1	0	0	1	0	0	0	0	0	0	0	0	0	0	0	3	0	0	1	6	0	0
67690e511cad98a9f2199e2f836b7ba7	1	0	0	1	0	3	0	2	16	0	1	5	0	0	0	0	0	21	0	0	0	0	0	0	4	0	0	0	0	0
0e07f96118d2b2fa8bfb7eef03876197	1	0	0	0	0	1	0	0	11	8	2	15	0	2	0	1	0	0	0	0	0	0	0	3	6	0	1	10	15	4
5152d5a3afc6b5219ffbf4b1d0cb3e53	1	0	0	0	0	8	1	0	4	0	2	5	0	0	4	4	0	3	1	0	0	0	0	0	4	0	0	0	1	1
632199037444d7fa178a7c593722942d	1	0	0	0	0	0	0	2	0	1	4	3	0	2	12	3	0	0	0	0	0	0	0	0	0	17	0	3	2	0
e37e78e8319a9208066cfc1d06764ca6	1	5	0	0	0	0	0	3	0	0	0	0	0	1	0	0	0	1	0	0	0	0	0	0	0	0	0	0	0	0
281e0111613b1c8b8f084358e0a73d33	1	0	0	0	0	0	0	0	0	0	0	1	0	3	0	0	0	0	0	0	0	0	0	0	0	1	0	3	0	1
68d27f6b2317ed42139728f25fb71e47	1	0	0	0	0	1	110	2	6	8	8	6	0	1	6	9	0	21	10	0	29	0	0	18	2	0	6	39	0	15
1164cb287750ca0502df10c686dfa0c4	1	0	0	0	0	4	0	0	0	7	0	2	0	0	0	0	0	0	1	0	15	0	0	8	0	0	2	18	4	12
4ec7723dfca7c0b2a21956bd59d76c19	1	3	0	0	0	0	1	1	0	0	1	0	5	2	2	5	0	9	0	0	0	0	0	0	0	4	0	1	0	1
05ff3872c01c76aad90dd5edfdc043cf	1	0	0	3	0	0	0	2	0	0	6	0	0	5	6	4	6	3	1	0	0	0	0	0	0	0	0	2	0	4
95c0e93363dadf6a1ea88ba568230f4a	1	0	0	0	0	2	0	5	11	0	0	0	0	0	0	0	0	0	0	0	0	0	0	0	0	0	0	0	0	0
01e11c6d53dcb8472c5ab711c0891a54	1	0	0	0	0	0	0	0	11	0	0	0	0	0	0	0	0	0	0	0	0	0	0	0	0	0	0	0	0	0
9fdf5009522a812c0a2ab1735107bd0a	1	0	0	1	0	0	15	0	7	0	0	5	1	0	2	12	0	3	0	0	1	0	0	0	1	0	4	3	24	19
d1c30c99486a3dd8906482df1528f251	1	0	0	0	0	0	0	0	20	5	2	0	0	0	0	0	0	14	0	0	0	0	0	0	33	0	0	0	0	1
70c7be373b2cf9386f9bb77438d92673	1	0	1	0	0	3	0	4	0	0	0	0	0	0	4	3	0	6	0	0	0	0	0	0	8	0	0	1	0	4
af8d92788548ec12ca078548cb1edc11	1	10	0	0	0	1	1	9	3	2	0	1	0	17	2	0	0	5	0	0	0	0	0	0	1	1	0	0	0	1
f8e789c5398dfecc7f5711f2409408f6	1	0	0	0	0	0	0	5	1	2	0	6	1	3	0	0	0	6	0	0	0	0	0	8	1	0	1	3	5	1
24984ec7a47e49943129f0f102f7756d	1	0	0	0	0	0	5	1	0	4	0	0	5	0	0	0	0	0	0	0	0	0	0	0	0	0	0	0	0	0
0347fc4c51eab07628632e624bbf027e	1	0	0	0	0	0	0	1	3	13	5	9	0	8	0	0	0	8	0	0	0	0	0	0	14	0	0	0	0	0
9e525ce6457126d3646e2e24b72a4906	1	1	0	0	0	1	13	0	0	0	0	0	3	0	2	0	0	0	0	0	0	0	0	0	0	0	0	0	0	0
495393e710a12af57616fd1b3b81d660	1	0	0	0	0	0	0	8	0	0	0	0	0	0	0	2	0	5	0	0	0	0	0	0	0	0	0	0	0	0
d4a402482c99e01d2dfb64e36e49c515	1	0	0	0	0	0	1	8	1	2	0	0	0	4	4	4	0	0	1	0	0	0	0	0	0	0	0	0	0	0
6d2312a63f1d26645f774bf217b6e02d	1	6	0	0	0	2	0	15	39	0	21	7	0	0	1	0	0	19	0	0	1	0	0	2	29	0	1	7	1	1
827ee6b1502ce129f7d5620d0f7e7892	1	0	0	0	0	0	0	0	0	0	0	0	0	0	1	9	0	0	0	0	0	0	0	0	0	0	1	0	0	0
a5cede4b2b644451c544e8846d553444	1	0	0	0	0	0	0	2	0	0	0	0	0	0	19	0	0	1	0	0	0	0	0	0	0	0	0	0	0	0
54d1d99405bc0126154cb62015cd31ab	1	1	0	0	0	8	2	0	0	2	1	0	0	3	1	0	0	0	1	0	0	0	0	0	0	0	0	0	0	1
314a9584e806d072a48217bddcb07ebf	1	0	0	0	0	0	7	0	0	0	0	0	0	0	5	0	0	0	0	0	0	0	0	0	0	0	0	1	0	1
33d1d18ab4cdb342886fa9787d9c9d4c	1	0	0	0	0	0	0	2	0	0	1	0	0	5	0	0	0	4	0	0	0	0	0	0	0	0	0	0	0	0
f138b569e9708587c4b5501f7d1ca1f8	1	1	0	0	0	0	0	0	0	0	0	1	2	0	2	0	0	2	0	0	0	0	0	0	0	10	0	0	0	0
b53112809d0406a570aa0cf20bcd539c	1	2	15	6	12	0	0	3	0	0	0	0	0	0	0	0	0	0	0	1	0	1	0	0	0	0	0	0	0	1
9102a67f5cf5121a355503be32f36b13	1	0	0	0	0	1	0	0	5	1	1	0	0	0	0	1	0	11	0	0	0	0	0	0	14	0	0	0	0	0
0b9ed494d7ec12cbcaaf484164e84289	1	1	0	0	0	1	0	4	12	0	2	0	1	0	1	0	0	0	0	0	0	0	0	0	0	6	0	0	2	0
df5b76b042789c9eda75f37c03b10f2a	1	0	1	0	0	10	8	14	10	5	0	3	8	1	42	77	0	8	0	0	0	0	0	0	0	0	0	9	0	0
c9b2e44a59c08781c10e07e2baddd07d	1	0	0	0	0	0	277	0	0	0	0	0	0	0	115	30	0	0	0	0	0	0	0	1	0	0	0	3	0	4
90c5e04d0d03ea4924daf8aba6b8ecc6	1	0	0	0	0	1	0	2	5	0	0	0	0	0	0	0	0	0	0	0	0	0	0	0	0	0	1	0	0	0
55a92f1959af6a412fe727261213c729	1	3	0	0	0	1	1	3	0	0	0	1	0	1	1	0	0	2	2	0	1	0	0	2	0	1	0	1	2	1
671685149954598286962d57f12fe24c	1	4	1	0	0	0	0	3	0	3	1	1	0	2	0	1	0	4	0	0	0	0	0	0	0	1	0	0	2	0
df4eeb2d41dd211d7301107f23cf75c5	1	0	0	0	0	0	0	0	0	0	4	0	0	0	0	0	0	3	0	0	0	0	0	0	6	0	0	1	0	0
b0db8fb0d7dc805af27d38677b7ba1b4	1	0	0	0	0	0	0	0	1	0	0	1	0	0	0	1	0	5	1	0	0	0	0	0	0	0	0	3	0	0
e88be4baf2b2079e74cce14028cf0c9f	1	0	0	0	0	0	0	21	0	0	0	0	0	0	5	0	0	22	0	0	0	0	0	0	0	0	0	0	63	12
44086550b8e69c7e2c66ee62b8b9705b	1	0	0	0	0	0	0	1	0	0	0	1	0	0	0	0	0	0	5	0	5	0	0	1	0	0	1	4	0	2
5f499ad0feb2283bc0c0f5f3fbcfdd88	1	0	0	0	0	0	0	0	1	0	0	0	0	0	0	0	0	3	4	0	0	0	0	8	0	0	0	3	0	0
d75c341c598df309f9cf40858739e95a	1	0	2	0	0	0	1	1	0	0	0	0	0	1	1	2	1	1	0	0	0	0	0	0	0	0	1	0	0	1
fb37ac5b7508a9798cd186c9aabee8e4	1	0	0	0	0	1	1	1	0	2	0	0	0	2	1	1	0	0	0	0	1	0	0	0	0	0	0	4	2	0
9c669fd180dd7a4e0c5586b90a558c50	1	0	0	0	0	0	0	1	5	0	0	0	0	0	16	0	0	0	0	0	0	0	0	0	0	0	0	0	0	1
f21cb8f01c8b5a6cab75fe2c66ba556f	1	0	0	0	0	0	0	1	3	0	0	0	0	0	0	1	0	3	0	0	0	0	0	2	12	0	0	0	0	0
7249cae0b9ddadb2193f678347216048	1	0	0	0	0	3	0	0	3	3	2	2	0	0	0	2	0	11	0	0	0	0	0	0	3	0	0	2	7	0
da57cebf06b47739eff947c212f899b0	1	13	0	0	0	5	0	18	30	13	4	7	1	0	14	19	0	25	0	0	0	0	0	0	26	0	2	8	10	0
a26787a59b1185f78b4c930eb5f31882	1	0	0	0	0	0	0	1	0	0	0	0	0	2	2	0	0	0	0	0	0	0	0	0	0	0	1	2	0	1
28da4207fd58199536ff2706320df7cc	1	0	0	0	0	3	0	3	28	0	0	5	0	0	0	8	0	2	0	0	0	0	0	0	7	0	0	0	0	2
05c83899404cc601ebfb8536750c2824	1	0	0	0	0	1	0	4	9	0	0	0	0	3	1	0	0	2	0	0	0	0	0	0	0	18	0	1	1	2
db2be06a449c0f0e0ea070e41b2d5e66	1	0	0	0	0	0	0	0	0	2	0	4	0	0	0	0	0	4	91	0	78	0	0	197	0	0	37	156	0	15
3d7b8dfc4e802d4bd325efbd97b413dd	1	0	0	0	0	5	3	0	1	1	0	1	0	0	0	2	0	0	0	0	0	0	0	0	0	0	0	0	0	0
6668a43b7f9cf725203e8959b07494e0	1	0	0	0	0	1	0	0	1	2	0	0	0	0	0	1	0	4	1	0	6	0	0	19	1	0	6	17	4	10
6902f7480b9305e5e3fcb88237f070d3	1	0	0	0	0	1	1	0	0	0	0	0	0	2	1	0	0	2	0	0	0	0	0	1	0	0	0	1	0	1
84e4ff52523f8b98114cc1cca2855022	1	0	4	2	0	1	0	1	0	2	2	0	0	0	1	1	0	4	0	0	0	2	0	0	19	5	0	0	0	4
6a6f8f7cb611cf31d1e3e9608ed05ac6	1	0	0	0	0	0	0	1	0	0	0	5	0	0	1	0	0	0	19	0	5	0	0	6	0	0	0	14	0	0
95831f4b376cd546c2507210eeeb4104	1	1	1	0	0	0	7	1	0	0	0	2	0	0	2	1	1	0	0	0	0	0	0	0	0	0	0	0	0	0
85aa16fce177ba3b2413531ef9397131	1	0	0	0	0	0	0	0	0	4	0	3	0	0	0	2	0	0	0	0	0	0	0	1	0	0	0	3	0	0
16cf7ad6db4ea80385248a8aa51914f1	1	0	0	0	0	0	1	0	0	0	0	0	0	3	1	4	0	2	0	0	0	0	0	0	0	0	0	2	0	1
267c56dc362b64e044ec84a9b23e5fb0	1	0	0	0	0	7	0	1	0	1	0	4	0	0	1	4	0	80	0	0	0	0	0	2	0	0	0	10	2	0
4b90db2da6fda0fe9b246de5f63a7b64	1	0	0	0	0	0	0	0	0	0	2	2	0	1	1	3	0	0	0	0	0	0	0	0	0	0	0	0	0	0
70a410a633374cc968a0bfd693662485	1	1	0	0	0	0	0	3	0	0	5	0	0	0	0	1	0	9	0	0	1	0	0	0	0	0	0	0	0	0
2affdb0c931abbba5d85c361fdf66df6	1	0	3	4	4	0	3	1	2	0	0	4	3	1	6	6	1	1	0	0	0	1	1	0	0	0	4	3	6	11
756c4e9b59c1e9441f8e2feeda7368e4	1	0	0	0	0	6	0	17	6	2	3	0	0	0	0	5	0	2	0	0	0	0	0	0	9	0	0	3	5	0
994e65b29bd48d79c1f4e6ce25c88845	1	0	0	0	3	0	0	0	0	0	0	0	0	0	0	0	2	0	0	2	0	1	0	0	0	0	3	0	0	1
f18be0869f9f7d12ec2b076e27828745	1	0	0	0	0	9	1	10	2	0	0	0	3	0	26	10	0	7	0	0	0	0	0	0	0	0	0	0	3	0
c63bf0656062c2e21294618bdc1e17b9	1	0	0	0	0	1	0	0	14	0	0	0	0	0	0	0	0	0	0	0	0	0	0	0	0	0	0	0	0	0
5166ef83b44dafbcec2541ceababb96d	1	6	0	0	0	4	1	12	2	3	1	3	1	4	11	11	0	6	0	0	0	0	0	0	2	0	0	3	0	1
6eb4106c4a9720b231c77f5f69a94264	1	0	0	0	0	3	0	2	2	0	0	0	0	8	0	0	0	0	0	0	0	0	0	0	0	0	0	0	0	1
77ca60b1e73d43dadc35f82a0753faeb	1	0	0	0	0	3	0	9	6	8	0	21	0	0	4	4	0	7	0	0	0	0	0	0	1	0	1	5	19	0
5ba129c1e95064d0603eb6f8db6fef10	1	1	0	0	0	0	0	0	0	0	0	0	0	1	2	2	0	7	0	0	0	0	0	0	0	0	0	0	0	0
076d2d8bf428e53c7293aaf6f81f7cf4	1	2	1	6	9	0	3	2	8	0	0	1	0	0	0	1	14	3	1	0	0	0	0	0	1	5	6	6	13	6
88af38c7ce88b548a4a623e6b835b80c	1	0	0	0	0	1	0	12	16	1	6	0	0	4	0	0	0	11	0	0	1	0	0	0	34	0	0	0	0	0
a07a3119b9c13b17b871dc13a60174c1	1	0	0	0	0	0	16	7	6	0	0	1	0	1	24	8	0	1	0	0	0	0	0	0	0	0	2	2	0	0
e93cab32b4bf4a417d08fad9e365dc22	1	0	0	0	0	0	0	1	6	0	1	1	3	0	1	4	0	0	0	0	0	0	0	4	6	0	1	2	4	2
db50fc7ad0e6bb1f9026db963594898a	1	0	0	1	0	0	2	0	1	0	0	3	3	0	2	3	2	0	0	0	0	0	0	0	0	0	0	2	1	0
1c07b4aaf1113b167141f158613047c3	1	1	1	0	0	0	0	2	0	3	0	0	0	1	0	0	0	0	0	0	0	0	0	0	1	0	0	1	1	0
a8ec832819b4cbe4bc1b13f9020581c2	1	0	0	0	0	0	0	0	0	19	0	0	6	0	0	3	0	0	0	0	0	0	0	0	0	0	0	6	12	0
37be88ad73b00c2834f49c823ea14e44	1	0	0	0	0	3	0	2	30	0	3	0	0	0	0	0	0	5	0	0	0	0	0	1	4	0	0	0	0	0
6952b5e5914e67b07467a59ce41d57b0	1	0	0	0	0	0	0	2	2	0	2	1	0	0	1	0	0	3	0	0	0	0	0	0	3	0	0	0	0	0
d94e5d000031bd1a80915c9492b06fc5	1	0	0	0	0	0	0	0	0	0	0	0	0	0	2	6	0	0	0	0	0	0	0	0	0	0	5	0	5	2
56dd39fe6e3cfa36ce325247c20c0185	1	0	0	0	0	1	0	4	0	0	0	0	0	0	21	0	0	1	0	0	0	0	0	0	0	0	0	0	0	0
174164165e47eb1e5251cec3024d17c7	1	0	0	0	0	5	0	0	0	1	0	6	0	0	0	0	0	1	0	0	0	0	0	0	0	4	0	0	0	0
fa97c167523e3c8d140df2cabb97c3e3	1	0	0	0	0	2	0	0	1	0	0	0	0	0	2	0	0	0	0	0	0	0	0	0	0	0	5	0	1	1
1862c08e1d250abeb45ce60268aad53e	1	0	0	0	0	0	0	0	0	0	0	0	0	0	0	0	0	0	4	0	1	0	0	3	0	0	0	8	0	0
e89e4aa56faf8af89d13127cded61ff0	1	0	0	0	0	0	0	0	0	9	3	3	0	0	0	10	0	0	0	0	0	0	0	0	1	0	0	4	2	1
96740d68d82019373ccbe7a82d7379b1	1	0	1	0	0	0	4	0	0	0	0	0	0	8	13	0	1	0	0	0	2	0	0	4	0	0	3	16	3	0
8db42877c8c2f5f73ef14d7e62886931	1	0	0	0	0	0	3	1	2	0	0	0	0	0	4	0	0	0	0	0	0	0	0	1	0	0	0	0	2	4
b50588a9408bd74b5078e500db7ab178	1	1	0	0	0	0	0	1	0	0	2	0	0	1	0	0	0	0	0	0	1	0	0	0	6	0	0	0	0	0
2f5a704f6086d7bc0d86483a97d81279	1	0	0	0	0	2	1	0	0	0	0	1	0	0	1	1	2	0	0	0	0	0	0	0	0	0	0	3	0	3
195ff85c51ddcd06a5974baf7c4e6450	1	0	0	0	0	0	0	0	0	6	0	0	0	0	0	0	0	0	0	0	0	0	0	0	0	0	0	0	3	3
69ebbd937559a88ee869147bd1efe1a9	1	0	0	0	0	0	6	0	7	0	1	0	0	0	29	4	0	0	0	0	0	0	0	0	0	0	0	0	1	0
6ff44638196e1ee3eb305f3a86caf48f	1	0	0	0	0	0	1	0	0	0	0	0	0	2	0	0	0	16	0	0	0	0	0	0	0	0	0	0	0	0
043ace166173af2f6fdaacbed5747f14	1	0	1	1	0	1	1	0	0	1	0	0	0	0	0	1	2	0	0	0	0	0	0	0	2	0	0	1	0	0
e5ae3214315dd1b057451eb8a8275d00	1	0	0	0	0	1	0	8	12	0	12	0	0	0	1	0	0	3	0	0	0	0	0	1	29	29	0	5	0	0
94513c5b0476168f19bf38c8e00faf8f	1	0	8	17	10	0	6	0	0	0	0	0	1	0	5	6	29	0	0	4	1	8	0	0	0	0	0	0	0	0
c72ba6e28e355653bd281705b6ddacad	1	0	0	0	0	0	0	0	3	0	0	0	0	0	0	0	0	13	0	0	0	0	0	0	0	0	0	0	0	0
48fa6695705b82a8b460ecdb7116b078	1	0	6	1	1	0	1	7	0	2	0	0	0	0	2	2	0	7	7	0	46	0	0	10	0	0	11	25	0	53
d3f85b6136f62d04ccedda60c8f13f78	1	0	0	0	0	0	0	0	0	0	0	9	0	0	0	0	0	0	0	0	0	0	0	0	0	0	0	1	2	1
4053eef955d89b3fc6cea95c729ad4bc	1	2	2	0	1	0	0	0	0	0	0	0	0	9	0	1	1	0	1	0	1	0	0	0	0	1	0	0	1	0
4d3978b00b632ce4974bbc462b15af31	0	2103	0	0	0	8	1	48	0	43	115	18	5	1711	11	17	0	33	0	0	0	0	0	0	1008	0	0	13	2	1
5842ee45dd9371b657dff80a7c4ab6e8	0	282	0	0	0	0	0	0	0	0	0	0	0	0	0	0	0	12	0	0	0	0	0	0	0	0	0	0	0	0
96416030b8b66e8d0d92fa074209dccd	0	227	0	0	0	8	6	42	23	189	710	33	1	425	1	1	0	71	0	0	0	0	0	7	1111	29	5	23	89	10
65ff33025b995707c03dd9580777dbea	0	144	0	0	0	0	0	4	8	1	5	4	0	0	12	21	0	6	0	0	0	0	0	0	1	0	0	1	1	1
cd602262b0dd9866fc3fcf15a80c2c03	0	108	0	0	0	0	0	0	0	0	0	0	0	0	0	0	0	0	0	0	0	0	0	0	0	0	0	0	0	0
aee45903771898ec9f398f53ff286506	0	95	0	0	0	0	0	0	0	0	0	0	0	0	0	0	0	0	0	0	0	0	0	0	0	0	0	0	0	0
ed5e9107dc0eeaac18642ab47efc685b	0	92	0	0	0	0	0	11	0	0	5	0	0	2	0	0	0	0	0	0	0	0	0	0	0	0	0	0	0	1
32de45442238e0cbd1e60df8c69eaee7	0	75	0	0	0	9	0	42	1	6	35	1	10	11	2	35	0	11	0	0	1	0	0	0	28	3	2	1	0	0
24c59def447d888bd13c25dc2014944f	0	64	0	0	0	0	0	2	0	1	0	0	0	0	0	0	0	3	0	0	0	0	0	0	0	0	0	0	0	0
d76f2adfa196dd9d01b996bd2f7d5f8c	0	61	0	0	0	0	0	0	0	0	0	0	0	0	0	0	0	0	0	0	0	0	0	0	0	0	0	0	0	0
bb0fcaf7fe9b70d66336147fafff97f8	0	60	0	0	0	2	0	3	0	4	2	2	0	11	0	0	0	4	0	0	1	0	0	0	0	0	0	0	0	1
64ebca06920fe65c0bdb1dbf9364bcb2	0	58	0	0	0	1	0	1	0	1	25	0	0	2	3	0	0	0	0	0	0	0	0	3	3	0	0	0	0	0
1c7e1a4ddce91205cc6fc14198c7d502	0	56	0	0	0	0	0	0	0	0	0	0	0	0	0	0	0	0	0	0	0	0	0	0	0	0	0	0	0	0
7a5aee2004c18211222f60514bb8f97e	0	54	0	0	0	0	0	18	0	8	10	4	0	62	0	0	0	0	0	0	3	0	0	0	0	0	0	2	4	1
0fa4d2492d59cd8744bcd2ce146a804d	0	54	0	0	0	2	0	2	0	1	4	1	0	14	1	0	0	4	0	0	0	0	0	0	0	1	0	5	2	2
180ebebbdb7ceabfc650075f768ca778	0	53	0	0	0	3	0	3	3	3	40	3	0	7	0	1	0	3	0	0	0	0	0	0	3	0	1	0	1	0
d17a29b2f8a480519a961610f963f76f	0	53	0	0	0	0	0	0	0	0	0	0	0	0	0	0	0	0	0	0	0	0	0	0	0	0	0	0	0	0
243ec26593a3c6c59357b462f22d8daf	0	52	0	0	0	0	0	0	0	0	0	0	0	0	0	0	0	0	0	0	0	0	0	0	0	0	0	0	0	0
b48e9a4f558da0fa359bb8ee3623085b	0	51	0	0	0	0	0	0	0	0	0	0	0	0	0	0	0	0	0	0	0	0	0	0	0	0	0	0	0	0
03792186125f0dd17f9c3ee4542ce5f0	0	51	0	0	0	0	0	0	0	1	1	0	2	0	0	0	0	0	0	0	0	0	0	0	0	0	0	0	1	0
606bf1e3a214d0f04c29a61b0c191f41	0	50	0	0	0	0	0	4	0	0	0	0	0	0	0	0	0	0	0	0	0	0	0	0	0	0	0	0	0	0
00221fa8418d452b775447d609cd19fb	0	48	0	0	0	0	0	4	2	0	7	0	0	13	4	0	0	3	0	0	0	0	0	0	0	0	0	0	1	1
7591e4a69ea2729e6e71e92ce531d148	0	47	0	0	0	0	0	0	0	0	1	0	0	0	0	0	0	0	0	0	0	0	0	0	0	0	0	0	1	0
9db458fdd10cc628d3666970d2d85a6d	0	41	0	0	0	0	0	11	0	0	0	7	0	0	4	31	0	0	1	0	0	0	0	6	0	180	3	1	9	3
ed9ae1bb1e70f33f1f34c04fdcf10ec7	0	39	0	0	0	9	0	38	0	2	3	1	0	5	0	0	0	2	0	0	0	0	0	0	0	0	0	1	0	2
b9de8599c8b436e159f9baa56839c812	0	37	0	0	0	0	0	1	0	0	0	0	0	2	0	0	0	0	0	0	0	0	0	0	0	0	0	0	0	4
cba65e5d6b61fff2f918822e9d2a56df	0	36	0	0	0	2	0	2	11	0	11	0	0	1	25	4	0	10	0	0	0	0	0	0	0	1	0	3	1	1
29755ad4198e938009f875a20b138282	0	36	0	0	1	0	0	0	0	0	0	0	0	0	0	0	0	0	0	0	0	0	0	0	0	0	0	0	0	0
0f46c05028184bafcb55e499316b800b	0	35	0	0	0	0	3	74	16	0	2	1	0	7	31	0	0	13	0	0	0	0	0	0	0	0	1	0	2	15
7593354329c11df23ff5634612c1065c	0	35	0	0	0	3	0	10	0	0	0	0	0	0	0	0	0	0	1	0	0	0	0	0	0	0	0	0	0	0
0582c30fa5b653fba8775a2458177a2a	0	35	0	0	0	0	0	0	0	0	0	0	0	0	0	0	0	0	0	0	0	0	0	0	0	0	0	0	0	0
66dd9e29c5c840fe7dba271a1733f520	0	33	0	0	3	0	0	0	0	8	3	0	0	0	0	0	3	0	0	0	0	0	0	0	0	0	0	0	0	0
0ee3686ebb11dac4a9db41cf63a5a5a8	0	32	0	0	0	0	5	0	0	0	0	0	0	0	14	0	0	0	0	0	0	0	0	0	0	0	0	0	0	0
00307fb97e2d22e7641bb7590bf8f335	0	32	0	0	0	0	0	0	0	0	0	0	0	0	0	0	0	0	0	0	0	0	0	0	0	0	0	0	0	0
d06e3506c6530279f2b0dc5887212527	0	32	0	0	0	1	0	3	2	2	2	0	0	8	0	0	0	0	0	0	1	0	0	0	0	0	0	0	0	0
db288c3e11dacdb44c7bae494cab3efa	0	31	0	0	0	1	5	0	0	0	0	0	0	3	4	0	0	0	0	0	0	0	0	0	0	0	0	0	0	0
2950e8dafc5670ea9b0380b72c00b898	0	31	0	0	0	0	0	2	0	0	0	1	1	11	0	0	0	0	2	0	0	0	0	0	0	2	0	0	0	0
f88e728a10411de15c359eacbf650914	0	30	0	0	0	0	0	10	0	10	12	0	0	2	75	6	0	3	0	0	0	0	0	0	0	0	0	2	2	4
33644af51fd23bbff2c445c278efc7db	0	29	0	0	0	0	0	0	0	0	0	0	0	0	0	0	0	0	0	0	0	0	0	0	0	0	0	0	0	0
985af2827a4b5ae345e4986daf2d3aad	0	29	0	0	0	0	0	0	0	0	0	0	0	0	0	0	0	0	0	0	0	0	0	0	0	0	0	0	0	0
a506032de79c1ffe7dfb8115e017b375	0	29	0	0	0	0	0	0	0	0	0	0	0	0	0	0	0	0	0	0	0	0	0	0	0	0	0	0	0	0
759ace4a4f4e04989dba2e75d7d9d315	0	29	0	0	0	0	0	0	0	0	0	0	0	0	0	0	0	0	1	0	0	0	0	0	0	3	0	0	0	0
d4f069af5d8fea2a76dad58dc4f21e1f	0	29	0	0	0	0	0	0	0	0	0	0	0	0	0	0	0	0	0	0	0	0	0	0	0	0	0	0	0	0
e9a4bc5e33eee20c98037db9184a9e6b	0	28	0	0	0	0	0	1	0	5	0	5	0	0	0	0	0	6	0	0	0	0	0	0	0	0	0	0	2	0
8c1e6ab655b9722887efac96f1a9a480	0	28	0	0	0	0	0	0	0	0	0	0	0	0	0	0	0	0	0	0	0	0	0	0	0	0	0	0	0	0
90d8db26d6216fb315d18e911891ba4a	0	28	0	0	0	2	0	1	0	0	0	0	0	9	0	0	0	1	0	0	0	0	0	1	0	0	0	1	0	0
1057af9c5476db03ab962f8175eb1d6a	0	27	0	0	16	4	14	13	20	1	2	1	0	0	33	27	0	3	2	0	1	0	1	3	0	1	6	18	14	15
ffc296f4db0c7a469cec78001fa1b23a	0	27	0	0	0	1	1	17	0	0	0	3	4	748	0	0	0	0	0	0	0	0	0	0	0	0	0	0	1	0
cd84a70c7af09d8f7b3d966f797a0865	0	26	0	0	0	0	0	0	0	0	0	0	0	0	0	0	0	0	0	0	0	0	0	0	0	0	0	0	0	3
31b9e089d4a6338ab7d5c51b02a3eff7	0	26	0	0	0	0	0	0	0	0	0	0	0	0	0	0	0	0	0	0	0	0	0	0	0	0	0	0	0	0
50dee1faa9a296f3611ca61d6ed4db12	0	26	0	0	0	0	0	4	1	5	1	0	0	2	0	3	0	5	0	0	0	0	0	0	1	0	0	1	0	0
0ef64d1e273122812f0df035edf19c53	0	26	0	0	0	0	0	10	0	6	1	0	0	2	0	0	0	1	0	0	0	0	0	0	0	0	0	0	0	0
5d59ea5172c8812310a2f9ff3e42ed5c	0	26	0	0	0	0	0	0	0	0	0	0	0	0	0	0	0	1	0	0	0	0	0	0	0	0	0	0	0	0
62d45ae5e4cec4f1f957d0ccbd6dd798	0	26	0	0	0	0	0	0	0	0	0	0	0	0	0	0	0	0	0	0	0	0	0	0	0	0	0	0	0	0
20098e5d7783316e2f331ea86a88350e	0	26	0	0	0	0	0	2	0	0	2	0	0	4	0	0	0	0	0	0	0	0	0	0	0	0	0	0	0	1
142131bce21500690e3dcc2db2c5a382	0	25	0	0	0	2	2	18	0	27	0	0	2	75	0	3	0	0	1	0	0	0	0	0	0	0	0	2	0	2
c015b12f5aa289d0500fd803c31f1ad9	0	25	0	0	0	2	0	3	2	1	4	3	1	3	0	0	0	3	0	0	0	0	0	0	0	0	1	0	2	0
8f453caa7083d37a1597359907d4e93c	0	24	0	3	0	16	2	0	57	1	0	135	0	16	7	0	2	10	0	0	0	0	0	14	17	0	4	27	12	2
c1c6522fe2328da7afe1fb5f7f6d5a84	0	23	0	0	0	0	0	0	0	0	0	0	0	0	0	0	0	0	0	0	0	0	0	0	0	0	0	0	0	1
5c77d68cbcaf21a1641ae147191c5ac7	0	23	0	0	0	0	0	0	0	0	0	0	0	0	0	0	0	2	0	0	0	0	0	0	0	0	0	0	0	0
56ecb5c5a4760d3917449eb64d0436b4	0	23	0	0	0	2	0	3	2	7	9	1	0	25	1	1	0	5	0	0	0	0	0	0	7	0	0	0	0	1
e5fb5d36d85c4b1d9426ae45ad960edc	0	22	0	0	0	0	0	0	0	0	0	0	0	0	0	0	0	0	0	0	0	0	0	0	0	0	0	0	0	0
1cd987483d68552bb46ce74bc60e8faf	0	22	0	0	0	0	0	0	0	0	1	0	0	0	0	0	0	0	0	0	0	0	0	1	0	0	0	0	0	0
d1dcc601bb1e6c42875ccbb987931690	0	22	0	0	0	1	0	2	4	0	0	0	0	2	6	1	0	4	0	0	0	0	0	0	0	0	0	0	0	0
3b24a1db1f2cb58d3010483fa42737e6	0	21	0	0	0	0	0	0	0	0	0	0	0	0	0	0	0	0	0	0	0	0	0	0	0	0	0	0	0	0
922f78cfaf55ed91e55c96f61b884633	0	21	0	0	0	0	0	0	0	0	0	0	0	2	0	0	0	0	0	0	0	0	0	0	0	0	0	0	0	0
a836edb88c028d3dc86f58650f58aad8	0	21	0	0	0	0	1	2	0	1	0	0	0	0	15	2	0	0	0	0	0	0	0	0	0	1	0	0	0	0
371ce0f4ad1e9865489cdcbb154bf6c4	0	21	0	0	0	0	0	2	0	1	1	0	0	6	0	2	0	1	0	0	0	0	0	0	0	0	0	0	0	0
3b1161de6537c97c34d22a29152e3072	0	20	0	0	0	1	0	24	0	5	2	1	1	6	0	1	0	2	1	0	0	0	0	0	0	0	0	0	1	0
c6f84b37b9805d981a8d4ebf9ca30ebf	0	20	0	0	0	0	0	0	0	0	0	0	0	0	0	0	0	0	0	0	0	0	0	0	0	0	0	0	0	0
8307c38fb8f105549cdf852f6fbd0357	0	20	0	0	0	0	0	0	0	0	0	0	0	0	0	0	0	0	0	0	0	0	0	1	0	0	0	0	0	0
f64f2ec4880b53e0a563e518eb1fd0bc	0	20	0	0	0	3	0	36	2	7	2	0	1	8	0	0	0	2	0	0	0	0	0	0	0	0	0	1	0	1
7d521679985edbf388a55218a688a20b	0	19	1	3	0	0	10	1	0	0	0	1	9	0	0	4	0	0	0	0	0	0	0	0	0	0	0	4	0	0
265f8a13debae74aa4c5f8602bf0566c	0	19	0	7	0	0	2	1	1	2	7	4	0	11	4	1	1	2	0	0	1	0	0	0	1	1	0	0	0	1
d6fbefb84c261e59b2387e64d508f034	0	19	0	0	0	0	0	1	0	4	0	0	0	20	0	0	0	0	0	0	0	0	0	0	0	0	0	0	0	0
214138f1f9522d9438321f1b62cf5418	0	19	0	0	0	0	0	0	0	16	0	0	0	78	0	0	0	0	2	0	1	0	0	4	0	163	0	0	3	0
2307132a9f86136723f5f2d85cb330c1	0	19	0	0	0	0	0	11	0	3	12	4	0	1	0	1	0	4	0	0	1	0	0	0	0	0	2	4	2	1
c3896f33ccdb49226fe2fe27fa91e3d5	0	18	0	0	0	0	0	3	0	1	2	1	0	8	1	2	0	0	0	0	0	0	0	0	0	0	0	0	2	0
f87485ba02c3a89a0aa2d421be9f670b	0	18	0	0	0	0	4	6	0	0	0	0	0	8	0	0	0	0	0	0	0	0	0	1	0	0	0	0	0	0
77492fea62dc9f2fb1ea9db5282f1e91	0	17	0	0	0	0	0	2	2	1	0	2	0	0	0	0	0	2	3	0	3	0	0	0	0	1	1	0	1	0
0a5418f4ef6efaf879eaee89fb3c9ead	0	17	0	0	0	0	0	0	0	0	0	0	0	13	0	0	0	0	1	0	0	0	0	0	0	0	0	0	0	0
52af43e7bc01e70a3c42e2a03e6ee54a	0	17	2	0	0	4	1	0	0	8	6	18	16	0	1	15	0	0	0	0	0	0	0	0	0	2	0	8	0	0
6447b659190db546d92d0ecc0b58727a	0	17	0	0	0	0	0	0	0	0	0	0	0	0	0	0	0	0	0	0	0	0	0	0	0	0	0	0	0	0
3022b02621aa935b07ab0202a74b48d3	0	17	0	0	0	0	0	4	0	1	0	3	0	0	0	0	0	1	0	0	0	0	0	0	0	0	0	0	0	0
19339a1f7f73bc695bb70c2f20392fb7	0	17	0	0	0	0	0	0	0	0	0	0	0	0	0	0	0	0	0	0	0	0	0	0	0	0	0	0	0	0
e676432458d7ef2934bbcf93820c3c46	0	17	0	0	0	0	0	0	0	0	0	0	0	14	0	0	0	0	3	0	0	0	0	0	0	0	0	0	0	1
77b3c4ed914ede60ecd43d7325245722	0	17	0	0	0	0	0	1	0	0	0	0	0	0	0	0	0	2	0	0	0	0	0	0	0	0	0	0	0	0
b988ade995a127ed52eaab67d04ef997	0	17	0	0	0	0	0	0	0	0	0	1	0	0	0	0	0	0	0	0	0	0	0	0	0	0	0	0	0	0
17872058e13a881a7e80a8fbd816ebc3	0	16	0	0	0	0	0	2	0	0	3	0	1	0	10	0	0	0	0	0	1	0	0	4	0	0	0	3	0	0
764e30ecddca104dc43e7b5275fe02e7	0	16	0	0	0	0	0	6	0	6	0	3	0	9	0	0	0	0	0	0	0	0	0	0	0	0	0	0	0	0
c8985e2becf5018acc4251cace8b81bc	0	16	0	0	0	0	0	0	0	0	0	0	0	0	0	0	0	0	0	0	0	0	0	0	0	0	0	0	0	0
ee0df519e355375e4649dc7f906098bd	0	16	0	0	0	11	0	16	9	7	8	8	2	15	0	0	0	0	0	0	0	0	0	0	2	1	2	0	5	0
726f987361e2a2b5ae2d94c0114a08d3	0	16	0	0	0	0	0	5	3	0	4	0	2	0	1	0	0	1	0	0	0	0	0	0	0	0	0	0	0	0
cf0b8ed8f223143e77485d401b5b37f8	0	16	0	0	0	0	0	0	0	0	19	0	0	33	0	0	0	0	0	0	0	0	0	5	29	134	2	22	0	0
df74ae4bb961d0441bf455e4ad3b34e0	0	15	0	0	0	0	0	0	0	0	0	0	0	0	0	0	0	1	0	0	0	0	0	0	0	0	0	0	0	0
97230096c55f8b03f8d12f1e23b05192	0	15	0	0	0	0	0	0	0	0	0	0	0	0	0	0	0	0	0	0	0	0	0	0	0	0	0	0	0	0
08cb18da0a22e4a39baa0a9dc710b609	0	15	0	0	0	2	0	0	2	0	0	0	0	13	3	1	0	1	0	0	0	0	0	0	0	0	0	1	0	1
30c41a6649c24fc2a7c755b01b3423f1	0	15	0	0	0	0	0	2	0	1	1	1	0	0	0	0	0	3	0	0	0	0	0	0	0	0	0	0	1	0
6b40ae809ba32b4648a3c683a73de1c6	0	15	0	0	0	0	0	1	0	0	0	0	0	5	0	0	0	0	2	0	0	0	0	0	0	0	0	0	0	0
4954941d09fb4d414bfdb52134e2fb9b	0	15	3	0	2	0	0	0	0	0	0	0	3	1	0	0	2	0	0	0	0	0	0	0	0	0	0	1	0	2
12c35f3acab919c9d64181cb82e5b1a4	0	15	0	0	0	0	0	0	0	0	0	0	0	0	0	0	0	0	0	0	0	0	0	0	0	0	0	0	0	0
c3c09220f5e42b4917f09f0160c6b29d	0	15	0	0	0	3	0	10	0	1	2	0	0	0	1	0	0	6	0	0	0	0	0	0	0	0	0	1	0	1
775a8d179bd8cd8c3ce90c95fbdeac4d	0	15	0	0	0	0	0	0	0	0	0	0	0	0	0	0	0	0	0	0	0	0	0	0	0	0	0	0	0	0
921904741ce66387a51d7d7362fecbdf	0	15	0	0	0	0	0	0	0	0	0	0	0	3	0	0	0	0	0	0	0	0	0	1	0	0	0	0	0	0
9c737ffdea0cbe10d2f3e6b9f4a2310f	0	14	0	0	0	0	0	0	0	0	0	0	0	0	0	0	0	2	0	0	0	0	0	0	0	0	0	0	0	0
5d181f02d9e402eaa71a9d38ebe8db74	0	14	0	0	0	0	0	17	0	0	0	1	0	37	0	3	0	14	0	0	0	0	0	0	5	0	0	7	0	1
2de5d4054914527497d485e943c5681c	0	14	0	0	0	0	1	7	2	3	9	13	0	7	0	0	0	15	0	0	0	0	0	0	6	0	0	0	8	0
cc41cdfbdfcb7afe89e9f34b50c1c5bc	0	14	0	0	0	0	0	0	0	0	0	0	0	0	0	0	0	0	0	0	0	0	0	0	0	0	0	0	0	0
ed3761bfc0438701049f942e8481f3f4	0	14	0	0	0	0	0	0	0	0	2	0	0	0	0	0	0	0	0	0	0	0	0	0	0	0	0	0	0	0
4b61af344816b3233a4a1f64487bfea3	0	14	0	0	0	0	0	0	0	0	0	0	0	1	0	0	0	0	0	0	0	0	0	0	0	0	0	0	0	0
db5a1b462287e0683fee3576d4813c03	0	14	0	0	0	0	0	8	0	0	0	0	0	0	0	0	0	0	0	0	0	0	0	0	12	0	0	0	0	0
3a34a941e64447832bf82714e33eef59	0	14	0	0	0	0	0	0	0	0	0	0	0	0	0	0	0	0	0	0	0	0	0	0	0	0	0	0	0	0
707b513f6082894e62ed68055e2ed3d8	0	14	0	0	0	2	2	12	0	3	1	0	0	1	0	0	0	0	0	0	0	0	0	1	0	0	11	3	13	3
f98ff341a344ae459cf52a80d3a530b9	0	14	0	0	0	0	0	0	0	0	0	0	11	0	0	0	0	0	0	0	0	0	0	0	0	0	0	0	0	0
acd6c32b8b01b30ab74479a6a4757e14	0	14	0	0	0	0	0	3	0	0	0	0	0	0	0	0	0	0	0	0	0	0	0	0	0	0	0	0	0	0
454b55699850a380be5d5f2a7fe17fe2	0	14	0	0	0	0	0	0	0	0	0	0	0	0	0	0	0	0	0	0	0	0	0	0	0	0	0	0	0	0
a1504c2241049e89c05a2cbc3519d3a9	0	14	0	0	0	0	0	0	0	0	0	0	0	0	0	0	0	0	0	0	0	0	0	0	0	0	0	0	0	0
b282beaf8c76be1b4500a26aa6700cdd	0	14	0	0	0	0	0	0	0	0	0	0	0	1	0	0	0	0	0	0	0	0	0	0	0	0	0	0	0	0
cba6e71a1dfb04c53c02a83236cbeb10	0	14	0	0	0	0	0	0	0	0	0	0	0	7	0	0	0	0	0	0	0	0	0	0	0	0	0	0	1	0
71a305a92f3a01db37106ec834c24cb3	0	13	2	0	0	0	0	0	0	0	0	0	0	0	0	0	2	0	0	0	0	0	0	0	0	0	0	0	0	0
01bb7d757ba53069e4fbdf900cb55fe1	0	13	0	0	0	6	0	2	7	7	8	6	1	30	0	3	0	9	0	0	0	0	0	0	28	10	1	1	2	0
68871bb2785975a318d0b447415a89d6	0	13	0	0	0	0	0	11	0	0	0	0	1	0	0	1	0	0	0	0	0	0	0	0	0	0	0	0	0	0
749772773f2bf050b70231a2ecae2727	0	13	0	0	0	0	0	0	0	0	0	0	0	0	0	0	0	0	0	0	0	0	0	0	0	0	0	0	0	0
4be31b9f095a9e0e894ad1d8392943e5	0	13	0	0	0	1	0	8	0	6	1	2	0	5	0	3	0	3	0	0	0	0	0	0	0	0	0	1	0	0
f9c93de3becaac09672619224cceabdb	0	13	0	0	0	0	0	0	0	0	0	0	0	0	0	0	0	0	0	0	0	0	0	0	0	0	0	0	0	0
33608c4540a029e2f6d263f04b677dda	0	13	0	0	0	0	0	4	0	4	1	0	0	0	0	0	0	0	0	0	0	0	0	0	0	0	0	0	0	0
d2577cb648db628f71baaff861b59211	0	13	0	0	0	0	0	0	0	3	0	0	0	12	0	0	0	0	0	0	1	0	0	0	0	1	0	1	0	2
d0ef9b6eada5172d49968870bd0e95f1	0	13	0	0	0	0	34	0	0	0	0	7	0	0	12	8	6	3	0	0	0	0	0	7	0	20	0	0	3	0
b256bef3aec567352daefaa9a8b3c3a2	0	13	0	0	0	0	0	0	0	0	0	0	0	0	0	0	0	0	0	0	0	0	0	0	0	0	0	0	0	0
0853949cebbf8faeb46430acc3f15346	0	13	0	0	0	12	0	11	0	7	5	2	1	10	0	2	0	8	0	0	2	0	0	0	0	1	3	1	2	2
fcb99b0dac9df198cd7d3b27f1da59c3	0	13	0	0	0	0	0	0	0	0	0	0	0	2	0	0	0	0	0	0	0	0	0	0	0	0	0	0	0	0
600cd2b7c25100e4e34967011acbaa6a	0	12	0	0	0	0	0	0	0	4	0	0	0	26	0	0	0	0	0	0	0	0	0	0	0	0	0	0	0	0
3497f55fc05f4657a84388fcb86e43f4	0	12	0	0	0	0	0	1	0	0	0	0	0	0	6	0	0	0	0	0	0	0	0	0	0	0	0	0	0	0
0901f40e9f1d0c458b94c2d47ac6a410	0	12	0	0	0	2	0	0	3	0	0	0	0	8	2	0	0	0	0	0	0	0	0	0	0	0	0	0	0	1
facf9d5f4f781b7343fa753e566800d2	0	12	0	0	0	0	7	0	12	0	0	30	5	0	12	25	0	0	0	0	0	0	0	6	0	0	3	9	46	1
bc2cf235d335048d1cbf7b3cecc414a7	0	12	0	0	0	0	0	9	0	0	0	0	0	0	0	0	0	0	0	0	0	0	0	0	0	0	0	0	0	0
6a68a9aee1da7c2dc8dda1a47c371646	0	12	0	0	0	0	0	0	0	0	1	0	0	0	0	0	0	2	0	0	0	0	0	0	0	0	0	0	0	0
32aed9492829e2669a34aebd5e262072	0	12	0	1	1	0	0	0	4	0	0	0	0	0	0	0	0	0	0	0	0	0	0	0	0	0	0	0	0	0
9951fcc0acc44eaa91e60fd5f1f81819	0	12	0	0	0	0	0	1	0	1	0	0	0	0	0	0	0	0	0	0	0	0	0	0	0	0	0	0	0	0
b98ec8e3d61da09501d977aaf059eb4a	0	12	0	0	0	0	0	14	0	1	6	0	0	0	0	0	0	0	0	0	0	0	0	0	0	5	0	1	1	1
19dd7ba96dbc78612f290890da883b79	0	12	0	0	0	0	0	0	0	0	0	0	0	0	0	0	0	0	0	0	0	0	0	0	0	0	0	0	0	0
2c9de9c2b6e402e35bedc600f32c0291	0	12	0	0	0	0	0	0	0	0	0	0	0	17	0	0	0	0	0	0	0	0	0	0	0	0	0	0	0	0
3c07c227ae7ae4f97c2c9bdeedcbc56c	0	12	0	0	0	0	0	0	0	3	0	0	0	12	0	0	0	0	0	0	0	0	0	0	0	0	0	0	0	0
a580e92883f2efc5ca64776bdb48759c	0	12	0	0	0	0	0	2	6	5	2	1	0	36	0	0	0	3	0	0	0	0	0	0	11	0	0	3	0	0
5e7229ad07d78f94896e0aa3e46fc9ea	0	11	0	0	0	0	0	0	0	0	0	0	0	0	0	0	0	0	0	0	0	0	0	0	0	0	0	0	0	0
b765e4063ab25ca6294350fa2bc439a6	0	11	0	0	0	0	0	1	0	0	0	0	0	0	0	0	0	0	0	0	0	0	0	0	0	0	0	0	0	0
99dbf9a84eaad4fce55aa43b85e7afcc	0	11	0	0	0	0	0	0	0	0	0	0	0	0	0	0	0	1	0	0	0	0	0	0	0	0	0	0	0	0
2048fa8e5fb887646353f3add552f90e	0	11	0	0	0	0	0	3	0	0	0	0	0	0	0	0	0	3	0	0	0	0	0	0	0	0	0	0	0	0
64788b81203fcc277bd490c2d8b2b268	0	11	0	0	0	0	0	0	0	0	0	0	0	0	0	0	0	0	0	0	0	0	0	1	0	0	0	0	0	0
b4b8b6c396da7e9b586430c1126901ef	0	11	0	10	6	11	40	53	11	43	24	24	14	66	10	70	2	35	4	0	1	0	0	23	20	0	11	86	15	17
740624b397b68fc8192d4405f1d758b8	0	11	0	0	0	0	0	0	0	0	0	0	0	6	0	0	0	0	0	0	0	0	0	0	0	0	0	0	2	0
5006ab579e8dc2552a37f960a15abbbe	0	11	0	0	0	3	0	0	0	0	0	0	0	2	0	1	0	1	0	0	0	0	0	0	0	0	0	0	0	0
62a9ae0214ddd79b7c9fa2a1d5607d70	0	11	0	0	0	0	0	0	0	0	0	0	0	0	0	0	0	0	0	0	0	0	0	0	0	0	0	0	0	0
7cb04fbb6d48f021e421ca2b857c0207	0	11	0	0	0	0	0	0	0	0	0	0	0	0	0	0	0	0	0	0	0	0	0	0	0	0	0	0	0	0
7b21b1b73af28ad2acfdbda458af68b0	0	11	0	0	0	0	0	18	0	0	0	0	0	6	0	0	0	0	0	0	0	0	0	0	0	0	0	0	0	0
79b3b7e66c752e9bc2bc4bd2b10f5555	0	11	0	0	0	0	1	1	0	0	2	10	0	11	0	1	0	2	0	0	1	0	0	3	1	45	0	7	13	4
651f9a3e2dfe7328d26b370ddc4e3205	0	11	0	0	0	0	0	0	4	5	0	9	0	0	2	0	0	0	0	0	1	0	0	1	0	0	0	3	0	0
1ab816fbb0035af864d2f233747a2941	0	10	0	0	0	0	0	0	0	0	0	0	0	0	0	0	0	0	0	0	0	0	0	0	0	0	0	0	0	0
0a53c83c44f7f032a5aa23a98809295f	0	10	0	0	0	0	0	1	0	0	2	0	0	7	0	0	0	0	0	0	0	0	0	0	0	0	0	0	0	0
19a12acb82f049d98bfea0746a8abef9	0	10	0	0	0	0	0	0	0	0	0	0	0	0	0	0	0	0	0	0	0	0	0	0	0	0	0	0	0	0
687626c3f0ed6357e3ab7efdb50075c2	0	10	0	0	0	0	0	0	0	5	0	9	0	0	0	10	0	0	0	0	0	0	0	0	0	0	0	5	0	0
79c6399cf43ec752318dff731fe1068b	0	10	0	0	0	0	0	2	0	1	0	0	1	4	0	0	0	0	0	0	0	0	0	0	0	0	0	0	0	0
f17b7a1086b85dec60ecd46d70981710	0	10	0	0	0	2	0	3	0	1	1	0	0	1	0	0	0	0	0	0	0	0	0	0	0	0	0	0	0	0
96fd849ea0b8ef58b6abcf2dbbb7d44a	0	10	0	0	0	0	0	0	0	4	27	0	0	5	0	0	0	0	0	0	0	0	0	0	0	32	0	1	0	6
e7a22fccb1252710c4cee6fd83baf591	0	10	6	2	4	0	8	0	0	0	0	0	0	3	16	4	18	1	0	0	1	0	0	1	0	2	0	3	0	0
df165db164af7f6907b35ffdea763ec9	0	10	0	0	0	7	0	19	18	2	8	0	0	8	8	0	0	8	0	0	0	0	0	0	0	0	0	0	2	0
cbe085f87a4695c5053de14936188774	0	10	0	0	0	0	0	0	0	0	0	0	0	0	0	0	0	0	0	0	0	0	0	0	0	0	0	0	0	0
71b9c350d4a4c8abaa9b96d3195a6ca0	0	10	0	0	0	0	0	6	0	5	0	0	0	1	0	0	0	0	0	0	0	0	0	0	0	0	0	0	0	0
66e0e0dffc1e22ea2f04a03b8a5be9f5	0	10	0	0	0	0	0	0	0	0	0	0	0	3	0	0	0	0	0	0	0	0	0	0	0	0	1	0	1	0
e387422001bdae17d2a805eb1f22474c	0	10	0	0	0	0	0	0	0	0	0	0	0	0	0	0	0	0	0	0	0	0	0	0	0	0	0	0	0	0
f380a89cbf318f8beb9d5182f4c61616	0	10	0	0	0	0	0	1	0	0	0	1	0	4	0	1	0	0	0	0	0	0	0	0	0	0	0	0	0	0
85187c18d7d1146e2695730a888d60bd	0	10	0	0	1	1	0	0	0	0	0	0	0	0	2	0	0	1	0	0	0	0	0	1	0	0	0	0	0	0
e5ef3a4b44de4486bdb810149f23cd56	0	10	0	0	0	0	0	0	0	0	0	0	0	0	0	0	0	0	0	0	0	0	0	0	0	0	0	0	0	1
1c89ff334e82655ed3840cbda6ec5b7f	0	10	0	0	0	0	0	3	1	0	0	0	0	2	0	3	0	4	0	0	0	0	0	0	4	0	1	0	0	0
14609e51aad9ca59533325377fe37cb3	0	10	0	0	0	47	0	71	129	27	12	11	64	10	54	0	0	37	0	0	0	0	0	5	42	9	0	12	0	0
691680f37a8dc6fe1441b71a7edc8e7a	0	10	0	0	0	0	0	7	0	2	0	0	0	0	0	0	0	0	0	0	0	0	0	0	0	0	0	0	0	0
a116b3f9ba075fa392043b0011d0aaf9	0	10	0	0	0	3	0	0	0	0	0	0	0	0	0	0	0	0	0	0	0	0	0	0	0	0	0	0	0	0
3859160616218b8578dda437a19b284c	0	9	0	0	0	0	0	0	0	0	0	0	0	11	0	0	0	0	0	0	0	0	0	0	0	0	0	0	0	0
fed82402685bfd7e843b0fc5f3fd5826	0	9	0	0	0	0	0	0	0	0	1	0	0	0	0	0	0	0	0	0	0	0	0	0	0	0	0	0	0	0
e7ed4264441e3b390972d3967a60fea9	0	9	0	0	0	29	0	0	0	22	21	0	0	0	0	0	0	18	2	0	0	0	0	8	131	0	2	5	9	0
5dfd812581a68cca1e1ef85975765719	0	9	0	0	0	0	0	0	0	0	1	0	0	2	0	0	0	0	0	0	0	0	0	0	0	0	0	0	0	0
d3998e63dc26ccf5e85962509fe464c7	0	9	167	207	376	5	23	7	0	18	3	6	11	1	18	27	196	2	0	71	5	397	129	0	0	0	19	20	39	53
9bf9e008c3b2ada60191e459e2b49a87	0	9	0	0	0	0	0	0	0	0	0	0	0	0	0	0	0	0	0	0	0	0	0	0	0	0	0	0	0	1
42ebbb92902382408252852aacda733a	0	9	0	0	0	0	0	0	0	1	0	1	0	6	0	2	0	0	0	0	0	0	0	0	0	0	0	0	0	2
0f759b6006737182578d72919b57ca3f	0	9	0	0	0	0	0	3	0	0	3	0	0	7	0	0	0	0	0	0	0	0	0	0	0	3	0	2	0	0
1b3f82158fc406ac93a0c841d6795bf6	0	9	0	0	0	0	0	0	0	0	0	0	0	0	0	0	0	0	0	0	0	0	0	0	0	0	1	0	0	0
71ccf786cb8fb7b7dea482967457c250	0	9	0	0	0	15	0	6	8	0	2	0	0	25	0	0	0	0	0	0	0	0	0	0	6	0	0	0	0	0
808ce73cd401f14d3d1e2bc97d909a14	0	9	0	0	0	0	0	0	0	0	0	0	0	2	0	0	0	0	0	0	0	0	0	2	0	0	0	3	0	0
7d0f4586ed71dbcb425d4588858a05ba	0	9	0	0	0	0	0	0	0	0	0	0	0	0	0	0	0	0	0	0	0	0	0	0	0	0	0	0	2	0
6d9dd0264312f0ca67cac720d1e28bf1	0	9	0	0	0	0	0	0	0	0	0	0	0	0	0	0	0	1	0	0	0	0	0	0	0	0	0	0	0	0
dcaba9050ab3bce9d23f180e73c7a8ab	0	9	0	0	0	0	0	6	1	0	0	0	0	0	0	9	0	0	0	0	0	0	0	0	0	74	0	0	0	0
8b30886d778318d0c010658d842507ab	0	9	0	0	0	0	0	0	0	0	0	0	0	0	0	1	0	0	0	0	0	0	0	0	0	0	0	0	0	0
3a654f4911e5e7ee61f1ebfbc9f4fbd3	0	9	0	0	0	0	0	1	0	0	0	0	0	0	85	0	0	0	0	0	0	0	0	0	0	0	0	0	0	0
b4709bd86663feb9e3890bd818707821	0	9	0	0	0	0	0	0	4	1	1	3	0	2	0	2	0	4	0	0	0	0	0	0	0	15	7	1	0	2
73db8f67bdf58ae9a82ecd7db0795782	0	9	0	0	0	0	0	2	0	0	0	0	0	2	0	0	0	2	0	0	0	0	0	0	0	2	0	0	0	0
330193525870fdbacd067cbfec916b6e	0	9	0	0	0	0	0	3	0	1	0	0	0	1	0	0	0	5	0	0	0	0	0	0	0	1	1	0	0	0
07b5b25babfe22dfba6f5f1ac0dae027	0	9	0	0	0	0	0	4	0	0	1	1	0	1	0	0	0	4	2	0	0	0	0	4	0	0	1	0	0	0
1698728b4116cbf9c61f81cecf314d7c	0	9	1	0	0	0	6	2	0	0	0	0	3	8	1	0	0	0	0	0	0	0	0	0	0	0	0	4	0	0
0f1f3bf5ae574610de79ecc00faf8935	0	8	0	0	0	0	0	0	0	3	0	0	0	0	0	0	0	0	0	0	0	0	0	0	39	0	0	0	0	0
65a1cf6af9202e4433e28821dc00ec4b	0	8	1	3	2	0	7	6	0	0	0	4	6	8	0	6	2	4	0	0	0	0	0	0	0	0	0	0	0	0
dbc883d7f758d31cd7c971e6ccce6067	0	8	0	0	0	0	0	0	0	0	1	0	0	0	0	0	0	0	0	0	0	0	0	0	2	0	0	0	0	0
328f06eca183987074c6639e3e64dda7	0	8	0	0	0	2	4	2	0	0	0	0	3	79	7	1	0	0	0	0	0	0	0	5	26	0	1	10	0	2
99e8ba21fe5d40b648ccaa96d4e7284f	0	8	0	0	0	0	0	2	0	1	0	0	0	3	0	0	0	0	0	0	0	0	0	0	0	0	0	1	0	0
b3419905266081122d3619bf0ab3f74d	0	8	0	0	0	0	0	1	1	0	0	0	0	2	0	0	0	2	0	0	0	0	0	0	0	0	0	1	0	0
ea1cc389f784acb18d160e646bdf932f	0	8	0	0	0	2	0	14	4	3	0	0	0	0	0	0	0	0	0	0	0	0	0	0	4	0	0	0	1	0
a4120656dc0b633e54e44128f6a58546	0	8	0	0	0	0	0	0	0	1	0	0	0	4	0	0	0	0	0	0	0	0	0	0	0	0	0	0	0	0
9042f3be0d7a8dbd5a7b17932f4746e5	0	8	0	0	0	0	0	7	0	1	2	0	0	0	0	0	0	1	0	0	0	0	0	0	0	1	0	0	0	0
5c7dfbb47271a760e035fe29116379d6	0	8	0	0	0	0	0	0	0	2	6	0	0	4	0	0	0	11	0	0	0	0	0	0	0	0	0	0	0	0
b2752dd2ace9ae1c55e82543945f91b4	0	8	0	0	0	0	0	14	0	3	8	3	0	11	0	1	0	0	0	0	0	0	0	0	0	0	0	0	6	0
e4a6c300ef00a526dbcd1a1b83d0d10a	0	8	0	0	0	1	0	0	0	0	0	0	0	0	0	1	0	0	0	0	0	0	0	0	0	0	0	0	0	0
df9f19f85406455ee77f082f28e21f64	0	8	0	0	0	0	0	0	0	0	0	0	2	0	0	0	0	0	0	0	0	0	0	0	0	0	2	0	1	0
518296cb3c4dcef701e5276e75339101	0	8	1	0	0	1	2	0	0	0	0	0	0	0	0	0	2	0	0	0	0	0	0	0	0	0	0	0	0	1
00029b015c9cb983241decb1bc4461d8	0	8	0	0	0	2	0	19	4	1	2	1	0	2	0	0	0	1	0	0	0	0	0	0	0	0	0	0	0	0
8af2e2425fc38f9a9ab88ef0dacbbf7e	0	7	0	0	0	1	0	5	0	3	3	0	0	0	0	3	0	0	0	0	0	0	0	0	1	0	0	3	3	0
3d1fda2c1ddfeba76762c628850d0d56	0	7	0	0	0	0	0	0	0	0	0	0	0	0	0	0	0	0	0	0	0	0	0	0	0	0	0	0	0	4
a2aab431de3af3eb6ab8653e3388bc7d	0	7	6	0	1	0	7	3	0	0	0	0	0	5	2	2	10	0	1	1	1	0	0	0	0	7	0	0	0	1
5a72ba66903d87ba5f64cfd3f9fd9f31	0	7	0	0	0	0	0	0	0	0	0	0	3	0	0	0	0	0	0	0	0	0	0	0	0	0	0	0	0	0
b053bb534601f62869e92df83cb08e8f	0	7	15	6	10	3	2	5	3	3	1	7	0	3	4	7	5	3	0	10	1	4	3	3	0	0	0	1	6	3
afd0bcb6d3ad03dd791c09a427ecb751	0	7	0	0	0	4	0	0	0	0	0	0	0	0	0	0	0	0	0	0	0	0	0	0	0	0	0	0	0	0
be25bdb06db772f486cd003ce4e0e7cf	0	7	0	0	0	0	0	0	0	0	0	0	0	0	0	1	0	2	0	0	0	0	0	0	0	0	0	0	0	0
89be28e1e1915f36a3502cda0840c4c5	0	7	0	0	0	0	0	3	0	0	0	0	0	6	0	2	0	0	0	0	0	0	0	0	0	0	0	0	0	0
d68ecdf269ee939ff3934564a6605a1b	0	7	0	0	0	0	0	2	0	0	0	0	0	0	0	0	0	0	0	0	0	0	0	0	0	0	0	0	1	0
b0223b2b2892938769824c3e235f5298	0	7	0	0	0	0	0	3	0	1	0	0	0	0	0	0	0	2	0	0	0	0	0	0	0	1	0	1	1	0
9733dd1c07a8872bf81494d2c9a315fd	0	7	0	0	0	5	1	0	1	1	2	0	2	11	3	0	0	1	0	0	4	0	0	2	1	0	2	0	1	2
823ae6578d7b3c314817781741bbe83d	0	7	0	0	0	0	0	0	0	0	0	0	0	1	0	0	0	0	0	0	0	0	0	3	0	0	1	0	0	0
d4c0a548ddd06c9661a178f57a30fc11	0	6	0	0	0	8	3	32	20	28	36	28	12	65	2	0	0	32	0	0	0	0	0	0	58	39	0	3	0	14
cbe4d92e02ebd95b1b109b1b2a2025ad	0	6	0	0	0	0	0	1	0	0	1	0	0	0	0	0	0	0	3	0	0	0	0	0	0	0	0	0	0	0
22a97e8d42f85eef8675b431d1548103	0	6	0	0	3	0	6	2	0	2	0	2	4	1	9	7	0	0	0	0	0	0	0	3	0	0	0	2	0	1
28f473745133e73a32cbeac3ba34eb08	0	6	2	4	0	0	0	0	0	0	0	0	0	0	0	0	2	0	0	0	0	0	0	0	0	0	0	0	0	0
1d19b57625a5d5e67719a1b4bb658350	0	6	0	0	0	0	5	18	5	0	0	1	2	32	15	3	0	1	3	0	8	0	0	1	0	0	1	3	1	8
8295a35cf201c8120ec29546b68bea14	0	6	0	0	0	21	0	10	40	9	23	17	0	1	5	11	0	6	0	0	0	0	0	3	16	0	0	2	1	0
bd2a122259664eb9cf4936b5a915e9da	0	6	52	17	4	0	34	0	0	0	0	1	0	0	31	11	25	0	0	0	0	0	0	0	0	0	0	3	0	4
18d75da5b08bc415e5c9c4df886a652f	0	6	0	0	0	0	0	0	0	0	0	0	0	0	3	5	0	0	0	0	0	0	0	0	4	0	0	0	0	0
9b031af1cc568d76a7429c59f9713c66	0	6	0	0	0	1	0	0	0	0	0	0	0	0	0	0	0	3	0	0	0	0	0	0	0	0	0	0	0	0
311f424a62e1f4763f514153659c1c1a	0	6	0	0	0	1	1	0	0	0	2	0	0	5	0	4	0	1	0	0	0	0	0	0	0	0	0	2	0	0
57df1062ad04243a3b853c95334b8190	0	6	0	2	0	0	1	3	0	0	0	0	0	0	0	0	1	0	0	0	0	0	0	0	0	0	1	1	1	0
1d4f530c86e8f15aef991e65b0cd744a	0	6	0	0	0	24	0	0	0	6	3	0	0	0	0	0	0	2	0	0	0	0	0	0	0	0	0	1	0	0
523eb03adf493bce880983904bc8eeb4	0	6	0	0	0	0	0	7	0	0	0	1	0	3	0	0	0	0	0	0	0	0	0	0	0	0	1	1	0	0
deff8f4e5afccef5a0cff93c2f9b98d2	0	6	0	0	0	0	0	0	0	1	0	0	1	1	0	0	0	0	0	0	0	0	0	0	0	0	0	1	0	0
3810f64f9bd4b699bf70499fb9417f01	0	6	0	0	0	0	0	0	0	0	0	0	0	0	0	0	0	0	0	0	0	0	0	0	0	109	0	0	0	0
5840f927c5ed72c9055850633a6f7d35	0	6	2	3	0	10	7	0	2	3	14	5	3	2	38	3	0	0	0	0	0	0	0	0	0	45	0	5	9	1
2e692744330f29c6ac9262f443838ac8	0	6	0	0	0	0	0	1	0	0	6	2	0	0	0	0	0	0	0	0	0	0	0	1	0	0	0	0	0	0
f80a648ceb256524d6473c90f1234982	0	6	0	0	0	1	0	5	0	0	0	5	0	0	16	0	0	0	0	0	0	0	0	0	0	0	2	0	0	0
fdc800ff453317fa1950c2c1f505db87	0	6	0	0	0	2	0	1	2	0	0	0	0	1	0	2	0	20	0	0	0	0	0	0	5	0	0	0	0	0
f8e0e488a7ffd0ac246a1b4832ffcae5	0	6	0	0	0	2	0	2	3	0	5	0	0	1	4	1	0	0	0	0	0	0	0	1	1	0	0	0	2	0
81442887dba25120a959bce7c4efcb92	0	6	0	0	0	0	13	0	0	0	0	0	0	40	2	0	0	0	0	0	0	0	0	0	0	0	0	0	0	0
a43aae5f4012d40bd3dddeab41b939bb	0	6	0	0	0	2	0	10	0	7	0	13	0	44	0	0	0	0	0	0	0	0	0	0	0	0	0	19	0	0
5511bbaece63f529c477a9b33bded32c	0	6	0	0	0	7	0	3	2	2	3	0	0	6	0	0	0	2	0	0	0	0	0	0	19	0	0	1	1	0
b9bd5cf6100d86ccfe3335eef66f5d0a	0	6	0	0	0	0	0	0	0	0	0	0	0	7	0	5	0	0	0	0	0	0	0	0	0	0	0	0	0	0
27d76a025cf93a04579a2eec83a88cd5	0	6	0	0	0	0	0	5	2	1	0	0	0	0	0	0	0	2	0	0	0	0	0	2	8	0	0	0	0	0
641fec1754b33cd76ddc430483d20b14	0	6	0	0	0	0	0	3	0	0	0	0	0	2	0	0	0	0	0	0	0	0	0	0	0	0	0	0	0	0
e2e62a928a706a132b081564aed30fb4	0	6	0	0	0	0	0	3	0	0	0	0	0	0	0	0	0	0	0	0	0	0	0	0	0	0	0	1	0	0
a51aee1064921ecbfffae348b8ba123c	0	6	0	0	0	0	0	0	0	0	0	0	0	18	0	0	0	0	0	0	0	0	0	0	0	0	0	0	0	1
d2fce6d36800d9a1e254ad9b5f43afad	0	6	0	0	0	3	0	6	11	9	9	0	0	31	0	0	0	8	0	0	0	0	0	1	45	0	0	1	0	0
ecbf81c8ab0269b6c712abf09527cc2d	0	6	0	0	0	0	0	5	0	0	0	2	0	0	1	0	0	4	0	0	0	0	0	0	0	0	0	1	0	1
14b586212dc7c10ca38bf719dc0d7449	0	5	0	0	0	1	1	0	1	2	7	0	5	0	0	1	0	3	0	0	0	0	0	2	1	0	0	1	4	0
5267bd8ec3654dbb8fe4be51f29a1a9d	0	5	0	0	0	0	0	0	0	0	0	0	0	3	0	0	0	0	0	0	0	0	0	0	0	27	1	0	0	0
cdead8d4e4298d6d31c531c735f1c6bd	0	5	0	0	0	86	0	4	9	6	17	3	0	39	4	3	0	15	0	0	0	0	0	0	1	5	0	2	5	2
93f101430030bcad286a68f40fc7f08c	0	5	0	0	0	0	0	1	1	0	2	0	0	0	22	1	0	0	0	0	0	0	0	0	24	0	0	0	0	0
a3c114be3708fc7878020527fef94059	0	5	0	0	0	0	0	0	0	0	0	0	0	0	0	0	0	5	0	0	0	0	0	0	0	0	4	0	0	4
3ac4eb7fbd287dab2dedec9ba865f353	0	5	0	0	4	0	0	0	0	0	0	0	0	0	0	0	0	0	0	1	0	0	0	0	0	0	0	0	0	0
10f3fbe2e9522e084df30b23a20a7b37	0	5	0	0	0	0	0	0	5	0	0	0	0	0	0	0	0	0	0	0	0	0	0	0	24	0	0	0	0	2
d8378238134d2387c6d48c9838cc3210	0	5	0	0	0	0	0	2	0	0	0	0	0	0	0	1	0	3	1	0	0	0	0	0	0	0	0	0	0	0
0e810b0c67ae9bd0b4e822a1e9c1e788	0	5	0	4	0	13	0	2	1	0	2	9	0	20	4	0	0	5	0	0	0	0	0	0	3	6	0	5	4	0
a233c96f9cbd4e02bb65c26d887578c3	0	5	0	0	0	0	1	0	0	11	13	4	3	3	0	0	0	35	0	0	0	0	0	0	40	22	1	15	8	0
4d77cc66b5ebce5255dede30e4b60d72	0	5	0	0	0	0	0	6	0	0	0	0	0	10	0	0	0	1	0	0	0	0	0	0	0	0	0	0	0	0
ba06e44c1ba2c11f6f1b2c1c03265986	0	5	0	0	0	3	0	0	1	1	0	0	0	1	0	4	0	3	0	0	0	0	0	0	12	0	0	5	1	0
53f283fdacfb22d4ae6ece360c5fa0ea	0	5	0	0	0	7	0	12	19	0	0	0	0	0	8	0	0	3	0	0	0	0	0	0	10	0	0	0	0	0
18f2919f5e4a66d21f1da315cee5c4c4	0	5	0	0	0	6	0	0	0	1	0	0	0	2	0	0	0	0	0	0	0	0	0	0	0	0	0	0	0	0
53f3e7594b0a22d29a66c4a7c903a596	0	5	0	0	0	0	0	0	7	0	0	5	2	0	0	0	0	2	0	0	3	0	0	0	2	9	1	5	1	0
9c577bb9277c89f9ccfc132a0f438486	0	5	0	0	0	0	0	0	0	5	2	0	0	2	0	0	0	0	0	0	0	0	0	0	0	0	0	0	0	0
0018b85b302b05d90099ecb26b1ec7d1	0	5	0	0	0	0	0	0	0	0	0	0	0	5	0	0	0	0	0	0	0	0	0	0	0	0	0	0	0	0
b475199765ae2e3a5012788669b675af	0	5	0	11	1	0	6	7	2	18	4	5	17	57	1	0	11	0	0	0	0	0	0	0	10	0	0	3	0	0
29f176622e81181daa6c78bed7d61fbc	0	5	0	0	0	0	0	3	0	0	0	0	0	5	0	0	0	0	0	0	0	0	0	0	0	0	0	0	0	0
a3b9a95fefcd25408b9e955174b6c3a1	0	5	0	0	0	0	0	0	0	1	0	0	0	2	0	0	0	1	0	0	0	0	0	0	0	0	0	0	1	0
4eee2d545d6abedc1c9ac9cbd1b3e532	0	5	0	0	0	0	0	1	9	0	1	1	0	0	0	0	0	9	0	0	0	0	0	0	2	0	0	0	0	0
17f641e36de49913cef8e0fa4d45354c	0	5	0	2	1	3	0	2	0	0	0	2	0	0	1	0	2	1	1	0	3	0	0	0	0	0	0	0	0	0
98a8370bf5634a48acb2518377dc0adb	0	5	0	0	0	0	17	1	1	0	0	3	5	0	13	10	1	0	0	0	0	0	0	0	0	0	1	0	0	1
59f8ab03bc726d2e088c26d8817c7901	0	5	0	0	0	0	0	0	0	0	0	0	0	0	0	0	0	1	0	0	0	0	0	1	0	1	0	1	0	1
03ddaebfbc3cf9400d342dc53c28edef	0	5	0	0	0	0	0	0	0	5	0	0	0	0	0	0	0	0	0	0	0	0	0	0	0	0	0	0	0	0
423ed2a9300b80917289ad4ccff6b5da	0	5	0	0	0	5	20	5	0	0	0	0	8	0	22	0	2	0	0	1	0	0	0	0	0	0	0	0	0	0
71ce5e2ac1289f34366ddf3fe5f95e03	0	5	0	0	0	0	0	0	0	2	0	0	0	0	0	0	0	0	0	0	0	0	0	0	0	1	2	0	0	1
c93e61b5dc551f893a27064b8778a15e	0	5	0	0	0	0	3	6	1	0	0	0	0	0	20	2	0	3	0	0	0	0	0	0	0	0	0	0	0	2
dbf3f85a349d28e182e3287ef2b190b4	0	5	1	0	0	0	0	0	0	0	0	0	0	0	0	0	0	4	0	0	0	0	0	0	16	0	0	0	0	3
920400cee38581dacf57a1f78de4988f	0	5	0	0	0	0	0	0	0	0	0	4	0	0	0	0	0	0	0	0	0	0	0	0	0	0	0	0	16	0
b73ca3c817d8a6e01b8d2617f30424da	0	5	0	0	0	0	0	8	0	3	1	0	2	19	1	0	0	4	0	0	0	0	0	0	0	5	0	2	0	0
83eaf82d808a99a5a49f5c4122e5a365	0	5	0	0	0	0	0	0	0	0	0	0	0	0	0	0	0	0	0	0	0	0	0	0	0	9	0	0	0	0
e94a565748843c4a04c647ccc9eb806a	0	5	0	0	0	0	0	4	0	1	0	0	0	3	0	1	0	0	0	0	0	0	0	0	0	0	0	2	1	2
e68b7ea208ec8570627193b496746749	0	5	0	0	0	0	13	0	0	16	0	10	0	0	8	0	0	0	0	0	0	0	0	0	0	0	0	7	25	3
479454e1de63a5c6ac724ab10cc06803	0	4	0	0	0	0	0	1	0	0	0	1	0	0	12	0	0	0	0	0	0	0	0	0	0	25	0	0	0	0
aff8a994131954cfcd3e1204ce88b583	0	4	0	0	0	0	1	13	0	8	0	0	0	0	0	0	0	0	18	0	0	0	0	0	0	11	0	0	0	3
2c210d3bea29dd0982f45816e776ef6c	0	4	0	0	0	11	0	2	0	0	0	1	2	0	0	0	0	0	0	0	1	0	0	0	0	0	2	2	0	1
798840916269e4bb098b7e943cd16575	0	4	9	1	1	0	0	0	0	3	0	0	0	0	0	0	0	3	0	0	1	0	0	2	26	0	0	0	3	3
39ac83503ecac3e617ba3a517e7374d6	0	4	0	0	0	0	0	6	0	0	0	0	0	0	0	0	0	0	0	0	0	0	0	0	0	1	0	0	0	0
3c7eb0ad5d1721ea76e0acb836adead5	0	4	0	0	0	0	0	3	0	0	0	5	1	0	0	2	0	0	0	0	0	0	0	2	0	0	0	3	0	0
5eed3e78720f844b1de00e7538b2ae08	0	4	0	0	0	0	7	7	1	0	0	0	24	0	9	4	0	0	0	0	0	0	0	0	0	0	0	0	0	0
7b58aa367fe9f50870a9039687e8a346	0	4	0	0	0	0	0	0	5	0	1	2	0	0	0	0	0	0	0	0	0	0	0	1	2	0	1	2	0	0
a9ac2117688a3373c3675304469381d4	0	4	0	0	0	0	0	5	0	0	0	0	0	0	1	0	0	0	1	0	0	0	0	0	0	0	0	0	0	0
48c4fcea064c25a3a33f27feb4e5d9cb	0	4	0	0	0	0	2	4	0	0	0	0	2	24	0	1	0	2	0	0	0	0	0	0	0	1	0	0	1	3
b01f4e1e312c7f466e44c5afe41735f5	0	4	0	0	0	1	0	6	0	6	0	8	25	13	0	0	0	21	0	0	0	0	0	0	0	0	0	2	15	0
1839d44982f1bbe9d8611fb94c254a2b	0	4	0	0	0	0	2	0	1	2	1	1	6	13	0	0	0	2	0	0	0	0	0	0	0	0	1	2	2	0
074537a57580521ac683c797a87682f4	0	4	0	0	0	0	0	3	0	2	0	4	0	2	1	0	0	1	0	0	0	0	0	3	0	0	1	5	0	0
a7397118b3f2ce285a5e0cb0ab798161	0	4	0	0	0	50	0	0	14	2	11	4	0	8	7	0	0	0	0	0	0	0	0	1	73	0	2	1	0	1
fe0dfaf2a352f70b36e128b84c77c243	0	4	0	0	0	0	0	0	0	0	0	0	0	1	8	0	0	0	0	0	0	0	0	0	0	0	0	0	0	0
da675de2ab301b639bc7696f8316333c	0	4	0	0	0	2	3	0	0	7	4	3	0	1	0	4	0	4	0	0	0	0	0	0	17	0	0	1	1	3
97fa1c914c0c7dce0561b50989c775bf	0	4	0	0	0	0	0	0	0	0	0	0	0	0	20	0	0	0	0	0	0	0	0	0	0	0	0	0	0	0
91db62e6449cae549b5a5587828c6fe5	0	4	0	0	0	0	0	0	2	0	0	0	0	0	0	0	0	1	0	0	0	0	0	0	1	7	0	0	0	0
3a5069999ff4956013ac1f569ca11943	0	4	0	0	0	0	1	3	0	0	0	1	0	10	1	0	0	0	1	0	0	0	0	0	0	0	0	0	0	0
2bc3db405aabcda7b129be809b02cd56	0	4	0	0	0	0	2	3	2	2	3	2	0	0	1	0	0	1	0	0	0	0	0	0	3	1	0	0	1	0
cee33c297855d8579da15d30c6a0af6b	0	4	0	0	0	0	0	0	0	2	3	0	0	0	0	0	0	2	0	0	0	0	0	0	0	15	0	0	3	0
c0e76364bf3305bcb70e317f8818df7b	0	4	0	0	0	0	0	0	0	0	0	24	0	0	0	0	0	0	0	0	0	0	0	0	0	0	0	0	0	0
6a5cb086a9c600978e275c629ac29afb	0	4	0	0	0	0	2	5	0	0	0	0	0	10	2	0	0	0	0	0	0	0	0	0	0	0	0	1	0	0
3524821431c024af0cb3b0a66018fed7	0	4	0	0	0	0	0	11	0	2	0	0	0	0	1	2	0	6	0	0	0	0	0	0	0	0	0	1	0	0
7bcf35146dc7bd60f226864c53093851	0	4	0	0	0	0	0	0	0	0	0	0	0	22	0	0	0	0	0	0	0	0	0	0	0	0	1	0	0	0
3dd0b8261108e2a5d803fe1112e8298e	0	4	0	0	0	1	4	1	0	0	0	1	0	0	6	3	0	0	0	0	0	0	0	0	0	0	0	0	1	0
1e3dc55e908355cf33c788dbcb14fee5	0	4	0	1	0	2	0	0	0	2	0	5	1	4	0	15	0	0	0	0	0	0	0	0	0	60	1	1	7	1
8ab83255d4e1747afd2696911e82b888	0	4	0	0	0	0	0	0	0	0	0	0	0	5	0	0	0	0	0	0	0	0	0	0	6	0	0	0	0	0
31e3bd04b6bb57a0cdb3d1d39b442e4f	0	4	0	0	0	0	0	2	0	6	2	0	0	0	8	5	0	0	0	0	0	0	0	0	0	0	0	4	0	1
b299b8692f378a732aa6c086bf0e0809	0	4	0	0	0	0	0	1	0	0	0	0	0	13	0	0	0	0	0	0	0	0	0	0	0	0	0	0	0	1
cc948848a0c0f044f48eb23b15d9d935	0	4	0	0	0	0	0	0	0	0	0	0	11	2	0	0	0	0	0	0	0	0	0	0	0	0	0	0	0	0
08a01f582ff2690c15e5c7e426876eb4	0	4	0	0	0	0	0	2	1	0	0	1	0	0	0	2	0	0	0	0	0	0	0	0	0	0	0	0	0	1
395eceb623647101cec32cb7cce59cef	0	4	0	1	0	0	1	4	0	0	0	2	0	0	5	5	0	0	0	0	0	0	0	0	1	1	0	5	0	0
7e117f0c27d4000906fd32253fd4abfb	0	4	5	0	3	0	13	0	0	0	0	0	0	1	10	2	0	1	0	0	0	0	0	0	0	0	0	0	4	1
9cf3d3d14f16564014087510b4bf3804	0	4	0	1	0	0	0	0	0	0	0	0	0	4	0	0	0	0	0	0	0	0	0	0	0	0	0	0	6	0
b4f739525b4c6508182145311f8f725b	0	4	0	0	0	0	0	0	0	0	0	0	0	0	1	3	0	0	0	0	0	0	0	0	0	0	0	0	0	2
a9b2c2b840764f33729ae4f6e51fa26b	0	4	0	0	0	3	0	3	0	0	0	0	0	1	0	1	0	0	0	0	0	0	0	0	0	0	0	0	0	0
aabd190ec631c939e9ab573c70eb641c	0	4	0	0	0	1	0	2	2	0	1	1	0	1	1	1	0	4	0	0	0	0	0	0	2	0	0	0	0	0
ec110a221cb805caa5755a403fec49c2	0	4	0	0	0	0	0	4	0	0	0	0	0	3	2	0	0	0	0	0	0	0	0	0	0	0	0	2	0	2
4a40871f209d25a9f87d294e9e2684af	0	4	0	0	0	0	0	0	0	1	0	0	0	0	2	0	0	0	0	0	0	0	0	0	0	0	2	1	0	0
50956a70c2152f5b12976afcb2aa4e41	0	4	0	0	0	0	0	8	0	0	0	0	0	0	0	0	0	0	0	0	0	0	0	0	0	0	0	0	0	0
117eb13b52c8187da0840b220fcfced2	0	4	0	0	0	0	0	3	0	4	1	0	0	2	0	0	0	4	0	0	0	0	0	0	0	0	0	0	0	0
22a4dec5263af2d841c826d49b4ea550	0	4	18	0	1	0	0	0	0	0	0	0	0	3	0	0	0	0	0	0	0	0	0	0	0	0	0	0	7	0
8bb996f134f5f4b41a54732c8296f6da	0	4	0	0	0	2	0	24	38	0	4	0	0	1	2	5	0	17	0	0	0	0	0	0	0	0	0	4	4	0
e9bb2b063daeed0a9ce0a40fca0c8d2c	0	4	0	0	0	0	0	3	0	0	0	0	0	0	2	2	0	2	0	0	0	0	0	0	0	2	0	0	0	0
4c784aba81dd067f1942d18f23149e2b	0	4	0	0	0	0	0	0	0	0	0	0	0	9	0	0	0	0	0	0	0	0	0	0	0	0	0	0	0	0
e96de260a9961cd6e78f230c94cb4a88	0	4	0	0	0	0	9	0	0	0	0	0	0	0	11	8	0	0	0	0	0	0	0	4	0	0	3	1	1	0
b8620b2c689ef74839c67c7cd1f51006	0	4	0	0	0	0	0	6	0	2	0	0	0	4	2	0	0	1	0	0	0	0	0	1	0	0	0	3	0	0
58099b7827644039b01a495bcce87515	0	4	0	0	0	0	6	1	0	0	0	0	0	16	6	0	1	2	2	0	0	0	0	1	0	0	1	0	0	1
c939f8c12a268af61cff171180cb6f52	0	4	0	1	0	2	4	3	3	0	3	3	3	13	10	22	0	8	0	0	0	0	0	1	16	0	0	3	3	1
daf5234c7bd228785eb3ce9f1b3f9cf6	0	4	0	0	0	0	6	0	0	0	0	0	3	0	2	0	3	0	0	0	0	0	0	0	0	0	0	0	1	0
acc984e13243dc5a589eedf1f551dac7	0	4	0	0	0	0	2	2	0	2	2	5	0	0	1	6	0	2	0	0	0	0	0	4	4	0	0	6	0	0
c9663b40684707987523661b6d0738ef	0	3	0	0	0	4	0	3	13	4	0	0	0	1	0	1	0	21	4	0	0	0	0	0	0	0	0	1	0	1
8fa0c3c51979ca0df22412d2cd8d8f8d	0	3	0	0	0	0	23	3	0	0	0	0	9	0	0	0	0	0	1	0	1	0	0	3	0	0	5	1	4	11
d2df5ac76cc34bc316ec9df5485c189a	0	3	21	30	13	0	38	0	0	7	12	1	12	26	7	19	12	15	0	0	2	0	0	0	29	0	0	31	37	12
38f212e8aa124c1f8cc3a9dfb6b542c3	0	3	0	0	0	0	0	0	0	0	0	3	0	39	0	0	0	0	0	0	0	0	0	1	0	0	1	0	0	0
3de71b0638688c31388784f8978f4cde	0	3	0	0	0	0	1	2	0	0	0	0	0	5	1	0	0	0	0	0	0	0	0	0	6	0	0	3	0	1
d1e97f393ae8ec126a40b16190d6a28e	0	3	0	0	0	0	0	1	5	0	2	0	1	2	0	0	0	0	0	0	0	0	0	0	0	2	0	0	0	0
639a55200ff28a86de15d901bd7905f3	0	3	0	0	0	0	2	0	0	4	0	0	0	0	1	0	0	0	0	0	0	0	0	0	0	0	0	0	0	0
c2091e7d344b80b71772fd5e363ca104	0	3	0	1	0	0	0	4	0	0	0	0	0	12	1	0	0	0	0	0	0	0	0	0	0	0	0	0	0	0
c349d89ca19b9e00ac8ded62358ecca4	0	3	0	0	0	0	0	2	0	0	0	0	0	2	0	4	0	0	0	0	0	0	0	0	2	0	0	0	0	1
304b3c46f86b9bfff0b96cd9fc65ac32	0	3	0	0	0	2	0	0	0	4	0	2	0	1	0	0	0	30	0	0	1	0	0	1	0	0	0	0	1	0
af3912b7ce543d5eb91bde9f9fa8acf0	0	3	0	0	0	4	0	0	0	2	1	0	1	0	0	0	0	0	0	0	0	0	0	0	1	0	0	0	0	0
f438c5a785c22b0c0799668090d62e19	0	3	0	0	0	0	0	0	0	0	0	0	0	34	0	0	0	0	0	0	0	0	0	0	0	0	0	0	0	0
f49342a028ade50cb871e44ab7ddfd59	0	3	0	0	0	0	0	7	0	2	0	0	0	0	0	0	0	0	0	0	0	0	0	0	0	0	0	0	0	0
a22912dd209b662ab156d73ca9f7f81a	0	3	0	0	0	0	0	0	0	0	1	3	1	0	0	0	0	0	0	0	0	0	0	0	0	0	0	2	0	0
358485456931531e9ebd485bf94a7916	0	3	0	6	2	0	0	0	0	0	0	0	0	0	0	0	1	0	0	0	0	0	0	0	0	0	0	0	0	0
805aef5cdbc781710f97b6754e4844ca	0	3	0	0	0	0	0	5	2	2	11	5	0	1	16	0	0	5	0	0	0	0	0	2	98	0	0	4	0	0
5ecc5561266f4fd8d103dd7750a2e432	0	3	0	0	0	4	0	5	10	9	53	0	0	25	0	4	0	25	0	0	3	0	0	0	96	0	1	3	4	0
1e654c80ca1342c326758e5ea3b9c8b1	0	3	0	0	0	1	1	0	1	0	0	0	0	6	3	1	0	3	0	0	1	0	0	2	0	0	1	0	0	1
1b35cf70113b49f8088b1bbcd0fc9e8f	0	3	0	0	0	0	0	0	0	0	0	0	0	0	0	0	0	0	0	0	0	0	16	0	0	0	0	0	0	0
345a0e754478ec98f1f92bf2d4422957	0	3	0	0	0	1	0	0	0	2	3	0	0	0	9	0	0	0	0	0	0	0	0	0	1	0	0	0	0	0
75e48b2fe53b1c5dae6f4a78fd730a77	0	3	0	0	0	0	4	5	0	0	0	0	0	0	32	5	0	0	0	0	0	0	0	0	0	0	0	1	0	1
cce253eb2e7db89789414b6d1452e48e	0	3	0	0	6	0	0	1	0	0	0	0	0	0	0	0	0	0	0	0	0	0	0	0	0	0	0	0	0	0
2d988c513330e8ef7964e1bee673ca30	0	3	0	1	0	20	41	4	0	5	2	0	0	10	23	0	0	3	0	0	2	0	0	0	0	0	1	3	0	0
8e6423fc7118ee3812ea26c20a3f188d	0	3	17	11	16	1	21	0	0	1	12	13	0	0	0	5	17	0	0	1	1	0	3	0	0	0	1	0	20	3
67d548f066496e8e036dbf507c987df0	0	3	0	0	0	0	0	0	0	0	0	0	0	5	0	0	0	2	0	0	0	0	0	0	0	0	0	0	0	0
3439120b9df8cf3318a5ac43750a582d	0	3	0	0	0	0	0	0	0	0	0	1	0	5	0	0	0	0	0	0	0	0	0	0	0	0	0	0	0	1
86f5eb537b765cc644a34efeea497532	0	3	0	0	0	1	0	0	0	0	0	0	0	0	3	3	0	2	0	0	2	0	0	0	0	0	1	0	0	0
5c18b668e0f5f956898407a3c7687d96	0	3	7	0	0	8	0	1	0	5	0	15	7	0	11	8	2	14	1	0	2	0	0	1	19	38	8	9	30	15
2bd622db8ae46421d930b8daaee1425c	0	3	0	0	0	0	0	1	1	1	0	2	0	0	0	0	0	0	0	0	2	0	0	0	0	27	0	0	1	3
9ebb7156f63b9f32bdba5f949d153e21	0	3	0	1	0	0	0	1	0	9	1	44	9	0	0	0	0	0	0	0	0	0	0	1	0	0	0	45	19	3
4450afbca1a03e33491822a4f457bd0b	0	3	0	0	0	0	1	0	1	0	0	7	0	6	0	1	0	0	0	0	0	0	0	0	0	71	0	0	1	0
1af75ef61a9b89682e4e3ba7d2700971	0	3	0	0	0	0	0	2	0	2	1	0	6	0	0	0	0	0	0	0	0	0	0	0	0	0	0	0	0	0
530c0a2afa73150265bee2400cd3c9fe	0	3	0	0	0	0	0	0	0	0	0	0	10	0	0	0	0	0	0	0	0	0	0	0	0	0	0	0	0	0
89235193c99c69b3f5b3d7bb87ad649c	0	3	0	4	4	0	0	2	0	0	0	0	0	0	0	0	1	0	2	0	2	1	1	0	0	0	6	2	1	2
9a3829d358546f359205aaa4e6490659	0	3	0	0	0	0	0	1	2	1	0	0	0	1	0	0	0	3	0	0	0	0	0	0	0	0	1	1	0	0
348e42bfd7e196e4fc3ce768dac17ae1	0	3	0	0	0	0	0	2	2	0	0	0	0	2	2	2	0	5	1	0	1	0	0	2	0	2	0	2	3	1
7a33431b23dd03501ae227b8d7bbd927	0	3	0	0	0	0	0	3	3	0	0	5	2	0	7	1	0	3	0	0	0	0	0	0	6	0	0	1	2	0
da81127ea3ef26dc904033a459dbffc2	0	3	0	0	0	2	0	0	0	1	0	0	0	6	0	2	0	0	0	0	0	0	0	2	3	0	1	0	0	1
1deb630cfaf31dc1aa3e4e196325fd84	0	3	0	0	3	0	0	2	0	0	6	0	0	8	0	0	0	0	0	0	0	0	0	0	13	0	0	0	0	0
26a2a17d704ad4d6230c2497f889fbb0	0	3	0	0	0	0	0	2	0	12	0	0	2	0	0	0	0	0	0	0	0	0	0	0	0	0	0	3	0	0
b6e1cffce663072c4915629d64c29fe9	0	3	0	0	0	3	0	2	2	0	0	0	0	0	0	0	0	0	0	0	0	0	0	0	0	0	0	0	2	0
14ac7d49270182e12bee1d11a133314a	0	3	0	0	0	0	0	0	2	0	0	0	0	0	2	1	0	4	0	0	0	0	0	1	4	0	0	1	0	0
ec3e726f7eae8a6380f0d783a2c34209	0	3	0	0	0	0	0	8	0	0	2	0	0	2	0	0	0	0	0	0	0	0	0	0	0	14	0	3	0	0
277d4a296d2a80e4c73dd5a2c1a2ef23	0	3	0	0	0	0	3	3	0	3	3	4	6	0	9	14	0	1	0	0	0	0	0	0	0	6	0	0	0	5
55e7eb5dc9f43be643cc3eed130beb82	0	3	0	0	0	4	0	9	0	1	0	1	0	2	2	0	0	5	0	0	0	0	0	0	0	0	0	0	0	0
8d73e1b6802bf6546ab69d1af9387c98	0	3	0	0	0	0	0	0	0	3	0	3	16	0	1	5	0	0	0	0	0	0	0	0	0	0	0	0	4	3
9d8553a78de59803e7d23f15db18b835	0	3	0	0	0	3	0	2	0	0	0	0	0	0	0	0	0	3	0	0	1	0	0	0	24	0	1	0	1	0
0ce7ca4a4425d5329c994f485ec0de9b	0	3	0	0	0	1	0	0	3	0	0	0	0	0	0	5	0	0	0	0	0	0	0	0	0	0	0	0	0	0
1d4f3ba2977ed624a3dfc922b30567fe	0	3	0	0	0	0	0	1	0	0	0	5	0	0	0	0	0	0	1	0	0	0	0	0	0	0	0	0	0	0
98dc3a418766a7783f2e5d14bea9d10c	0	3	0	0	0	0	1	3	0	1	1	0	0	0	4	0	0	1	0	0	0	0	0	0	0	0	0	0	0	0
2f5140abb335b78bae98ca4e36cca718	0	3	0	0	0	0	0	0	0	0	1	0	0	5	0	0	0	5	0	0	0	0	0	0	26	0	0	1	0	0
1422259218d8035cf83bae9cc5470270	0	3	0	0	0	1	0	3	0	2	0	0	0	4	0	11	1	2	0	0	1	0	0	0	0	0	0	6	1	8
5afc30d1f8732795da6f65034d1aae60	0	3	0	0	0	21	0	1	0	2	0	0	0	14	0	1	0	1	0	0	0	0	0	0	1	0	0	1	0	0
ab691c45789a6f77d53b191f1e3addeb	0	3	4	2	1	0	5	9	3	1	0	0	9	3	1	17	0	0	0	0	2	0	0	0	0	58	6	21	0	6
6fb556472abbd42facb0a3dd34f94779	0	3	0	0	0	0	0	4	1	2	0	0	0	0	1	6	0	0	0	0	0	0	0	0	0	0	0	2	0	1
94364d31b54abebbc918c7b0925d8ddf	0	3	0	0	0	0	0	0	0	4	3	0	0	0	0	2	0	5	0	0	0	0	0	0	0	0	0	2	1	1
29cfd44823a3a91fdc8db1ac29b0a532	0	3	0	0	0	0	2	0	0	0	0	0	0	0	0	0	0	0	0	0	1	0	0	3	0	0	0	0	0	4
901165806e94166b9c4ffe5712cf69ed	0	3	0	0	0	1	0	4	2	0	6	2	0	7	0	0	0	2	1	0	0	0	0	0	15	0	0	0	0	0
1c7d1c7eadef055f4adfd216ca1ad6bf	0	3	0	0	0	0	1	0	0	0	0	0	0	0	3	0	0	0	0	0	0	0	0	0	0	2	1	0	0	0
10777052fee9e237a2ca535c9ceb2387	0	3	0	0	0	0	0	1	0	0	0	0	0	0	0	0	0	3	0	0	0	0	0	0	0	0	0	3	0	1
e4ba38ba7240173b56a01c8260a4c318	0	3	0	0	0	0	2	0	0	0	0	0	0	3	12	0	0	0	0	0	0	0	0	2	0	0	2	2	0	2
3c8fe5046fb44d28c01ffacb5f3ab068	0	3	0	0	0	0	0	2	0	1	0	0	0	18	1	0	0	4	0	0	0	0	0	2	0	0	0	0	0	0
660747836c1bd3c86713c970e7ef4e7d	0	3	0	0	0	0	0	1	0	0	0	0	0	11	0	0	0	0	0	0	0	0	0	0	0	3	0	0	0	0
6ec3686ae2fc8b00795b745c659a800f	0	3	20	8	5	3	10	2	0	4	3	13	3	3	1	13	4	0	0	3	0	0	0	4	0	0	5	2	44	20
640a3c0e6e6a2f4b2ba8c4b9875847e9	0	3	0	1	0	0	0	3	0	3	10	3	0	0	0	0	0	0	0	0	1	0	0	7	0	0	0	4	7	0
f3de9ecac98b0044016a1ed378ae3f09	0	3	0	0	0	0	0	2	0	0	0	10	4	0	0	2	0	2	0	0	0	0	0	0	0	0	0	0	0	0
86a26efdcd70e74eb95aba169192ca75	0	3	0	0	0	0	0	14	0	1	0	0	0	0	0	2	0	0	0	0	0	0	0	0	0	0	0	0	0	0
da7228006e2b9f2e4b29575cf23de556	0	3	0	0	0	1	2	5	0	0	0	3	0	2	4	4	0	2	2	0	0	0	0	0	0	0	1	0	1	1
68f2aa952a4e8141c43ee3b97b4229f8	0	3	0	0	0	0	1	5	1	0	0	0	0	0	0	4	0	2	0	0	0	0	0	1	2	0	0	2	0	0
02bff27bb127e7da47cc7d409da269d6	0	2	0	0	0	5	0	85	19	0	2	7	0	0	0	1	0	67	0	0	0	0	0	1	0	0	0	2	2	0
00b42c5c2029869fecf8981f201a4c97	0	2	0	0	0	0	1	0	0	0	0	0	0	8	0	0	0	1	0	0	0	0	0	0	0	0	0	0	0	0
b1d66d89cb44d4e40bcc1d937b673122	0	2	0	0	0	0	3	0	0	0	0	0	0	0	3	5	0	0	2	0	2	0	0	3	0	0	0	0	0	0
714ba7b4bfbee4bab1e0605993b3611f	0	2	0	0	0	1	0	0	0	0	0	0	0	0	3	1	0	3	0	0	0	0	0	0	0	0	0	0	5	0
15b771f276a30bb5bc5caf355c75cd80	0	2	0	0	0	0	0	2	0	0	0	0	0	4	2	0	0	2	0	0	0	0	0	0	0	2	1	0	0	1
496b4e4cbb74379f629cf9a8a57ed2fe	0	2	0	0	0	2	0	0	7	0	0	0	0	2	0	0	0	0	0	0	0	0	0	0	2	0	0	0	0	0
ba72d67fed317f8ebb9ad341b6d0190c	0	2	0	0	0	0	10	0	0	0	0	0	48	0	4	0	0	0	0	0	3	0	0	0	0	2	4	1	0	0
e2ccf2ec98959c0614807bd96d90297e	0	2	0	0	0	0	0	0	0	0	0	1	0	4	0	0	0	0	0	0	0	0	0	0	0	0	1	0	1	2
f7b905d1b58ef60b021e730df54d8b22	0	2	0	0	0	0	1	0	0	0	0	0	0	2	6	1	0	0	0	0	0	0	0	0	0	0	0	0	0	1
0b97c8db2045d6660598d1094b9b501a	0	2	0	0	0	0	0	0	0	0	0	0	7	0	0	3	0	0	0	0	0	0	0	0	0	0	0	0	0	0
7afa104bd542940b1156232d88a49e79	0	2	0	0	0	0	0	2	0	0	0	0	0	2	0	0	0	0	0	0	0	0	0	0	0	2	0	0	0	3
20f6d2014c3772d30b37113d01387e8c	0	2	2	0	0	0	3	5	13	0	0	0	0	4	6	0	0	0	0	0	0	0	0	0	0	0	0	0	0	0
84acea019a4f3a6c30243f384dcb1952	0	2	0	0	0	2	0	3	0	3	0	2	0	0	0	0	0	2	0	0	0	0	0	0	0	0	0	1	1	0
35ae2fe119072f43871873534f1e2945	0	2	0	0	0	1	0	0	0	0	0	0	10	0	0	0	0	0	0	0	0	0	0	0	0	0	0	0	0	0
132695417a2dc2651a00c060b9397334	0	2	0	0	0	2	0	6	0	10	2	1	0	1	0	0	0	0	0	0	0	0	0	0	0	0	0	0	0	0
b6b3a05709e178a5a23fe45b14b7537c	0	2	10	0	0	6	2	0	0	0	0	3	0	1	2	0	3	0	0	0	0	0	0	0	0	0	3	0	0	0
115850144cd5c01bf52aab32fd483b57	0	2	0	0	0	0	0	0	1	0	0	2	0	0	0	3	0	0	0	0	3	0	0	0	0	0	0	0	10	0
acf6b1372944edc0b8cdf5e3225d9f58	0	2	0	0	0	2	1	3	0	3	0	0	0	0	0	5	0	0	2	0	0	0	0	0	0	0	0	0	0	0
46f7bc53d23f8b399295e095ece58f20	0	2	0	0	0	0	0	3	7	0	2	1	0	0	4	3	0	8	0	0	0	0	0	0	0	0	0	2	0	0
11ed5bf6f4edb861416df8b206ec1652	0	2	0	0	0	0	12	12	0	0	0	0	0	11	0	0	0	76	0	0	0	0	0	0	0	0	0	2	0	0
53c64d77ce3fd6d6e772f1fefa3260ef	0	2	0	0	0	0	0	0	0	0	0	0	1	0	0	0	0	0	0	0	0	0	0	0	0	9	0	0	0	0
578d1e78d2c01f3b5196701531dbba2b	0	2	0	0	0	1	0	0	0	2	0	0	0	0	0	0	0	0	0	0	0	0	0	0	0	0	0	0	7	0
4155aaa3b83a4934aa0c22bd5471078e	0	2	0	0	0	0	2	2	2	0	1	5	1	0	0	0	0	6	0	0	0	0	0	0	2	0	2	4	1	0
3d8621831f6a8ef4bd363831b7cdd9f6	0	2	0	0	0	0	0	0	0	0	0	0	8	0	0	0	0	0	0	0	0	0	0	0	0	0	0	0	0	0
ab5cb9b246511113c67b6cd31ef071f2	0	2	0	0	0	1	0	7	7	0	5	0	0	0	6	0	0	0	0	0	0	0	0	0	25	1	0	0	0	0
c2be3d689398464ff2fbef9b1e587d29	0	2	0	0	0	3	0	13	0	0	6	0	0	0	0	4	0	0	0	0	0	0	0	0	0	0	8	0	19	0
5969870d7af6b08f39789b6290274cc6	0	2	0	0	0	1	9	49	0	0	2	0	5	20	37	8	0	0	0	0	3	0	0	0	0	0	8	0	0	8
6fe0ef0292d3e7bb8dcaa77369b5e809	0	2	0	0	0	0	0	3	1	3	0	0	0	1	0	0	0	0	0	0	0	0	0	0	0	0	0	0	0	0
5fb0757816543814ab483162156f4451	0	2	6	0	0	0	1	1	0	0	0	0	0	0	1	0	0	0	0	0	0	0	0	0	0	0	1	1	4	0
28b784c88010668ea592f791996ed14b	0	2	0	0	0	0	0	5	0	0	0	0	0	2	0	3	0	0	0	0	0	0	0	0	0	0	0	0	0	0
2bc65625f27b827895201733e9d4b83d	0	2	0	0	0	0	0	4	0	0	0	0	0	0	0	0	0	14	0	0	0	0	0	0	0	0	0	0	2	0
e09627c6879a94044b5351237a03a19a	0	2	0	0	0	0	0	0	0	0	0	0	0	0	0	0	0	0	0	0	0	0	0	2	0	4	0	3	0	0
d36f8a6099a16c472961b76427e57b34	0	2	0	0	0	0	0	0	0	0	4	2	2	0	0	0	0	7	0	0	0	0	0	0	4	0	0	0	0	0
aa808edb56a15274131e5e3f817f4b17	0	2	0	0	0	3	0	44	12	0	0	8	0	0	56	38	0	12	0	0	0	0	0	2	124	227	1	8	0	0
2c0d5f7c7c4b9efbc5f9e88fb7ae8c6b	0	2	0	0	0	1	1	9	0	0	0	0	0	0	0	0	0	1	0	0	0	0	0	0	0	0	0	0	0	0
16d20fabb5e28fd932c9cc9f2f267c46	0	2	0	1	0	0	5	0	0	0	0	0	2	0	0	0	0	0	0	0	0	0	0	0	0	0	0	0	0	0
9067cd658661a5f28ee8ec5f988e1d72	0	2	0	0	0	0	0	3	0	0	0	0	0	6	0	1	0	0	0	0	0	0	0	0	0	0	0	0	0	0
3eb044a776d2d5270959acde8123a0a2	0	2	4	4	3	0	7	8	10	2	4	11	0	6	4	12	3	8	14	0	22	0	0	21	13	0	43	19	3	47
2d36f48cdd2db2ce054d75b23490bfbd	0	2	0	0	0	0	0	4	1	0	0	0	1	0	0	12	3	0	0	0	0	0	0	1	0	0	3	1	0	0
e8b96eb852fe25af133e92bb1ade0588	0	2	0	0	0	6	0	2	16	5	5	14	0	0	0	1	0	8	0	0	0	0	0	0	3	1	1	2	1	0
b5deac283631312c70e5e9814c5e83a4	0	2	0	0	0	0	0	0	0	0	0	0	0	16	0	0	0	0	0	0	0	0	0	0	0	0	0	0	0	0
f844a3eb90b34f2cb7b5a111913486be	0	2	0	0	0	1	1	0	0	0	0	0	0	0	0	1	1	0	0	0	0	0	0	0	0	0	1	1	2	4
7e141e49535e1746bc47fdae92ac4dac	0	2	0	0	0	0	1	2	9	0	0	1	0	3	0	2	0	2	0	0	0	0	0	0	3	2	0	4	3	1
fd5cf3f156c80678847f989182c40473	0	2	6	2	6	3	4	0	3	31	1	23	7	0	3	16	0	4	9	0	14	0	0	0	0	0	3	23	10	9
4f1825662ec5ccc547a9e09fac63bb45	0	2	0	0	0	0	0	0	0	0	3	0	0	6	0	0	0	0	0	0	0	0	0	0	0	0	0	0	0	0
afda4f43d32c2c16df029a6c8bfe1ed4	0	2	0	0	0	0	0	0	0	2	0	6	0	2	0	0	0	0	0	0	0	0	0	0	0	0	1	1	0	0
2842ce5276c8a69d129f56955b5ff360	0	2	0	0	0	0	0	1	0	4	0	1	0	2	1	1	0	2	0	0	0	0	0	2	0	20	0	3	2	0
1c7908438765ddc7d6333163d061c127	0	2	0	0	0	0	0	19	0	12	0	8	0	6	0	7	0	7	0	0	0	0	0	3	0	7	0	7	13	2
877cf58500c1ba826171e48acfe6b49f	0	2	0	0	0	4	0	10	2	10	1	1	0	2	10	0	0	1	0	0	2	0	0	2	18	38	2	3	6	6
f7721fca196af1de060a2c76cd871cca	0	2	0	0	0	1	14	3	0	0	22	3	1	13	26	0	0	0	0	0	1	0	0	0	5	14	0	12	0	1
13869394809271821c3d701a76c41099	0	2	0	0	0	0	0	0	0	0	0	2	0	3	0	0	0	2	0	0	0	0	0	1	0	0	0	0	0	0
8801faa395618e4e4c1686abe2f20222	0	2	0	0	0	0	0	1	0	5	1	0	0	33	0	0	0	1	0	0	0	0	0	0	0	0	1	4	1	3
3e44817a09639f16fb5250f088115dd2	0	2	0	0	0	1	1	4	1	1	1	1	0	0	0	2	0	10	0	0	0	0	0	1	0	0	0	1	2	0
955fb737273e88a95689870824363c3f	0	2	0	0	0	0	0	3	0	0	0	0	0	6	0	0	0	1	1	0	1	0	0	0	0	0	2	0	0	0
5dfc7c9c9245c7da8f1f53c966dd8c37	0	2	0	0	0	3	0	4	0	6	0	4	0	0	0	4	0	5	0	0	0	0	0	1	2	0	0	0	0	0
1056b03d3ed1fc0c1a4b010035b680dd	0	2	0	0	0	1	0	4	1	0	2	0	1	3	2	7	0	1	0	0	0	0	0	0	0	0	0	5	1	3
3d05c52aba3b1705859d621241c404d8	0	2	0	0	0	0	0	0	0	0	0	4	0	0	0	0	0	6	0	0	0	0	0	0	0	0	3	1	0	0
4e9c10558a950a980691379f1656f647	0	2	0	0	0	0	0	0	0	0	0	0	0	0	1	10	0	6	0	0	0	0	0	0	1	0	2	0	0	0
4da8097e87cce38762c2d4a677f79ddb	0	2	0	0	0	0	0	0	0	0	0	4	0	75	0	0	0	0	0	0	0	0	0	0	0	0	0	0	0	0
0ed50e1a61ca83b960a5d8ae2d25ddb6	0	2	0	0	0	0	18	3	13	3	1	6	23	3	0	0	0	4	0	0	0	0	0	1	0	1	0	0	0	2
a192c70163101c5e1dd79949b9f67b8d	0	2	0	0	0	0	1	0	0	3	0	3	0	1	0	0	0	0	0	0	0	0	0	1	0	0	1	2	4	4
690d3bf7eceec143b0836b8252d82b35	0	2	0	0	0	0	0	2	0	0	0	1	0	0	6	0	0	1	0	0	0	0	0	0	0	0	0	0	0	1
b738a5d014e1d2f0b670b0a01d6bf682	0	2	0	0	0	1	1	0	0	5	0	2	1	0	0	2	0	7	0	0	0	0	0	0	1	0	0	3	0	0
e1924a61f61969bc15d63e29221d0fe4	0	2	0	0	0	0	0	0	0	0	0	2	0	0	0	0	0	0	1	0	0	0	0	5	0	0	2	0	4	0
3928b414843af1c13a92c5c9997b274e	0	2	0	0	0	0	0	2	0	0	0	0	0	2	0	0	0	1	0	0	0	0	0	1	0	0	0	2	0	0
7ffb95e39b3d354a57982e97b8da33a6	0	2	0	0	0	0	0	6	2	0	0	0	0	3	0	0	0	0	0	0	0	0	0	0	0	0	0	0	0	1
29a3bf06c169fcd1b9d58de4e2768264	0	2	0	0	0	7	0	0	0	1	4	0	0	6	0	0	0	1	0	0	0	0	0	0	0	0	0	0	0	0
1e144c27fa2e8d8ab73de867129ef81b	0	2	0	0	0	0	0	0	1	0	2	0	0	8	3	0	0	0	0	0	0	0	0	0	0	1	0	1	0	0
97ec28c43b3a10f81d4a5d18f2183a91	0	2	0	0	0	1	0	1	0	0	0	0	0	5	0	0	0	1	0	0	0	0	0	0	0	0	0	0	0	0
5d4baa7d5f2cca23eb2d109dab0ba12d	0	2	0	0	0	0	0	0	0	0	2	0	3	0	2	0	0	0	0	0	0	0	0	0	5	2	0	0	0	0
2284c7f9f7d85add85624fe6f707438d	0	2	0	0	0	0	0	1	0	0	0	0	0	8	0	0	0	0	0	0	0	0	0	0	0	0	0	0	0	0
ece2731273edbc11b78e569abd4a9768	0	2	0	0	0	2	1	8	0	2	0	0	2	8	0	1	0	11	0	0	0	0	0	0	0	0	0	1	0	0
990fbbf25996414db8acde6d4dc27098	0	2	0	1	0	0	0	7	1	0	6	0	0	4	3	4	6	0	0	0	0	0	0	1	3	5	0	1	0	1
db8701f11fdef566f28b550b754c0274	0	2	0	0	0	0	7	0	0	0	0	0	0	0	3	1	0	1	0	0	0	0	0	1	0	0	0	1	1	0
4c16d26fbef976eb9330f9e36d36eee8	0	2	0	0	0	0	1	0	0	0	0	1	0	0	0	1	1	0	0	0	0	0	0	0	0	0	1	0	7	0
947905bb6690aad21a9c72a4610ebc85	0	2	0	0	0	0	0	2	1	0	0	0	0	2	0	1	0	0	0	0	1	0	0	1	0	0	0	0	0	0
00291d743def645d2b316f9223337243	0	2	0	0	0	0	0	1	0	1	1	0	0	4	0	0	0	3	0	0	0	0	0	0	8	9	0	1	0	2
273442b4cb9f8e41bb86264d1eb8cbdc	0	2	0	0	0	0	8	9	1	0	0	3	2	0	15	9	0	2	0	0	0	0	0	1	0	0	0	6	0	1
cb31b6fb770f95b8fb4a4b4b8e32cde6	0	2	0	0	0	0	0	3	0	0	0	0	3	7	3	1	0	4	0	0	0	0	0	0	0	3	0	1	0	0
b21fad2d4f881073e6ec394575ae87e6	0	2	0	0	1	0	2	0	0	0	1	3	0	3	0	2	1	1	0	0	0	0	0	0	3	0	4	2	0	3
6b638417cc1fa483f25859af4c39e9ff	0	2	0	0	0	0	0	0	0	0	0	0	0	0	1	3	0	0	0	0	0	0	0	0	0	0	0	6	0	0
0d9dd730c29ba8b924032d815dbbe190	0	2	0	0	0	1	0	15	0	2	1	0	0	2	8	2	0	0	0	0	0	0	0	0	0	0	0	1	0	0
545f7790c16a69115cd50cb5913e56e7	0	2	0	0	0	0	0	2	0	0	0	0	0	0	1	1	0	6	0	0	1	0	0	2	0	0	2	5	0	6
ec2800c7eb27aeda652f9e89ad104898	0	2	0	0	0	5	0	6	1	1	2	4	0	1	0	0	0	3	0	0	0	0	0	0	3	2	0	0	2	0
bb184e4af9715363a6a2a40032a0210d	0	2	15	2	0	0	1	0	0	0	0	3	0	8	2	3	1	6	0	0	2	0	0	0	0	0	0	3	0	5
7adfa24269ac9e72b63c5b8b3925a5b0	0	2	0	0	0	3	0	0	0	0	0	0	0	0	0	0	0	0	0	0	1	0	0	0	0	0	2	2	0	0
1a7f1bf4fe2071f832545c6f1ca1529b	0	2	0	0	0	0	0	9	0	0	0	0	0	1	0	0	0	0	0	0	0	0	0	0	40	0	0	0	0	0
f8918a430d2d2e1ab140c2fc1977e2d5	0	2	0	0	0	0	16	3	0	0	0	4	0	0	3	2	0	4	0	0	0	0	0	0	0	0	0	1	3	0
6e8c4c3a1ee95cb9f3d7d8b202596710	0	2	0	0	0	0	0	0	0	0	0	1	0	1	2	1	0	0	0	0	0	0	0	1	0	0	0	1	5	0
c69a53548f916a7c39bebfb7ca925ed9	0	2	0	0	0	0	0	0	0	2	2	3	0	2	0	0	0	0	0	0	1	0	0	2	4	6	0	0	0	0
346a2d4d79df7c090ffefed96eedca84	0	2	0	0	0	0	0	0	1	1	2	0	0	1	0	0	0	5	1	0	0	0	0	0	1	0	0	0	0	0
48de224d3295321bfe65545955f95af2	0	2	9	5	0	9	44	7	13	1	6	16	38	34	53	53	0	0	0	0	0	0	0	4	11	7	0	28	7	22
d26603da023cffc4cf9ac6cf6f71af00	0	2	0	0	0	3	0	5	0	0	0	0	0	0	0	0	0	0	1	0	0	0	0	0	0	0	0	0	0	0
a48c77b42aaea4cf3844432ccab1bbbc	0	2	0	0	0	0	0	2	0	0	0	0	2	0	1	1	1	0	0	0	0	0	0	0	0	0	0	1	1	0
afb1c035141af211ce1340e07c192836	0	2	0	0	0	0	0	1	0	0	0	0	0	12	0	0	0	0	0	0	0	0	0	0	0	0	0	0	0	0
d5640a742b414e207fceb91eff64eb39	0	2	2	2	1	2	0	2	2	1	0	0	0	2	1	0	2	0	0	0	0	0	0	0	0	58	0	0	0	0
3626dd97db60ea59fe583db6ca041f74	0	2	1	1	1	0	4	1	0	2	1	1	0	1	2	1	0	1	0	0	0	0	0	0	0	0	0	0	1	1
1034eee6c4da702d9a5dfa80c88eda85	0	2	0	0	0	0	0	0	0	1	0	6	0	0	0	0	0	0	0	0	0	0	0	1	0	0	2	2	0	0
4f2401aeebdf4bdd578091e5fe04f6c9	0	2	0	0	0	0	0	6	0	0	0	0	1	4	0	1	0	5	0	0	0	0	0	0	0	0	0	0	0	0
ce672bc790b6706932d3ca8c46d8fa27	0	2	0	0	0	0	1	0	0	0	0	0	0	3	0	0	0	1	0	0	0	0	0	0	0	2	1	0	0	0
85551067821385a0446ce0ed7eb9062a	0	2	0	0	0	0	0	2	0	1	2	0	0	1	0	2	0	13	0	0	0	0	0	0	0	0	1	1	0	0
7e140a838097f82979025dc423e9add3	0	2	0	1	0	0	0	1	0	3	0	10	5	0	0	1	0	0	0	0	0	0	0	6	0	0	0	9	2	5
ab8d83725adb5e084d55874b7ae77a48	0	2	2	0	0	0	3	0	2	0	0	4	0	0	1	5	0	0	0	0	0	0	0	0	0	0	0	0	0	0
89001f3c8bbf5278f42e23ea7cf1d039	0	2	0	0	0	0	0	0	0	0	2	0	0	0	5	9	0	0	0	0	0	0	0	0	0	0	0	0	0	0
0c02a6c54d0ebe93a5c59fca0b4b960b	0	2	2	0	4	0	0	2	0	1	0	1	0	1	2	4	3	1	0	0	0	0	0	0	0	0	0	2	8	0
de215974ec9cfae16a41d5f08a66ca5e	0	2	0	0	0	0	3	0	0	3	0	3	0	2	0	5	0	1	0	0	2	0	0	3	0	0	0	4	5	2
4ff22e5bda7220fef30c23151209a049	0	2	0	0	0	1	0	1	0	3	0	0	0	10	0	0	0	1	0	0	0	0	0	0	0	0	1	0	0	0
bbfa32c9c3e4262e4a01f647f62cf866	0	2	0	0	0	0	0	3	0	0	0	3	0	5	0	0	0	0	0	0	0	0	0	0	0	0	0	0	0	0
4c5879ca802875435fe704ef42b608d7	0	2	0	0	0	0	0	0	0	0	4	0	0	15	0	0	0	0	0	0	0	0	0	0	44	16	0	0	0	0
06bb018aeb71947c0a1c4d3b7f631ef0	0	2	1	0	0	2	2	2	3	0	0	3	2	1	1	4	0	5	0	0	1	0	0	1	23	0	2	2	2	2
7ca0498133b9910e58b0e3f88da87e61	0	2	0	0	0	0	2	0	0	0	0	0	8	1	1	0	0	0	0	0	0	0	0	0	0	0	1	4	0	0
f6d33a9d7a22a7b34ccce5ae81f2738b	0	2	0	0	0	0	0	2	0	0	0	0	0	12	0	0	0	0	0	0	0	0	0	0	0	0	0	0	1	0
df60b3834f2e91baead0754af0c08646	0	2	0	0	0	6	0	4	1	0	0	0	0	1	0	0	0	0	0	0	0	0	0	0	0	0	0	0	0	0
a28641a6b65a70519a615a8dd9951c4c	0	2	0	0	0	0	0	3	0	0	1	0	1	5	1	3	0	3	0	0	0	0	0	0	0	3	0	0	0	0
225ba29c1a33372cab511756014fd5df	0	2	0	0	0	1	0	1	3	0	0	0	0	0	0	0	0	0	0	0	1	0	0	0	1	0	0	0	1	2
988e7327a884037643d7e47772900333	0	2	0	0	0	0	0	1	0	0	0	0	0	2	0	0	0	0	0	0	0	0	0	0	0	0	0	0	5	0
cf06289f3c27d1d5b5c4df6d69681c83	0	2	0	0	0	0	0	2	6	0	2	2	0	2	2	10	0	2	0	0	0	0	0	0	5	0	0	5	3	1
77c96eff0782f7e578388dfd379db0a6	0	2	0	0	0	0	0	1	0	1	0	0	0	0	1	0	0	0	0	0	1	0	0	0	0	1	1	0	0	2
d8396c1c8cbef39af54464dff50e74b4	0	2	0	0	0	0	0	0	0	0	0	0	0	0	10	0	0	0	0	0	0	0	0	0	0	0	0	0	0	0
fa8586a33d5b91a02c44d9cd3e8ad6de	0	1	0	2	0	1	0	2	0	0	0	0	0	2	0	1	0	0	0	0	0	0	0	1	0	16	0	1	0	0
bef44903b5c4165bc7dbaf8fe3403f13	0	1	0	0	0	0	1	4	0	0	0	0	4	28	0	2	0	0	0	0	0	0	0	0	0	0	0	0	0	0
7f132742bc65f62dc999202840d8a547	0	1	0	0	1	1	1	0	0	0	0	0	0	1	0	4	0	2	0	0	0	0	1	0	0	0	4	0	1	3
2837bbf4097f549946821f18b3e90b76	0	1	0	0	0	5	0	1	0	0	12	0	0	1	0	0	0	4	0	0	0	0	0	0	13	0	0	0	0	0
851fb50ce6caf1c2ed59506a221ab0c4	0	1	0	0	0	0	0	4	2	0	0	0	1	8	1	2	0	2	0	0	0	0	0	0	17	0	0	0	0	0
66a8d66e059f0909bb0f8eb1ecac0ba2	0	1	0	0	0	1	2	0	0	0	0	2	1	5	0	0	0	0	0	0	0	0	0	0	0	1	0	0	0	0
23df0523eac09044ec3f6aa70a48c936	0	1	2	0	0	0	1	0	0	0	0	0	2	0	1	0	1	0	0	0	0	0	0	0	0	0	0	0	1	1
a86c95e97a4e36899df956dfbab927ea	0	1	0	0	0	0	0	0	0	1	0	2	0	0	0	0	0	0	1	0	0	0	0	0	0	0	3	6	3	5
3062b065d79f516452d378bd527d3eff	0	1	0	0	0	0	0	0	0	0	0	0	0	0	0	0	0	0	0	0	0	0	0	0	0	78	0	0	0	0
0ed01dbbac13f8d6d74202e9e47637d7	0	1	0	0	0	0	0	0	0	0	0	0	0	26	0	0	0	0	0	0	0	0	0	0	0	1	0	0	0	0
29ce90fe2179d55d23a3df1f5b60ed47	0	1	0	0	0	0	0	0	0	3	0	4	0	0	0	2	0	0	0	0	0	0	0	2	0	0	0	3	17	1
7a5fd74389ce04822f086c715affabc2	0	1	0	0	0	0	0	13	7	0	0	0	0	6	0	1	0	14	0	0	0	0	0	0	0	0	0	3	0	0
2d3561b64fa2437fb9bdf523fa93a375	0	1	1	0	1	0	1	0	0	4	1	0	0	1	0	0	0	0	0	0	0	0	0	0	0	0	0	0	0	0
b52c3983862cdafaddb6578819dadf70	0	1	0	0	0	0	14	3	0	10	23	0	7	0	22	45	0	0	0	0	0	0	0	0	1	3	0	8	0	1
832746b67a0d0e6a6717417534774390	0	1	0	0	0	0	0	0	0	0	0	5	0	2	0	0	0	0	0	0	0	0	0	0	0	0	0	0	0	2
e803193c06c4cd77bacc093a2e3aa737	0	1	0	0	0	2	0	1	0	1	0	0	0	2	0	1	0	1	0	0	1	0	0	1	0	0	0	1	0	0
c338000396519328f58827ab264d04a5	0	1	1	0	0	0	0	1	0	0	0	3	1	0	0	0	0	0	0	0	0	0	0	0	0	1	0	2	1	3
f858b3b000c9d245abc3d2fc0db1df14	0	1	0	0	0	0	1	5	0	0	2	0	0	0	4	2	0	1	0	0	0	0	0	0	0	0	0	6	0	0
093a6a25897ba938316777c8b5a1a53a	0	1	0	0	0	3	0	1	1	0	0	0	0	0	0	1	0	1	2	0	0	0	0	0	0	0	0	0	0	0
d8499982f4a8fbda085f672f0c666294	0	1	0	0	0	0	0	2	0	0	0	0	0	0	1	0	0	0	0	0	0	0	0	0	0	2	0	0	3	1
df885b27a93b76a4465721a1913a3ff6	0	1	0	0	0	0	0	0	0	0	7	1	32	0	0	0	0	0	0	0	0	0	0	0	0	52	0	0	0	3
41a8a2c2779b102e2ee357df7856b2cc	0	1	0	0	0	75	0	1	0	2	0	0	0	0	0	2	0	0	0	0	0	0	0	0	0	0	0	0	0	0
258399b289ed7437f01b3ee77cefccaa	0	1	0	3	2	0	0	2	0	0	1	0	1	2	2	0	1	0	0	0	0	0	0	0	0	0	3	0	0	0
2aa15ab277f3727806ced431894eea9a	0	1	3	0	0	0	26	0	0	24	0	11	33	1	7	22	0	0	0	0	0	0	0	1	1	15	1	3	4	3
08961f44e91568aebf7f6e5a3e78da77	0	1	3	8	0	0	23	0	0	0	0	15	7	0	0	33	4	0	0	0	1	0	0	4	0	0	1	0	1	5
39b4a2835af73ff25b56b5e87d15fdc2	0	1	1	0	0	0	0	0	0	0	0	0	0	0	2	0	0	2	0	0	0	0	0	0	0	0	1	0	0	5
24c538b9daafbc073421111d8d524297	0	1	5	0	0	0	0	9	0	15	0	50	0	5	0	0	0	0	0	0	0	0	0	0	1	0	0	3	3	0
5b89530e8326c74adc987520f68161b3	0	1	0	0	0	0	0	2	0	1	3	0	0	4	1	0	0	0	0	0	0	0	0	1	3	1	0	0	1	0
fe2aa700c32261a8c16bc64d0de8b4de	0	1	0	0	0	0	0	1	0	1	0	0	0	23	0	0	0	0	0	0	0	0	0	0	0	1	0	0	0	0
31284debd6a8c205febf760254a9aeeb	0	1	1	0	0	2	2	1	3	0	0	1	1	0	1	1	0	1	0	0	0	0	0	0	0	0	0	0	1	0
bbead0b2bcb55fc5871af7a73fbab5c5	0	1	0	4	0	0	0	1	0	0	0	2	0	0	0	0	0	0	0	3	1	0	1	0	0	1	0	0	0	0
f7fa52cc5693da0c81e4d7bcd480587e	0	1	0	0	0	3	0	2	6	0	3	0	0	0	7	1	0	2	0	0	0	0	0	0	13	0	0	0	0	0
aa6f50833e0391cad83434c457d326eb	0	1	0	0	0	0	0	0	13	0	0	0	0	0	0	0	0	3	3	0	1	0	0	3	0	0	1	0	0	0
b5c03ea2785ca08ff5b36ce99c3f8ae4	0	1	0	0	0	0	0	1	0	0	0	0	0	11	0	0	0	0	1	0	0	0	0	1	0	0	0	1	0	0
e35cf0d4b1ad15322d030b64dfdbbe13	0	1	0	0	0	10	2	1	0	6	0	0	0	0	0	0	0	10	0	0	0	0	0	0	2	0	2	0	0	0
9f9ef24027a03f55730698cba9a8921d	0	1	0	0	0	4	0	2	0	0	0	2	0	1	0	0	5	0	0	0	0	0	0	0	0	0	0	0	0	0
566f531e1a93afd5e8f897113805408a	0	1	8	3	5	1	4	4	0	2	0	1	0	4	9	2	7	5	0	0	3	0	0	0	0	0	0	3	0	0
f98209cab987284d5ce37dd08aaf5178	0	1	4	5	2	0	2	1	0	0	0	0	0	0	0	0	6	0	0	1	0	0	1	0	0	0	0	1	0	0
f77231ecdb14f5ceb26b85feb1d760b1	0	1	0	0	0	12	0	0	0	4	0	1	0	0	0	0	0	1	2	0	2	0	0	4	0	0	0	5	1	1
62b3ce86e245fb5c8039b23c56701ac5	0	1	0	0	0	0	0	1	0	0	0	2	0	15	0	0	0	2	0	0	0	0	0	1	0	0	0	1	0	1
97b7fe875388a59ecc2d9d0e1002a81d	0	1	0	0	0	0	0	0	1	0	1	0	0	0	12	4	0	0	0	0	0	0	0	0	0	0	0	1	0	0
8249e1251b6f6d38c6fa515979180fc7	0	1	0	0	0	0	0	1	1	1	8	0	0	2	0	0	0	0	0	0	0	0	0	0	0	0	2	0	0	0
db95d39b1e166f581c294cf2349cfb12	0	1	1	0	3	1	7	3	3	0	0	3	0	5	2	4	2	2	0	0	1	0	0	0	0	0	0	3	1	1
c3375e8e6aaf32736ba920e382941ef2	0	1	0	0	0	0	3	0	0	0	0	0	0	0	7	0	0	0	0	0	0	0	0	0	0	0	0	0	0	1
46a1e297760d0657ba24fd1f2bc4c95f	0	1	0	0	0	0	5	0	0	0	0	0	0	1	0	2	0	0	0	0	0	0	0	0	0	0	1	0	0	0
a6a85902d1b44461f1d7a5bb46f437be	0	1	0	0	0	3	2	3	1	9	0	12	0	0	0	4	0	13	2	0	11	0	0	12	0	0	0	40	0	4
fe0c8496c2f4e8b422a595c3b9f416bb	0	1	0	0	0	0	10	0	0	0	0	0	0	0	1	0	2	0	0	0	0	0	0	0	0	0	0	0	0	0
f44fd5840f1dfd47416f3766b101d0f5	0	1	0	0	0	0	0	0	0	2	0	1	2	0	1	0	0	0	4	0	3	0	0	8	0	0	3	19	9	10
659acdb201cf7fd3f962da3cbc793464	0	1	0	0	0	0	0	0	0	0	0	0	0	44	0	0	0	0	0	0	0	0	0	0	0	0	0	1	0	1
45615ad2812a38ef56151a07b806e51b	0	1	5	1	0	0	2	0	0	0	0	0	0	0	0	0	2	0	0	0	0	0	0	0	0	0	0	0	1	0
51fb4fa8d99aa6f027476c96e51204ed	0	1	0	0	0	0	0	4	0	1	0	1	0	0	0	1	0	1	0	0	0	0	0	0	0	0	0	3	0	0
1272da2f7b150da43728dc857824648e	0	1	0	2	0	0	6	3	0	0	2	0	3	0	0	0	1	0	0	0	0	0	0	0	0	0	0	0	0	0
46624b675457a4b6bc89879b5a68d17e	0	1	0	0	0	0	0	6	2	3	0	0	1	0	1	5	0	1	1	0	0	0	0	1	0	0	0	1	0	0
5042deef1d727e99bf2755e10f52934a	0	1	0	0	0	13	0	9	0	9	10	0	0	14	0	0	0	1	0	0	0	0	0	0	0	0	1	3	1	9
2ee8fb897abf1c9bb34367df3174a6a3	0	1	0	0	0	2	0	3	0	11	7	1	8	34	0	0	0	0	0	0	0	0	0	0	32	11	0	1	3	0
1107e1a7748426e1aa223d1f50643626	0	1	0	0	0	0	1	0	0	0	0	0	2	0	3	3	0	0	0	0	0	0	0	0	0	0	0	1	0	1
4af6de7db038ed21f94a69b8fd2955a6	0	1	0	0	0	52	0	0	0	1	2	0	0	5	0	2	0	0	0	0	0	0	0	0	0	0	0	0	0	0
807acd0672c8c105ca38c2e2e055701d	0	1	2	0	0	0	122	0	0	1	0	0	1	0	52	23	0	0	0	0	0	0	0	0	0	0	0	6	0	0
e0cd9f28ebf9caab2aaa98c532744d3f	0	1	0	0	0	0	0	2	2	0	0	0	0	1	1	0	0	14	2	0	0	0	0	1	1	4	0	0	1	2
962e63ec2c381ba4219b6fee37c80b65	0	1	2	3	2	1	7	4	0	0	0	0	0	0	18	3	0	0	0	0	0	0	0	2	1	0	1	1	0	1
67abf02ed2508e0fba1fc021d9baf47c	0	1	0	0	0	2	0	0	2	2	1	0	0	3	2	2	0	2	0	0	0	0	0	1	2	1	2	0	0	0
b5619105907310b30b22fb4d04eb2ec4	0	1	0	0	0	0	0	0	0	2	0	1	0	0	0	0	0	0	0	0	0	0	0	0	0	0	0	0	15	0
97e508dd97181d753af9ad78c1ba9270	0	1	0	0	0	0	0	0	0	0	6	0	0	0	0	2	0	0	0	0	0	0	0	0	9	0	0	0	0	0
2fb0b3cb394985f04a9cf972dccfc1e1	0	1	0	0	0	0	0	1	0	1	0	0	0	1	0	0	0	5	0	0	0	0	0	0	1	0	0	0	0	0
7f2b4b7045a9639930f13a2c88293d7d	0	1	0	0	0	2	0	0	2	4	4	9	0	0	0	0	0	12	0	0	2	0	0	0	24	0	0	12	0	0
fa6697d872b1d650aee463ab9c1a3657	0	1	0	0	0	0	1	7	0	0	0	0	0	1	0	0	0	1	0	0	0	0	0	0	0	0	0	0	0	0
434d2261d77db9a4e90533c9025dd4f8	0	1	0	0	0	0	3	5	0	1	0	1	0	1	2	2	0	0	0	0	0	0	0	4	1	0	5	4	2	11
7b7b1bea8888cdfd5a151cb862d6d5d8	0	1	0	0	0	0	1	0	0	0	0	1	2	5	2	0	0	0	1	0	0	0	0	0	1	1	0	1	1	0
7dfe8963dbb6c47116becf2e21ff87ab	0	1	0	0	0	0	0	0	0	0	0	0	0	0	0	1	0	2	2	0	5	0	0	0	0	0	0	1	0	0
a292643c63e6bb4ccb102336b5658600	0	1	0	0	0	3	0	0	0	1	0	0	0	6	0	2	0	0	0	0	0	0	0	0	0	0	2	0	0	0
95483fb83d626fd85c764288acda35ac	0	1	0	0	0	0	0	0	0	0	0	0	0	16	0	0	0	0	0	0	0	0	0	0	0	0	1	0	0	0
223ea4949c4e058f450ad2e8877dc0a6	0	1	0	0	0	0	0	0	2	3	0	0	0	0	0	0	0	9	0	0	0	0	0	2	0	0	0	5	0	0
f7db7ab53135bcb8ade163974178ab3f	0	1	125	15	7	3	23	0	0	3	0	9	0	0	35	6	1	0	3	0	0	0	0	1	0	0	0	0	42	19
7ea9325a69cf8fb5ddf0be4c62b1074c	0	1	0	0	0	0	1	2	0	0	0	0	0	0	0	4	0	2	0	0	0	0	0	0	0	0	0	0	0	0
25abc46094245a88e6fd40fd3590379e	0	1	0	0	0	5	0	1	5	9	0	26	1	1	1	2	0	8	1	0	0	0	0	5	0	0	2	6	1	2
a4da7364a8a2d91a5a7877274c88042e	0	1	0	0	0	0	0	0	0	0	0	0	0	9	0	0	0	0	0	0	0	0	0	0	0	0	0	0	0	0
8d791c424f5f5dd0de14fd655bbb6e27	0	1	0	0	0	5	0	0	0	0	1	0	1	9	0	0	0	7	0	0	0	0	0	0	0	2	0	0	0	0
2ebe5e9aff57680041f50d873317f4e0	0	1	0	0	0	0	8	0	0	0	0	0	0	0	4	1	0	0	1	0	0	0	0	1	0	0	0	1	0	1
072b0c0aaa8322f6e1fdc4e7e8097a97	0	1	0	0	0	0	0	0	0	0	0	0	0	0	0	0	0	0	4	0	0	0	0	10	0	0	0	1	0	1
7d73fd6263970218444c92c259cd71a4	0	1	1	0	2	0	0	5	0	0	0	0	0	0	0	0	0	0	0	0	0	0	0	0	0	8	0	0	0	0
882443e66be9fdb59e90f333ee90f77b	0	1	0	0	0	0	0	0	0	0	0	0	0	0	0	0	0	0	0	0	0	0	0	0	0	19	0	1	0	2
6c92957cc1acbb5c80bbe9bd16e900c2	0	1	0	0	0	0	4	0	2	1	0	1	0	2	7	2	0	0	0	0	0	0	0	0	0	0	0	2	7	0
df61096f3e201e113d79f64356def947	0	1	0	0	0	2	0	0	4	0	1	0	0	6	0	1	0	0	0	0	0	0	0	0	0	0	0	0	0	0
6bbc3bf934d03c50ae4a767934de9d20	0	1	0	0	0	0	0	1	2	1	0	1	0	10	0	0	0	2	0	0	0	0	0	0	0	3	0	1	0	1
445a0471b912204998a920511e0904b3	0	1	0	0	0	0	1	0	0	0	0	2	0	0	0	0	0	0	0	0	0	0	0	0	0	0	1	2	3	0
ef1681a555b1f5afdb0e840ac345f202	0	1	0	0	0	0	2	0	0	1	0	0	0	0	1	0	0	0	0	0	0	0	0	0	0	0	22	0	29	16
2e94db161cc25e2fd29501929f5d4e8f	0	1	0	0	0	0	0	0	0	14	0	2	0	0	0	3	0	0	0	0	0	0	0	0	0	0	0	0	4	5
84fad68aa55aa25df54e13ad67d8ff22	0	1	0	0	6	0	0	0	0	0	0	1	0	0	0	0	0	1	0	0	2	0	0	2	0	4	0	2	0	0
b10206d1015475fbd844a0f0ddfb001d	0	1	0	0	0	0	0	0	0	0	0	0	3	0	0	1	0	0	0	0	0	0	0	0	0	0	0	3	3	0
fe312a4db8ee9320a459b81a343f9bc6	0	1	0	0	0	0	2	3	0	0	0	2	0	0	0	0	1	0	0	0	0	0	0	0	0	0	0	0	2	0
fdfe56e7c6e72ddd439f4857fc7a8c6d	0	1	0	1	0	0	0	0	0	0	0	0	0	0	0	0	0	0	0	0	0	0	0	1	0	0	0	9	0	0
2abe534b92a64f75ce4e5245ae6a2354	0	1	0	0	0	1	0	4	0	1	0	0	0	0	0	0	0	1	0	0	0	0	0	0	0	0	0	2	0	0
2ac06e8a3a833bc144147304a5924ac0	0	1	3	4	0	0	1	0	0	4	0	1	0	0	0	5	0	0	0	1	0	0	0	0	0	0	2	0	0	0
07091a4960a11f9680d4c737274f33d8	0	1	0	0	0	0	0	0	0	0	0	1	0	60	0	0	0	0	0	0	0	0	0	0	0	0	0	0	0	0
ab2d59bed9f180fe5cb2f8622b4c9565	0	1	0	0	0	0	0	0	0	0	0	0	0	22	0	1	0	0	0	0	0	0	0	0	0	0	0	0	0	1
595468ce744c6218fbeb8e90e132d123	0	1	0	0	0	0	0	0	0	2	0	0	0	2	0	4	0	1	0	0	0	0	0	0	2	0	0	0	0	0
16e34f0691d1128b5fd70cef3169bfe9	0	1	0	0	0	0	0	0	4	0	0	0	0	24	0	1	0	0	0	0	0	0	0	0	0	0	0	0	0	0
a273d66428c00f7945f196d9e8b00504	0	1	0	0	0	0	0	0	2	12	9	0	0	5	0	0	0	0	0	0	0	0	0	1	0	1	1	0	0	0
9bd6f607a00263fc3a79a6730b981898	0	1	0	0	0	0	0	0	0	0	1	3	0	0	0	0	0	2	0	0	0	0	0	0	2	0	0	0	0	2
20df85f18a6f6b7dbb71ce7666187144	0	1	0	0	0	0	0	2	0	0	1	7	0	0	0	0	0	6	0	0	0	0	0	1	0	0	0	1	1	0
163be702210acc7512733723865f3803	0	1	0	0	0	0	0	1	0	0	0	0	0	2	0	0	0	8	0	0	7	0	0	2	0	0	1	2	1	1
908bea226c73ba124c1e5b75a2433189	0	1	0	0	0	0	0	10	0	0	7	0	0	2	22	7	0	0	0	0	1	0	0	0	0	0	0	0	2	1
02863461c4dded506ef09e5c6d63c4f5	0	1	0	0	0	1	4	2	0	0	1	1	0	1	1	0	0	0	0	0	2	1	0	0	0	0	3	0	0	0
47b9baff498624de571dbc1a5e8fc718	0	1	0	0	0	0	11	1	0	23	0	5	0	0	3	9	0	0	0	0	0	0	0	0	0	0	0	8	1	1
250e4c6614286375413512e08115c29b	0	1	0	4	0	0	0	0	1	1	0	0	0	0	0	2	0	1	0	1	1	1	1	1	0	0	0	0	4	1
1897b306a104dd8a4dc0fe0aa510e389	0	1	0	0	0	1	0	1	0	2	2	0	0	3	0	0	0	0	0	0	0	0	0	0	0	2	0	0	0	0
fdcf9bdec3653c37f99a140fb0d25689	0	1	0	0	0	0	0	0	0	0	0	0	0	0	1	0	0	0	0	0	1	0	0	0	0	8	0	0	0	1
4144f469246dd6ae109c4779e29f3608	0	1	2	0	0	0	2	0	0	0	0	1	0	2	2	5	0	0	0	0	0	0	0	0	0	0	1	1	0	2
10b4e347c2183bad5237e594972b2690	0	1	0	0	4	0	0	1	1	0	0	0	0	0	1	1	0	0	0	0	0	0	0	0	0	0	1	1	0	1
6fc0f1ff57e0162d7b85491865233210	0	1	0	0	0	0	0	0	0	0	0	0	0	0	0	0	0	0	0	0	0	0	0	0	0	0	0	0	20	0
ba5ec3ea5129edc3dbdfccb28465b0f5	0	1	0	0	0	0	0	0	0	0	2	0	0	0	0	0	1	2	0	0	3	0	0	0	2	0	0	1	0	0
bc3890035efba8ba67af557f5e6da6c7	0	1	0	0	0	0	0	0	0	0	5	0	0	0	0	0	0	0	0	0	4	0	0	0	0	0	0	0	0	0
77b9a3412681ff2f7e9d47f418faf2c2	0	1	0	4	2	16	0	0	0	0	0	0	0	0	0	0	0	0	1	0	51	0	1	3	1	0	5	23	0	64
0d14044408e3a9223a4fc9b8d73c24fb	0	1	0	0	0	0	0	0	2	0	3	0	0	0	0	0	0	0	0	0	0	0	0	0	0	15	0	0	0	0
1e2845b104efbee6761252dea57d1e40	0	1	0	0	0	4	0	0	0	0	0	0	0	1	2	1	0	1	0	0	2	0	0	2	0	0	0	4	0	0
7688e01084af7e4241e7c6ea9cdcfda3	0	1	0	0	0	0	0	0	0	0	0	6	0	0	0	2	0	0	2	0	1	0	0	3	0	0	0	3	1	0
82911b802ac1a53d7b6bd05b70f21d58	0	1	0	0	0	1	0	2	0	0	1	0	0	16	0	0	0	1	0	0	0	0	0	0	0	0	0	1	0	0
d91ef083592c89e17ca8484abebdf556	0	1	5	1	1	1	16	0	2	2	0	2	0	0	7	8	0	0	0	0	0	0	0	0	1	1	3	0	4	1
b9f4078001ebd2b2d8ea4c9ada8417a0	0	1	0	0	0	0	0	3	3	0	0	0	0	2	0	0	0	0	0	0	0	0	0	0	1	0	0	0	0	0
13cdb834f3b9e97780550400fed936e3	0	1	0	0	0	0	6	0	0	0	0	0	0	0	4	5	0	0	0	0	0	0	0	0	0	0	0	0	0	1
933cdfa91acfcee820c7ebc6cf05f088	0	1	0	0	0	0	0	0	5	3	0	1	0	0	0	0	0	1	0	0	1	0	0	2	8	0	0	1	1	0
0cbd132c363b92c948cdc599327fe127	0	1	0	0	0	0	6	3	0	0	0	0	0	0	0	0	0	0	0	0	0	0	0	0	0	0	0	0	0	0
abdb9a39793270377ffcaf7674262c54	0	1	0	1	1	2	1	4	1	4	0	1	0	2	0	3	0	1	0	0	2	0	0	0	2	0	0	2	0	4
994681019ff2961540d1c152053f5fd1	0	1	0	0	0	0	3	0	1	0	0	1	6	1	0	8	0	0	0	0	0	0	0	0	0	0	0	3	0	0
ea256118177b35de307d65daf86c4cb6	0	1	0	0	0	0	0	1	0	0	3	1	1	0	0	0	0	1	0	0	0	0	0	0	0	0	1	3	2	0
a2358ac87c4577ffe8b2da4345ea392e	0	1	0	0	0	0	7	0	0	0	0	0	0	0	1	3	0	0	0	0	0	0	0	0	0	0	0	0	0	0
d9c729d13994764955774fff6f40624d	0	1	1	0	1	0	0	0	0	0	0	0	0	0	4	0	0	1	0	0	0	0	0	0	0	0	1	1	0	0
8d17d73b36c2c7e2f6dd61e9bd237973	0	1	0	0	0	0	0	0	0	0	0	0	0	0	0	0	0	1	6	0	2	0	0	6	0	7	0	1	2	3
63f6d4416cf67daa3393c540702db4c8	0	1	0	0	0	0	0	4	0	0	2	0	0	7	0	0	0	0	0	0	0	0	0	0	0	0	0	0	0	0
0602f2e8f92cbe877df852893f68fb4e	0	1	0	1	0	0	3	0	0	2	0	5	15	1	1	4	0	0	0	0	0	0	0	2	0	0	1	8	2	0
256f2771f95b5c72176cee94eced450a	0	1	0	0	0	0	0	0	0	0	0	0	0	7	0	4	0	0	0	0	0	0	0	0	0	0	0	0	0	1
d68f8da45d41a2f648b1748e195d8bfe	0	1	0	0	0	1	0	0	6	0	0	0	0	0	0	13	0	8	0	0	0	0	0	0	0	0	0	0	0	0
e2f144605369f15f2578ce30f362d98a	0	1	0	0	0	12	0	6	13	2	9	2	0	1	4	18	0	39	1	0	2	0	0	0	17	0	1	0	6	0
7f02d07f9eb3f87e5b2159c3ad7696fa	0	1	0	0	0	0	1	0	0	0	0	0	0	4	11	13	0	1	0	0	0	0	0	0	0	0	1	0	0	0
5df260bff74f40bea231e0d2533a527b	0	1	3	0	0	0	9	3	1	0	0	4	1	6	10	9	0	0	0	0	0	0	0	0	0	0	0	0	0	0
6158275981fdd77a6112773a5e042ba5	0	1	0	0	0	0	0	1	0	2	0	0	1	4	0	0	0	0	0	0	0	0	0	0	0	12	0	0	0	2
6d52c9d3e151d0446656a20ded9265ce	0	1	1	0	0	5	1	3	0	0	3	0	0	4	0	11	0	0	0	0	0	0	0	0	0	0	2	0	0	0
3cec6f3c86a236c77444ceb3567a038f	0	1	1	15	0	3	0	4	3	1	0	0	0	0	0	1	0	9	0	0	0	0	0	0	0	0	0	4	1	4
ea9a1a5b8fbb17c5781c514cf0823e61	0	1	0	0	0	1	0	20	14	5	12	9	0	0	21	6	0	50	0	0	0	0	0	2	44	20	0	11	2	5
b3ea6f0a70c4562d2299242e15ef7770	0	1	0	0	0	1	2	2	2	1	0	1	0	0	0	4	0	0	0	0	0	0	0	1	0	0	2	3	1	2
b1547014ad35910f2f2bfed33e9067f0	0	1	0	0	0	0	0	0	0	0	0	1	1	0	2	2	0	0	0	0	0	0	0	0	0	0	1	3	1	0
bb956f17d0d672b28aafe8b2dc829273	0	1	0	0	0	0	0	0	0	0	0	0	0	1	1	1	0	0	3	0	0	0	0	1	0	0	0	2	0	0
b081cdefc69604cd6c3584b2d11f8f7a	0	1	0	0	0	1	0	0	1	0	6	0	0	0	1	1	0	0	0	0	0	0	0	0	2	4	0	1	0	0
09eede38a72addd73832f1641fe5596b	0	1	0	0	0	1	0	1	0	0	0	0	0	4	0	0	0	4	0	0	0	0	0	0	0	0	0	2	0	0
86259605cf709ce820246c95998681a2	0	1	0	1	0	0	1	5	0	0	0	0	0	0	2	0	0	4	0	0	1	2	4	1	0	0	0	5	0	3
fa3db44b17b898481cd4e18117a0a518	0	1	0	0	0	0	0	8	1	1	1	7	1	10	0	0	0	1	1	0	0	0	0	4	2	26	1	6	5	0
68d2c53bd9ffcb6b1ae4c72002fbd2c6	0	1	0	0	0	1	0	1	4	5	4	2	0	7	0	0	0	0	0	0	0	0	0	0	2	5	0	4	1	2
09ed342aae69dc0b5d251361a5ffc13d	0	1	0	0	0	0	0	3	0	1	0	2	0	2	0	0	0	5	0	0	0	0	0	0	0	1	0	0	1	0
2e03df439c542de93e1b41308ee235e8	0	1	0	0	0	2	0	0	0	7	4	0	0	2	0	10	0	6	0	0	0	0	0	0	0	0	0	7	0	2
f3f7fce1770a184cccdcd7beda4d5d00	0	1	0	0	0	0	5	0	0	0	0	0	0	4	3	0	0	0	1	0	0	0	0	0	0	0	0	0	0	0
b10f195f5d8a6e57e6e3ac206fa11596	0	1	5	0	1	0	4	2	6	0	0	0	0	0	0	0	0	0	0	0	0	0	0	0	0	0	0	0	0	0
d85b13ff7c1771217e14452a44cc8620	0	1	0	0	0	1	0	2	0	0	0	0	0	6	0	0	0	0	0	0	0	0	0	0	0	0	0	0	0	0
70c0a01ff4925b47e7000dbf0fcd54d5	0	1	0	0	0	0	0	0	0	1	1	0	0	0	0	0	0	0	0	0	6	0	0	1	0	0	0	1	0	3
8cd6bdf43b5b65f3dd593a20cb23d435	0	1	0	2	2	0	1	0	0	0	1	3	0	1	0	1	2	0	1	0	0	0	0	5	0	0	0	2	1	3
bc77dc78600643c82e5e44a0fce690ce	0	1	0	0	0	0	1	0	0	0	1	0	0	5	0	0	0	3	3	0	13	0	0	0	0	0	1	0	0	2
cd014bd89ca44a1fdc598dcf452a79d7	0	1	0	0	0	0	1	0	0	2	0	3	1	5	1	0	0	0	0	0	0	0	0	1	0	2	0	4	0	1
7137d0c383f0099412fe055440caac6d	0	1	0	0	0	1	10	7	2	0	4	7	1	1	32	21	0	0	0	0	0	0	0	2	0	0	1	1	1	0
95fa4c86d58224dc7d838b58ef39f104	0	1	0	0	0	1	0	2	18	0	0	0	0	4	0	0	0	11	0	0	0	0	0	0	21	2	0	1	0	0
87d1f40023779cecf8f1e12ddc5c0702	0	1	0	0	0	5	3	1	0	2	2	0	1	2	0	0	0	0	0	0	0	0	0	2	0	0	0	0	1	3
55f0cf8af2fba131f07706fdbbd9a69b	0	1	0	0	0	3	1	1	1	1	0	0	0	0	5	1	0	1	1	0	0	0	0	0	0	0	0	2	0	0
8fabb679415fe6a9969015076873e211	0	1	0	0	0	0	0	0	0	2	0	0	0	0	0	0	0	0	5	0	0	0	0	0	0	0	3	0	0	0
2b29e2a0949772ce9db0102e207273a8	0	1	0	0	0	0	0	0	6	2	0	0	0	0	0	0	0	10	11	0	17	0	0	5	0	0	19	15	6	66
94524550a48bb2c91ee2286989fd538a	0	1	0	17	5	0	0	0	0	1	0	0	0	0	1	1	4	0	0	0	0	2	0	1	0	0	0	2	0	0
5427289d2aab0361bb6c147899f4544e	0	1	3	3	0	0	1	0	2	3	0	3	0	1	1	0	1	1	0	0	0	0	0	0	0	0	0	0	1	0
af40303e1abda6e6bd3e41600b3b5b3c	0	1	0	0	0	0	0	0	0	3	0	1	0	1	1	4	0	0	3	0	0	0	0	6	0	0	3	0	0	1
ec2d632e3c6ea61300110fcc4da82006	0	1	0	0	0	0	0	0	0	0	0	0	0	0	0	0	0	0	0	0	0	0	0	0	0	9	0	0	0	0
f66c6ca7019ad07773316facfba55378	0	1	0	0	0	0	2	0	0	0	0	0	0	0	17	2	0	0	0	0	0	0	0	0	0	0	0	1	0	0
a11464ed1a51600eb025af1b97b6f511	0	1	0	0	0	5	0	2	0	0	0	1	0	1	0	0	0	1	0	0	1	0	0	0	0	0	0	0	0	0
3a1acc80d162bbab5bb9d5d2504acb30	0	1	0	0	0	0	0	3	0	10	14	0	0	0	1	1	0	3	1	0	0	0	0	0	0	7	0	0	0	0
9bca86a9f352825611a02001bdf960fd	0	1	0	0	0	0	0	0	4	0	1	0	0	0	0	5	0	3	0	0	0	0	0	0	0	0	0	0	0	0
5c9c41796963bcaf792dff89a1094b4c	0	1	0	0	0	0	0	0	0	1	0	0	0	0	2	4	0	0	0	0	0	0	0	0	0	0	0	3	0	0
bae7975ae6514a7759a5a430605a5091	0	1	0	0	0	0	0	2	0	0	2	0	0	1	1	0	0	3	0	0	0	0	0	1	5	3	2	1	0	1
c69d35ce8a315dfeda475581c9b6333e	0	1	0	0	0	1	0	1	2	0	1	0	0	2	14	0	0	0	0	0	0	0	0	0	0	1	0	0	0	0
f36a4aec3b04e8c92af113e6a1440926	0	1	0	0	0	0	0	8	1	2	2	1	0	10	0	0	0	1	0	0	0	0	0	0	3	5	0	2	0	0
0621a8d4dec38ae7f0e0286ae0eb497a	0	1	0	0	0	0	0	0	1	0	1	0	1	0	1	2	0	0	1	0	0	0	0	0	14	0	0	0	0	0
8475e8186437f15f6b27c1400338963f	0	1	0	0	0	0	0	1	0	0	0	0	0	0	3	2	0	0	0	0	0	0	0	0	0	0	0	3	0	0
bd45c9fcd89f77577af26b9b54c11ae2	0	1	0	0	0	0	0	2	0	1	2	0	0	0	8	0	0	0	0	0	0	0	0	0	0	0	0	0	0	0
53ea7f84cb74c7636f82e7499f52205c	0	1	0	0	0	0	0	1	1	0	0	2	0	0	0	0	0	3	0	0	1	0	0	1	1	0	0	0	1	0
94c6a721e076e4f247a08f0890b2c5d7	0	1	0	0	0	4	1	1	5	6	7	4	5	16	0	0	0	2	0	0	0	0	0	0	41	10	0	0	1	1
6565156a1b566e9bfa22e33d895a84dd	0	1	0	0	0	1	0	1	0	0	0	2	0	0	2	14	0	0	0	0	0	0	0	2	0	0	0	0	0	0
d9a020293b7531bc406e252e8048b9a7	0	1	0	0	10	0	0	0	0	2	0	0	5	0	0	0	0	0	0	0	0	1	0	0	0	0	0	0	0	0
2563a689969f7cadec3d3dee0bc787de	0	1	0	0	0	0	5	0	0	1	0	1	1	0	1	0	0	1	0	0	0	0	0	0	0	2	1	0	3	0
d81cfe7d45d48b1135ddf6ec68646195	0	1	0	0	0	0	0	2	4	1	3	0	0	1	0	0	0	0	0	0	0	0	0	0	1	0	0	0	0	0
6282ad6e8278f6525448440c2fbaf9b4	0	1	0	0	4	0	1	0	0	0	0	0	0	0	3	2	1	0	0	0	0	0	0	0	0	0	0	0	1	0
baa19fd9be38320efe8ce5d8c28365c3	0	1	0	0	0	0	0	1	0	1	0	3	0	0	0	1	0	0	0	0	0	0	0	3	0	0	0	0	0	0
9c14c1f9916692491946ef6552cfdbd2	0	1	0	0	0	0	0	0	0	3	1	4	0	0	0	0	0	1	0	0	1	0	0	1	0	0	0	1	3	1
a46316405eee5e076be917aeba9dc8d3	0	1	0	0	0	0	2	6	0	3	0	0	0	9	3	0	0	0	2	0	7	0	0	1	0	0	0	2	0	0
3c62219fa3086bfbc2db26d806e1a142	0	1	0	0	0	0	2	0	0	0	1	0	3	0	4	15	0	0	0	0	0	0	0	0	0	0	0	0	0	0
03873d987d578f9877b5ea95b6039990	0	1	0	0	0	0	0	0	0	0	0	0	0	0	0	0	0	0	1	0	0	0	0	0	0	0	4	0	4	6
ea15a530b6b2ad8a7d48736a8ff9cd1d	0	1	0	0	0	0	0	2	0	0	0	0	0	0	0	0	0	4	0	0	0	0	0	0	0	3	0	0	0	0
18c146de40b81659a232d1a31b055f0f	0	1	0	0	0	1	0	1	3	0	0	4	0	0	0	0	0	1	0	0	0	0	0	1	0	0	0	4	1	1
0f820749be0aafe45d4545f2581c25f9	0	1	0	0	0	2	0	0	0	0	0	0	2	5	0	0	0	0	0	0	0	0	0	0	0	0	0	0	0	0
3273469331edea782e8295a5694dd7d6	0	1	0	0	0	0	0	0	0	0	0	0	0	6	0	0	0	0	0	0	0	0	0	0	0	0	4	1	0	1
1d0675ccd2ac472ec971858620446e0e	0	1	1	0	0	0	1	0	0	0	0	0	2	1	0	2	0	1	0	0	0	0	0	0	0	0	0	2	1	2
8034d9d2276a3233ab98b00129c91ac5	0	1	0	0	0	0	0	2	0	0	0	0	0	3	1	1	0	1	0	0	0	0	0	0	0	0	0	0	1	1
3069e0e6d26bbcf24687d4c286ffcf68	0	1	0	0	0	0	0	0	0	0	0	0	0	0	0	2	0	0	0	0	0	0	0	1	0	0	1	0	0	6
3b8d3b93cb70a453839a9a5fd79683a0	0	1	0	0	0	0	0	1	0	0	0	0	0	8	0	3	0	0	0	0	0	0	0	0	0	0	0	0	0	0
9809ec3a128393dfde1a86f176d11a5c	0	1	0	0	0	0	0	0	0	0	0	0	0	12	0	0	0	0	0	0	0	0	0	0	0	0	0	0	0	0
9cc8b6495bdeaae697861fef0c81db72	0	1	0	0	0	0	0	0	0	1	0	0	7	0	0	1	0	0	0	0	0	0	0	0	0	0	0	3	0	0
e9796a73d1e5f0201d7dfa8bb82e8e06	0	1	0	0	0	0	2	1	0	2	0	1	0	2	0	0	0	3	3	0	0	0	0	0	0	0	0	3	4	0
f21c3af75d34dbf163ef08fac523bf1a	0	1	0	0	3	0	1	0	2	0	2	0	0	0	0	0	0	5	0	0	0	0	0	0	10	0	0	0	0	0
0307040c5e00bc641c8957a380b2577a	0	1	0	0	0	2	0	2	0	0	0	3	0	1	0	0	0	0	0	0	0	0	0	0	1	0	0	3	1	0
12434c789272d5f19d9c08e16b313177	0	1	0	0	0	0	1	1	0	0	0	1	0	11	0	0	0	0	0	0	0	0	0	0	1	0	0	0	0	0
17c932d85de619fa7e8db9b4a4132c97	0	1	0	0	1	0	0	0	1	2	0	7	1	1	0	0	0	3	0	0	0	0	0	0	0	0	0	1	0	0
37776a02c016709974f2b293dde12a39	0	1	32	32	16	0	6	0	0	2	0	0	0	0	0	3	23	3	0	0	0	0	0	0	0	0	0	0	17	4
68044de85e54e91528a7f13af4364dfa	0	1	0	2	0	0	5	0	0	0	0	1	7	0	2	7	0	0	0	0	0	0	0	0	0	0	2	0	1	1
afc515ee7eedcbe9ed2759a5657fc46f	0	1	2	10	3	0	1	0	0	0	0	0	2	0	0	1	4	0	0	2	0	1	0	0	0	0	0	0	1	2
7b3c493dd46bbee190c9ecf4fef4ba8d	0	1	0	1	7	0	0	1	0	0	0	0	0	1	0	0	5	1	0	1	4	5	0	1	0	0	0	1	0	4
ad0ddbde8ed9244079e1bee69c065f93	0	1	0	0	0	0	0	1	3	6	0	0	0	4	5	0	0	9	23	0	47	0	0	10	0	0	4	16	0	2
ad7322fff92a588a624ffc0162e11105	0	1	0	0	0	1	0	1	2	4	2	3	0	1	0	3	0	0	0	0	0	0	0	0	4	0	0	9	2	0
2a2da86c899e838a77d7fcc6ab1a89ce	0	1	0	0	0	0	3	0	0	1	0	0	4	0	1	3	0	0	0	0	0	0	0	0	0	0	7	1	0	3
f92a8047708161fde5c7cac28d2a6150	0	1	0	0	0	0	0	0	0	0	1	0	0	7	0	0	0	0	0	0	0	0	0	0	1	1	0	0	0	0
6214352c92651b411dae2e53b144d7a7	0	1	0	0	0	1	0	0	0	2	0	0	0	7	0	0	0	0	0	0	0	0	0	0	0	0	0	0	0	0
51c0be160de2edf701b854132d6121c4	0	1	0	0	0	0	2	1	0	14	0	0	2	0	0	0	0	0	0	0	0	0	0	0	0	0	0	5	0	0
c4201a185971cf73ccff8a1262ec5cda	0	1	0	0	0	0	2	0	0	1	0	8	0	1	0	0	0	0	0	0	0	0	0	2	0	0	0	2	3	0
d81042648ad8dec1fbe0440819753bfa	0	1	0	0	0	0	0	2	0	1	0	2	0	3	0	0	0	1	0	0	0	0	0	0	0	0	3	3	0	0
ea0c00634cda52331edfe3635753124a	0	1	0	0	0	5	4	2	2	1	0	0	0	11	0	1	0	0	0	0	0	0	0	0	1	0	0	0	2	0
b8f4f7a73f0f3c23f46c32dda0df8ea8	0	1	7	0	3	11	0	0	0	7	0	0	0	0	2	0	0	0	2	0	0	1	0	0	0	0	1	11	3	17
8608637be3c5bdc7b54045b8e9729b25	0	1	0	0	0	0	0	0	0	0	0	0	0	1	0	0	0	1	10	0	3	0	0	18	0	0	3	8	0	6
7d7de8f3828ee88b15046afe28e2e929	0	1	0	0	0	0	0	2	1	3	0	1	0	2	0	3	0	6	0	0	0	0	0	0	1	0	0	7	1	0
7430c79c04d7f4bd17a77d0472e6058d	0	1	0	0	0	0	3	0	0	1	0	0	6	0	0	0	0	0	0	0	0	0	0	0	0	0	0	0	0	0
5cd9a720802b92a149431e0f4952d1b6	0	1	0	0	0	0	0	1	0	1	0	3	1	2	0	0	0	0	0	0	0	0	0	0	2	0	0	3	0	1
d9362f312a97b70b0ecf7f4d5e95ba25	0	1	0	0	0	0	0	2	0	0	0	0	0	7	0	0	0	1	0	0	0	0	0	0	0	0	0	1	0	0
a6598f698c9b45cf2fe7511ab9bc6688	0	1	0	0	0	4	1	0	0	0	1	0	0	0	1	4	0	0	0	0	0	0	0	0	0	0	0	1	0	0
c0986c454782c4f0efb4a0455aaefd4d	0	1	1	0	0	0	3	0	1	0	0	0	0	0	11	2	0	0	0	0	0	0	0	0	1	0	0	0	0	0
74976b82ae15d0be1663c7b46e012a06	0	1	0	0	0	3	0	0	0	0	0	0	0	1	2	1	0	0	0	0	0	0	0	0	0	0	0	0	0	2
44e3e58eae97a4b4d2778b199efa7da6	0	1	1	0	0	0	4	0	0	0	0	0	0	4	0	0	3	1	0	0	0	0	0	0	0	0	0	0	0	0
ac487da4868668ae4e71f40a6de4f4ba	0	1	0	0	0	0	0	1	0	0	0	0	0	0	0	0	0	4	1	0	2	0	0	0	1	0	0	0	0	0
84f06e1a549c2d469cc2156c24f33234	0	1	0	0	0	2	0	1	6	0	3	0	0	0	1	6	0	23	0	0	1	0	0	2	2	0	0	3	0	0
3e4348c2f6b0d79ea6a1f7d0e80d6dc7	0	1	0	0	0	13	0	0	0	0	0	0	0	1	1	0	0	1	0	0	0	0	0	0	0	0	0	0	0	0
012a235c3f77e5e1e2d75b8d79a0d09f	0	1	0	0	0	0	0	0	3	0	0	0	0	3	0	0	0	3	0	0	0	0	0	0	0	0	0	0	0	0
4bf1ccfff1e218c8f6a8dd1a45e8f0ac	0	1	0	0	0	1	0	1	4	1	1	0	0	0	4	0	0	1	0	0	0	0	0	1	1	0	0	1	0	0
dc910fb5b23029491e5caebefdf365c5	0	1	2	0	1	2	9	0	0	11	0	7	9	0	1	9	0	3	0	0	4	0	0	10	0	0	53	4	18	60
d177e08d9dc8ba7854f065614645f5d0	0	1	0	0	1	0	1	0	0	0	0	0	0	1	0	0	0	0	0	0	1	0	0	0	0	0	0	0	2	3
b1ba6f31d20ee2f51d06c79c71a9b010	0	1	0	0	0	0	0	0	0	0	0	0	0	6	0	0	0	0	0	0	0	0	0	0	0	0	1	2	0	0
5cca545e99d22040b156304677f48371	0	1	0	0	0	0	0	4	0	1	0	0	0	7	0	0	0	0	0	0	0	0	0	0	0	0	0	0	0	0
abfc24029f5b76823471f100d7547f3c	0	1	0	0	0	0	1	2	1	0	1	0	2	1	0	1	0	2	0	0	0	0	0	0	2	0	0	0	0	1
984556d704d402a35316e4e87b350859	0	1	0	0	0	0	0	0	0	0	1	1	0	0	1	4	0	0	0	0	0	0	0	0	0	7	0	0	0	1
73f1a7d2bfc647ce59a5300efb7005de	0	1	2	3	3	0	2	0	0	0	2	0	0	9	5	10	6	5	0	5	0	2	2	6	2	0	1	3	4	0
eb703e3dcf56f0af582dbf38d835c5ad	0	1	0	0	0	6	2	0	3	0	2	2	0	2	0	0	0	9	0	0	1	0	0	0	6	0	0	2	0	1
47c1cc02ff4bbd35ce310b6fb43d80bf	0	1	1	0	1	2	0	0	0	0	0	0	0	1	3	4	1	0	0	0	0	0	0	0	1	0	0	1	3	3
4700bab421d731aed14eae1cced3cce5	0	1	0	0	0	0	1	0	0	0	0	0	0	0	5	0	0	0	0	0	0	0	0	0	0	7	0	1	1	1
e406c7595f449666cd5b6c4e86b38196	0	1	0	0	0	0	2	4	0	0	0	0	0	1	0	1	0	0	0	0	0	0	0	0	0	0	0	0	0	1
cfaa2c80462cb53438bdf7dd56de3463	0	1	0	1	0	0	1	1	0	1	0	2	0	2	0	2	0	1	0	0	2	1	0	0	1	0	0	0	2	3
12c0bf1397b4d8f9d658a53f67c37bba	0	1	0	0	0	1	0	0	0	7	0	0	0	1	0	0	0	3	0	0	0	0	0	0	3	1	1	0	0	0
28552b0c3e845107849ebce05a7cda37	0	1	1	0	1	0	0	10	0	0	0	0	0	0	0	0	0	0	0	0	0	0	0	0	0	0	1	0	0	0
54d8a36f3014d25272fe572236ef035d	0	1	0	3	1	0	0	0	0	0	0	0	1	0	0	2	0	0	0	0	0	4	0	0	0	0	0	0	0	0
fc743c2e4c839575962247e01e90b681	0	1	0	2	2	0	0	1	0	1	2	0	0	1	0	0	1	1	5	0	0	0	0	3	2	5	8	3	0	3
e87e89f363fcdd6729fe2ef4669e0faa	0	1	0	0	0	0	1	7	0	11	0	8	0	0	0	1	0	0	1	1	4	0	0	1	2	1	0	7	13	3
58ea838ba82a9abe28a2bfe3f95d375d	0	1	0	0	0	12	2	2	0	0	0	0	0	0	2	1	0	0	0	0	0	0	0	0	0	0	0	1	0	0
81e69119b18cf9aecd15b1172b5d2345	0	1	0	0	0	0	0	4	0	2	1	2	0	1	0	2	0	2	0	0	0	0	0	1	0	0	0	1	0	0
d9b9c0216e5f339ad121e67397865e5b	0	1	0	0	0	0	0	0	3	0	0	0	0	1	0	0	0	0	0	0	0	0	1	0	2	0	3	0	0	0
c20c65e9421e2fae4831794faf4fc83d	0	1	1	4	5	0	3	3	0	0	0	2	1	0	7	8	7	3	1	0	0	2	0	0	0	0	2	0	15	2
d405fbd75c4be231b2d1ddd4b0b579e0	0	1	0	0	0	0	0	0	0	0	0	11	0	0	0	0	0	8	0	0	0	0	0	0	2	0	0	1	0	0
20fae9dc6a70fa2eb7ff338ce8a3770f	0	1	0	0	0	7	0	0	0	1	0	0	0	0	0	1	0	0	0	0	0	0	0	0	0	0	0	0	0	0
8f5038c7dc9d808c89757e9b268f136a	0	1	0	0	0	0	1	0	0	5	0	1	0	0	1	0	0	2	1	0	3	0	0	5	0	0	0	2	2	0
54f62d77e9004c66e63d429651179849	0	1	0	0	0	2	6	1	0	2	0	4	10	9	2	1	0	1	4	0	12	0	0	1	0	0	1	10	8	5
8f8897f7974c0efa45eeb8eca634ef16	0	1	0	0	0	0	0	6	0	0	0	0	15	1	0	0	0	0	0	0	0	0	0	0	1	0	0	2	0	0
cdd04589995388e99480b18078ebc535	0	1	0	0	0	1	0	0	0	0	1	0	1	2	0	1	0	6	0	0	0	0	0	0	0	0	0	1	0	2
b2ed17b269e33542d3d83378802c35d8	0	0	197	115	123	0	14	0	0	0	0	0	0	0	7	2	99	0	0	6	0	46	0	1	0	0	1	7	0	2
6b5cbdde564564d1d21ac9fdcf0cb0db	0	0	190	10	8	0	5	18	0	2	0	0	0	1	13	12	0	15	2	0	32	0	0	1	1	0	9	0	2	11
fb56320894e60fd13980ec5e1da133fd	0	0	122	23	5	0	47	0	0	0	0	0	0	0	32	10	50	0	0	0	0	4	0	0	0	0	0	0	0	0
fea1f9253a15bbf6873cdb0a4087aeb1	0	0	95	107	84	0	0	0	0	0	0	4	0	0	0	0	4	0	1	26	0	117	5	1	0	0	8	0	2	5
fd81de0c9ab871232940a1f4f8016ee2	0	0	88	5	10	0	0	0	0	0	0	0	0	0	0	0	7	0	1	2	0	0	0	0	0	0	0	0	0	14
5482d1bad6370675bf569d00434832f5	0	0	78	51	30	0	4	0	0	0	0	0	0	0	0	0	50	0	0	4	0	6	5	0	0	0	3	0	9	0
b47ccf2cf3b4a400fb8f9b42c19bf767	0	0	75	6	11	0	1	1	0	0	0	0	0	0	1	0	0	0	0	0	0	0	0	0	0	0	1	1	0	1
0796833e02cc47e4fdc75449aa7cd1be	0	0	74	17	1	0	164	0	0	0	0	0	0	0	1	0	26	0	0	0	0	0	0	0	0	0	0	0	0	0
474cf3597d87f2fffced88f169cacd8e	0	0	69	36	37	0	27	6	0	0	0	9	1	0	16	18	34	3	0	1	1	2	0	2	0	0	2	16	2	9
37eac9e9f6dc8787235167a4d43b00a7	0	0	62	11	11	0	0	0	0	0	0	0	0	0	0	0	15	0	0	1	0	0	0	0	0	0	0	0	0	0
16e1aa726fb31c609f796f278017b1bf	0	0	58	1	0	0	0	0	0	0	0	0	0	0	0	0	0	0	0	1	0	4	0	0	0	0	0	0	0	0
f5b25bcba440bdd064db89e731e9c126	0	0	53	35	40	20	0	8	3	9	10	27	6	0	32	44	5	6	0	39	5	26	3	2	11	0	18	13	19	46
a1c2b279792320cbf41296a4366287d0	0	0	53	0	0	0	0	0	0	0	0	0	0	0	0	0	0	0	0	0	0	0	0	0	0	0	1	0	1	1
2594e883db718c9b8b776bc8cd757347	0	0	49	3	5	0	7	0	0	0	0	0	0	0	8	0	6	0	0	0	0	0	0	0	0	0	1	0	0	1
6ff0127a129485cf489258853f7deb49	0	0	46	41	23	0	33	0	0	32	0	4	79	3	8	35	36	0	0	0	0	4	0	0	0	0	1	17	0	0
1b0c7edc36d82c9030fec0103e729feb	0	0	46	3	10	0	0	0	0	0	0	0	0	0	1	0	10	0	0	0	0	0	3	0	0	0	0	0	3	0
362a960ba358443ac731e7da6a092ba1	0	0	46	0	4	0	0	0	0	0	0	0	0	0	0	0	40	0	0	2	0	0	0	0	0	0	0	0	0	0
5f6edfb3024cf9f6fba8dad2c89cb865	0	0	43	15	0	0	107	0	0	0	0	0	0	0	158	0	0	0	0	0	0	0	0	0	0	0	0	0	0	0
8ca45648998d996ca3d29fc2328e3fff	0	0	42	2	3	0	0	0	0	0	0	0	0	0	0	0	8	0	0	8	0	8	41	1	0	0	4	0	0	2
7de214845e653c135e07fad8f1b9b41e	0	0	40	5	7	0	0	0	0	0	0	1	0	0	0	0	1	0	2	0	0	0	0	0	0	0	4	0	0	5
d7e5f61d8f0d4651e9f3f2dd599b7d5b	0	0	39	21	20	0	50	2	1	2	1	14	1	0	20	7	15	0	1	2	1	12	1	0	2	0	10	1	4	15
ee7789983fa43e6ae0c684e4d39471bb	0	0	39	23	13	0	54	0	0	0	1	8	0	0	55	9	4	0	0	0	0	2	0	0	0	0	2	1	71	7
d1fc8c2772d5d27c2b73669b9b075073	0	0	39	6	10	0	4	0	0	0	0	0	0	0	4	0	9	0	0	0	0	0	0	1	0	0	0	0	0	1
4621c0ad515778ff80487c9bf5533175	0	0	38	0	13	0	12	0	0	1	0	5	0	0	11	0	10	0	0	0	0	0	0	0	0	0	2	0	0	2
4cbffea7bf192cc29c2c572931128b97	0	0	33	15	0	0	0	0	0	0	0	0	0	0	0	0	5	0	0	0	0	3	0	0	0	0	0	0	0	0
53a32a874a829f2dcc675fcae7660e9b	0	0	32	3	2	0	0	0	0	0	0	0	0	0	0	0	11	0	0	0	0	0	0	0	0	0	1	0	0	0
52402d7e00c215de7fa1d475d27eb8ef	0	0	32	2	7	0	60	0	0	0	0	6	8	9	17	9	9	9	0	0	0	0	0	0	0	0	0	0	2	0
a882a270e88dad2bf18355cdbcea19bd	0	0	32	27	28	0	1	0	0	0	0	0	0	0	1	0	30	0	0	14	2	4	1	1	0	0	1	0	0	0
f640c1a2b84dd3fc117ddfedf7123d54	0	0	32	0	10	0	0	0	0	0	0	0	0	0	0	5	4	0	0	0	0	0	0	0	0	0	0	0	2	0
ce8b7e0ce8c8223c36c84a31fa05cce1	0	0	29	8	2	0	2	0	0	0	0	0	0	0	1	0	6	0	0	1	0	1	0	0	0	0	0	1	0	0
47b0ba7949d72f05a6581cacd5313f97	0	0	29	0	1	0	0	0	0	0	0	0	0	0	1	0	0	0	0	0	0	0	0	0	0	0	0	0	0	0
ed5485a2da1265db8c63987e3cea26dd	0	0	28	0	0	0	0	0	0	0	0	0	0	0	0	0	0	0	0	0	0	0	0	0	0	0	0	0	0	0
ece1910699256556bda4723f7ac076bf	0	0	28	18	40	0	0	0	0	0	0	0	0	0	0	0	55	0	0	0	0	38	0	0	0	0	0	0	0	0
fd27d85b46e0b73facaa1f11dce2808b	0	0	27	77	87	0	2	0	0	0	0	0	0	0	0	0	71	0	0	0	0	3	0	0	0	0	1	0	0	5
c0e5f0f9a919c1ddb7a6b0bcce66be81	0	0	26	6	1	0	7	0	0	0	0	0	0	0	4	2	0	0	0	2	0	1	0	0	0	0	1	0	0	0
81e3c77f7ccdb2d909b550b4fa0c0bd3	0	0	26	3	2	0	0	0	0	0	0	1	0	0	0	0	5	0	0	0	0	0	0	0	0	0	0	0	0	0
c20baa64ca089c25a67b5fcd4cc9bfcf	0	0	26	11	2	0	0	0	0	0	0	0	0	0	0	0	3	0	0	1	0	0	0	0	0	0	0	0	0	0
80f5e33ed2ba4e9918a6f46ddf8d44d5	0	0	26	30	36	0	0	2	0	0	0	0	0	10	5	0	40	14	0	22	4	14	5	5	2	0	0	6	0	21
4d4b60fc3ceb9e858d0786726f53dc96	0	0	26	9	8	0	0	0	0	0	0	0	0	0	0	0	0	0	0	0	0	0	0	0	0	0	0	0	0	0
91139f929e2641ad969a4232e7ddd2d2	0	0	25	6	5	0	0	0	0	0	0	0	0	0	0	0	37	0	0	8	0	11	0	0	0	0	0	0	0	0
8dc268aa8e2c87131fc9669f51166eae	0	0	25	36	53	0	0	0	0	0	0	0	0	1	0	0	23	0	0	0	0	25	0	0	0	0	0	0	0	0
105656680b8b2bf1e313df1171cc67aa	0	0	25	19	10	0	30	0	0	0	0	0	0	0	0	11	6	0	0	0	0	0	0	0	0	0	0	0	0	0
9b2a2fa29cb418297331e7eecfccbd2e	0	0	24	10	42	0	5	0	0	0	0	0	0	0	0	0	48	0	0	0	0	3	1	0	0	0	0	0	0	0
84fc20584a46152cb8704326066aee76	0	0	23	0	0	0	22	0	0	0	0	0	0	0	13	0	8	0	0	0	0	0	0	7	0	0	8	6	0	0
a8350dca536e3f8df1287cd5580a2a70	0	0	23	5	0	0	0	0	0	0	0	0	0	0	0	0	0	0	0	0	0	0	0	0	0	0	0	0	0	0
ebd8bf004396cf0f5f3fe08d5e74889e	0	0	23	18	14	0	0	0	0	0	0	0	0	0	0	0	5	0	0	0	0	0	0	0	0	0	0	0	0	0
bdc94ef77e6e3c1d101004af8a23cf15	0	0	23	0	0	0	0	0	0	0	0	0	0	0	0	1	0	0	0	0	0	0	0	0	0	0	3	0	5	38
8910e7daa127b50a46ba6d9b95fb2c2b	0	0	23	0	0	0	0	0	0	0	0	0	0	0	0	0	2	0	0	0	0	0	0	0	0	0	0	0	0	0
d088b3a715c5e6940b5e8e5c5a2ea5b8	0	0	23	108	85	0	1	0	0	0	0	0	0	0	0	0	28	0	0	39	0	153	55	0	0	0	6	0	15	16
455300e2c908fccde08b66c3c7f1adc6	0	0	22	58	54	0	1	1	0	0	0	1	1	1	2	2	35	0	0	149	0	125	36	0	0	0	2	2	0	3
d577e346312ae47136ade54800c1c381	0	0	22	16	3	0	67	3	0	9	0	2	14	2	58	90	14	0	2	0	1	0	0	6	0	0	16	33	45	38
840da456d3adc9cfe4da1da628c47ea5	0	0	21	16	2	0	2	0	0	0	0	0	0	0	0	0	18	0	0	0	0	0	0	1	0	0	0	0	0	1
50b80ed38c58776d8dc15b422c6711ce	0	0	21	11	12	0	5	0	0	1	0	0	0	2	1	3	13	0	0	0	0	0	0	0	0	0	1	0	1	1
4bce64e4b17fe174832e6240c012fe98	0	0	21	17	9	1	0	0	0	9	0	0	0	0	0	0	6	26	0	0	2	2	0	0	0	0	3	1	0	0
448ebc697880e95c994b99244ad67814	0	0	21	41	0	0	0	0	0	0	0	0	0	0	0	0	27	0	0	0	2	0	0	0	0	0	0	0	0	0
1cc8260a58e9a0c40846a43f804ef647	0	0	20	0	3	0	0	0	0	0	0	0	0	0	0	0	0	0	1	9	0	0	1	0	0	0	0	0	0	0
c1b04b3b9585ed83c4427958b7e1fddd	0	0	20	11	23	0	0	0	0	1	0	0	0	0	0	0	11	0	0	0	0	1	0	0	0	0	2	2	7	6
719f49b973abca5ca7691b459a65fe0e	0	0	20	7	5	0	1	0	0	0	0	0	0	0	1	0	2	0	0	0	0	0	0	0	0	0	0	0	2	0
5c34c298d1b12d7dab446a47f5fa5fd9	0	0	20	13	15	0	24	0	0	0	0	0	0	0	10	0	40	0	0	0	0	0	0	0	0	0	0	0	2	0
bb0edeb78993dca329789ca43c8f859a	0	0	20	13	9	0	1	0	0	0	0	0	0	1	6	1	4	0	0	0	0	0	0	3	0	0	2	0	0	3
e3e5cfbc83167589f6c18aa5c33fe9f8	0	0	20	4	0	0	0	0	0	0	0	0	0	0	0	0	0	0	0	0	0	0	0	0	0	0	0	0	0	0
32e9cb7183ad9481ff78f1fd5e966c55	0	0	19	7	12	0	6	1	0	0	0	0	0	0	4	0	5	2	0	1	12	1	2	3	0	0	2	11	14	12
338b9a67a6cc84011dd4a6d5c6ee4ad9	0	0	19	6	8	0	0	0	0	0	0	0	0	0	0	0	1	0	0	0	0	0	0	0	0	0	0	0	0	0
01f3b5a7bdfb6f24eaa76d5ee60e0c88	0	0	19	11	0	1	5	0	0	0	0	0	10	0	3	0	12	0	0	0	1	19	1	0	0	0	1	2	3	3
311b5ba6422584c955a1f7f6864faaa4	0	0	19	75	56	0	0	0	0	0	0	0	0	0	0	1	11	0	0	0	0	41	0	0	0	0	0	0	2	0
1000f15398b91d5ba5475f689faa5f43	0	0	19	12	16	0	0	0	0	0	0	0	0	0	0	0	7	0	0	11	0	9	2	0	0	0	0	0	4	2
77c104078b092bdd0fc2c46079026ce6	0	0	19	36	42	0	1	0	0	0	0	0	0	0	3	0	41	0	0	12	0	11	0	0	0	1	0	1	12	8
7162c70927d2211bb6f83388f39bd54d	0	0	18	28	65	0	1	0	0	4	0	1	2	0	0	1	27	0	0	3	0	7	2	0	0	0	1	0	1	7
c6ba8322262b886eb92b75326ed32eb7	0	0	18	11	7	0	0	0	0	2	0	3	0	0	0	0	10	0	0	3	0	0	3	0	2	1	0	1	0	5
881773b91413c04343f5f645c4b8087d	0	0	18	10	16	0	0	0	0	0	0	0	0	0	0	0	9	0	0	0	0	0	0	0	0	0	0	0	0	0
bb1a5b4bd5a7f34ecc23ddaa0106ae9a	0	0	18	8	3	0	0	0	0	0	0	0	0	0	0	0	1	0	0	1	0	1	0	0	0	0	0	0	0	2
dffb24349aeaedfc90e75f357cd9add4	0	0	18	5	2	0	0	0	0	0	0	0	0	0	0	0	7	0	1	1	0	7	0	0	0	0	2	0	0	3
3fcfd31d1463f5c0c9765b881ab6dd5c	0	0	17	0	0	0	0	0	0	0	0	0	0	0	0	0	2	0	0	0	0	0	0	0	0	0	0	0	0	0
d3844258f161487f860553f580b6a517	0	0	17	1	2	0	0	0	0	0	0	0	0	0	0	0	3	0	0	0	0	0	0	0	0	0	0	0	0	0
914287211cb31b68418791e56ef05f61	0	0	17	41	12	0	0	0	0	0	0	0	0	0	1	0	8	0	0	8	0	22	1	1	0	0	1	0	0	3
668405a1feca05120cad0ba698c42168	0	0	17	71	79	0	0	0	0	0	0	0	0	0	1	0	63	0	0	311	1	246	245	0	0	0	0	1	22	8
f947cd97b8b054cb199e5c632727edb1	0	0	17	0	0	0	4	9	5	6	0	6	1	0	0	0	0	11	0	0	0	0	0	0	0	0	5	2	20	7
f41efa763ff23ded796ea6680a45993d	0	0	17	11	21	0	0	0	0	0	0	0	0	0	2	0	5	0	0	6	0	1	1	0	0	0	0	0	13	1
85218a445acc98162bd23b2ba6010b3c	0	0	16	33	84	0	0	0	0	0	0	2	1	0	3	7	7	1	0	3	0	6	0	0	0	0	1	5	2	0
bc05af8432c140739eb2254e306acb05	0	0	16	100	71	0	0	1	0	0	0	0	0	0	0	6	36	0	0	1	0	18	0	0	0	0	2	0	5	4
e42ca4b6e7150e42ea06a4225d9008fb	0	0	16	19	10	0	0	0	0	0	0	0	0	0	0	0	41	0	0	0	0	0	0	0	0	0	2	0	3	1
36580e644572b44cb66d6a0867a20487	0	0	16	82	62	0	11	0	0	0	1	2	0	0	5	0	60	0	0	2	0	13	0	0	0	0	0	0	3	8
cf64da1965dd2998c63c7993c3d569f7	0	0	16	10	0	0	24	0	1	0	0	0	0	0	28	10	2	0	0	0	0	0	0	0	0	0	0	4	0	0
b722640eb6a3f55a2ae929557704ee21	0	0	16	0	2	1	62	10	6	4	1	20	13	3	46	43	2	3	0	0	0	0	0	2	0	0	4	19	4	16
23fc47fac1fa8e593e9ef26ea840f57c	0	0	16	4	1	0	0	0	0	0	0	0	0	0	8	0	17	0	0	0	0	0	0	0	0	0	0	0	0	0
fed165d3861a4fb41d8990a004185b3d	0	0	15	0	0	0	1	1	0	19	0	21	0	0	0	0	0	11	0	0	0	0	0	2	0	0	3	3	20	5
597d2da4b348eb8425815d2bc7edf9e5	0	0	15	0	0	0	1	0	0	2	0	0	0	0	1	0	0	0	0	0	0	0	0	0	0	0	0	0	0	0
8cff7cff397677600554d6e38449d496	0	0	15	14	23	0	0	0	0	2	0	0	0	0	0	5	6	0	0	3	1	22	1	0	0	1	0	0	0	0
3f6c0e99fa1e3a75fb79ae05a07a8a19	0	0	15	0	0	0	0	0	0	6	0	0	47	0	2	3	6	0	0	0	0	0	0	0	0	0	0	0	0	0
31d5adffb23d2eeae96e6ad845cdf43a	0	0	15	168	111	0	0	0	0	0	0	0	0	0	0	0	74	0	2	0	2	0	1	0	0	0	2	0	40	8
2024662811ef6154684a4470e2638e38	0	0	15	13	17	2	3	0	0	0	0	0	0	0	0	3	17	0	0	9	0	9	0	0	0	0	0	0	0	0
b1ae84542655d7d168b61826e7037a22	0	0	15	6	0	0	28	0	2	0	0	25	26	0	14	3	8	0	0	0	0	1	0	0	0	0	7	9	5	18
5c86ff29dc0402621425d6f67e2f5723	0	0	15	2	1	0	5	0	0	0	0	0	0	0	0	0	18	0	0	0	0	0	1	0	0	0	4	0	0	1
1ce30e60f39e1fc4536bfb11e7df7a8b	0	0	15	0	2	0	0	0	0	17	0	10	0	0	0	0	0	0	0	1	0	0	0	0	0	0	3	0	12	14
93ad74dc292e5c0d34d9353efdad3487	0	0	14	5	8	0	2	0	0	0	0	0	0	0	2	1	5	0	0	0	0	0	0	0	0	0	3	0	0	15
70f6a236ef6e86d3bc10290712d21140	0	0	14	2	0	0	3	0	0	0	0	0	0	0	0	0	0	0	0	0	0	0	0	0	0	0	0	1	0	0
b34846e164e537049029392f3e8cefff	0	0	14	9	5	0	0	0	0	0	0	0	0	0	0	0	9	0	0	0	0	0	2	0	0	0	0	0	0	0
87bdc4e0821b7aa6b69faab575bae6a2	0	0	14	0	0	0	0	0	0	0	0	0	0	0	0	0	0	0	0	0	0	0	0	0	0	0	0	0	0	0
cf462384cee5564a4914f0367e858d1a	0	0	14	2	10	0	0	0	0	0	0	0	0	0	0	0	1	0	1	1	2	1	0	0	0	0	0	1	0	4
87c3ee18e42083f83fdcea4f288074f1	0	0	14	4	0	0	0	0	0	0	0	0	0	0	0	1	4	0	0	0	0	0	0	0	0	0	0	0	0	0
5085fc33eb1adf0dd85cd844fa89b8df	0	0	14	0	4	0	0	0	0	0	0	0	0	0	0	0	5	0	0	0	0	0	0	0	0	0	0	0	0	0
490e8bb3f090b90e00e9c10afcf89ad8	0	0	14	1	5	0	0	0	0	30	0	0	0	0	0	208	0	0	0	0	8	0	0	0	0	0	32	0	89	26
7902b6174ef2e7a78a49721fced1e8c6	0	0	13	14	10	0	0	0	0	0	0	0	0	1	0	0	9	0	0	0	0	0	0	0	0	0	0	0	0	0
a5e898c9daaec8f3cd8efa4a88622832	0	0	13	9	5	0	0	0	0	0	0	0	0	0	0	0	2	0	0	0	0	0	0	0	0	0	3	0	0	0
cc13a2f656d8371c92d73099bc8c1e3e	0	0	13	9	6	0	0	0	0	0	0	0	0	0	0	0	8	0	0	0	0	0	0	0	0	0	2	0	0	0
bb1f4ea50e4d075b326dc20cbf61de1c	0	0	13	12	2	0	0	0	0	0	0	0	0	0	0	0	22	0	0	0	0	1	0	0	0	0	0	0	0	0
4fad3cd3de4c46dde4d8055cb88c226a	0	0	13	10	0	1	0	0	0	0	0	0	2	0	2	2	6	0	0	0	0	0	0	0	0	0	0	0	0	0
51bf5774ed3bc709a3cb4af26eeeff75	0	0	13	0	3	0	1	0	0	3	0	0	0	0	2	0	0	0	3	0	0	0	0	0	0	0	0	0	8	0
9557a85917d475054507c06070e9ba84	0	0	13	0	0	0	0	0	0	0	0	0	0	0	0	0	0	0	0	0	0	0	0	0	0	0	0	0	0	0
f7acde58faf71a49d43f663f8ba6d4a8	0	0	13	39	0	2	7	5	1	3	0	2	0	0	6	12	5	2	0	0	0	0	0	0	1	0	3	3	1	2
3a827047c5555c5c15b2c164b09ca972	0	0	13	3	0	0	0	0	0	0	0	0	0	0	0	0	1	0	0	0	0	0	0	0	0	0	0	0	0	0
1574314c63c511ff73a04e680134f5f3	0	0	13	9	0	0	27	0	0	0	0	0	0	0	7	0	9	0	0	0	0	0	0	0	0	0	0	3	0	0
a8c3a84ab8ee8ac08dc6c392f392c207	0	0	13	8	2	0	0	0	0	0	0	0	0	0	0	0	5	0	0	0	0	0	0	0	0	0	0	0	0	0
ec77a0dd23b93e4b779fa35884f56878	0	0	13	0	0	0	0	0	0	0	0	0	0	0	0	0	1	0	0	0	0	0	0	0	0	0	0	0	0	0
e0edd38e22fa41faf0156f1aedb4328c	0	0	13	0	1	0	0	0	0	0	0	0	0	0	0	0	0	0	0	0	0	0	0	0	0	0	0	0	0	1
6084f8725fbe5b991d9e33fb49faefbd	0	0	12	2	0	0	0	0	0	0	0	0	0	0	0	0	4	0	0	0	0	0	0	0	0	0	0	0	2	0
c7850d1691995f94016aa25efaff9813	0	0	12	3	0	0	11	0	6	5	0	9	6	1	8	9	3	4	0	0	2	0	0	0	0	0	0	13	2	11
4cc7138b17ebcb67f40a154551d81f88	0	0	12	17	27	0	9	1	1	0	0	0	0	0	4	2	2	0	0	2	0	2	0	0	0	0	0	0	10	2
46a16b6fc43dbf59b7dfd9ceca120fdd	0	0	12	3	0	0	0	0	0	0	0	0	0	0	0	0	1	0	0	0	0	0	0	0	0	0	0	0	0	0
de3053585c19ff73e6da11a65871bf62	0	0	12	63	77	0	0	0	0	0	0	0	0	0	0	0	31	0	0	0	2	59	16	0	0	0	0	0	0	0
927b4aaacbf328e54e6d44649be29783	0	0	12	23	10	0	0	0	0	0	0	0	0	0	0	0	1	0	0	0	0	23	5	0	0	0	0	0	0	0
ba8336a2ecc29af74fcb20f10ee40673	0	0	12	2	1	0	0	0	0	0	0	0	0	0	0	0	0	0	3	0	6	0	0	4	0	0	6	3	29	10
25732ffcecf23efd4358da2d3c56891c	0	0	12	4	0	0	57	0	0	0	0	0	316	0	17	0	11	0	0	1	0	0	0	0	0	0	0	0	0	0
6cb1dbd1e91bf0f69e23faa5e1851cce	0	0	12	4	3	0	0	0	0	0	0	0	0	0	0	0	0	0	0	0	0	0	0	0	0	0	0	0	0	0
8758b5f43041920b25b445f6667787e6	0	0	12	29	51	0	1	0	0	0	0	0	0	0	0	0	13	0	1	13	0	24	6	0	0	0	0	0	2	7
1900432bb035c748af865783f7e1750d	0	0	12	0	0	0	11	0	0	0	0	0	0	0	2	0	0	0	0	0	0	0	0	0	0	0	0	0	0	0
931d3abf3f2718e7e43683276d736227	0	0	12	9	7	0	0	0	0	0	0	0	0	0	0	2	9	0	0	2	0	1	0	0	0	0	2	0	0	1
b6718311dc1055fa536b9bd5687c2b4b	0	0	12	9	7	0	0	0	0	0	0	0	0	0	0	0	3	0	0	3	0	0	0	0	0	0	0	0	1	4
63563516aa6d69bf88025dacf949e992	0	0	11	0	0	0	0	0	0	0	0	0	0	0	0	0	0	0	0	0	0	1	0	0	0	0	0	0	0	0
b15cb51d31e3d055e9e96aa860d98dcf	0	0	11	3	0	0	0	0	0	0	0	0	0	0	0	0	5	0	0	0	0	1	0	0	0	0	0	0	0	0
775583ba306c2583494e1fa19b1c3f42	0	0	11	8	19	0	0	0	0	0	0	0	0	0	0	0	4	0	0	0	0	0	0	0	0	0	1	0	0	0
d808f6f3813ad06037b04ad014ac48d5	0	0	11	0	0	0	0	0	0	0	0	0	0	0	0	0	1	0	0	0	0	0	0	0	0	0	0	0	0	0
c833a5d196f64095dd95dd1e4e31ee63	0	0	11	0	0	0	0	0	0	0	0	0	0	0	0	0	0	0	0	0	0	0	0	0	0	0	0	0	12	0
9e6f56e2276fb038b2b7530cc3fa33c6	0	0	11	1	0	0	0	0	0	0	0	0	0	0	0	0	0	0	0	0	0	0	0	0	0	0	0	0	0	0
34762d915d934be143db5e9f72ee6305	0	0	11	0	0	0	0	0	0	0	0	0	0	0	0	0	12	0	0	0	0	0	0	0	0	0	0	0	0	0
abb78d41f02e7c460ccfe5f0bd4ba604	0	0	11	2	0	0	0	0	0	0	0	0	0	0	0	0	0	0	0	1	0	1	0	0	0	0	0	0	0	0
add98836e12f2e0b52af92d76302a6fe	0	0	11	41	3	0	0	0	0	0	0	0	0	0	0	7	37	0	0	0	0	10	0	0	0	0	0	0	0	0
52dfcd44786571e5fdf002f8939c29b9	0	0	11	0	0	0	0	0	0	0	0	0	0	0	3	0	1	0	0	0	0	0	0	0	0	0	0	1	0	31
22c659a0a856efc93a2def083b0c6db6	0	0	11	1	0	13	57	37	35	93	46	75	14	0	61	80	14	125	7	0	6	0	0	1	239	86	1	50	43	22
d29432be952356c89cfee0af09369b05	0	0	11	5	1	0	0	0	0	5	0	0	0	0	0	1	0	0	0	0	0	0	0	0	0	0	0	0	10	3
46e7c837172446b433e91e317fbf6e18	0	0	11	3	0	0	0	0	0	0	0	0	0	0	0	0	0	0	0	0	0	0	0	0	0	0	0	0	0	0
caa1a0c765f6c1e60f9e02968a832054	0	0	11	0	0	0	0	0	0	0	0	0	3	0	0	0	6	0	0	0	0	0	0	0	0	0	0	0	0	0
e3e67df9caacc29087ea7c361cd82d10	0	0	11	4	0	0	0	0	0	0	0	0	0	0	0	2	0	0	0	0	0	0	0	0	0	0	0	2	0	0
5fb2aebc0a741cd66e8a5483330906fb	0	0	11	6	3	0	0	0	0	0	0	0	0	0	0	0	3	0	0	1	0	0	0	0	0	0	0	0	0	0
0b81c46e55212adb11a92549582c19aa	0	0	11	1	9	0	0	0	0	0	0	0	0	0	0	0	7	0	0	0	0	1	0	0	0	0	1	0	1	0
345568a076ff2bf623d5ae4a702583f1	0	0	11	0	0	0	0	0	0	0	0	0	0	0	0	0	6	0	0	0	0	0	0	0	0	0	1	0	0	0
c2ee7186eb351bd304e22e12e14e325b	0	0	10	9	22	0	1	0	0	0	0	0	0	0	0	0	11	0	0	5	0	0	0	0	0	0	0	0	0	0
df8aa8c7fb35e7381d4bfd6e829570c0	0	0	10	34	96	0	0	0	0	0	0	0	0	0	0	0	18	0	0	49	0	44	62	0	0	0	6	1	0	1
4046a6a8617d1557f2b8f856263d1537	0	0	10	0	0	0	7	0	0	1	0	0	0	0	2	2	2	0	0	0	0	0	0	0	3	0	0	1	0	0
1b271f4ca0fe8142708a88cbf405d949	0	0	10	5	18	0	0	0	0	0	0	0	0	0	0	0	1	0	0	3	0	2	0	0	0	0	0	0	0	4
268aefedd08a1dcdedf66995484014c6	0	0	10	0	0	0	0	0	0	0	0	0	0	0	0	0	0	0	0	0	0	0	0	0	0	0	0	0	0	0
4b1db6cd60ebf3a5a2cac53d8d671bb6	0	0	10	0	0	0	0	0	0	0	0	0	0	0	0	0	0	0	0	0	0	0	0	0	0	0	0	0	0	0
74b1561177aa2b029cf655e37c59fe44	0	0	10	18	4	0	68	0	0	0	0	0	0	0	16	0	24	0	0	0	0	0	0	0	0	0	0	0	0	0
cb72642887a6dc9e0d4a9480e68d4761	0	0	10	21	8	0	0	0	0	0	0	0	131	0	0	0	17	0	0	0	0	0	0	0	0	0	5	0	62	40
9221f35e88b7743697e2ae72935a2d80	0	0	10	0	3	0	0	0	0	0	0	0	0	0	0	0	5	0	0	19	0	2	0	0	0	0	0	0	0	0
05abdd904a4ca06f82e810216e62ce22	0	0	10	5	5	0	0	0	0	0	0	0	0	0	0	0	1	0	0	0	0	0	0	0	0	0	0	0	0	0
ba59604b6d62ad2ee73a9fd15fc1e774	0	0	10	4	0	0	9	4	1	0	2	7	14	1	3	8	0	14	4	0	0	0	0	6	2	0	9	16	8	6
0cf2edd7b9fc41cf6aa75250f35af140	0	0	10	0	0	0	1	0	0	0	0	0	0	0	0	0	0	0	0	0	0	0	0	0	0	0	2	0	0	0
6486d88e114297a67eb3a8b24a3f94c2	0	0	10	3	1	0	0	0	0	6	0	5	2	0	0	1	1	1	0	0	0	0	0	1	3	0	0	6	8	6
222807b9616db7b97712b361e5b7750f	0	0	10	8	0	0	0	0	0	0	0	0	0	0	0	0	3	0	0	0	0	1	0	0	0	0	0	0	0	0
b566c2fd4abae196adf1c9fe6407bb73	0	0	10	0	0	0	12	0	0	0	1	4	2	0	6	0	0	0	0	0	0	0	0	0	0	0	1	3	0	0
ade94fb93d127ae1a8b7b9e2b9b8f258	0	0	10	0	0	0	0	0	0	0	0	0	0	0	0	0	0	0	0	0	0	0	0	0	0	0	2	0	0	0
edb0f481a964a4deea048be8188679db	0	0	10	3	0	0	29	0	0	0	0	0	3	0	3	2	0	0	0	0	0	0	0	0	0	0	0	0	0	0
3603298ef99d1e34566357456f4b97e0	0	0	10	39	11	0	1	0	0	0	0	0	0	0	4	0	18	0	0	0	0	0	0	0	0	0	0	0	2	1
c36384dfcf9aa7a804544190742c6f9a	0	0	10	1	0	0	0	0	0	0	0	0	0	0	0	0	1	0	0	0	0	0	0	0	0	0	0	0	0	0
74278c2609ee1fd7fe96b016e516193e	0	0	10	0	0	0	0	0	0	0	0	0	0	0	0	0	12	0	0	0	3	0	0	0	0	0	3	0	0	0
ee25f35951169b5de9664bc0c49c59f7	0	0	10	1	0	0	0	0	0	0	0	0	0	0	0	0	2	0	0	0	0	0	0	0	0	0	2	0	0	1
e30dab5d77e5fe83c031b2eac84ba5fe	0	0	9	3	0	0	0	0	0	0	0	0	0	0	0	0	9	0	0	0	0	0	0	0	0	0	0	1	3	0
5d088c8b0cb2b4d379759b363aa59e68	0	0	9	4	0	0	0	0	0	79	0	45	5	0	0	0	1	0	232	0	628	0	0	115	0	0	48	384	27	64
2751dc73be17ba77de21b3b8140e24c4	0	0	9	0	0	0	0	0	0	0	0	0	0	0	0	0	1	0	0	0	0	0	0	0	0	0	0	0	0	0
5115c6fc26683a1b2a938b78a09ee574	0	0	9	1	0	0	0	0	0	0	0	0	0	0	0	0	1	0	0	0	0	0	0	0	0	0	0	0	0	0
a8702e28426ce9363a8614060487d06f	0	0	9	17	20	0	0	0	0	0	0	0	0	0	0	0	11	0	0	0	0	0	0	0	0	0	0	0	0	0
d994dec980c7e89824a41101c0e55ff9	0	0	9	10	6	0	0	1	0	0	0	0	0	4	2	0	2	1	0	1	0	1	0	0	0	0	0	1	0	0
a9097f0323e171e1a586ac1bf6cc0c1c	0	0	9	0	2	0	0	0	0	0	0	0	0	0	0	0	2	0	0	0	0	0	0	0	0	0	0	0	0	0
a04f43e11ff41da2828836e4048e075b	0	0	9	2	1	0	18	0	0	0	0	0	0	0	4	0	3	0	0	0	0	0	0	0	0	0	0	0	1	0
9ab6a94517da6bcc0bb4f644552c1297	0	0	9	4	0	0	3	0	0	0	0	0	0	0	0	0	2	0	0	0	0	0	0	0	0	0	0	0	0	0
9241de26c553b44dc87f8aaf6ac12be7	0	0	9	3	9	0	0	0	0	0	0	0	0	0	0	0	2	0	0	2	0	2	1	0	0	0	0	0	0	0
d7b2dc02e8011fc927e3b1bdfdbe201a	0	0	9	0	1	0	0	0	0	0	0	0	0	0	0	0	1	0	0	0	0	0	0	0	0	0	1	0	0	0
ff2328065e0a2a5a5fd3918ccbd75bb8	0	0	9	3	12	0	0	0	0	0	0	0	0	0	0	0	16	0	0	0	0	0	0	0	0	0	0	0	0	0
08752fa79259b77c41dc31ae56f80393	0	0	9	6	4	0	0	0	0	0	0	0	0	0	0	0	2	0	0	1	0	0	0	0	0	0	0	0	0	0
1b7c09b87ee70e712797938a4c7261c3	0	0	9	3	1	0	9	0	0	0	0	0	0	0	5	0	5	0	0	0	0	0	0	0	0	0	0	0	0	0
5a1614172e9970804cbb424571aa26c2	0	0	9	3	17	0	0	0	0	0	0	0	0	0	0	0	4	0	0	0	0	0	0	0	0	0	0	0	0	0
c6118ae80d1ce1b3d01527177e2a3b42	0	0	9	0	5	0	4	0	2	0	2	0	0	0	8	4	0	0	1	0	0	0	0	5	0	0	0	13	3	3
ac32bf62e4f78ae947c0427669f4a813	0	0	9	3	0	0	0	0	0	0	0	0	0	0	0	0	16	0	0	0	0	0	0	4	0	0	0	0	0	0
0145ee114952581c2bf72a0b2ef52b8d	0	0	9	0	0	0	2	0	0	0	0	4	0	0	0	0	2	0	0	0	0	1	0	0	0	0	0	0	0	0
7a67745d408b1f3edc71553cfc57ae80	0	0	9	3	0	0	0	0	0	0	0	0	0	0	0	0	1	0	0	0	0	0	0	0	0	0	0	0	0	0
9da9a0dfa54df84b78db57c669c9c759	0	0	9	1	4	2	0	0	0	13	0	59	8	0	0	2	2	0	1	0	3	0	0	10	0	0	6	18	87	14
7fe8a554468aa8e5fe91bee11da4e4bf	0	0	9	0	0	0	0	0	0	0	0	0	0	0	0	0	3	0	0	0	0	0	0	0	0	0	0	0	0	0
cf8230c2ba4813c2208fdf113b1e79c5	0	0	9	8	0	0	0	0	0	0	0	0	0	0	0	0	1	0	0	0	0	0	0	0	0	0	0	0	0	0
b65af358d83d6beb9cda3f74a646ed4f	0	0	8	0	3	0	0	0	0	0	0	0	0	0	0	0	0	0	0	0	0	0	0	0	0	0	0	0	0	0
3212838c29800c53476e01d374c3c0db	0	0	8	0	2	0	0	0	0	0	0	0	0	0	0	0	2	0	0	0	0	1	0	0	0	0	0	0	0	0
bc8a02764a15265617fdcc28d64e4bff	0	0	8	5	2	0	3	0	0	0	0	0	0	1	0	0	6	0	0	0	0	0	0	0	0	0	0	0	0	0
ee244d417ccbe3854df22a5dedbfabac	0	0	8	0	0	0	1	0	0	0	0	0	0	0	0	0	1	0	0	0	0	0	0	0	0	0	0	0	0	0
38e6143195db862fc5786e76ac9ba94d	0	0	8	9	3	0	0	0	0	0	0	2	0	0	0	0	0	0	0	0	0	0	0	0	0	0	0	0	0	0
bee6f8474b0b69e0d2eddc15d930c437	0	0	8	3	0	0	0	0	0	0	0	0	0	0	0	0	0	0	0	0	0	0	0	0	0	0	0	1	0	0
b699d23cbc606551dbda9dea5975a6a7	0	0	8	31	0	0	0	0	0	15	0	0	0	0	0	0	12	0	3	0	0	0	0	0	0	0	0	0	0	0
d6b8d5a6e10f8878f3f7684dbe9484d3	0	0	8	2	0	0	0	0	0	3	0	0	0	0	2	1	5	0	0	0	2	0	0	0	0	0	0	0	0	0
5a63495a3b1813e473ed4b1dc25e4a5f	0	0	8	15	34	0	0	0	0	0	0	0	0	0	0	0	5	0	0	2	0	4	0	0	0	0	0	0	0	0
c65dcf8962d88b36b009d23e63ae0812	0	0	8	6	3	0	0	0	0	0	0	0	0	0	0	0	8	0	0	0	0	0	0	0	0	0	0	0	0	0
a1dc8de6ea74bfaeebc949f6a2911c3b	0	0	8	10	0	0	0	0	0	0	0	0	0	0	0	0	0	0	0	14	0	10	9	0	0	0	1	0	0	0
7426ba9dd315c80ef763bd92a07a6a10	0	0	8	22	2	0	0	0	0	0	0	0	0	0	0	0	12	0	0	3	0	1	0	0	0	0	0	0	0	0
74dcf2117200ad1ca08fa26ffb3c3fa5	0	0	8	7	26	0	0	0	0	0	0	0	0	0	0	0	4	0	0	0	0	3	0	0	0	0	0	0	0	0
f5caea8809caf05cbc9a2f4c00d1c531	0	0	8	27	0	0	163	0	0	0	0	0	0	0	244	0	0	0	2	0	0	0	0	0	0	0	8	12	6	15
191e203bde303fd908979bc9f937cd69	0	0	8	1	5	0	0	0	0	0	0	1	0	0	4	0	1	0	0	0	1	0	0	0	0	0	0	0	1	13
22d2c16fed987245e318cd86dd32f039	0	0	8	7	28	0	58	2	0	22	0	17	68	0	14	38	28	0	1	0	4	0	0	1	0	0	4	7	58	13
75671ec5bb7b0df8ade16d01fe305199	0	0	8	0	15	0	0	0	0	0	0	0	0	0	0	0	8	0	0	0	0	0	3	3	0	0	0	0	0	0
5ddaee7f964e0e3394af3bf6ef01147e	0	0	8	9	2	0	0	0	0	0	0	0	0	0	0	0	8	1	0	0	0	0	0	0	0	0	0	0	0	0
fba6657fca2a2ec847972525a7490d94	0	0	8	1	1	0	12	0	0	6	1	4	1	0	11	3	0	1	0	0	0	0	0	0	2	0	16	5	8	37
14883451f14c7813ca2d60fae5cf88b0	0	0	8	0	0	0	0	0	0	1	0	0	0	0	0	0	0	0	0	0	0	0	0	0	0	0	0	0	0	1
bf01fec49443d6586bd3406cd9e5c268	0	0	8	3	3	0	0	1	0	0	0	0	0	0	0	0	2	0	0	0	0	0	0	0	0	0	0	0	1	3
fd2a8ecf0f95034c1f89a6af8acfc268	0	0	8	7	9	0	0	0	0	0	0	0	0	0	0	0	9	0	0	1	0	0	0	0	0	0	1	0	0	1
2d443d6841f9db4e25cbe98175319f4d	0	0	8	9	0	0	7	0	0	1	0	0	0	0	1	7	9	0	0	2	0	10	1	0	0	0	0	0	0	0
0122cefc8a86df4940c04c2958ccd061	0	0	8	2	0	0	0	0	0	0	0	0	0	0	0	0	0	0	0	0	0	0	0	0	0	0	0	0	0	0
a1f038a0ed8e049c0a164edbe4e576a0	0	0	8	0	4	0	0	0	0	0	0	0	0	0	0	0	0	0	0	0	0	0	0	0	0	0	0	0	0	0
5064abb4ff7e027fcbd967d83b832ea7	0	0	8	0	0	1	0	0	0	0	0	0	0	0	0	0	0	0	0	0	0	0	0	0	0	0	13	0	19	23
f45165f5878fe2906d5f70601fb4855b	0	0	8	9	0	22	0	14	34	21	14	30	25	5	0	0	7	21	0	0	5	0	0	12	54	0	2	45	12	0
ac27c74368219b661ce3b57f10c77e0d	0	0	8	5	0	0	0	0	0	0	0	0	0	0	0	0	0	0	0	0	1	0	0	0	0	0	0	0	0	0
580d82a5c6e9a89680f5545548bd0eac	0	0	8	0	0	0	0	0	0	0	0	8	27	0	0	0	1	0	0	0	0	0	0	0	0	0	0	0	0	0
9a1db84526b80b566fd342f5be3a9ba4	0	0	8	1	1	0	0	0	0	0	0	0	0	0	0	0	0	0	0	0	0	0	0	0	0	0	0	0	0	0
c63b08e156e49a93b50a5368a575d57d	0	0	7	6	0	0	0	0	0	0	0	0	0	0	0	0	0	0	0	4	0	8	0	0	0	0	1	0	0	2
217b151e4e62c22732abbe3358894fff	0	0	7	6	7	0	0	0	0	0	0	0	0	0	0	0	8	0	0	16	0	5	16	2	0	0	52	0	1	21
d3160a04ecd93deb2f2fad87aa20bc24	0	0	7	5	9	0	17	0	0	0	0	0	0	0	7	2	3	0	0	0	0	0	0	0	0	0	0	0	2	1
7b161489bd13be9b4caf63eafb9a7474	0	0	7	12	0	0	0	0	0	0	0	0	0	0	0	0	26	0	0	0	0	0	0	0	0	0	0	0	0	0
0381b8615086974cc3c7fe274427f8b4	0	0	7	4	4	0	1	0	0	0	0	1	0	0	0	0	6	0	0	0	0	0	0	1	0	0	0	0	0	0
eb3e32913afcc41625b36eb3803adf3c	0	0	7	1	5	0	0	0	0	0	0	0	0	0	1	0	0	0	0	0	0	0	0	0	0	0	0	0	0	0
7bb8fe4af914d413552262e628a53454	0	0	7	5	10	0	0	0	0	0	0	0	0	0	0	0	2	0	0	3	0	5	0	0	0	0	1	0	2	2
09f24eafe5f143beca353a54b5b3607d	0	0	7	7	2	0	1	0	0	0	0	0	6	0	0	0	8	0	0	0	0	0	0	0	0	0	1	0	0	0
871ccdbb3060c0c509a7a73b84fdbdb5	0	0	7	3	4	0	0	0	0	0	0	0	0	0	0	0	8	0	0	0	0	0	0	0	0	0	0	0	0	0
d4d6b1d31aa03f2b0fda6d144ad98f3b	0	0	7	13	11	0	0	0	0	0	0	0	0	0	0	1	5	0	0	13	0	7	3	0	0	0	6	2	0	0
9172c5e49e588661c83e28f3fa11e918	0	0	7	3	2	0	1	0	0	0	0	0	0	0	2	2	3	0	1	0	0	1	0	0	0	0	0	0	0	24
30dd91e435462c22db878a757da7a9ea	0	0	7	23	17	0	0	0	0	0	0	2	0	1	0	0	11	0	0	0	0	0	0	0	0	0	0	0	0	0
38631e388431ed7129ebd24baea08e11	0	0	7	0	0	0	0	0	0	0	0	0	0	0	0	0	0	0	4	0	0	0	0	0	0	0	0	2	0	1
43c4a6cc3fa9b849e2e1e6fc415d42e9	0	0	7	5	2	0	2	0	0	0	0	0	0	0	0	0	3	0	0	1	0	3	0	0	0	0	0	2	2	3
b226401d178abf533ebc8bf5c3d1c8a8	0	0	7	7	9	0	1	0	0	0	0	0	0	0	2	0	8	0	0	0	0	0	0	0	0	0	1	0	0	0
143dcce416a1de6bce7a135e3bc9807d	0	0	7	0	0	0	8	0	0	0	0	0	0	0	6	3	0	0	0	0	0	1	0	0	0	0	0	0	0	0
0c097bf9aea81195d223a296a8f58297	0	0	7	6	9	0	0	0	0	0	0	0	0	0	0	0	4	0	0	0	0	1	0	0	0	0	0	0	0	0
18f457e671dad5db6b3ec95299ab9a24	0	0	7	1	1	0	0	0	0	0	0	0	0	0	0	0	3	0	0	0	0	1	0	0	0	0	0	0	0	0
2485413e9c0c24879a7573f51dee43dc	0	0	7	7	25	0	0	0	0	0	0	0	0	0	0	0	4	0	0	0	0	9	6	0	0	0	1	0	2	3
c64af19d82df1b0fd098460c155fa9c2	0	0	7	0	1	0	0	4	0	0	0	0	0	0	0	0	0	0	0	0	1	0	0	0	0	0	0	11	0	0
4452778ea2f5eafabcc2c616b5ebc15c	0	0	7	2	0	0	1	0	0	0	0	0	0	0	0	0	0	0	0	0	0	0	0	0	0	0	0	0	0	0
9dff8cf0a56a6bd8da7c8962a9fa0680	0	0	7	3	0	0	0	0	0	0	0	0	0	0	0	0	6	0	0	0	0	0	0	0	0	0	0	0	0	0
a35d048389f193f5c2574a8a446eb443	0	0	7	13	8	0	0	0	0	0	0	0	0	0	1	0	1	0	0	0	0	0	0	0	0	0	0	0	0	0
22c997f2f33feab05813caa6880b92e8	0	0	7	3	3	0	0	0	0	0	0	0	0	0	0	0	0	0	0	1	0	0	0	0	0	0	0	0	0	0
53a75e3d45d5a19c1362e92f5606b686	0	0	7	0	0	0	0	0	0	0	0	0	0	0	0	0	0	0	0	0	0	0	0	0	0	0	1	0	0	2
b2f4ff0f0f7f57bcdc599319f46364b9	0	0	7	5	22	0	0	0	0	0	0	0	0	0	0	0	2	0	0	0	0	0	0	0	0	0	0	0	0	0
ed7a1b8fb2b676f95cfd73e8560741bf	0	0	7	2	5	0	0	0	0	0	0	0	0	0	0	0	5	0	0	0	0	1	0	0	0	0	0	0	0	0
582e9c70bc784063ed3b5c06836bb001	0	0	7	4	3	0	0	0	0	0	0	0	3	0	3	0	0	0	0	0	0	0	0	0	0	0	4	0	1	2
73687b5b004bbb5b2d9766409659bbf4	0	0	7	0	2	0	10	0	0	0	0	1	1	0	7	3	0	0	0	0	0	0	0	0	0	0	0	0	0	2
f2a547c9b41e254fc4b9a39d0aaac1c6	0	0	7	1	3	0	0	0	0	0	0	0	0	0	0	0	0	0	0	0	0	0	0	0	0	0	0	0	0	0
c03ea3c41e703cebadfadd9d455ab393	0	0	7	12	0	0	1	0	0	0	0	2	1	0	0	2	5	0	0	0	0	0	0	0	0	0	0	1	0	0
d34652fbc2064425a9a05490d5038425	0	0	7	15	11	0	0	0	0	0	0	0	0	0	0	0	10	0	0	0	0	3	0	0	0	0	0	0	0	1
1cc250d3e1e15f57c130456c9cd1184e	0	0	7	2	0	0	0	0	0	0	0	0	0	0	1	1	0	0	0	0	0	1	0	0	0	0	1	0	1	0
a0d445eab427481a99dd7cbd140f275b	0	0	7	4	2	0	0	0	0	0	0	0	0	0	0	0	3	0	0	0	0	0	0	0	0	0	0	0	0	0
d482e9e625e0a48da206833c02a5243d	0	0	7	9	0	0	0	0	0	0	0	0	0	0	0	1	1	0	0	0	0	0	0	0	0	0	0	0	0	0
2ee1be9f3c5b3758222bd6856bcae6e1	0	0	7	1	0	0	0	0	0	0	0	0	0	0	2	0	0	0	0	0	0	0	0	0	0	0	0	0	0	0
7c5e6e591490aa233f02c7393faf3a82	0	0	6	0	0	0	3	0	0	0	0	3	0	0	0	0	0	0	1	0	7	0	0	1	0	0	2	0	11	5
df3f278d5538c1ff8d5cdb319179f532	0	0	6	0	13	2	29	0	0	0	1	0	0	0	11	0	0	0	0	0	0	0	0	0	0	0	0	0	0	0
ed3ab03d7d0aa6519a99d4b40430893b	0	0	6	0	0	0	0	0	0	0	0	0	0	0	0	0	7	0	0	0	0	1	0	0	0	0	0	0	0	0
17c7370685599afb62e6a8e1eb8b8291	0	0	6	12	7	0	0	0	0	0	0	0	0	0	0	0	0	0	0	0	0	0	0	0	0	0	0	0	0	0
e04010b0cb0d0e9bbf9f21e58b5fa805	0	0	6	6	7	0	0	0	0	0	0	0	0	0	0	0	1	0	0	0	0	2	0	0	0	0	0	0	0	0
adbaa95a729d4db2ee43dc440d173baa	0	0	6	12	11	0	0	0	0	0	0	0	0	0	0	0	7	0	0	153	0	77	44	0	0	0	0	0	0	4
9c40ea35259ae3835b573fc187cf38a6	0	0	6	0	12	0	0	0	0	0	0	0	0	0	0	0	0	0	0	0	0	0	0	0	0	0	0	0	0	1
aa34a5794185e1743bdc640fdc84fe8f	0	0	6	11	6	0	0	0	0	0	0	0	0	0	0	0	0	0	0	0	0	1	0	0	0	0	0	0	0	0
d6e11d9f49f524a8f3fee33eeedd7a28	0	0	6	1	0	0	0	0	0	0	0	0	0	0	0	0	29	0	0	0	0	0	0	0	0	0	0	0	0	2
bc569f36bb0c90e18f6c24f3b9a287de	0	0	6	3	12	2	2	6	0	0	0	3	0	0	0	0	19	18	2	0	7	0	0	0	1	0	1	0	0	14
7043334622444ba2a502ca771d191371	0	0	6	3	0	0	4	0	0	0	0	0	0	0	0	0	2	0	0	0	0	0	0	0	0	0	0	0	0	0
483caceb658549dc9cc64c9356d8f066	0	0	6	5	0	0	2	0	0	0	0	0	0	0	1	0	4	0	0	8	0	4	0	0	0	0	2	0	1	2
d731b275041b2dc6304bd41b8e43133f	0	0	6	8	0	0	0	0	0	0	0	0	0	0	0	0	8	0	0	0	0	0	0	0	0	0	0	0	0	0
64d0bcc7affb808a799cb601030cc01e	0	0	6	14	0	0	0	0	0	0	0	0	0	0	0	0	51	0	0	0	0	0	0	0	0	0	0	0	0	0
82ab7999eef6113e9a1c2bbb5cbd6996	0	0	6	0	2	0	0	0	0	0	0	0	0	0	0	0	4	0	0	0	0	0	0	0	0	0	0	0	0	0
2e1055dc3c14188456c26b799ea664c2	0	0	6	1	2	0	2	0	0	0	0	0	0	1	0	0	2	0	0	0	0	0	0	0	0	0	0	0	0	0
0a28d5f72b0255b0362a68e1df16cb82	0	0	6	0	0	1	3	0	0	0	0	1	2	0	0	3	0	0	0	0	0	0	0	0	0	0	0	3	0	0
47285b8c213191bb4bcf800b9c565dba	0	0	6	8	4	0	0	0	0	0	0	0	0	0	0	0	7	0	0	0	0	1	0	0	0	0	0	0	0	0
88dd05bc856c444209e68cf4c34245a2	0	0	6	2	2	0	2	0	0	0	0	0	0	0	0	0	5	0	0	0	0	0	0	0	0	0	0	0	0	0
b3dc9b2da5340fc74b9d3e54b8c6d2f8	0	0	6	14	6	0	0	0	0	0	0	0	0	0	0	0	7	0	0	0	0	1	0	0	0	0	1	0	0	0
651188a628c74396df62d86890d09545	0	0	6	3	6	0	11	0	0	0	0	0	0	0	0	0	0	0	0	0	0	0	0	2	0	0	0	0	1	0
0344ab25d63f3765e5b634fca1b8d9b6	0	0	6	2	8	0	1	0	0	0	0	0	0	0	1	1	1	0	0	0	0	0	0	0	0	0	0	0	0	0
d03a7224b9c4c2ead0ab91ff3f323643	0	0	6	0	0	0	0	0	0	0	0	0	0	0	0	0	5	0	0	0	0	0	0	0	0	0	0	0	0	0
5e6675ae6e5c264d01a474303dec48a7	0	0	6	20	0	0	0	0	0	0	0	0	0	0	0	0	3	0	0	0	0	0	0	0	0	0	0	0	0	0
28635da689a93495c70a03d17359496b	0	0	6	0	0	10	5	13	8	0	3	1	0	6	3	10	0	33	5	0	8	0	0	0	0	0	0	7	0	7
8b98e3d497b265df9465bf3a53792336	0	0	6	1	0	0	1	0	0	0	0	0	0	0	0	0	1	0	0	0	0	5	0	0	0	0	0	0	0	0
c8dc10d1413462b82ee120166fba0b5c	0	0	6	3	0	0	0	0	0	0	0	0	0	0	0	0	4	0	0	0	0	0	0	0	0	0	1	0	1	5
bd37e9abf5ec2229e294659bd91cdf2c	0	0	6	10	7	0	0	0	0	0	0	0	0	0	0	0	2	0	0	0	0	1	0	0	0	0	4	0	0	1
06b930b6c61a140482ecc74ebbf018c4	0	0	6	15	8	0	0	4	0	1	0	0	0	0	2	0	9	0	0	1	0	0	0	0	0	0	0	0	1	0
4edc0405728670a62e8abf16584a2b1e	0	0	6	2	0	0	0	0	0	0	0	0	0	0	0	0	0	0	0	0	0	0	0	0	0	0	0	0	3	1
b4cde236c710044b2286d71db8cb787b	0	0	6	19	50	0	0	0	0	0	0	0	0	0	1	0	25	0	0	3	0	2	0	0	0	0	11	0	0	5
b52f326576b176af6b3b9f8f08b64619	0	0	6	12	0	0	10	0	0	0	0	0	0	0	11	2	0	0	0	0	0	0	0	1	0	0	0	3	0	0
4fb50d18c1e6644c89a4f924cce76e96	0	0	6	1	0	0	1	3	0	2	0	0	0	6	1	0	0	0	0	0	0	0	0	0	0	0	0	0	4	1
373bbe69b5dd03ae2980fa30f391f63a	0	0	6	3	1	0	1	0	6	0	1	0	0	2	2	5	0	0	0	0	0	1	0	0	12	0	0	0	0	0
08e0afe64bcb85771971d21ad579f315	0	0	6	1	0	0	4	0	0	0	0	0	0	0	1	1	0	0	0	0	0	0	0	1	0	0	0	1	0	1
ddbc0116a23323a975ca4d90e9c2fb33	0	0	6	6	19	0	0	0	0	0	0	0	0	0	0	0	12	0	0	0	0	6	0	0	0	0	0	0	1	0
cb46f60e7bb7f3cd3693095b57e94eeb	0	0	6	52	50	0	0	0	0	0	0	0	0	0	0	0	17	0	0	182	0	179	149	1	0	0	1	1	2	6
e3e22d502abfd72319c1e965f82cfd3f	0	0	6	26	35	0	0	0	0	0	0	2	0	0	0	0	9	0	0	94	0	49	91	1	0	0	0	1	2	4
83da71abbb1a87b384e90c1446cec3b8	0	0	6	6	2	0	0	0	0	0	0	0	0	0	0	1	3	0	0	0	0	0	0	0	0	0	4	0	0	0
cc08c6e8cfbdc55a86ed6017f77cdca5	0	0	5	5	1	0	0	0	0	0	0	0	0	0	0	0	0	0	0	0	0	1	0	0	0	0	0	0	0	0
cb68d35cd2098ac81bfe7861964d919c	0	0	5	9	0	0	0	0	0	0	0	0	0	0	0	0	0	0	0	0	0	0	0	0	0	0	0	0	0	0
171124120797f22abc60306906326847	0	0	5	16	15	0	0	0	0	0	0	0	0	0	0	0	17	0	0	2	0	2	0	10	0	0	0	0	0	1
2e2bb3c6f83b27ca3f7c6be1222b5046	0	0	5	7	1	4	9	0	0	7	0	15	0	0	15	4	3	0	0	0	1	0	0	2	0	0	1	12	30	11
66878ddf8f3bba3adf2de968a351949b	0	0	5	0	0	0	2	0	0	3	0	9	0	0	0	0	0	0	0	0	0	0	0	0	0	0	0	0	0	0
3a887d9fb7cd72654dfd452449f81011	0	0	5	6	5	0	0	0	0	0	0	0	0	0	0	1	0	0	0	0	0	0	0	0	0	0	0	7	4	2
bda85f7d3d06707a73efcf7ace459bca	0	0	5	4	0	0	16	0	0	4	0	2	7	0	5	7	0	0	0	0	0	0	0	4	0	0	1	7	5	9
7f48ecce2226089c3788b306941c206e	0	0	5	5	0	0	0	0	0	0	0	0	0	0	0	0	0	0	0	0	0	0	0	0	0	0	0	0	0	0
3d55f508a73f59e5d4a315cfc71c089d	0	0	5	7	11	0	0	0	0	1	0	0	0	0	0	0	3	0	0	0	0	0	0	0	0	0	0	0	2	3
3787b82afebcef3510e7a28a8558bb46	0	0	5	1	1	1	0	0	1	4	0	0	0	0	0	1	0	11	0	0	0	0	0	0	0	0	0	0	4	2
2cb83d3faaff6c1b6c146427ecd6f74b	0	0	5	10	16	0	0	0	0	0	0	0	0	0	0	0	0	0	0	0	0	0	2	0	0	0	1	0	0	0
a6c1ced63c92ca309c17c100d765503c	0	0	5	5	3	0	0	0	0	0	0	0	0	0	0	0	3	0	0	0	0	0	0	0	0	0	0	0	0	0
a35357b9261c8fd8a9a9cb9e0b067426	0	0	5	0	1	0	0	0	0	0	0	0	0	0	0	0	2	0	0	1	0	0	0	0	0	0	0	0	1	0
f5930d277520566f0eb52823fca8bd96	0	0	5	2	3	0	0	0	0	0	0	0	0	0	0	0	3	0	0	0	0	0	0	0	0	0	0	0	0	0
4390f60d5400ed59d5943327b537ce70	0	0	5	14	2	0	0	0	0	2	0	0	0	0	0	0	3	0	0	11	0	5	0	0	0	0	0	0	0	0
35a06752b7a38caebedb56466e6cced0	0	0	5	16	3	0	3	0	0	0	0	0	0	0	3	0	2	0	0	0	0	0	0	0	0	0	0	0	0	4
66179252088e56d510f451a6ab78e7e3	0	0	5	0	0	0	30	0	0	1	0	0	0	0	7	34	0	25	0	0	0	0	0	0	0	0	0	0	2	0
7662e2b2098e95ad525bb5ba8642de01	0	0	5	0	0	0	0	0	0	1	0	0	0	0	2	0	0	0	0	0	0	3	0	0	0	0	5	1	0	2
1be42e5c2f04f074c15fda658b953298	0	0	5	3	0	0	0	0	0	0	0	0	0	0	0	0	5	0	0	1	0	5	0	0	0	0	0	0	0	0
6b75a0d298932a4afb1f7a1831cfdce1	0	0	5	0	3	0	0	0	0	0	0	0	0	0	0	0	2	0	0	0	0	0	0	0	0	0	0	0	0	1
0059eb2d3d4d67838947237c20f24acf	0	0	5	0	2	0	4	0	0	0	0	2	0	0	0	1	0	0	0	0	0	0	0	0	0	0	0	0	0	0
0a674e882aa404a62f37e06a10b0560f	0	0	5	12	5	0	0	0	0	1	0	0	0	0	0	0	2	0	0	0	0	0	0	0	0	0	0	0	0	0
2fbcc1eed0ef2bada2054aa9340df11e	0	0	5	9	1	0	0	0	0	0	0	0	0	0	0	11	7	0	0	0	1	0	0	0	0	0	0	0	9	4
d35d097e2205f02eb99a11ab5c2ab5be	0	0	5	1	0	0	0	0	0	4	0	0	0	0	0	0	3	0	0	0	0	0	0	0	0	0	0	0	0	0
f1c2c8cddc65165ea923682cef01c7c0	0	0	5	0	0	1	2	0	0	0	0	0	0	2	1	0	0	0	0	0	0	0	0	0	0	0	0	0	1	0
14522454ba19aeeb0e757eb8ce090d7a	0	0	5	8	4	0	0	0	0	0	0	0	0	0	0	0	1	0	0	0	0	0	0	0	0	0	0	0	0	0
3fef90d0033a4738768ba8c0cb498003	0	0	5	11	3	0	0	0	0	0	0	0	0	0	0	0	5	0	0	0	0	0	0	0	0	0	0	0	0	0
1e38ba335489fa917051b2b13396287c	0	0	5	0	5	0	0	0	0	0	0	0	0	0	0	0	1	0	0	0	0	0	0	0	0	0	0	2	0	0
8be6015d48e97fd9eb1c7c5ea3957b4d	0	0	5	0	1	0	0	2	0	0	0	8	0	0	1	0	0	0	0	1	0	0	0	3	1	0	0	3	1	1
c476572b5c3755eaccfbf436a1de0407	0	0	5	11	39	0	2	0	0	0	0	0	0	0	1	0	7	0	0	37	0	28	18	0	0	0	3	0	0	0
b8b877c5ecd61db4bce9758e822a699c	0	0	5	0	0	0	1	0	0	0	0	2	0	0	0	0	14	0	0	0	0	0	0	0	0	0	0	0	0	2
76cf5e59c15c948ba86e49e8020b024d	0	0	5	3	0	0	0	0	0	0	0	0	0	0	0	0	7	0	0	0	0	0	0	0	0	0	0	0	0	1
c86cc9740bc0275bfc16301991ee73dc	0	0	5	5	8	0	0	0	0	0	0	0	0	0	0	0	0	0	0	0	0	0	0	0	0	0	0	0	0	0
41ce93967777b0c24e89a9bc691900f7	0	0	5	9	0	0	0	0	0	0	0	0	0	0	1	0	1	0	0	0	0	0	0	0	0	0	0	0	0	0
f5a6e40b3ff8aa7c175b191b5c74d206	0	0	5	5	5	0	0	0	0	0	0	0	0	0	0	0	0	0	0	0	0	0	2	1	0	0	0	0	2	3
4a01d2deca404984e5e400c52bebc560	0	0	5	10	0	1	33	0	0	0	0	0	0	2	15	0	0	0	0	0	0	0	0	0	0	1	0	0	0	0
c611a793b1c86faad18abeaf8f5f8160	0	0	5	5	0	0	0	0	0	0	0	0	0	0	0	0	0	0	0	0	0	0	0	0	0	0	0	0	0	0
fe00ad802ad56444738fa41dea14eaaf	0	0	5	38	14	0	0	0	0	0	0	0	0	0	0	0	14	0	0	1	0	0	0	0	0	0	0	0	0	0
7db9eea5e60f22ba120be5e4e876d4b1	0	0	5	3	0	0	0	0	0	0	0	0	0	0	0	0	0	0	0	1	0	1	0	0	0	0	0	0	0	0
b3d68439a2b0dfd69bdc7e72a2cd67f9	0	0	5	14	1	0	0	0	0	0	0	0	0	0	0	0	2	0	0	9	0	23	3	0	0	0	0	0	0	0
bf55aafb3bf6207c7e37c53b812b8bff	0	0	5	6	3	0	0	0	0	0	0	0	0	0	0	0	3	0	0	0	0	0	0	0	0	0	0	0	4	0
f35af9734fce6419ce2343f93c0af81e	0	0	5	3	12	0	2	0	0	0	0	0	0	0	0	0	3	0	0	1	0	2	1	0	0	0	0	0	0	0
cf1e0c192b66dc9b4bb2a6c4a61c2689	0	0	5	7	4	0	0	0	0	0	0	0	0	0	0	0	1	0	0	0	0	7	0	0	0	0	0	0	0	0
aef701a87fba992af543586e9ac31b43	0	0	5	12	0	6	44	24	2	4	75	9	3	16	76	55	0	0	2	0	1	0	0	2	74	0	9	1	40	58
4bfd4bd9bf14faa189e2d74e70d5aa96	0	0	5	0	6	0	0	0	0	0	0	0	0	0	0	0	15	0	0	0	0	0	0	0	0	0	0	0	0	0
243926acd4753d96c276065dae5214f2	0	0	5	0	0	0	1	0	0	3	0	0	0	0	1	0	0	0	0	0	0	0	0	0	0	0	0	0	0	0
73360a1f2efbea0d8db5e38350704000	0	0	5	0	0	0	0	0	0	0	0	0	0	0	0	0	8	0	0	0	0	0	0	0	0	0	0	0	1	0
3dcf055112f22cdd4667f652f6c2f124	0	0	5	2	6	0	0	0	1	0	0	8	0	0	0	3	1	2	0	0	0	0	0	2	0	0	2	2	3	0
2cbcab39e8aec937db9ae4db38e2e518	0	0	5	5	9	0	0	0	0	0	0	0	0	0	0	0	1	0	0	1	0	0	0	0	0	0	0	0	1	3
7d3de362e30709984af946c7bcaa4d08	0	0	5	4	0	0	1	0	0	0	0	0	0	0	0	3	4	0	0	0	1	0	0	0	0	0	0	1	0	0
17a5a345ad991b1ffd4965da53a0ed7d	0	0	5	3	4	0	0	0	0	0	0	0	0	0	0	0	5	0	0	0	0	0	0	0	0	0	0	0	0	0
5d4ea1ebe0321daad1992fdeeffa1bb6	0	0	5	0	2	0	2	0	0	0	0	0	0	0	1	1	1	0	0	0	0	0	0	0	0	0	0	0	0	0
9bc05f7d8c7ec628ffb794f44d99c11a	0	0	5	0	0	0	0	0	0	1	0	1	11	0	3	18	0	0	0	0	0	0	0	0	0	0	0	4	0	4
2dd31febcf4574751b79a9c2553c4abd	0	0	5	2	0	0	0	0	0	0	0	0	0	0	0	0	0	0	0	0	0	0	0	0	0	0	3	0	0	0
a23eade0b5efb67576b8c78780b8817a	0	0	5	5	0	0	0	0	0	0	0	0	0	0	0	0	0	0	0	1	0	1	0	0	0	0	0	0	0	0
185a9bd464ae8322799f1cd0091dd83c	0	0	4	1	2	0	0	0	0	0	0	0	0	0	0	0	3	0	0	0	0	0	0	1	0	0	0	1	0	0
503ebe13bdbad9aeec11a8714960b07c	0	0	4	0	2	0	39	4	0	2	0	20	37	0	37	19	0	0	1	0	1	0	1	2	0	0	4	6	23	4
dff0e80a48b62377406b36bf9ac8a5c7	0	0	4	3	2	0	1	0	0	0	0	1	0	0	2	2	10	0	0	1	0	2	0	0	0	0	0	1	0	4
59d4384bc0e2550e67792aa6cc2d27f1	0	0	4	4	8	0	0	0	0	0	0	0	0	0	0	0	3	0	0	1	0	0	2	0	0	0	0	0	0	0
3799f17e9ac4d7f7d756415898736efe	0	0	4	0	6	0	0	0	0	0	0	0	0	0	0	0	0	0	0	0	0	0	0	0	0	0	0	0	0	0
eb79fad350213352f3c5d38be2aa36d8	0	0	4	0	10	0	1	0	0	0	0	0	0	0	0	0	0	0	0	0	0	0	0	0	0	0	0	0	0	0
fb2416a54fc5a02f4535f845369cdf49	0	0	4	0	0	1	0	0	0	0	0	0	1	0	3	8	1	0	0	0	0	0	0	0	0	0	0	0	3	0
9de18db920c92c8d366fc09df55f3e8a	0	0	4	4	1	0	0	0	0	0	0	1	0	0	0	0	0	0	0	0	0	2	0	0	0	0	0	0	0	1
5df01a2529c3829cafb1eb118111b856	0	0	4	2	7	0	10	1	0	0	0	2	0	1	7	1	4	0	0	0	0	0	0	1	0	0	0	0	0	5
f1dd513f4ca5c305d519a7ff7951bf3d	0	0	4	16	20	0	0	0	0	0	0	0	0	0	0	0	3	0	1	0	0	0	0	0	0	0	0	0	0	0
69e14fb72bbf75968257f18ad99b5617	0	0	4	4	0	0	0	0	0	0	0	0	0	0	0	0	0	0	0	0	5	0	0	0	0	0	12	0	100	7
7631bb6080468047afdf17461996add6	0	0	4	5	4	0	5	1	1	0	0	0	0	0	0	0	2	0	0	6	0	1	2	0	0	0	0	0	3	0
07bad4990a6d5129b1000293b1c03b47	0	0	4	1	0	0	0	0	0	1	0	2	8	0	0	1	0	0	0	1	0	0	0	0	0	0	0	6	0	0
243a9ee793f8812384154f5236114fe8	0	0	4	13	9	0	1	0	0	0	0	1	0	0	0	0	1	0	0	1	1	1	0	0	0	0	1	1	4	4
636971b5065f3e3b274cc388e7eff87b	0	0	4	0	1	0	0	0	0	7	0	0	8	8	0	0	3	0	0	0	0	0	0	0	0	0	0	0	0	0
3f3aa3864c7a45e83aed39dbce7c1db4	0	0	4	0	0	2	0	0	0	4	0	0	0	0	0	0	0	34	0	0	0	0	0	1	0	0	0	8	0	0
23ec8dc3a939d36d520af307168cefbe	0	0	4	6	3	0	0	0	0	0	0	0	0	0	0	0	2	0	0	0	0	0	0	0	0	0	0	0	0	2
f615ec257a637fab33609e1f8eb8a52d	0	0	4	25	17	0	0	0	0	0	0	0	0	0	0	0	14	0	0	0	0	0	2	0	0	0	0	0	0	0
a6fa94a53e58827bda9d6a960255f4b6	0	0	4	0	0	0	0	0	0	0	0	0	1	0	0	6	0	0	0	0	0	0	0	0	0	0	0	0	0	0
c30f1a7cc95e144a53d56b1d5bc6b06e	0	0	4	2	0	0	0	0	0	0	0	0	0	0	0	2	0	0	1	0	0	0	0	0	0	0	0	0	0	1
0dcddd60d420d4b63e6a1be3e69ddb55	0	0	4	1	0	0	0	1	0	5	1	2	0	0	0	1	0	3	0	1	6	0	0	0	0	0	1	8	0	0
7064ece893c06304be6a6eaf047138c5	0	0	4	0	0	0	1	0	0	3	0	2	1	0	0	14	0	5	0	0	0	0	0	0	0	0	0	0	3	2
3a55ec0e4211ff1c711e1c8953f18957	0	0	4	10	9	0	0	0	0	0	0	0	0	0	0	0	15	0	0	49	0	41	11	0	0	0	2	0	0	0
aa0e7d60037a50692d088d101ef7ec09	0	0	4	2	0	0	0	0	0	0	0	0	14	0	0	0	5	0	0	0	0	0	0	0	0	0	0	0	0	0
de4ce953228cc725ecb0d1aca01d841e	0	0	4	0	0	0	12	2	2	4	3	6	1	2	7	6	2	1	0	0	1	0	0	2	9	0	7	8	6	14
1301b66759a554a5245976275fea6fd0	0	0	4	7	3	0	0	0	0	0	0	0	0	0	2	0	2	0	0	0	0	0	0	0	0	0	0	0	2	3
24d3beacb9133dff2b54775c42cbb1a5	0	0	4	1	0	0	0	0	0	0	0	0	0	0	0	0	5	0	0	0	0	0	0	0	0	0	0	0	0	0
0b4900065abd040be5e757a2708ba707	0	0	4	3	6	0	0	0	0	0	0	0	0	0	0	0	9	0	0	2	0	0	0	0	0	0	0	0	0	0
43a8d03b86c3340079a457e297d1e3db	0	0	4	1	1	0	0	0	0	0	0	0	0	0	0	0	5	0	0	0	0	0	0	0	0	0	0	0	1	0
183f91c789df33f96f044db013c24ad7	0	0	4	1	2	0	2	0	2	0	0	0	1	0	0	2	3	0	0	1	0	0	0	0	0	0	0	0	0	0
e54fc7107ea3a31c93ec722c41ba4b64	0	0	4	12	1	0	0	0	0	0	0	0	0	0	0	0	0	0	0	1	0	3	0	0	0	0	0	0	0	0
38c9029407d28c7ff51defffdda3b633	0	0	4	0	1	0	0	0	0	0	0	7	0	1	1	0	2	2	0	0	0	0	0	0	0	0	0	3	0	0
0f4a7c29e5f24753092c6fd24a32b006	0	0	4	0	0	1	3	0	0	0	0	0	1	3	2	2	1	0	0	0	0	0	0	0	0	0	0	2	0	0
6bb0f482711f8be3df0544268f399d6d	0	0	4	3	5	0	0	0	0	0	0	0	0	0	0	0	5	0	0	0	0	0	0	0	0	0	0	0	0	0
729cec9a729a67e7b673ea614cf1df80	0	0	4	0	5	0	0	0	0	0	3	0	0	0	0	0	1	1	0	0	0	0	0	0	0	0	0	0	0	0
e3f69efe9611482211a6eaeefe69d0c3	0	0	4	3	0	0	0	0	0	0	0	0	0	0	0	0	3	0	0	2	1	28	3	2	0	0	1	2	0	1
a435a7c8198fa711e9c2ed008b450a31	0	0	4	0	1	0	0	2	3	10	7	4	4	7	1	5	4	9	0	0	3	0	0	0	0	0	2	7	14	4
193e5fd08b5dd0f6b0e9bf36541460d7	0	0	4	6	11	0	1	0	0	0	0	0	0	0	0	0	3	0	0	0	0	0	0	0	0	0	0	0	0	0
bd2c8348ab560597783f659328a55bcd	0	0	4	0	0	0	11	0	0	10	0	3	0	0	1	12	0	0	0	0	0	0	0	0	0	0	0	2	0	0
1c5101802cf421021de5d2a0418464df	0	0	4	8	0	0	0	0	0	0	0	0	0	0	0	0	0	0	0	0	0	0	0	0	0	0	0	0	0	0
173bf73467487cb367118d4588e661a4	0	0	4	13	16	0	0	0	0	0	0	0	0	0	0	0	5	0	0	0	0	0	0	0	0	0	0	0	0	0
eca96c04afc6c35b30a2bf414bc55bf3	0	0	4	2	1	0	10	3	1	0	0	0	0	7	2	3	9	0	0	0	0	0	0	0	0	0	0	1	0	1
ee24e92832981cf3ffe2f50bb7d691ba	0	0	4	0	1	0	0	0	0	0	0	0	2	5	1	0	3	0	0	0	0	1	0	0	0	0	0	1	0	0
e6f45b954c96ffb0af70e38c058a4818	0	0	4	2	0	0	0	0	0	0	0	0	0	0	0	0	0	0	0	0	0	0	0	0	0	0	1	1	3	8
0e71ba9710428e021da48e4ffcb45514	0	0	4	8	13	0	0	0	0	0	0	0	0	0	0	0	9	0	0	0	0	0	0	0	0	0	0	0	0	0
015a8d1999dd297f7f28b9809b90dd47	0	0	4	0	0	0	0	0	0	0	0	0	0	0	0	0	0	0	0	0	0	0	0	0	0	0	1	0	0	5
815f9f6404b1e6c5d5d647cc15db88b4	0	0	4	1	3	0	0	0	0	0	0	0	0	0	0	0	2	0	0	0	0	1	0	0	0	0	0	0	1	0
a1d88710425f6f9806177b4559293b03	0	0	4	3	3	0	0	0	0	0	0	0	0	0	0	0	1	0	0	0	0	0	0	0	0	0	0	0	0	0
c2ae7a976bc996fc615e6559bf55d11d	0	0	4	10	7	0	0	0	0	0	0	0	0	0	0	1	2	0	0	0	0	0	0	0	0	0	0	0	0	0
7b6254bee7729b330f4c88190881d4d7	0	0	4	5	4	0	0	0	0	0	0	0	0	0	0	0	2	0	0	1	0	2	1	0	0	0	0	0	0	0
07fa0d4ec2354ef8ac6502fddd466905	0	0	4	0	13	0	0	0	0	0	0	0	0	0	0	0	0	0	0	0	0	0	0	1	0	0	0	0	0	0
aa840e58ca473e74382d56c3ca8077c4	0	0	4	10	7	0	0	0	0	0	0	0	0	0	0	0	2	0	0	0	0	0	0	0	0	0	1	3	1	2
0d9bd63eb164cb8c138fdfdc26974fa3	0	0	4	4	10	0	0	0	0	0	0	0	0	0	0	0	5	0	0	0	0	0	0	0	0	0	0	0	0	0
a6439df56a00ddb4ceb1998d83e196c1	0	0	4	9	0	0	0	0	0	0	0	0	0	0	0	0	14	0	0	0	0	0	0	0	0	0	0	0	0	0
7213a2113d7e8522a8ef4530413f2651	0	0	4	8	0	0	36	0	0	0	0	2	1	1	30	0	3	0	3	0	0	0	0	0	0	0	0	3	5	5
27c6f74b60704dc3680a1fa249f8e623	0	0	4	2	2	0	0	0	0	0	0	0	0	0	0	0	0	0	0	0	0	0	0	0	0	0	0	0	0	3
89816d14e00074d1e964db15867a7ecf	0	0	4	4	0	0	0	0	0	0	0	0	0	0	0	0	6	0	0	6	0	4	39	0	0	0	0	0	0	0
392cc7ac2e4a93225a5ab6dd56369887	0	0	4	1	0	0	0	0	0	0	0	0	0	0	0	0	1	0	0	0	0	0	0	0	0	0	4	0	0	2
23115ff159d502e34e99eef9fdb26056	0	0	4	1	0	0	0	0	0	4	0	0	0	0	0	3	0	0	0	0	0	0	0	0	0	0	0	0	3	0
111915a4504f88f1f924fd0e4c750fd2	0	0	4	1	3	0	0	0	0	0	0	0	0	0	0	0	3	0	0	0	0	0	0	0	0	0	0	0	0	1
a7bf58f8fb7ff3921a4bbcd1df9451f0	0	0	3	11	0	0	0	0	1	0	0	0	0	0	0	0	1	0	0	0	0	0	0	0	0	0	0	0	4	0
eec658f76851e0efc3bf4ec875c60a33	0	0	3	0	3	0	0	0	0	0	0	0	0	0	0	0	4	0	0	0	0	0	0	0	0	0	0	0	0	0
664e595f3f46f1f61d83fa600666d0d7	0	0	3	2	7	0	1	0	0	0	0	0	0	0	3	0	0	0	0	0	0	0	0	0	0	0	0	0	0	2
341f4becb6cb26e6ac602321590753d8	0	0	3	7	1	0	0	0	0	0	0	0	0	0	0	0	0	0	0	0	0	0	0	0	0	0	0	0	0	0
d1bb554a1e4e2981fe42aa341dafa03e	0	0	3	13	18	0	3	0	0	0	0	0	0	0	0	1	4	0	0	4	0	0	0	0	0	0	0	0	0	0
480a92a4c2bafe4d68d1841a18b99c0e	0	0	3	2	7	0	0	0	0	0	0	0	0	0	0	0	1	0	0	0	0	2	0	0	0	0	0	0	0	0
be7922c5d84229a1268be3c30c973d4d	0	0	3	2	26	0	1	1	0	0	0	0	0	0	0	0	0	1	0	0	0	2	0	1	0	0	0	0	0	0
73b956faefb76e2a986b9efe8fd42122	0	0	3	0	10	0	0	0	0	0	0	0	0	0	0	0	3	0	0	0	0	0	0	0	0	0	0	0	0	0
9fdfe7ce3db1185b5414fb034cfad146	0	0	3	0	0	0	16	2	1	0	0	4	10	0	9	10	0	0	3	0	0	0	0	3	0	0	9	8	0	12
562c051e9eafcb7e19783c463bc5d024	0	0	3	3	2	0	0	3	0	0	0	0	0	0	0	0	2	0	0	0	0	0	0	0	0	0	1	0	0	4
f6cef082b758332eb810f4ffbfb533a8	0	0	3	0	1	0	0	0	0	0	0	0	0	0	0	0	0	0	0	0	0	0	0	2	0	0	0	0	0	9
d4456e0e1ec1e90c0f3ee49fb7016be3	0	0	3	9	3	0	0	0	0	0	0	0	0	0	0	0	2	0	0	0	0	0	0	1	0	0	0	0	0	0
95c51757f299b86d23218e2bc6501612	0	0	3	5	6	0	0	0	0	0	0	0	0	0	0	0	0	0	0	0	0	0	0	0	0	0	0	0	0	0
1635d5f983556591687e8a74942bf078	0	0	3	1	0	0	0	0	0	0	0	0	0	0	0	0	4	0	0	2	0	1	0	0	0	0	0	0	0	0
c152872c9a087e60104a6533467bb23f	0	0	3	11	4	0	0	0	0	0	0	0	0	0	0	0	0	0	0	21	0	15	59	1	0	0	0	0	0	0
9a5beaf000bf1ce5bb1af60903fb57c2	0	0	3	2	3	0	0	0	0	0	0	0	0	0	0	0	0	0	2	0	0	0	0	0	0	0	0	0	0	0
67deaabadea5da3599be771d360b9a9a	0	0	3	0	0	0	0	0	0	1	0	8	3	0	0	0	0	0	0	0	0	0	0	0	0	0	0	1	1	8
8062c84978140dd2c87831447f9c0b18	0	0	3	5	5	0	7	0	0	0	0	1	0	0	4	1	9	0	0	0	0	0	0	0	0	0	0	0	0	0
d4d27ec0d94b1b745250b42e7d6d2bc9	0	0	3	0	0	0	0	0	0	0	0	0	0	0	0	0	0	0	0	6	0	0	0	0	0	0	0	0	1	2
a1ec830110c7c16aa02b6ff6ebf16c17	0	0	3	9	0	0	0	0	0	0	0	0	0	0	0	0	7	0	0	1	0	0	0	0	0	0	0	0	0	0
7d529d1aae44c2914d79bb7fc2ed0aac	0	0	3	0	0	0	0	0	7	2	0	3	0	0	0	0	0	10	10	0	37	0	0	1	0	0	3	4	0	5
f564e2feb72b96cd0ce3cab01969c948	0	0	3	4	0	0	0	0	0	0	0	0	0	0	0	0	5	0	0	0	0	0	0	0	0	0	0	0	0	0
789d1023249c6aaf2880636e73132ec7	0	0	3	1	1	0	0	0	0	0	0	0	0	0	0	0	0	0	0	0	0	0	0	0	0	0	2	0	1	3
1972d57977ebc940513489c1ba27a952	0	0	3	11	10	0	0	0	0	0	0	0	0	0	0	0	1	0	0	3	0	2	0	0	0	0	0	0	2	1
9ae52d48f8990612c13a31b5816ccf5a	0	0	3	5	0	0	0	0	0	0	0	0	0	0	0	3	0	0	0	0	0	0	0	0	0	0	0	0	1	1
7af203c65d486c628a538e44bcd3dd86	0	0	3	1	37	0	0	0	0	0	0	0	0	0	0	0	2	0	0	60	0	90	264	1	0	0	8	1	31	11
75270784aaf347f5ab0c9b12d3d23dd0	0	0	3	0	5	0	0	0	0	0	0	0	0	1	2	0	0	0	0	0	0	0	0	0	0	0	0	0	0	3
cbeab9a665dc632852944b9abef23fab	0	0	3	2	4	0	0	0	0	0	0	0	0	0	0	1	3	0	0	0	0	0	0	0	0	0	1	0	2	9
9874a4079bcf932b002c827db136d1a5	0	0	3	0	1	0	0	0	0	0	0	3	0	0	0	1	0	0	0	1	0	0	0	0	3	0	0	0	0	0
a23615269581aafec57198b8be6ed013	0	0	3	3	3	0	1	0	0	0	0	0	0	0	0	0	1	0	0	0	0	2	0	0	0	0	0	0	0	0
a7385243a773fa5725028268591fa7e0	0	0	3	0	0	0	0	0	0	0	0	5	0	0	2	0	0	0	0	0	0	0	0	0	0	0	0	0	1	0
a13a0e126e249c060b13eed1acaf5ca4	0	0	3	2	4	0	1	0	0	0	0	0	0	0	1	0	2	0	0	0	0	0	0	0	0	0	0	0	0	0
0d2a9c447980de6627ab59e47269e43d	0	0	3	5	0	0	1	0	0	0	0	0	0	0	0	0	6	0	0	0	0	0	0	0	0	0	0	1	0	0
9b78c443916890cf4f9b72974b0491d9	0	0	3	0	0	0	4	0	0	0	0	2	0	0	10	2	0	0	0	0	0	0	0	0	0	0	0	0	0	2
e7f5afa440dc462f91cbca6be5af7334	0	0	3	70	46	0	0	0	0	0	0	2	0	0	0	1	41	0	0	40	0	59	42	2	0	0	3	3	32	16
f201ca5c7d74465209eaa34580aba889	0	0	3	0	0	0	1	0	0	0	0	0	0	0	0	0	0	0	0	6	0	0	0	0	0	0	0	0	0	0
4ae45312c93d3114a50c335c290e3c60	0	0	3	5	1	0	0	0	0	0	0	0	0	0	0	0	4	0	0	0	0	0	0	0	0	0	0	0	0	0
da9228c51dc2e28fdc144aacc32c8706	0	0	3	3	0	0	0	0	0	0	0	0	0	0	1	1	2	0	0	1	0	0	0	0	0	0	2	0	0	0
20786b62fd348ad1a16ea52211ebdcc4	0	0	3	6	2	0	1	0	0	0	0	1	0	0	1	2	3	0	0	0	0	0	0	0	0	0	0	0	0	0
17336b1c69bb88ca6369ad9c8b93ff0b	0	0	3	0	1	0	4	0	0	0	0	0	0	0	1	0	1	0	21	0	27	0	0	1	0	0	9	9	0	2
6b2d9456024a16c2a2bfa95a91166a2c	0	0	3	2	3	0	0	0	0	0	0	0	0	0	0	0	6	0	0	0	0	0	0	0	0	0	0	0	0	0
2113dbaa94c69dbde1d69a8a0ce2f6da	0	0	3	3	7	0	0	0	0	0	0	0	0	0	0	0	0	0	0	0	0	1	0	0	0	0	0	0	0	0
6c4f6be73b75d3ea9d56a00957244a78	0	0	3	3	9	2	10	0	2	11	0	19	1	0	5	67	0	0	14	0	43	0	0	10	0	0	5	40	113	22
538e1269da7fc4def6928504b6ce4b8d	0	0	3	3	0	0	0	0	0	0	0	0	0	0	0	0	4	0	0	0	0	0	0	0	0	0	0	0	0	0
db3ee6904d8eac71705eac8ed555f28c	0	0	3	0	0	0	0	2	0	3	0	5	2	0	2	0	1	7	5	0	4	0	0	5	0	0	12	19	9	8
4a8def99cfd25d3cef515c6c594f9856	0	0	3	0	2	0	0	0	0	0	0	2	0	0	1	0	0	0	0	0	0	0	0	0	0	0	8	0	0	2
e4c66a7b0730f375d53762873e0088c0	0	0	3	6	1	0	0	0	0	0	0	0	0	0	0	0	0	0	0	0	0	0	0	0	0	0	0	0	0	0
d6085b895089a03c8bb8d4887faa4143	0	0	3	0	1	0	0	0	0	0	0	0	1	1	0	2	0	3	1	0	0	0	0	0	0	0	1	1	1	6
e4b229df23be9479c0a0735b389b5f95	0	0	3	0	1	0	0	0	0	0	0	0	0	0	0	0	3	0	0	2	0	0	1	0	0	0	0	0	0	0
81ec9680f41aaa950af4d8d7bf80e2fd	0	0	3	0	0	0	1	5	3	0	0	0	0	0	1	1	1	7	0	0	0	0	0	0	0	0	0	0	0	0
4dcf1a35c65a36c3ab13869957fdddf7	0	0	3	4	0	0	0	0	0	0	0	0	0	0	0	0	2	0	0	0	0	0	0	0	0	0	3	0	0	5
e523ce8641cbba50b574afc64bfb5f69	0	0	3	1	0	0	5	0	0	2	0	0	0	0	3	0	3	0	0	0	0	0	0	1	0	0	2	5	0	5
cd328f839bee52c8f3f5eb22fa4286cc	0	0	3	13	4	0	0	0	0	0	0	0	0	0	0	0	0	0	0	0	0	1	0	0	0	0	0	0	0	1
f222802826b41e281f54056c1ec312a7	0	0	3	0	1	0	0	0	0	0	3	0	0	0	0	0	2	0	0	0	0	0	0	2	0	0	0	0	1	0
16587b767b0f91bbc1df6413d6389750	0	0	3	2	4	0	0	0	0	1	0	0	0	0	0	0	2	0	0	0	0	0	0	0	0	0	0	0	2	0
58d121612cc51dc2749412159eab783c	0	0	3	4	7	0	7	0	0	0	0	0	0	0	6	5	5	0	0	2	0	7	6	0	0	0	0	0	3	2
ffcf6616ee02c162fa11f5ac6cf766b5	0	0	3	0	0	0	0	0	0	0	0	0	0	0	0	0	18	0	0	0	0	0	0	0	0	0	12	0	0	3
2317420b142d2d78eac0298254d96124	0	0	3	8	15	0	0	0	0	0	0	0	0	0	0	0	0	0	0	0	0	2	1	0	0	0	1	0	0	3
e53f4c87b252e19d7812e4a4126f637b	0	0	3	5	1	0	0	0	0	0	0	0	0	0	0	0	0	0	0	2	0	0	0	0	0	0	0	0	0	0
54fe7e1e93829431a9350a8e9f019348	0	0	3	0	0	0	1	0	0	0	1	2	1	0	3	0	0	1	0	0	0	0	0	0	0	0	0	1	2	0
269e104c31e3992cb826ca431d5138ac	0	0	3	1	2	0	0	0	0	0	0	0	0	0	0	0	0	0	0	1	0	2	0	0	0	0	2	0	0	1
eda0a2a9dc5117a4f1f2f4c4c9e36d91	0	0	3	3	4	0	0	0	0	0	0	0	0	0	1	0	4	0	0	0	0	0	0	1	0	0	0	0	0	0
8148444f02a58a0763f398a5756a049b	0	0	3	2	3	16	0	7	2	16	0	12	60	0	1	2	0	3	0	0	0	0	0	0	0	0	0	16	0	0
367b81150acd0937720667e58b3d5aef	0	0	3	3	0	0	0	0	0	0	0	0	1	0	0	3	1	2	0	0	0	0	0	0	0	0	0	0	0	0
a1d13537ecf3ff56d413271c74f8a23b	0	0	3	18	8	0	3	0	0	0	0	0	0	0	0	0	18	0	0	1	0	2	0	0	0	0	0	0	1	0
1de213befecb847bda2d2f5e0dd2c859	0	0	3	0	0	0	4	2	0	0	0	0	0	10	1	0	0	0	0	0	0	0	0	1	0	0	0	1	0	0
16861f85731e021ade1a1fe14bc361ae	0	0	3	0	6	0	0	0	0	0	0	0	0	0	0	0	0	0	0	0	0	0	0	0	0	0	0	0	1	0
a9512cf3627c3390bc5cd22c9405a8c1	0	0	3	0	3	0	0	0	0	0	0	0	0	0	0	0	0	0	0	0	0	0	0	0	0	0	0	0	1	9
69fb23a31c62a23360a6421404954c9f	0	0	3	15	5	0	30	0	0	0	0	0	36	1	16	6	4	0	0	0	0	0	0	0	0	0	0	0	0	1
3c1bbf04083ef8007445839dae5679e2	0	0	3	7	0	0	0	0	0	0	0	0	0	0	1	0	7	0	0	0	0	0	0	0	0	0	0	0	0	1
8ad7e515cedb0c1cfe57d23c978eb2e4	0	0	3	10	1	0	0	0	0	0	0	0	0	0	0	0	3	0	0	1	0	0	0	0	0	0	0	0	0	0
90185dc1801c81b94066f4972a6964cc	0	0	3	0	11	0	0	0	0	0	0	0	0	0	0	0	0	0	0	1	0	1	0	0	0	0	0	0	1	0
9f7cfc85fae271fe6a7b60f2f19f5418	0	0	3	2	0	0	0	0	0	0	0	0	0	0	0	0	1	12	0	0	0	0	0	0	2	0	0	2	0	0
623172c31e0f1389294f376fba44c71e	0	0	3	1	2	0	6	1	0	0	0	2	0	1	4	1	1	0	0	0	2	0	0	1	0	0	0	1	0	2
2f689aacf3bc9cea5b87be29c6d66dc6	0	0	3	0	0	0	0	0	0	0	0	2	0	0	0	1	0	0	0	0	0	0	0	0	0	2	0	0	0	2
52036ffaa40b9b14a4e5becbe88e5774	0	0	3	3	0	0	0	0	0	0	1	0	0	0	0	0	3	0	0	0	0	0	0	2	0	0	0	0	2	0
febbe275a3eaec2d3f274277ae7270b3	0	0	2	12	3	0	0	0	0	0	0	0	0	0	0	0	2	0	0	3	0	3	3	0	0	0	1	0	1	0
ab5036091956bef726cc5dc98c2db81e	0	0	2	23	8	0	0	0	0	0	0	0	0	0	0	0	17	0	0	3	0	3	0	0	0	0	0	0	0	0
18f4e894f6d93d266c69d258db468ebf	0	0	2	0	4	0	0	0	0	0	0	0	11	0	0	12	0	0	0	0	0	0	0	0	0	0	0	1	0	1
2bdc39138d24f11e077376273e674c14	0	0	2	0	0	0	0	0	0	0	0	0	0	0	0	0	0	0	2	2	2	1	0	0	0	0	2	0	0	4
f28af472507364f1334d66bd5744c32f	0	0	2	5	2	0	0	0	0	0	0	0	0	0	0	0	0	0	0	0	0	0	0	0	0	0	1	0	4	0
10f0729896ae26fac6928819ab0d14d4	0	0	2	0	0	0	7	0	0	2	0	0	15	0	4	0	0	0	0	0	0	0	0	0	0	0	0	0	0	0
3a76f454dc7eea029abc9b4738b7d7fc	0	0	2	1	1	0	0	0	1	0	0	0	0	0	0	0	10	0	0	0	0	1	0	0	0	0	0	0	0	0
c3a210e93efd3a2dc9ca4b785a64f0d9	0	0	2	8	0	0	0	0	0	0	0	0	0	0	0	0	1	0	0	0	0	0	0	0	0	0	0	0	0	0
508521ff0a70ec589b5269ec585cdf0f	0	0	2	5	4	0	0	0	0	0	0	0	0	0	0	0	0	0	0	0	0	0	0	0	0	0	0	0	0	0
e8e5675877c2d5498fd6ef684fb1996d	0	0	2	1	0	0	1	3	0	0	1	0	0	0	0	0	0	0	0	0	10	0	0	0	0	0	5	0	1	2
9b4094e5a18864f37e7a71b8dfce6c03	0	0	2	0	0	0	1	0	0	0	0	0	0	0	0	0	0	0	0	0	0	0	0	0	0	0	1	0	8	5
78f82903c50c6430cf9f78ab40400eb0	0	0	2	1	30	0	0	0	0	0	0	0	0	0	0	0	0	0	0	8	0	7	4	0	0	0	0	0	1	0
7d8726481bb290a43527d3e7eaf94ffc	0	0	2	9	0	0	0	0	0	0	0	0	0	0	0	0	2	0	0	10	0	4	0	0	0	0	1	0	0	2
5ad99d46602fd9ba00cee5b2e3c0f695	0	0	2	0	0	0	0	0	0	0	0	0	0	0	0	0	0	0	0	0	0	0	0	0	6	0	1	0	1	0
4ebbe138c5c8ba5a4ec029f656baa2b0	0	0	2	0	0	0	0	0	0	4	0	0	0	0	0	0	0	11	0	0	0	0	0	0	0	0	0	1	3	2
7b8d476a9765635170b0b54cf2c77fdd	0	0	2	5	4	1	11	0	0	0	0	0	0	0	3	7	4	0	0	1	0	1	1	0	0	0	0	3	0	4
3559ab31fba1ddf07417f87b7dd9f385	0	0	2	24	6	13	4	0	0	0	0	3	0	5	0	0	13	0	0	0	1	2	2	0	0	0	0	0	0	0
8adf2e513a75e30f0f7005b29c21fba5	0	0	2	1	5	0	2	0	0	0	0	0	0	0	0	0	1	1	0	0	0	0	0	0	0	0	0	0	1	2
ba44610b4b84b0341a897989e7d7e6d3	0	0	2	2	1	0	5	0	0	0	0	2	3	0	1	1	0	1	0	6	0	0	0	1	0	0	4	7	11	17
47685ce77ce7713670a393751db7d20c	0	0	2	4	0	0	5	0	0	3	0	0	0	0	2	0	0	0	0	0	0	0	0	0	0	0	1	0	0	0
3cbad534f8e700c3ba54e80e1771079e	0	0	2	3	4	0	0	0	0	0	0	0	0	0	0	0	1	0	0	1	0	0	0	0	0	0	0	0	3	1
b79958db5c9f22d34b4cc249dd878df7	0	0	2	1	2	0	5	0	0	0	0	1	0	0	0	0	2	0	0	0	0	0	0	0	0	0	0	0	0	0
5e753157aa89501a91b50f69de033fdf	0	0	2	0	0	0	0	0	0	0	0	0	2	0	2	1	0	0	0	0	0	0	0	1	0	0	0	6	0	0
614163fe4e534ec948f0accd7d157ab6	0	0	2	0	0	0	0	0	0	0	0	1	0	0	0	1	0	0	11	0	21	0	0	1	0	0	4	3	0	3
e237b39ca97031754a9d4cb7e066286d	0	0	2	5	3	0	0	0	0	0	0	0	0	0	0	0	0	0	0	1	0	1	0	0	0	0	0	0	0	0
ef47fa113d38877d8383a58679a83fc7	0	0	2	7	0	0	0	0	0	0	0	0	0	0	0	0	11	0	0	14	0	9	0	0	0	0	0	0	0	0
635ec37a763985a26fece19f488a41e3	0	0	2	0	0	0	1	0	0	0	0	2	0	0	0	0	0	0	2	0	0	0	0	0	0	0	1	1	5	0
73fbbdc511083a351ba03d077af2e5c8	0	0	2	0	0	2	0	0	0	0	0	0	3	0	1	0	0	0	0	0	0	0	0	0	1	0	5	1	0	5
7d47f6b9dbccbb0e0fe7938ab85ea958	0	0	2	0	2	0	0	0	0	0	0	0	0	0	0	0	1	0	0	4	0	0	2	0	0	0	0	0	0	0
b021382da3bb7354800c9f5db9824b81	0	0	2	0	7	0	0	0	0	0	0	0	0	0	0	0	3	0	0	0	0	0	0	0	0	0	0	0	0	0
48a1e908907aad8fd54ae7a2a9a114ee	0	0	2	0	1	0	0	0	0	0	1	0	0	0	1	0	0	2	2	0	15	0	0	0	0	0	0	0	3	0
8835650fb8ad77e89c3ccfc0e6dc6b5a	0	0	2	3	0	0	0	0	0	0	0	0	0	0	0	0	6	0	0	0	0	0	0	0	0	0	0	0	0	0
3772035057e6e45aa8855c61d2e406c8	0	0	2	2	1	0	0	0	0	0	0	0	0	0	0	0	5	0	0	0	0	0	0	0	0	0	0	0	0	0
8d8844da9a54396bb5d916ff2e4076f1	0	0	2	10	9	0	0	0	0	0	0	0	0	0	0	0	0	0	0	1	0	0	2	1	0	0	0	0	0	0
9cba66674d91b785f2f6482bb4e585bd	0	0	2	0	0	7	0	0	0	0	0	0	0	10	0	0	1	0	0	0	9	0	0	13	0	0	17	7	0	23
dd2b613542a1ae73228c8db1b563dbde	0	0	2	2	0	0	7	2	0	0	0	1	5	0	2	3	0	0	0	0	0	0	0	0	0	0	0	1	0	0
e01b35750373db7436b82563cc082653	0	0	2	0	2	0	1	0	0	0	0	0	0	0	0	1	2	0	0	0	0	0	0	0	0	0	0	2	0	0
e288068ad618e60ef17d1f960daf61bd	0	0	2	0	6	1	0	1	0	3	1	0	0	4	1	1	3	2	1	0	0	2	0	0	3	0	0	1	9	2
3d132338572b01325a5d10acfe5b139f	0	0	2	3	6	0	0	0	0	0	0	2	0	0	0	0	1	0	0	0	0	1	1	0	0	0	0	0	0	1
d237515b0ee7c8642957da630d3f68bc	0	0	2	0	1	0	0	0	0	0	0	0	1	0	0	0	6	0	0	0	0	1	0	0	0	0	0	0	0	0
c2209bfa7cdef3cdab320d86a86ebee2	0	0	2	2	6	0	0	0	0	0	0	0	0	0	0	0	5	0	0	0	0	0	0	1	0	0	0	0	0	0
580ade2e948ebf2eff6399dcc479dec2	0	0	2	0	2	0	0	0	0	0	0	0	0	0	0	0	6	0	0	0	0	0	0	0	0	0	0	0	0	0
ac5b4615eeb73d01b5a6686ca015b334	0	0	2	2	0	7	0	0	0	0	0	0	0	2	1	1	0	2	1	0	1	0	0	0	0	0	1	0	0	0
86a97df9b4d1e94f516ecdc1692aa6d0	0	0	2	7	8	0	1	0	0	0	0	0	0	0	0	0	0	0	0	0	0	1	4	1	0	0	0	0	0	0
f32da268891a2af750d3c98bd4330c57	0	0	2	1	1	0	0	0	0	0	0	0	0	0	0	0	5	0	0	1	0	0	0	0	0	0	0	0	0	0
d151423be4c546093045d19d22c4d068	0	0	2	5	0	0	0	0	0	1	0	1	0	0	1	0	0	0	0	0	0	0	0	0	1	11	0	0	0	0
6f30fa39c598f776833014b891a3eed7	0	0	2	8	6	0	3	1	0	0	0	0	1	0	1	0	5	0	0	0	0	0	0	2	0	0	5	3	2	8
ce3e18e2a1fd08bb999fa8effd369a9f	0	0	2	7	13	0	0	0	0	0	0	0	0	0	0	0	4	0	0	0	0	3	0	0	0	0	0	0	1	0
5044cd2e617db9d09292e04d80ebd638	0	0	2	1	0	0	4	1	0	0	0	3	0	0	3	1	0	0	0	0	0	0	0	0	0	0	0	1	1	5
cd92486d3e2aa55e565b1c529fa89d01	0	0	2	3	6	0	0	0	0	0	0	0	0	0	0	0	7	0	0	4	0	0	0	0	0	0	0	0	0	0
2f7dc514240264a320cab53ddec440b8	0	0	2	0	0	0	4	0	0	0	0	2	0	0	4	0	1	0	0	0	0	0	0	0	0	0	0	1	0	0
a98222d24aebb288de3efb07d9ec8ad1	0	0	2	4	5	0	0	0	0	0	0	0	0	0	0	0	4	0	0	0	0	1	0	0	0	0	0	0	0	0
4089f1140075be5f702be3765ac1fe52	0	0	2	0	1	0	1	0	0	0	0	1	0	0	0	1	5	0	0	0	0	0	0	0	0	0	0	0	0	0
f593341e209b49eaf20e141ea3d332fc	0	0	2	0	8	1	0	0	1	3	1	4	0	0	0	6	0	23	1	0	1	0	0	10	0	0	9	5	6	13
3091a3ded9675053e96ddb6ff0f3b5e2	0	0	2	6	6	0	0	0	0	0	0	0	0	0	0	0	1	0	0	71	0	9	18	0	0	0	0	0	0	2
0b2bcce2bc49cbc96438f6e8b147c19d	0	0	2	9	3	0	0	0	0	0	0	0	0	0	0	0	0	0	0	0	0	3	0	0	0	0	0	0	0	0
84aae4382a43c29b5a9512ed47865a22	0	0	2	4	1	0	0	0	0	0	0	0	0	0	0	1	0	0	0	0	0	1	0	1	0	0	0	0	0	0
a0932a56c9c9a2164da8ca2c0607cecb	0	0	2	2	5	0	0	0	0	0	0	0	0	0	1	0	2	0	0	0	0	0	0	0	0	0	0	0	0	0
4ce22f8b7036503602300e6f5333f5ff	0	0	2	3	2	0	0	0	0	1	0	0	4	0	1	0	1	0	0	0	0	0	0	0	0	0	0	2	6	8
e0aab9f92945388de1860b59be3bb974	0	0	2	5	0	0	0	0	0	0	0	1	0	0	0	0	3	0	0	0	0	0	0	0	0	0	0	0	0	0
df9310ccb97a0836b35c68e9f844cddc	0	0	2	0	1	0	3	0	0	0	0	0	1	0	3	4	8	0	0	0	0	0	0	0	0	0	0	0	0	1
670d921b5e7880af22628b85db7b6e48	0	0	2	0	0	0	0	0	0	0	0	4	0	0	0	0	0	0	0	0	4	0	0	0	0	0	0	0	0	0
83454969c73d8359a34ae6f822d70560	0	0	2	2	3	0	1	0	0	0	0	0	0	0	1	1	2	0	0	0	0	0	0	0	0	0	0	0	0	0
625b887b1c7f1e954a6d784b179d67df	0	0	2	16	0	0	0	0	0	0	0	0	0	0	0	0	0	0	0	0	0	0	0	0	0	0	0	0	0	0
82b76eeadfb1ee634c74f15988dcb5b1	0	0	2	1	4	0	0	0	0	0	0	0	0	0	0	0	0	0	0	22	0	7	1	0	0	0	0	0	0	0
190f16889412d11c4aec44e9d05e1a6d	0	0	2	2	0	4	3	2	2	7	1	0	0	1	1	5	0	5	11	0	48	0	0	8	0	0	17	10	6	29
1e9e1fbe8a977d7609cd6d7939fbd203	0	0	2	2	7	0	0	0	0	0	0	0	0	0	0	0	1	0	1	8	0	0	2	0	0	0	1	0	0	0
8d177bd02c956688d094373d094bbb1c	0	0	2	0	2	4	0	0	0	0	0	0	1	1	0	0	2	0	0	1	0	0	0	0	0	0	0	0	1	0
38676b4197c3cde7223664cf283552d8	0	0	2	0	4	0	0	0	0	0	0	0	0	0	0	0	0	0	0	0	0	0	0	0	0	0	0	0	0	6
c1b9a8ea7ee5d44fba3c3ac310aa4dcd	0	0	2	2	3	0	0	0	0	0	0	0	0	0	0	0	8	0	0	0	0	0	0	0	0	0	0	0	0	0
e9b6f3e69a93e7111601bdb2dc311a67	0	0	2	0	0	0	2	1	0	3	0	1	0	3	0	0	0	0	0	0	0	0	0	0	0	0	1	0	3	2
ddc168bb0c09fde57178cd24036a32e0	0	0	2	2	0	1	5	0	0	0	0	0	0	0	0	0	1	0	2	0	2	1	0	1	0	0	0	6	0	0
5aa6c9da7fde10b7515a11711c7804f4	0	0	2	2	3	0	0	0	0	0	0	0	0	0	0	0	4	0	0	1	0	0	0	0	0	0	0	0	0	0
19a905a81cfa31560c907ee5f3bb004c	0	0	2	0	9	0	0	0	0	0	0	0	0	0	0	0	0	0	0	2	0	0	1	0	0	0	0	0	2	0
c841c4962365f8dadc7db8c15e2d4cc1	0	0	2	3	2	0	0	0	0	0	0	0	0	0	0	0	2	0	0	1	0	0	0	0	0	0	0	0	0	0
e63631c13077306afa00b28082427e3a	0	0	2	0	6	0	0	0	0	0	0	0	0	0	0	0	1	0	0	1	0	1	7	0	0	0	0	0	0	0
7431fb03f05a19186ce688da1157999d	0	0	2	8	2	0	0	0	0	0	0	0	0	0	0	0	0	0	0	0	0	1	0	0	0	0	0	0	0	0
278f5467e905914a2ee719f14208bf56	0	0	2	0	19	0	0	0	0	0	0	0	0	0	0	0	0	0	0	0	0	2	0	0	0	0	0	0	0	0
4409b0d891c5ea06575af3d64c6f7ab5	0	0	2	17	2	0	0	0	0	0	0	0	0	0	0	0	0	0	0	0	0	0	0	0	0	0	0	0	0	0
a801867de45a2d813a79fa0d786a3453	0	0	2	0	11	0	0	0	0	0	0	0	0	0	0	0	0	0	0	0	0	1	0	0	0	0	0	0	0	0
221b8989294f609532ac3ee1dc0ff3fa	0	0	2	2	3	0	0	0	0	0	0	0	0	0	0	0	0	0	0	0	1	2	0	0	0	0	0	0	2	0
d178f0849789c6ac7d4a93c666300fc4	0	0	2	1	5	0	0	0	0	0	0	0	21	0	0	0	4	0	0	0	0	0	0	0	0	0	0	0	0	0
eff363908bca4da8f02f8ca4a1185362	0	0	2	3	0	0	7	2	0	0	0	4	3	0	27	12	1	0	0	0	0	0	0	0	0	0	0	3	1	2
bd0cb7f6dabe61ae75b064921092bcc1	0	0	2	0	0	0	1	0	0	0	0	0	0	0	3	1	0	0	0	0	0	0	0	0	0	0	2	1	6	12
5d8d606e8e9aec338cc75899b4adf858	0	0	2	0	3	1	0	0	0	0	0	0	0	0	0	0	8	0	0	0	0	0	0	0	0	0	3	0	3	2
e560f97ffa81941ee60a921fb00f1f44	0	0	2	0	1	0	0	0	0	0	0	1	0	0	0	0	2	0	0	2	0	0	0	0	0	0	1	0	0	1
4a241e05076adb0beda73807c464a06d	0	0	2	0	0	0	0	0	0	0	0	0	0	0	0	0	8	0	0	0	0	0	0	0	0	0	0	0	0	0
022756afaa0e0e80cd9ab0fc5da2df8f	0	0	2	3	3	0	2	1	0	0	0	0	0	0	3	0	4	0	0	0	1	2	0	0	0	0	0	0	0	0
d74a701507db7f39603711e219f94797	0	0	2	4	30	0	0	0	0	0	0	0	0	0	0	0	0	0	0	25	0	62	9	0	0	0	0	0	5	2
26e5ee30e2d9d808aaf452a49a3b79c9	0	0	2	2	0	0	0	0	0	0	0	0	0	0	0	0	0	0	0	2	0	2	1	0	0	0	0	0	0	1
31cc00f73ee3efaaab7fae89c5d44b3c	0	0	2	18	0	0	0	0	0	0	0	0	0	0	0	0	2	0	0	0	0	0	0	0	0	0	0	0	0	0
abfc4c2dbca60aaf858e4f839cabb747	0	0	2	8	0	0	0	0	0	0	0	0	0	0	0	0	2	0	0	0	0	0	0	0	1	0	0	0	0	0
8a6df9eeed05d75f975b20b56ac52394	0	0	2	3	1	0	0	0	0	0	0	0	0	0	0	0	4	0	0	1	0	0	0	0	0	0	0	0	0	0
01dd3b2b145ca80797498dd5340c3cf0	0	0	2	0	0	0	5	0	0	0	0	0	0	0	3	0	0	0	0	0	0	0	0	1	0	0	1	0	0	0
780bd156aefa4609d9b535811765b502	0	0	2	7	42	0	0	0	0	0	0	0	0	0	0	0	2	0	0	0	0	0	0	0	0	0	0	0	1	2
58083afc237370d9c118cd2b4d044e8d	0	0	2	7	1	0	0	0	0	0	0	0	0	0	0	0	20	0	0	5	0	15	2	0	0	0	0	0	0	0
73ffdb601b489f1da7b68897a71c665b	0	0	2	1	0	0	0	0	0	0	0	0	0	0	0	0	8	0	0	0	0	0	0	0	0	0	0	0	0	0
aa9ba669d549bc41ff9c468131374cf4	0	0	2	13	19	0	0	0	0	0	0	0	0	0	0	0	0	0	0	0	0	0	0	0	0	0	0	0	0	0
df8e0e7131fde4870ebc13e8eaabfe5e	0	0	2	7	1	0	0	0	0	0	0	0	0	0	0	0	10	0	2	0	0	0	0	0	0	0	0	0	0	0
fdb47a8d723f863806f0603916c53da6	0	0	2	0	2	0	0	1	3	0	0	0	0	0	0	0	1	1	0	0	0	0	0	0	0	0	1	0	0	0
bf40f2d31442c72a786281ecf59d088c	0	0	2	0	1	0	0	0	0	1	1	3	0	0	0	0	0	0	0	0	0	0	0	0	0	0	3	0	0	0
2465766700a16e62a31d6c68dc417c02	0	0	2	4	0	1	0	3	0	0	0	2	0	0	1	0	0	0	0	0	0	0	0	0	0	0	4	3	3	7
4735af8674424a8afafd86b1d786656c	0	0	2	0	2	0	0	0	0	0	0	0	0	0	1	0	0	0	0	0	1	0	0	0	6	0	0	0	0	0
3f9540fa6e62e5cd8ab6e7e8348357b1	0	0	2	1	1	0	2	0	0	0	0	1	4	0	0	0	0	0	0	0	0	0	0	0	0	0	0	0	0	0
3e0a9d93472fd10e3f04757e23863e5c	0	0	2	1	12	0	0	0	0	0	0	0	0	0	0	0	0	0	0	0	0	1	0	0	0	0	0	0	0	0
e99e4bcc7209086aa7098504c8610fe8	0	0	2	6	0	0	0	1	0	0	0	0	78	0	0	10	0	0	0	0	0	0	0	0	0	0	0	0	8	0
97788f2b023aa2f5835f5b5d7318beb4	0	0	2	7	1	0	0	0	0	0	0	0	0	0	0	0	2	0	0	1	0	0	0	0	0	0	0	0	0	0
7bc2742b217664924481123fba076327	0	0	2	0	0	0	0	0	0	0	0	1	0	0	1	0	3	0	0	2	0	0	0	0	0	0	0	0	0	1
4dcc23791f5e29942f09eddcd2e9c377	0	0	2	0	0	0	0	1	0	0	0	0	0	0	0	0	0	3	3	1	0	0	0	0	0	0	0	0	0	0
31caaef2468fb02fe818b9850bc29728	0	0	2	0	0	0	2	0	0	0	0	2	0	0	1	1	0	0	0	0	1	0	0	4	0	0	2	0	0	13
b19a17a061fd5de18d4fadb6fd894cad	0	0	2	1	3	1	8	2	0	3	1	6	3	1	6	4	0	3	0	0	0	0	0	1	1	0	2	5	1	3
61f4fcf09b8ff7bf3305bcde1a9b2448	0	0	2	0	0	0	5	0	0	0	0	0	0	1	3	0	0	0	0	0	0	2	0	0	0	0	17	0	2	22
31e1cda1020b143bcb7f4772df858abb	0	0	2	0	0	0	0	2	1	1	1	8	0	0	0	3	0	0	11	0	22	0	0	9	0	0	10	19	0	6
9a44500170263198a1e84d11f90dd3dc	0	0	2	1	4	2	5	4	0	9	0	0	4	0	0	6	1	1	0	2	0	0	3	4	1	0	6	10	5	4
7327d20d0543d5bfd9183c8a124f215f	0	0	2	1	0	0	0	0	0	0	0	0	0	0	0	0	0	0	0	3	0	14	0	0	0	0	0	0	0	0
14e71152192829a2051ecc9553912b4b	0	0	2	0	0	0	8	2	2	2	0	1	1	0	7	10	0	0	1	0	0	0	0	0	0	0	0	2	5	0
4794c49b21558dd23b30ec41710c25d4	0	0	2	3	1	0	0	0	0	0	0	0	0	0	0	0	7	0	0	0	0	1	0	0	0	0	0	0	0	0
a1612c7b62ab1dd90334a955b6a09444	0	0	2	0	4	0	0	0	0	0	0	0	0	0	0	1	0	0	0	0	0	2	0	0	0	0	2	0	0	2
e4a570dce6e693b10139eada8e10697f	0	0	2	3	0	0	0	0	0	0	0	0	0	0	0	0	6	0	0	4	0	1	1	0	0	0	0	0	0	0
a78577de260425d9958403e8f519e51b	0	0	2	4	0	0	0	0	0	0	0	0	0	0	0	0	2	0	0	44	0	20	18	0	0	0	0	0	0	1
65d2630baeb4b87081951131f2f35821	0	0	2	1	0	0	10	0	1	1	0	0	2	0	1	0	0	0	0	0	0	0	0	0	0	0	2	0	0	1
5bbd6636d2e9c5cdcd02a7674800fbfd	0	0	2	4	8	0	0	0	0	0	0	0	0	0	0	0	1	0	0	0	0	0	0	0	0	0	0	0	0	0
ade4dd08f371b03de4d483b544a5428c	0	0	2	4	0	0	1	0	0	0	0	0	0	0	0	0	13	0	0	0	0	0	0	0	0	0	0	0	0	0
9878918be4cc5d63bf1483a36b783f49	0	0	2	0	1	0	1	5	0	4	0	0	0	3	1	0	1	3	0	0	0	0	0	0	0	0	0	1	6	0
736e43ccb8e6989b131053e95e584b95	0	0	2	2	10	0	0	0	0	0	0	0	0	0	0	0	1	0	0	0	0	0	2	0	0	0	0	0	0	0
e00fd2047c50e57e7c724ceb7f652d3a	0	0	2	2	1	0	6	0	0	0	0	0	6	10	1	0	2	0	0	0	0	0	0	0	0	0	1	3	30	11
15616da543a666490b5816af47756c0f	0	0	2	1	6	0	3	0	0	0	0	1	0	0	0	0	2	0	0	0	0	0	0	0	0	0	0	0	0	1
5076acf40b5fafeffbc79a7f1d153572	0	0	2	14	3	0	0	0	0	0	0	0	0	0	0	0	0	0	0	0	0	0	0	0	0	0	5	0	0	4
75d6b74e5502845de91b11caf795d4fc	0	0	2	0	4	0	0	0	0	0	0	0	0	0	0	0	0	0	0	0	0	0	0	4	0	0	0	3	1	3
ee065bd9af1122aa75b0aab5bd5a2906	0	0	2	0	0	5	0	2	0	0	0	0	0	0	0	1	0	0	0	0	0	0	0	0	0	0	0	0	0	0
3e57da7c2bf7d05861e2bb8df91598a5	0	0	2	0	8	0	0	0	0	0	0	0	0	0	0	0	0	0	0	0	0	0	0	0	0	0	0	0	0	0
b3c9ce8695ab5b33b3073fe4c1f2eaf4	0	0	2	0	0	0	0	0	0	0	0	0	0	0	0	0	0	2	0	0	0	0	0	0	0	0	4	0	0	10
eff7bbe957543c9aebdbc0dfbfac178e	0	0	2	0	0	0	2	0	0	0	0	0	0	2	4	0	0	0	0	0	0	0	0	0	0	0	0	0	0	0
f30680e0b85825f45839922ec92e31c4	0	0	2	5	1	1	2	3	0	1	1	0	0	0	4	2	1	2	0	1	0	0	0	0	0	0	0	3	1	0
e812959b6a75f5f4dcaef57a894256c8	0	0	1	0	0	0	0	0	0	0	0	0	0	0	0	0	0	0	0	4	0	2	2	0	0	0	0	0	3	1
d18da04546c28fd94bac1662c174fd2e	0	0	1	0	0	0	2	0	0	0	0	0	0	0	0	0	0	9	0	0	0	0	0	0	0	0	1	1	0	3
b5f2ac612bcdff6fd9c2b30872867deb	0	0	1	2	3	0	0	0	0	0	0	0	0	0	0	0	6	0	0	2	0	2	7	0	0	0	0	0	0	0
09ef96e9cc0ec15848f8743fbcb315ef	0	0	1	2	0	0	0	0	0	0	0	0	14	0	0	0	4	0	0	0	0	0	0	1	0	0	0	0	0	0
70b40aa7feebbc76decd0b6efc54c883	0	0	1	13	0	0	0	0	0	0	0	0	0	0	0	0	1	0	0	0	0	0	0	0	0	0	1	0	0	0
5cf0502de744ffc7c5145fedb4380fe9	0	0	1	8	0	2	0	0	0	0	0	0	0	0	0	0	0	0	0	0	0	0	0	1	0	0	0	0	0	1
d07797bf7b3ac4b16810f20a06211de1	0	0	1	7	22	0	0	0	0	0	0	0	0	0	0	0	1	0	0	28	0	17	10	0	0	0	0	0	4	0
afaf44c2fb253cebd7606aa43842eb9c	0	0	1	5	2	0	2	1	0	0	0	0	0	0	1	3	0	0	0	0	0	0	0	0	4	0	0	0	0	0
92c19db43e6c66f5872e3793c0d75eae	0	0	1	1	7	0	0	0	0	0	0	0	0	0	0	0	2	0	0	1	0	2	1	0	0	0	0	0	0	0
f7c987857158fcd00cf0621378f92966	0	0	1	0	0	0	0	0	0	0	0	0	0	0	1	0	3	0	0	1	0	2	2	0	0	0	0	0	0	0
2c5fd74d3aaa978d086700e669b47dcc	0	0	1	3	0	0	0	0	0	0	0	0	0	0	0	0	6	0	0	0	0	1	1	0	0	0	0	0	0	0
814c38b2504623f76d04a8a5fce7f58d	0	0	1	1	1	0	0	2	0	0	0	0	1	41	0	0	0	1	0	0	0	0	0	0	0	0	1	0	0	0
97d05227373f81ca5af0fa1838bf4fa4	0	0	1	6	3	0	2	0	0	0	0	3	0	0	2	3	9	0	10	0	5	0	0	0	0	0	0	0	8	2
408639b97f248fce09c94a6dbf907abe	0	0	1	1	0	0	9	0	0	0	0	0	0	0	3	0	0	0	0	0	0	0	0	0	0	0	0	0	0	0
5e5df39c6422c7dd10ee3262d4036dd4	0	0	1	0	0	0	0	0	0	14	0	49	0	0	0	0	0	0	2	0	0	0	0	32	0	0	0	32	0	0
63f0448deb26e53ed50ca9bc94fa5413	0	0	1	0	0	0	0	0	0	0	0	0	0	0	0	0	0	0	0	1	0	4	4	0	0	0	0	2	1	0
322fbfc7b95ec3fc23a4f13de5502246	0	0	1	30	18	0	0	0	0	0	0	0	0	0	0	0	47	0	0	0	0	4	1	0	0	0	0	0	0	0
4ff804aa53c20e60eb5f21ab8d19b7ce	0	0	1	0	0	1	0	2	0	0	0	0	0	2	0	0	0	6	0	0	0	0	0	0	0	0	3	0	1	0
a9d05cec67051644042db1c56b516d09	0	0	1	2	8	0	4	0	0	0	0	1	0	0	7	1	8	0	0	0	0	0	0	0	0	0	0	3	0	2
20164f77cf06e46661a3398fe81aa4c2	0	0	1	2	11	0	0	0	0	0	0	2	0	0	0	0	0	0	0	0	0	6	4	4	0	1	3	3	0	2
5b0ec8180410e9e8dc1c7c3979e6635f	0	0	1	0	0	0	8	0	0	0	0	0	0	0	1	0	2	0	0	0	0	0	0	0	0	0	0	0	0	0
ba8a05facc83cc23e962bf68f37e29a9	0	0	1	0	0	0	0	0	1	8	0	0	0	0	0	0	0	0	0	0	0	0	0	0	0	0	0	0	0	0
b397389a0ccd0821692efa137ef60d13	0	0	1	0	0	0	0	0	0	2	0	0	0	0	0	0	0	3	0	0	0	0	0	0	0	0	0	0	4	0
37f2ae28b69692e416827c82175004d0	0	0	1	1	0	0	2	1	0	0	0	0	1	0	4	0	0	1	0	0	0	0	0	0	0	0	0	0	0	0
8e8a135adde92471904a31f4071fae14	0	0	1	3	0	0	0	0	0	0	0	5	0	0	1	0	1	0	0	0	0	0	0	0	0	0	0	0	0	1
b1dda226a715cd14ac4fa9d6cd782461	0	0	1	4	4	0	0	0	0	0	0	0	0	0	0	0	2	0	0	1	0	0	0	0	0	0	0	0	0	0
65eb4525d61328810ecafab460916e1c	0	0	1	0	0	0	1	3	2	4	0	0	0	5	0	0	0	2	0	0	0	0	0	1	0	0	2	0	1	0
50e48f451711949042937ebede2fe5e5	0	0	1	2	0	0	61	0	1	0	0	8	0	0	37	20	0	1	1	0	0	0	1	1	0	0	2	9	3	7
4d16667fba8f6bde0b5e1c468284dbc0	0	0	1	2	3	0	0	0	0	0	0	0	0	0	0	0	31	0	0	25	0	11	0	0	0	0	0	0	1	0
b286a3b7e406f157490bca679f2054a2	0	0	1	11	0	0	0	0	0	0	0	0	0	0	0	1	0	0	0	0	0	0	0	1	0	0	0	0	0	0
53d3cb2fe0f5a3c5c68fa76b4f034dd7	0	0	1	2	3	0	0	0	0	0	0	0	0	0	0	0	2	0	0	1	0	0	12	0	0	0	0	0	0	0
6b31f7f20c3b132ed6b507e5477c4b4e	0	0	1	2	0	0	0	0	0	0	0	0	0	0	0	0	6	0	0	1	0	0	0	0	0	0	0	0	0	0
192ca8c78de7736a0a413e8d1984a72f	0	0	1	0	0	0	0	0	0	0	5	0	16	0	0	0	0	2	0	0	0	0	0	0	0	0	0	0	2	0
8495b69c8c0aedc8c5c6645181ec9fae	0	0	1	6	12	0	0	0	0	0	0	0	0	0	0	0	3	1	0	0	0	1	4	0	0	0	1	0	3	2
0b04ed7f638a61cccd1bd816feb447e6	0	0	1	1	0	0	1	0	0	3	0	1	2	0	0	0	0	0	0	0	0	0	0	2	1	0	0	1	1	0
57dcc0ee6c6acb4d804e1c27d3428705	0	0	1	0	5	0	3	0	0	0	0	0	0	0	0	0	3	0	0	0	0	0	0	0	0	0	0	0	0	0
f5468ddc05c04d928bd7ccbfa5a6c58b	0	0	1	1	5	0	0	0	0	0	0	0	0	0	0	0	1	0	0	2	0	0	3	0	0	0	2	0	0	0
018b9f054f6a904c3639927406d703fc	0	0	1	2	3	0	0	0	0	0	0	0	0	0	0	0	4	0	0	1	0	1	0	0	0	0	0	0	0	0
51c4cb53fa58d8373ee55fef8b47fb2a	0	0	1	1	9	0	0	0	0	0	0	0	0	0	0	0	0	0	0	0	0	0	3	0	0	0	2	0	0	0
093380a1a75a535c5869604f8d15d1a2	0	0	1	8	12	0	0	0	0	0	0	0	0	0	0	0	3	0	0	0	0	1	0	0	0	0	0	0	0	0
6db8f54bfd05d29e0031a4f2df353247	0	0	1	4	0	0	1	0	0	0	0	0	0	0	1	0	3	0	0	0	0	0	0	0	0	0	0	1	0	0
694b879f5f776979066e1f3b8739dada	0	0	1	0	0	0	6	0	0	0	0	2	0	0	4	1	0	0	0	0	0	0	0	0	0	0	2	2	0	8
235458a4ceb2075118f3b0c2de25a7da	0	0	1	12	5	0	0	0	0	0	0	0	0	0	0	0	0	0	0	36	0	21	23	0	0	0	0	0	0	1
51ffef7379acf0f3af9bb4f4b33b90f8	0	0	1	0	0	28	0	0	0	0	1	5	0	0	2	0	0	0	3	0	1	0	0	0	0	0	0	0	2	5
2e26aa68a82cabfa5be3d43a2834d595	0	0	1	0	23	0	0	0	0	0	0	0	0	0	0	0	0	0	0	0	0	0	0	0	0	0	0	0	0	0
58e97fe82ebd495ffe125cf661f482c5	0	0	1	0	1	0	0	0	0	0	0	0	0	0	0	1	1	0	0	0	0	0	0	1	0	0	5	0	2	2
31c4147b5d41e8d42ec27e41318c032d	0	0	1	0	0	0	0	0	0	0	0	0	0	0	0	0	0	0	1	0	0	0	0	0	0	0	5	0	1	5
ecf8e8599092db4bd26cb6ac2b1d07c3	0	0	1	4	12	0	0	0	0	0	0	0	0	0	0	0	1	0	0	16	0	23	19	0	0	0	2	0	0	0
f95cae385dfe726078e79ed181f82a4a	0	0	1	0	0	0	0	2	1	0	0	0	0	0	0	1	0	1	0	0	0	0	0	3	0	0	0	0	2	1
ea414c03d44fb48455c8e4b106783fb4	0	0	1	1	13	0	0	0	0	0	0	0	0	0	1	1	2	0	0	2	0	0	0	1	0	0	1	0	2	0
1acbadeb4f69ba3d293c65f11bec4cc7	0	0	1	0	6	0	0	0	0	1	0	2	2	0	0	0	0	0	0	0	0	0	0	0	0	0	0	0	0	0
79d9c512720c0bdce281dd1dffabbc0f	0	0	1	0	0	0	1	4	0	2	0	5	1	6	5	3	0	9	9	0	78	0	0	11	0	0	0	13	2	1
29471ea0abc5de88e012c030d884e41f	0	0	1	1	4	0	11	0	0	0	0	0	0	0	2	1	4	0	0	0	0	0	0	1	0	0	0	1	0	0
1a0be3a8545859a344c97ebd713d9cbc	0	0	1	0	3	0	0	0	0	1	0	0	0	0	0	0	0	0	0	1	2	2	0	0	0	0	0	0	0	0
4efa84d14aeb980ad04102c8667ffe34	0	0	1	2	0	0	0	0	0	0	0	0	0	0	0	0	0	0	0	26	0	0	0	0	0	0	0	0	0	0
a4c75b6705994825ce6e20be7d41247c	0	0	1	1	7	0	1	0	0	0	0	0	0	0	0	0	0	0	0	0	0	0	0	0	0	0	0	0	0	0
950c273e66c1bc7e8d5a05dfd5f832bc	0	0	1	1	0	0	1	0	0	0	0	0	17	0	0	2	0	0	0	0	0	0	0	1	0	14	0	1	0	1
7324ae8fe088a2eb3906fe0a2af8c2f6	0	0	1	0	9	0	0	0	0	0	0	0	0	0	0	0	1	0	0	0	0	0	0	0	0	0	0	0	0	0
1d48a3d84153bf694e201c3f2a8e1212	0	0	1	2	0	0	0	0	0	0	0	0	0	0	0	0	0	0	2	0	0	0	0	0	0	0	12	0	56	16
579409a81eb47d1abebbc77d86ec1d67	0	0	1	1	1	0	1	0	0	0	0	1	0	0	0	1	1	0	0	0	0	0	0	0	0	0	3	0	1	1
ceeb2de72751cc126c144ec310c896c6	0	0	1	10	2	0	1	0	0	0	0	0	0	0	0	0	7	0	0	28	0	7	2	0	0	0	0	1	0	0
e3c687bdc2871db3f183928d59e53df1	0	0	1	0	2	0	0	0	0	0	0	0	0	0	0	0	18	0	0	22	0	53	0	0	0	0	0	0	1	0
755cd7945b080d4cdc3843c44e88760e	0	0	1	0	3	0	0	0	0	0	0	0	0	0	0	0	5	0	0	0	0	0	0	0	0	0	1	0	2	0
df172b18a213edd62dd28581a5359bd5	0	0	1	0	0	0	0	0	0	0	2	0	0	0	0	2	0	4	0	0	0	0	0	0	1	0	0	0	0	0
13771c98483a210c25eb4ebab77f8d76	0	0	1	4	4	0	0	0	0	0	0	0	0	0	1	0	1	0	0	0	0	0	0	0	0	0	0	0	0	0
ab36e816cc572319fdb1a089ffbcd59f	0	0	1	1	0	0	1	0	0	4	0	3	8	0	1	3	0	0	0	0	0	0	0	1	0	0	0	5	19	6
2f27fe2d4af98193e66e9725405ac2b3	0	0	1	0	0	0	0	0	0	0	0	0	0	0	3	0	0	0	4	0	45	0	0	0	0	0	2	1	0	1
3eb6ac99fe0d1879c5320a6501706cac	0	0	1	0	0	0	6	0	0	5	0	4	1	1	5	2	0	0	0	0	0	0	0	0	0	0	1	1	3	0
16dbc4485b32fd49e09cc7015c03a182	0	0	1	4	4	0	0	0	0	0	0	0	0	0	0	0	1	0	0	0	0	1	0	0	0	0	0	0	0	0
1aedb84803d81ebd603da505446b3e45	0	0	1	2	1	0	0	0	0	0	0	5	0	0	0	0	0	0	0	5	0	0	0	0	0	0	0	0	0	0
3c8e32aaddc5a3c7411f84f06897c869	0	0	1	0	0	0	0	0	0	0	0	5	0	0	0	4	0	0	0	0	0	0	0	0	0	0	3	0	2	2
216a8e4f41fa00e07045c1f6a17d8a4b	0	0	1	4	3	0	1	0	0	0	0	0	1	0	0	0	3	0	0	0	0	0	0	0	0	0	0	0	0	0
54b523ac62b33eee3a2ab9c70e0fcc9d	0	0	1	0	3	1	9	0	0	7	0	32	18	0	16	45	0	0	8	0	6	0	0	50	0	0	23	43	8	19
231dade3d552c82582a4a87ad363a038	0	0	1	2	0	0	0	0	0	1	0	0	0	2	0	0	2	0	0	7	0	1	0	1	0	0	2	0	0	0
9253fc486b25fc6b4f841ce70e8d614b	0	0	1	10	21	0	0	0	0	0	0	0	0	0	0	0	1	0	1	0	0	30	28	0	0	0	0	0	3	2
e9e4ae8a16127d556df83410cd4576a6	0	0	1	1	9	0	0	0	0	0	0	0	0	0	0	0	0	0	0	37	0	4	0	1	0	0	2	0	6	7
06647d0232aa17ca4bc06bae6bf7de48	0	0	1	0	1	1	0	0	0	1	0	0	1	0	0	1	3	0	0	0	0	0	0	0	0	0	0	1	0	1
3c1b434c00da056d679482efe009c1ec	0	0	1	0	3	0	0	0	0	0	0	0	0	0	0	0	0	0	0	2	0	15	27	0	0	0	0	0	0	0
1fa684e86e326e065bbce70e1342dcc7	0	0	1	0	0	0	1	0	0	0	0	4	0	0	2	0	0	0	0	0	4	0	0	0	0	0	0	0	2	8
04deff3f81632ab6d096f211eeacacd4	0	0	1	2	3	0	0	0	0	0	0	0	0	0	0	0	3	0	0	0	0	2	0	0	0	0	0	0	0	0
0615f08f4814ad3b6426ba593e6ec6a2	0	0	1	0	0	0	0	0	0	0	0	0	0	0	0	0	0	0	0	0	0	0	0	0	0	0	3	1	3	3
8f0617bdcaf7a00f6d8d27f58a32ca5d	0	0	1	0	2	0	2	1	0	0	0	0	0	0	2	0	0	0	15	0	11	0	0	7	0	0	7	7	1	6
9bb5fbe0bcc766aa37fce32bd94a91f8	0	0	1	2	2	0	9	0	0	0	0	0	0	0	11	0	2	0	0	0	0	0	0	1	0	0	0	0	0	4
c1c3d262329433fca405f3ebe4e4b936	0	0	1	6	1	0	0	0	0	0	0	0	0	0	0	0	1	0	0	0	0	3	2	0	0	0	0	0	0	0
5a3d0da1fecb05371c01a85cfa89e9f9	0	0	1	4	9	0	0	0	0	0	0	0	0	34	0	0	2	2	2	2	6	0	0	6	0	0	0	0	0	7
a329972ef91026cf291b91c179b93343	0	0	1	5	1	0	0	0	0	0	0	0	0	0	0	0	4	0	0	0	0	8	7	0	0	0	0	0	0	0
19ffabfc2cd45dcd93860537d771f2b8	0	0	1	0	0	6	0	0	3	2	0	0	7	0	0	57	0	31	0	0	0	0	0	0	5	0	1	12	13	2
883fc505e2dd6c65752116fab017f4ac	0	0	1	25	12	0	0	0	0	0	0	0	0	0	0	0	28	0	0	56	0	62	75	2	0	0	2	0	2	1
03084bea8933c9a831c2dc46239f06f9	0	0	1	3	4	0	1	0	0	2	1	3	0	0	0	1	0	0	3	0	8	0	0	2	0	0	1	5	26	6
2172145d07510bd612c4188253ac757f	0	0	1	0	11	0	0	0	0	0	0	0	0	0	0	0	0	0	0	0	0	0	0	0	0	0	0	0	2	1
61cd6733a70976a409735dea567eb306	0	0	1	1	5	0	0	0	0	0	0	0	0	0	0	0	0	0	0	7	0	10	16	0	0	0	0	0	0	1
09d3d80a8f1b44c8562a90ac8f749105	0	0	1	15	0	0	0	0	0	0	0	0	0	0	0	0	19	0	0	72	0	27	0	0	0	0	0	0	0	0
38d55b20615e97072c7595d14f281060	0	0	1	0	0	1	0	6	0	0	0	0	0	0	0	0	0	5	1	0	0	0	0	2	0	0	1	3	0	0
c135c52fce343fdbe7e900bbe2e12054	0	0	1	5	3	0	1	0	0	0	0	0	0	0	0	0	3	0	0	0	0	0	0	0	0	0	0	0	0	0
9fca1c7b4c5719d089169299d9ee7802	0	0	1	0	0	0	0	0	0	7	0	0	0	0	0	21	1	0	0	0	0	0	0	3	0	0	0	0	0	0
e082c062d24f15fa2e9f2878340e6045	0	0	1	0	0	0	0	0	0	0	0	0	0	0	0	0	0	0	0	0	0	0	20	0	0	0	0	0	0	0
ae3f6b03bd46b614dd25c9be1c787ac5	0	0	1	0	4	0	0	0	0	0	0	0	0	0	0	0	0	0	0	0	0	0	23	0	0	0	0	0	0	0
563f00de751b77e54d96eb247080a5e0	0	0	1	11	0	0	0	0	0	0	0	0	0	0	0	0	2	0	0	9	0	4	0	0	0	0	0	0	0	0
0c580b4bcd225a9eaea426e10fed8e1e	0	0	1	0	0	0	1	0	0	8	0	1	0	0	0	1	0	0	0	0	0	0	0	0	0	0	0	1	0	0
3e992976e57b35ce2cb2dafe88d67857	0	0	1	12	20	0	0	0	0	0	0	0	0	0	0	0	29	0	0	29	0	16	0	0	0	0	0	0	0	1
33ff7672011ce3b4dc56cf2d61072a03	0	0	1	5	21	0	0	0	0	0	0	0	0	0	0	0	2	0	0	0	0	9	0	0	0	0	0	0	0	1
7ca8d923d7c1e6ac2c14b83ae830ce54	0	0	1	4	0	0	0	0	0	0	0	0	0	0	0	0	6	0	0	0	0	0	0	0	0	0	0	0	0	0
8e5d212d0909424deb9cb3706bc154d0	0	0	1	1	7	0	0	0	0	0	0	0	0	0	0	0	0	0	0	15	0	13	6	0	0	0	0	0	0	0
80096ee0c95c46bb39226f4ceaa3e0d2	0	0	1	0	0	0	0	0	0	0	1	0	0	0	0	1	0	6	0	0	0	0	0	1	0	0	1	0	0	0
0e0975b83ebcdd31e4477e4c35463165	0	0	1	2	0	5	0	8	4	0	0	0	0	2	0	18	0	0	0	0	0	0	0	0	1	0	0	0	0	2
5d830f35578380a7d9011ed68b4b0cfa	0	0	1	3	0	0	0	0	0	0	0	0	0	0	0	0	5	0	0	0	0	0	0	0	0	1	0	0	0	0
a9221d47e53ea27af224d761538a56cf	0	0	1	1	0	4	0	1	2	0	1	0	0	0	0	1	0	6	0	0	0	0	0	0	3	0	0	3	0	0
eafb91c948ee285601bf0145ad3f902d	0	0	1	1	0	0	0	0	0	0	0	0	0	0	0	0	0	0	0	0	0	0	0	0	0	0	6	0	0	9
c22904056ac76afe26b8b0fab87663ad	0	0	1	0	0	0	0	0	6	0	0	0	0	0	1	0	1	0	0	0	0	0	0	1	0	0	0	2	0	2
2f56f9826bc67354ad8ab24e37320423	0	0	1	0	9	0	0	0	0	0	0	0	0	0	0	0	0	0	0	0	0	0	0	0	0	0	0	0	0	2
bdf0154ccb8bb25415e7fb2ea3587b03	0	0	1	7	4	0	0	0	0	0	0	0	0	0	0	0	3	0	0	0	0	4	1	0	0	0	1	0	2	2
f32f9200ffd9280986d6634d9a779b4a	0	0	1	10	5	0	0	0	0	0	0	0	0	0	0	0	10	0	0	6	0	14	3	0	0	0	0	0	0	0
e8e37df918f32ba297fd1db200b87b09	0	0	1	1	7	0	0	0	0	0	0	0	0	0	0	0	1	0	0	0	0	0	0	0	0	0	0	0	0	0
6dd97adf9438aae45ce8d1788929d136	0	0	1	3	4	0	0	0	0	0	0	0	0	0	0	0	4	0	0	0	0	0	0	0	0	0	0	0	0	0
fe80d990a4574863b3c114e7a85ee3fe	0	0	1	6	3	0	0	0	0	0	0	0	0	0	0	0	0	0	0	0	0	0	0	0	0	0	0	0	0	0
d705c817b48d6a71ad85d867c68e6273	0	0	1	0	4	5	0	0	0	0	0	0	0	0	0	0	0	0	0	0	0	0	0	0	0	0	2	0	1	2
f9c82b09a56cef084de75da57fb9159e	0	0	1	0	4	0	0	0	0	0	0	2	3	0	1	2	2	0	0	0	0	0	0	0	0	0	11	3	5	6
b9e1b2a4d224ddaa20bf179b95011b9c	0	0	1	8	22	0	0	0	0	0	0	0	0	0	0	0	2	0	0	0	0	41	72	3	0	0	15	2	1	7
6b85b17814cda5ecc77c8bca50e00407	0	0	1	1	0	0	1	0	0	8	0	1	1	0	0	1	3	0	0	0	0	0	0	0	0	0	4	2	4	2
2899cfd2376cd7c78a4493301c3c2add	0	0	1	0	1	0	0	0	1	4	0	1	0	0	0	3	0	34	0	0	0	0	0	0	0	0	1	1	2	0
a30cc83cd4f95746df053fe10d7969c0	0	0	1	8	12	0	0	0	0	0	0	0	0	0	0	0	4	0	0	0	0	0	0	0	0	0	0	0	1	1
f7e3d83f08d7884c0cff2995c6bf6258	0	0	1	3	44	0	0	0	0	0	0	0	0	0	0	0	0	0	0	3	2	3	2	0	0	0	2	1	9	0
3e5f802dab4ddc72e9854eba05c9b3fd	0	0	1	3	2	0	0	0	0	0	0	0	0	0	0	0	0	0	0	2	0	1	0	0	0	0	1	0	1	7
4596118baab3a437827bd871acfca0e1	0	0	1	0	0	0	0	0	0	0	0	2	0	0	0	0	3	0	0	0	0	7	0	0	0	0	0	0	0	0
1fe58a8c2b31e76ddebbbc85caf7dc2b	0	0	1	0	0	0	2	0	2	0	0	0	0	0	2	4	0	0	0	1	1	0	0	0	0	0	0	0	2	2
d188ba8e2223a5b58d1520fdfae2b87e	0	0	1	0	1	3	0	0	3	14	0	6	0	0	0	0	0	0	5	0	0	0	0	2	0	0	5	3	44	2
6e3977e79106fdf6dbc7b629c20c1702	0	0	1	2	0	5	0	0	0	2	0	0	0	0	0	1	0	0	0	0	0	0	0	0	0	17	0	0	2	1
fc8b61766e1494b55a50eaac19725626	0	0	1	0	1	0	0	0	0	0	0	0	0	0	0	0	2	0	0	6	0	1	5	0	0	0	0	0	0	0
efee7f701d980594ecf1d6a28d38014a	0	0	1	1	4	0	0	0	0	0	0	0	0	0	0	0	0	0	0	0	0	0	0	1	0	0	0	0	0	3
dfe25a6524857dd897c745337305dc26	0	0	1	0	16	0	1	0	0	0	0	0	0	0	0	0	0	0	0	3	0	2	0	0	0	0	0	0	0	0
65ab90c77d55bd22ae5ec2443effffb3	0	0	1	2	0	0	0	0	0	0	0	0	0	0	0	1	1	0	0	0	0	0	0	0	0	0	0	6	2	1
4b58b22a6ece2868edefcdd019e51de5	0	0	1	0	0	0	0	0	0	0	0	0	0	1	1	3	3	1	0	0	0	0	0	0	0	0	0	0	0	0
9fa03d6f64e3a1068998d5686f00187a	0	0	1	2	6	0	0	0	0	0	0	0	0	0	0	0	3	0	0	0	0	0	0	0	0	0	0	0	0	0
4c1dd549a1628bb2b80a040a96b05ace	0	0	1	2	0	0	0	0	0	0	0	0	0	0	0	0	0	0	0	86	0	7	2	0	0	0	0	0	0	0
5e9167a56b6230113f5499618a296fc2	0	0	1	0	0	0	0	0	5	0	0	0	0	0	0	0	0	0	0	0	0	0	0	2	0	0	1	0	1	0
84e8e9a23de3ea815259e323228c8afc	0	0	1	0	0	0	0	0	0	0	0	2	0	0	1	0	0	0	0	0	1	0	0	3	0	0	3	1	0	7
a73db6caf0d63785c7cfc53e4c74c5c3	0	0	1	1	0	0	0	0	0	0	0	0	0	0	0	0	10	0	0	0	0	0	0	0	0	0	0	0	0	0
a25813d56e1ee8369422ff65d1b5ff40	0	0	1	0	0	1	1	0	2	4	2	0	0	0	3	0	0	3	0	0	0	0	0	0	2	0	1	3	0	0
f68f00b1eaa3e0f1189683b2d70477ef	0	0	1	0	0	1	0	0	0	0	0	0	0	0	0	0	0	3	0	0	0	0	0	58	0	0	0	68	0	0
60d90ba7db3243b700c0d2237efcc268	0	0	1	5	0	2	3	0	0	1	0	0	0	0	0	1	1	0	1	0	0	2	1	2	0	0	3	1	1	5
f760618532950303ed7917029adf4847	0	0	1	0	0	0	1	0	0	2	0	1	1	0	2	0	0	0	0	0	0	0	0	0	0	0	0	0	5	0
249d540a35664b416da8c991b0401679	0	0	1	0	3	0	3	0	0	0	0	0	0	0	0	0	0	0	2	0	1	0	0	0	0	0	4	3	5	13
701260efb882b55e893c11eb6d46486f	0	0	1	0	12	0	0	0	0	0	0	0	0	0	1	0	0	0	0	0	0	0	1	0	0	0	0	0	0	0
97a78a65716f57ae74ceacc87b41f495	0	0	1	3	1	0	0	0	0	0	0	0	0	0	0	0	3	0	0	0	0	0	1	0	0	0	1	0	0	0
b0faf377f87fb198c15455c8ebd471f5	0	0	1	0	2	0	1	0	0	1	0	0	0	0	1	0	0	0	0	0	0	0	0	0	0	0	1	0	3	1
cabd736ad0751a61aa7aa1749bc62b7d	0	0	1	2	2	0	0	0	0	0	0	0	0	0	0	0	4	0	0	0	0	0	0	0	0	0	0	0	0	1
95111e9315753f273af17571079aa8d3	0	0	1	2	1	0	0	0	0	0	0	0	0	0	0	0	0	0	0	1	0	3	0	0	0	0	2	0	1	0
3c6ae60134b54ec36d79e09e3d91f3eb	0	0	1	0	0	17	0	0	0	0	0	2	0	4	0	0	0	0	1	0	0	0	0	0	0	0	0	1	0	0
8b1100ce8abe5f593824948a7dda0304	0	0	1	1	0	0	0	0	0	0	0	0	0	0	0	0	1	0	0	7	0	4	0	0	0	0	0	0	0	1
eeb50ef5c6a8397442b336d735a66245	0	0	1	1	2	0	1	0	1	0	0	0	0	0	0	0	0	0	0	0	0	0	0	0	2	0	0	2	0	0
b3377b19839d9c1bd7e21bad3e2a6e4f	0	0	1	0	1	0	0	0	0	0	0	0	0	0	0	0	0	0	0	1	0	4	2	1	0	0	0	0	0	0
164272b4aeff3ac3941ee032db973f31	0	0	1	0	0	0	0	0	0	0	0	6	0	0	0	2	0	0	0	0	0	0	0	0	0	0	0	0	16	0
7989cc5177f357b1242be0574ce8432f	0	0	1	7	0	0	2	0	0	0	0	1	0	0	1	1	2	0	1	0	0	0	0	0	0	0	0	3	1	1
9080dad79b8d20d3009209dc7a139bcc	0	0	1	3	8	0	2	0	0	0	0	0	0	0	1	0	0	0	0	0	0	0	0	0	0	0	1	0	0	0
48ec9a35f964f0214cdd029c63656730	0	0	1	0	0	0	0	0	0	0	0	0	0	0	0	0	1	0	0	0	0	0	0	0	0	0	0	9	0	0
85309cd12205fd1655abd6afc1313044	0	0	1	0	1	0	0	0	0	0	0	0	0	0	0	0	0	0	0	0	5	0	0	0	0	0	3	0	0	0
07d10b1fff07b4b068ae0322dd936f38	0	0	1	0	2	0	0	0	0	0	0	0	0	0	0	1	4	0	0	0	0	0	0	2	0	0	0	0	0	1
a69a9051bebad4870daa296eef89efe5	0	0	1	2	8	0	0	0	0	0	0	0	0	0	0	0	0	0	0	0	0	0	0	0	0	0	0	0	0	0
c21aa18fb93ad2d5404c75cbf8d24994	0	0	1	0	0	0	0	0	0	0	0	0	0	0	0	0	0	0	0	0	0	2	12	0	0	0	0	0	1	1
bd3b9b8d189ccf7e3bf6e12392b569e2	0	0	1	3	0	0	0	0	0	0	0	2	0	0	0	1	1	0	0	0	0	0	0	0	0	0	2	0	1	7
b04e97f1ce0e8727f5abb7f67b0dd1e1	0	0	1	1	2	0	0	0	0	0	0	0	0	0	0	0	0	0	2	12	0	13	0	0	0	0	0	0	4	4
1891fe8193e6a12a66436be323f0b95e	0	0	1	1	2	0	0	0	0	0	0	1	0	0	0	0	3	0	0	0	0	0	0	3	0	0	0	1	0	0
82d6c057b49e46c2c399f966f294b228	0	0	1	2	0	0	0	0	0	10	2	10	0	0	0	0	0	23	1	0	1	0	0	7	3	0	4	13	38	5
b9927531a4ff55445503c340e532e60e	0	0	1	15	0	0	0	0	2	0	0	0	0	0	0	2	0	0	0	2	0	0	0	1	0	0	0	0	0	0
1c1598880024a46c699fffd7b465a683	0	0	1	1	4	0	5	4	0	0	0	1	1	4	1	0	2	0	1	0	2	0	0	0	0	0	0	2	1	4
b9023356841ab01cbc73dcba02375e4e	0	0	1	0	0	0	0	0	0	0	0	0	0	0	0	0	0	0	0	11	0	0	0	0	0	0	0	0	0	0
36dac452e3117f2d506d0454f945eac1	0	0	1	0	1	0	0	0	0	0	0	0	0	5	3	0	6	0	0	0	0	0	0	0	0	0	0	0	0	2
45d37b5a7a99076b88a494030897e052	0	0	1	2	3	0	0	0	0	0	0	0	0	0	0	0	2	0	0	0	0	0	0	0	0	0	0	0	0	4
1b72da8c335d4aaf8a404b42e1773218	0	0	1	0	0	0	4	0	0	0	0	0	1	0	1	1	0	0	0	0	0	0	0	1	0	0	0	3	1	2
9c6285d7a8f10881287be0eb4e155e0d	0	0	1	11	0	0	0	0	0	0	0	0	0	0	0	0	0	0	0	34	0	24	1	1	0	0	0	1	0	0
7d6585815bca41cd8c95ce93e9685ba5	0	0	1	0	0	0	1	3	0	1	2	0	1	0	0	0	0	3	0	0	2	0	0	1	4	0	1	3	0	0
fe3ab2f32a503e46d47150fa795a3a2a	0	0	1	4	9	0	1	0	0	0	0	0	0	0	0	0	4	0	0	2	0	0	11	0	0	0	0	0	1	0
e4ba5180c568d94a38f18a34f80683a7	0	0	1	6	3	0	0	0	0	0	0	0	0	0	0	0	0	0	0	0	0	0	0	0	0	0	0	0	0	0
664b438341f59607058fea52b0e2caf6	0	0	1	0	0	0	1	2	0	0	1	3	2	1	0	0	0	0	0	0	0	0	0	0	0	0	1	0	0	1
915c86205294f333a780efeca42328f5	0	0	1	0	7	0	0	0	0	0	0	0	0	0	0	0	0	0	0	0	0	2	0	0	0	0	0	0	0	0
c1ba5b7243f31642a580e51c178eab6a	0	0	1	0	0	0	0	0	0	25	0	6	1	0	0	0	0	0	0	0	0	0	0	1	0	0	1	11	0	1
759cb825deaaf0594f259223657aff9a	0	0	1	0	1	0	0	0	0	1	2	0	0	0	0	0	3	0	0	0	0	0	0	0	0	6	0	0	0	1
c4f392b2baa0b353fcd8bd664e01e673	0	0	1	2	0	0	0	0	0	0	0	0	0	0	0	0	0	0	0	4	0	5	34	0	0	0	0	0	0	0
ccedc1ce5525e7fe5f6f114f095b8e6c	0	0	1	0	0	0	1	0	0	0	0	2	4	0	1	2	0	0	0	0	0	0	0	0	0	0	0	1	0	0
a20348c768ecbdc87ceaa8deab959560	0	0	1	2	0	0	0	0	0	0	0	0	0	0	0	0	1	0	0	5	0	2	1	0	0	0	0	0	0	1
aee2fc9c4bee1d33dccaa7392644b878	0	0	1	0	0	0	0	0	0	0	0	0	0	0	0	0	1	0	0	0	0	1	31	0	0	0	0	0	0	0
966cc02a56a4528b141a82873d39047f	0	0	1	0	2	0	1	1	0	0	0	0	2	0	2	1	0	0	0	0	0	0	0	0	0	0	0	0	0	0
d644f6682b9064f9150c48ee1ab20ac4	0	0	1	0	0	0	0	0	0	9	0	0	0	0	0	0	0	0	0	0	0	0	0	0	0	0	0	0	3	0
dfb4572ef4e5c4c72a617689091f27cf	0	0	1	0	0	0	0	0	0	1	0	6	0	0	0	0	0	2	6	0	1	0	0	0	0	0	1	0	0	2
d8eea25f6118240610fa48dc337b07b2	0	0	1	3	1	0	1	0	0	0	0	9	7	0	0	0	2	0	1	0	0	1	0	0	6	0	0	0	6	2
2389a8799f7a0f1d64b916967efbb3b8	0	0	1	0	1	0	4	0	0	0	0	0	0	0	1	0	0	0	0	1	0	0	0	0	1	0	0	0	0	1
e9e516ebe5c09ff1f50d5f6abb68a350	0	0	1	3	0	0	15	0	0	0	0	3	15	0	9	4	0	0	0	0	0	0	0	0	0	0	0	6	0	1
6f895a9a97d6b13fff5731e004d1cc9d	0	0	1	1	2	0	0	0	0	0	0	6	0	0	0	0	0	0	0	0	0	0	0	0	0	0	0	0	0	0
77fedf187c43b5f6aa5b70d24780ad09	0	0	1	0	0	0	1	0	0	0	0	0	0	0	8	0	2	0	0	0	0	0	0	0	0	0	0	0	0	1
8c6b6461437fa8d7b1674c4181c7437f	0	0	1	0	0	2	0	0	0	0	0	0	0	0	0	0	0	4	0	0	0	0	0	0	0	0	1	0	0	3
ef6e0cee0da59a1ba0f3a78c1a4b9350	0	0	1	1	0	0	0	2	0	0	0	0	0	2	0	2	0	3	0	0	0	0	0	1	7	1	0	0	0	0
7a06325219fa31da23ad89d466c7f388	0	0	1	0	1	0	0	0	0	0	0	2	0	2	0	3	0	0	0	1	0	0	0	0	0	0	0	0	1	0
73fd3fa620d8ed483544244219c5dd39	0	0	1	2	1	0	0	1	0	3	0	0	0	0	0	2	0	0	0	0	0	0	0	0	0	0	0	0	0	0
7a78c3faae211d8e7be627d0a1e11614	0	0	1	0	3	0	0	0	0	0	0	0	0	0	2	0	3	0	0	0	0	1	0	0	0	0	0	1	0	0
239735f8ab8c338ac2091d4351a4cb0a	0	0	1	5	0	3	0	2	0	1	0	1	0	10	0	0	4	0	2	0	0	0	0	0	0	127	0	4	0	0
9b9af69aeaa9d464d53baef420d26e3a	0	0	1	10	33	0	0	0	0	0	0	0	0	0	0	0	1	0	0	38	0	43	22	0	0	0	0	0	2	2
c47ae69f2407528a23cad9b4e3093e66	0	0	1	0	1	0	1	0	0	3	0	2	3	0	0	0	0	0	0	0	0	2	0	0	0	0	0	0	0	0
030637ab77f7d1a150d3bfc1da89ac13	0	0	1	0	0	0	0	0	0	0	0	0	0	0	0	1	0	0	0	0	0	0	0	6	0	0	2	0	0	0
7b2ad87ad35705a28b705f8b06a49f9a	0	0	1	2	0	0	0	0	0	0	0	0	0	0	0	0	2	0	0	6	0	1	0	0	0	0	1	0	0	0
ad59b421b4e8452691fc37964dd95d65	0	0	1	1	17	0	0	0	0	0	0	0	0	0	0	0	1	0	0	0	0	4	0	0	0	0	0	0	1	0
967381ca582aab86c519e84f97071dd2	0	0	1	1	0	0	0	0	0	3	0	0	0	0	0	0	0	7	5	0	0	0	0	1	0	0	0	0	0	2
621c04b8c139c8110e1a69cc3769f157	0	0	1	0	0	0	0	0	0	0	0	0	0	0	0	0	0	0	19	0	9	0	0	0	0	0	0	0	0	0
4fb74417b311d813dfd7455e126d4c84	0	0	1	0	5	0	0	0	0	0	0	0	0	0	0	0	0	0	0	3	0	4	6	0	0	0	0	0	0	0
d4da60d6bdbcf6a351f25251177d2475	0	0	1	2	0	0	0	0	0	0	0	0	0	0	0	0	0	0	0	0	0	11	3	0	0	0	0	0	1	1
03653938f36c4c0e44134161b260c0bd	0	0	1	0	1	0	0	1	1	0	0	1	0	0	0	15	2	0	0	0	0	0	0	1	0	0	0	0	0	1
1489a16ad2ac26a93a2dd55417c73c00	0	0	1	1	1	0	1	0	0	0	0	4	0	0	0	0	5	0	0	1	0	1	0	0	0	0	0	0	0	0
c1c1bb9c485c47f15513dfa0c70fcd00	0	0	1	6	0	0	0	0	0	0	0	0	0	0	0	0	21	0	0	6	0	8	5	1	0	0	0	0	0	0
ff3e6fa0d05273613ba9cedd35ab2695	0	0	1	2	2	0	0	0	0	0	0	0	0	0	1	0	0	0	0	0	0	0	0	1	0	0	0	0	3	3
0cedd6d5d4ae4fe00b5ceb3fb0fb6f2b	0	0	1	1	0	0	0	0	0	0	0	0	0	0	0	0	21	0	0	0	0	0	0	0	0	0	0	0	0	0
24b60b3814dfa85f9ffebb9700e32451	0	0	1	0	0	0	0	0	0	2	0	0	3	0	0	0	0	2	0	0	0	0	0	0	0	8	1	1	0	1
322c7970ec1edc023932ec1bfe9cc8cd	0	0	1	0	0	0	2	0	9	2	0	5	0	0	5	47	0	7	0	0	0	0	0	0	0	0	0	0	0	1
35681dbbabf065cca2790831495fa4eb	0	0	1	0	0	0	0	0	0	19	0	1	1	0	2	5	0	0	0	0	0	0	0	0	0	0	0	0	0	0
ae927601e492ccf662b68fbec876dee7	0	0	1	0	0	0	0	0	0	4	0	6	0	0	0	0	0	1	0	0	0	0	0	1	0	0	11	0	11	8
acc9a2f79701a7530db891e2d90dd178	0	0	1	0	1	0	0	0	0	0	0	0	0	0	0	0	1	0	0	0	0	1	0	0	0	0	5	0	1	0
401fe9e158b18d373f128f676dd602da	0	0	1	0	2	0	0	0	0	0	0	0	0	0	0	0	1	0	0	0	0	0	0	0	0	0	4	0	4	0
223bd70621b265cd15051fbb09855225	0	0	1	1	1	0	2	0	0	0	0	0	0	0	1	0	5	0	0	0	0	0	0	2	0	0	1	0	10	0
a389f1a6d72f3f2ca8d3d15f1630a9dd	0	0	1	0	0	0	0	0	0	0	0	0	0	0	0	2	0	0	5	0	3	0	0	0	0	0	0	1	0	0
8eacea2f4287b86a2960b625552cf599	0	0	1	0	0	0	0	0	0	10	0	0	0	0	0	0	0	0	0	0	0	0	0	0	0	0	0	0	0	0
3edb96e793bd1f80468f5866d2e4252e	0	0	1	2	1	0	0	0	0	0	0	0	0	0	0	0	2	0	0	0	0	7	0	0	0	0	0	0	0	0
42497efb38568c56a7e7ce3095b5d472	0	0	1	0	0	0	0	0	2	0	0	0	0	0	0	4	0	5	0	0	0	0	0	0	11	0	0	2	0	0
12e7907162de3ee62f99b93a1a5b8dbf	0	0	1	2	3	0	0	0	0	0	0	0	0	0	0	0	1	0	0	1	0	1	3	0	0	0	0	0	1	0
cf0c2d837d080dec61fa24b7102a6659	0	0	1	0	0	0	3	0	0	0	0	1	0	0	1	0	0	0	0	0	0	0	0	0	0	0	16	0	1	5
abc7fffeafc86cfff4d06a6816568547	0	0	1	3	0	0	0	0	0	0	0	0	0	0	0	0	0	0	2	4	0	0	0	0	0	0	1	0	0	1
c830e72b34b55fbeb8aead4c6d6d5e54	0	0	1	0	2	0	1	0	0	0	0	0	0	0	0	1	1	0	0	0	0	0	0	0	0	0	1	3	0	7
3f4e1f469bceb2525bf2f04ff120495d	0	0	1	1	1	0	0	1	0	0	0	0	0	0	5	0	0	0	0	0	1	0	3	0	0	0	0	2	0	1
9e0528211279483000f1f471f3099c75	0	0	1	2	0	0	0	0	0	0	0	0	1	0	0	0	0	0	0	0	0	0	0	2	0	0	0	1	1	3
22b36b88b610d58cebbc44da1ad01e52	0	0	1	0	0	0	1	0	0	1	0	0	0	13	0	0	0	0	0	0	0	0	0	0	0	1	0	0	0	1
a213f2d8b5981c35ba20c3b2e6970f0e	0	0	1	4	4	1	7	0	1	2	0	5	0	1	1	0	2	0	0	0	0	0	0	1	0	0	1	2	0	0
d37d2c3babf8afc540d7abd5c1a6386a	0	0	1	0	1	0	0	0	0	0	0	0	0	0	0	0	1	0	0	15	0	1	1	0	0	0	2	1	0	2
c2645b399fa0205412863f2e912906f0	0	0	1	3	2	0	1	0	0	0	0	0	0	0	1	0	6	0	0	0	0	0	0	0	0	0	0	0	0	0
e36bb0926215ff82cc805cf92a7282f3	0	0	1	9	1	0	0	0	0	0	0	0	0	0	0	0	0	0	0	0	2	0	0	0	0	0	5	0	4	7
dcf9202aae8e4fd166ab300d9ecf21b9	0	0	0	295	0	0	0	0	0	0	0	0	0	0	0	0	0	0	0	0	0	0	0	0	0	0	0	0	0	0
0d906d554ef4154681132048dea0ba2b	0	0	0	138	117	0	0	0	0	0	0	1	0	5	1	0	52	0	6	768	0	247	547	18	1	0	15	0	13	6
1b82b5bcff2c6e768f7af6ff28fef275	0	0	0	66	29	0	0	0	0	0	0	0	0	0	0	0	34	0	0	0	3	0	0	0	0	0	0	0	0	0
b67d86210e83754980326ec43c5d3079	0	0	0	65	0	0	0	0	0	0	0	0	0	0	0	0	0	0	0	0	0	0	1	0	0	0	0	0	0	0
c11a9dff061c843f10a0f08e690b847a	0	0	0	59	40	0	0	0	0	0	0	0	0	0	0	0	17	0	0	0	0	0	0	0	0	0	0	0	0	0
48dae3fabd8743ea83e80c918555b280	0	0	0	51	1	0	0	0	0	0	0	0	0	0	0	0	0	0	0	0	0	0	3	0	0	0	0	0	0	0
00b540a9a17fc57669fd7e2479a66d0b	0	0	0	47	0	0	0	0	0	0	0	0	0	0	0	0	0	0	0	0	0	0	0	0	0	0	0	0	0	0
2b2598ab6a2764d802708be9a0106c15	0	0	0	40	4	0	0	0	0	0	0	0	0	0	0	0	33	0	0	0	0	0	0	0	0	0	0	0	0	1
a365aac35911a7cbeddb2ddca8cb2980	0	0	0	29	6	0	0	0	0	0	0	0	0	0	0	0	1	0	0	6	0	3	0	0	0	0	0	0	0	0
2453462e2a1c272bb6fa23feb2be6355	0	0	0	28	22	0	0	0	0	0	0	0	0	0	0	0	0	0	0	0	0	0	0	0	0	0	0	0	0	0
44afc3346284d82b81557b3b0c48e8bc	0	0	0	27	11	0	0	0	0	0	0	0	0	0	0	0	7	0	0	41	0	51	68	0	0	0	0	0	1	2
173304408f23fcc443049d7f34f3867b	0	0	0	23	0	0	0	0	52	12	0	36	0	3	0	80	0	0	0	0	0	0	13	0	0	0	6	19	0	47
fa6e99dbbc05ac1a6c5898c0fa693674	0	0	0	22	4	0	0	0	0	0	0	0	0	0	0	0	21	0	0	106	0	83	48	0	0	0	0	0	0	0
85259404f20282b5809575a587394a4b	0	0	0	22	2	0	1	0	0	0	0	0	0	0	0	0	9	0	0	23	0	0	0	0	0	0	0	0	1	3
31ad3376994fe5b0b5c4a106e5b561c3	0	0	0	20	17	0	0	0	0	0	0	0	0	0	0	0	25	0	0	38	1	43	51	1	0	0	7	0	0	2
8ff53d0474ece7b256d4e773ef14eb2b	0	0	0	20	0	0	0	0	0	0	0	0	0	0	0	0	0	0	0	0	0	0	0	0	0	0	0	0	0	0
820f57ff6c29170b8b622c9474641e35	0	0	0	19	6	0	1	0	0	0	0	0	0	0	3	0	8	0	0	0	0	0	0	0	0	0	0	0	0	0
51e096d176e6ea5e6f0c4cac15ab46c6	0	0	0	17	0	0	0	0	0	0	0	0	0	0	0	0	0	0	0	0	0	0	0	0	0	0	3	0	0	0
f72eb6d744683d8d7057dbfadc2efa26	0	0	0	16	9	0	0	0	0	0	0	0	0	0	0	0	2	0	0	0	0	0	0	0	0	0	0	0	0	0
3ec4e505951982594f5057b83ebe7a25	0	0	0	16	0	0	0	0	0	0	0	0	0	0	0	0	0	0	0	0	0	0	0	0	0	0	0	0	0	0
30d47cfbae2dfe57f46cc64ccaa73f5e	0	0	0	15	0	0	0	0	0	0	0	0	0	0	0	0	2	0	0	0	0	0	0	0	0	0	0	0	0	0
79266dfb8212b589af92459c4163cfb7	0	0	0	15	5	0	0	0	0	0	0	0	0	0	0	0	0	0	0	0	0	0	0	0	0	0	0	0	0	0
4c4e4bad4346111fe7c70a3e7bddc5f4	0	0	0	15	13	0	0	0	0	0	0	0	0	0	0	0	9	0	0	12	0	3	5	0	0	0	0	0	0	0
c4a93fc18b865053e36b9d2e84a16331	0	0	0	14	0	0	0	0	0	0	0	0	0	0	0	0	0	0	0	0	0	0	0	0	0	0	0	0	0	0
3e235ec15b4532c3681954c90cb513f3	0	0	0	14	7	0	0	0	0	0	0	0	0	0	0	0	7	0	0	1	0	17	0	0	0	0	0	0	0	0
a1319b9a7a163a7dfc530fd133ce6d37	0	0	0	14	0	0	0	0	0	0	0	0	0	0	0	0	0	0	0	0	0	0	0	0	0	0	0	0	1	0
137bd4bfae77585a743b8a6b63f4c2ee	0	0	0	13	0	0	0	0	0	0	0	0	0	0	0	0	2	0	0	0	0	0	0	0	0	0	0	0	0	0
a1ac963a3b7e527c92c66364d7c785bc	0	0	0	13	2	0	0	0	0	0	0	0	0	0	0	0	6	0	0	0	0	1	0	0	0	0	0	0	0	0
4caade9260f864bd31ef395f918ca857	0	0	0	13	5	0	0	0	0	0	0	0	0	0	0	0	0	0	0	0	0	0	0	0	0	0	0	0	0	0
159d8c39a1d59201ece765afeedfbb11	0	0	0	13	57	0	0	0	0	0	0	0	0	0	0	0	0	0	0	2	0	0	0	0	0	0	0	0	0	0
6ca1c44971930452145e412a3f76774b	0	0	0	13	3	0	0	0	0	0	0	0	0	0	0	0	0	0	0	15	0	15	9	0	0	0	0	0	0	2
4bcf67384f03cb4a96b9636bc5e86996	0	0	0	13	9	0	0	0	0	0	0	0	0	0	0	0	2	0	0	53	0	3	41	2	0	0	3	1	0	0
065cb8e7800155b0930c033cccabdc3e	0	0	0	13	5	0	1	0	0	0	0	0	0	0	0	0	0	0	3	4	1	5	0	1	0	0	5	0	0	4
d2adf64f052c983c0df964111ae5b59d	0	0	0	12	9	0	0	0	0	0	0	0	0	0	0	0	0	0	0	1	0	14	19	0	0	0	0	0	0	0
96eee7fdd33b01126955e9a0e3bcbff7	0	0	0	12	0	0	0	0	0	0	0	0	0	0	0	0	33	0	0	52	0	0	0	0	0	0	0	0	0	0
65c9034426116c2e5edb239e50996267	0	0	0	12	0	0	0	0	0	0	0	0	0	0	0	0	0	0	0	0	0	0	0	0	0	0	0	0	0	0
f582efba9f2bb3530e7d89cb0f618631	0	0	0	12	2	0	0	0	0	0	0	0	0	0	0	0	0	0	0	0	0	3	0	0	0	0	1	0	0	0
1644a6aaa5ed1051a15dd1d3426645e0	0	0	0	12	0	0	0	0	0	0	0	0	0	0	0	0	0	0	0	9	0	2	2	0	0	0	0	0	0	0
18f466013cd4d0255a098c4904b0c9cb	0	0	0	12	0	0	0	0	0	0	0	0	0	0	0	0	0	0	0	0	0	0	0	0	0	0	0	0	1	1
6d501274e350c29c61c87f020731cd29	0	0	0	12	9	0	0	0	0	0	0	0	0	0	0	0	2	0	0	0	0	0	0	0	0	0	0	0	1	0
7f75ff21865e7ce979cf2a3386aca351	0	0	0	11	0	0	0	0	0	0	0	0	0	0	0	0	0	0	0	12	0	15	8	0	0	0	1	0	0	0
fa667571de4a5793d0759ac59da881fe	0	0	0	11	0	0	0	0	0	0	0	1	0	0	0	0	2	0	0	0	0	0	1	0	0	0	2	0	0	1
df4969cb976a7ac9a3f5f750dcb4723c	0	0	0	11	1	0	0	0	0	0	0	0	0	0	0	0	2	0	0	0	0	0	0	0	0	0	0	0	0	0
3e459e8c81585cff3c415a60fa037bee	0	0	0	11	0	0	0	0	0	0	0	0	0	0	0	0	0	0	0	0	0	0	0	0	0	0	0	0	0	0
2c01685b3804d71ef45f4b93d00ca830	0	0	0	11	6	0	0	0	0	0	0	0	0	0	0	0	0	0	0	0	0	0	0	2	0	0	0	0	0	0
b8fbf2cb5015c71ef5001efd9aff3cd6	0	0	0	11	0	0	0	0	0	0	0	0	0	0	0	0	20	0	0	8	0	4	2	0	0	0	0	0	0	0
d0dd4a1511c8e47029b4b7f670d8fb01	0	0	0	11	6	0	4	5	2	1	0	7	4	0	1	3	1	1	2	0	0	0	0	0	0	0	2	3	6	4
7d2e47cffccd876f90fb85fba426110c	0	0	0	11	0	0	0	0	0	0	0	0	0	0	0	0	0	0	0	0	0	0	0	0	0	0	0	0	0	0
f56ebde1f4874039cd05c31180ce91e5	0	0	0	10	0	0	0	0	0	0	0	0	0	0	0	0	1	0	0	2	0	0	0	0	0	0	6	0	0	5
8540c9e74226cba0a7026f0412697e40	0	0	0	10	0	0	0	0	0	0	0	0	0	0	0	0	10	0	0	0	0	0	0	0	0	0	0	0	0	0
1bd0d511d37f0a669cf1eef98f5c35cb	0	0	0	10	0	0	0	0	0	0	0	0	0	0	0	0	3	0	0	0	0	0	0	0	0	0	0	0	0	0
01469fb8c4840953aa5d4d96a545e619	0	0	0	10	0	0	0	0	0	0	0	0	0	0	0	0	0	0	0	4	0	34	2	0	0	0	0	0	0	0
e878f3f9a85fa7d39f109022d447eb82	0	0	0	10	0	0	3	0	0	0	0	0	0	0	0	0	0	0	0	0	0	0	0	0	0	0	0	0	0	0
5ae32785fe515f49ffc15128e1e71b4d	0	0	0	10	0	0	1	0	0	0	0	0	0	0	2	0	2	0	0	0	0	0	0	0	0	0	0	0	0	0
bbdeddb2961cf03f465b349ad20ed3a6	0	0	0	10	0	0	0	0	0	0	0	0	0	0	0	0	0	0	0	0	0	0	0	0	0	0	0	0	0	0
d4fb6ca651fe13eed155d961aea32300	0	0	0	10	4	0	0	0	0	0	0	0	0	0	0	0	0	0	0	0	0	0	0	0	0	0	0	0	0	0
cdbd100a36ccdfc8ee365c9bc1a3d802	0	0	0	10	1	0	0	0	0	0	0	0	0	0	0	0	6	0	0	0	0	2	0	0	0	0	0	0	0	0
87aac7f9bc5a7d2ecbccf8f5c8c78316	0	0	0	9	0	0	0	0	0	0	0	0	0	0	0	0	9	0	0	0	0	0	0	0	0	0	0	0	0	0
30d41e6d98f7fd4c783ada3df58c0f90	0	0	0	9	3	0	0	0	0	0	0	0	0	0	0	0	1	0	0	27	0	17	8	0	0	0	0	0	0	0
190b98b4693286aa7dabe27a251d6535	0	0	0	9	0	0	0	0	0	0	0	0	0	0	0	0	0	0	0	0	0	8	0	0	0	0	0	0	1	0
d6aa8799721406f55a934c7d4cd1d582	0	0	0	9	0	0	0	0	0	0	0	0	0	0	0	0	13	0	0	24	0	9	1	0	0	0	0	0	1	0
d1f1b21aefc469cf86bba9bfc979223e	0	0	0	9	0	1	0	0	0	0	0	0	3	0	0	6	7	0	0	0	0	7	0	0	0	0	0	1	0	0
64ece6c577a84e10f456b03aef6141e1	0	0	0	9	7	0	0	0	0	0	0	0	0	0	0	0	3	0	0	1	0	3	0	0	0	0	0	0	0	0
09693aa0be8db51d1577059c288a4e6e	0	0	0	9	0	0	0	1	0	0	0	0	0	0	0	0	39	0	1	0	0	0	0	0	0	0	0	0	0	0
1855df41341f02b2382fb1f77b924762	0	0	0	9	0	0	0	0	0	0	0	0	0	0	0	0	0	0	2	62	1	0	0	0	0	0	0	1	0	1
a4e089eddc55c2c7ec57fed6a7d84ea3	0	0	0	9	2	0	0	0	0	0	0	0	0	0	0	0	1	0	0	0	0	0	0	0	0	0	0	0	0	0
865e96c51671a2b379920d74e21f2ca8	0	0	0	9	0	3	0	0	0	0	0	0	0	0	0	23	0	0	0	0	0	0	0	0	0	0	0	0	0	3
1cfa14f58ec4edd24509e6004734f8ef	0	0	0	9	0	0	0	0	0	0	0	0	0	0	0	0	0	0	0	0	0	0	3	0	0	0	0	0	0	0
ea021b34f8b88ed97603bbb2c7b736e6	0	0	0	9	2	0	28	0	35	0	18	13	4	0	0	2	7	23	0	0	3	1	0	0	0	44	2	1	15	0
3450bb2de32e1cfb5cb845bcfcc3dba0	0	0	0	9	42	0	0	0	0	0	0	0	0	0	0	0	3	0	0	14	0	107	91	0	0	0	0	0	5	0
b230866777279cb281f15902a73ab398	0	0	0	9	0	0	0	0	0	0	0	0	0	0	0	0	30	0	0	8	0	3	2	0	0	0	0	0	0	0
0ec0a320f4a9e20d7ad1f6b1bca0fa6d	0	0	0	9	0	0	0	0	0	0	0	0	0	0	0	0	0	0	0	1	0	0	0	0	0	0	0	0	0	0
19a3717b4ed6d9fd06d02c44b25d441f	0	0	0	9	2	0	0	0	0	0	0	0	0	0	0	0	0	0	0	0	0	0	0	0	0	1	0	0	0	0
af5c936f86d22f7934791b425f6f7fd4	0	0	0	9	0	0	0	0	0	0	0	0	0	0	0	0	1	0	0	1	0	7	4	0	0	0	0	0	0	0
e267739248e3b0dc50c938a72186787d	0	0	0	9	0	0	0	0	0	0	0	0	0	0	0	0	0	0	0	8	0	0	53	3	0	0	14	0	0	3
1f76b97e96f39f3404b48d18af0f63ac	0	0	0	9	0	0	0	0	0	0	0	0	0	0	0	0	1	0	0	0	0	0	0	0	0	0	0	0	0	0
d42c936139c159647cf4194192486b03	0	0	0	9	1	0	0	0	0	0	0	0	0	0	0	0	11	0	0	20	0	20	43	0	0	0	0	2	0	0
6b2a6ce5af4e479174e88eb6e301990d	0	0	0	8	0	0	0	0	0	0	0	0	0	0	0	0	1	0	0	3	0	0	5	0	0	0	0	0	0	0
2753e18b777e81d3e5b7f1237f95b53a	0	0	0	8	7	0	0	0	0	0	0	0	0	0	0	0	0	0	0	4	0	0	0	0	0	0	0	0	0	0
030995b465c7ac0ab62cac82fcbdf489	0	0	0	8	7	0	0	0	0	0	0	0	0	0	0	0	0	0	0	2	0	0	0	0	0	0	1	0	0	0
7fbb98aa208feae15ccdceb11ec4eb77	0	0	0	8	0	0	3	0	0	0	0	5	6	0	2	5	0	0	0	0	0	0	0	0	0	0	0	2	0	4
ec2e693a3d3ac43614e4f68e64b634b8	0	0	0	8	0	0	0	0	0	0	0	0	0	0	0	0	0	0	0	7	0	5	0	0	0	0	0	0	0	0
b32451055bb754a3d6fecc8cdef4be3a	0	0	0	8	3	0	0	0	0	0	0	0	0	0	0	0	3	0	0	0	0	1	0	1	0	0	0	0	0	0
dbf990a20cb44e0adef42061612e308b	0	0	0	8	3	0	0	0	0	0	0	0	0	0	0	0	4	0	0	7	0	7	6	0	0	0	0	0	0	0
e600a210598038edbd98aed18486e0c2	0	0	0	8	1	0	0	0	0	0	0	0	0	0	0	0	3	0	0	0	0	0	0	0	0	0	0	0	0	0
7aade57c196fe7e1fbae3e45e43b05ef	0	0	0	8	27	0	0	0	0	0	0	0	0	0	0	0	0	0	0	0	0	1	0	0	0	0	0	0	0	0
8669f533d77e87bded189afa16f1f349	0	0	0	7	5	0	0	0	0	0	0	0	0	0	0	0	11	0	0	3	0	1	0	0	0	0	0	0	0	0
651782e2810f90afad2a15a21f8f0e96	0	0	0	7	46	0	0	0	0	0	0	0	0	0	0	0	0	0	0	0	0	0	0	0	0	0	0	0	0	0
c6eda97326bd5ae6f851d024d1c69d63	0	0	0	7	0	0	0	0	0	0	0	0	0	0	0	0	0	0	0	0	0	22	0	0	0	0	0	0	0	0
37bcb16b26c87f29ee2f7a0b74866881	0	0	0	7	0	0	0	0	0	0	0	0	0	0	0	0	0	0	0	3	0	2	0	0	0	0	0	0	0	0
5947d1c61ec2a55081f144ee3f17ccc8	0	0	0	7	1	0	0	0	0	0	0	0	0	0	0	0	5	0	0	46	0	25	17	0	0	0	0	0	2	0
ccf1551ac7664ebaa71018d704c7f733	0	0	0	7	8	0	0	0	0	0	0	0	0	0	0	0	3	0	0	8	0	7	2	0	0	0	0	0	0	0
ffecb5f55fcc2ca2262c47d286920324	0	0	0	7	0	0	0	0	0	0	0	0	0	0	1	0	4	0	0	2	1	0	0	0	0	0	0	0	0	2
628bbeaf983335cf5d4070594ead41d6	0	0	0	7	0	0	0	0	0	0	0	0	0	0	0	0	0	0	0	7	0	14	4	0	0	0	2	0	0	0
41c0a939a04a0cecf7baf5b2f5b0d4e1	0	0	0	7	4	0	0	0	0	0	0	0	0	0	0	0	0	0	0	2	0	0	0	0	0	0	0	0	1	0
af7b51be8e90a219b9811955bb9b5119	0	0	0	7	0	0	0	0	0	0	0	0	0	0	0	0	0	0	0	9	0	1	0	4	0	0	0	2	0	1
92781ca79cd05200086ceaaf55f0a461	0	0	0	7	0	0	0	0	0	0	0	0	0	0	0	0	3	0	0	0	0	0	0	0	0	0	0	0	0	0
53e64f62679e1bc2b59f8bec8cfd8428	0	0	0	7	0	0	0	0	0	0	0	0	0	0	0	0	0	0	0	62	0	105	7	0	0	0	0	1	0	0
97d9c0f5e0fe9e91df6a193878b368cf	0	0	0	7	1	0	0	0	0	0	0	0	0	0	0	0	3	0	0	2	0	0	0	0	0	0	0	0	0	0
a7c40e7c0c841ac51bdb510cfd7b287a	0	0	0	7	3	0	0	0	0	0	0	0	0	0	0	0	0	0	0	0	0	0	0	0	0	0	0	1	0	0
6f2120028d93755150cdb787cf030494	0	0	0	7	0	0	0	0	0	0	0	0	0	0	0	0	6	0	0	0	0	0	0	0	0	0	0	0	0	0
e60ad804f915d110848bb01b87a2a106	0	0	0	7	7	0	0	0	0	0	0	0	0	0	0	0	2	0	0	1	0	5	2	0	0	0	0	0	0	0
24005ad4efd0c957ac03dd79c3481175	0	0	0	7	0	0	0	0	0	0	0	0	0	0	0	0	12	0	0	0	0	0	0	0	0	0	0	0	0	0
b5005eeb975aa4268d77f982b2927298	0	0	0	7	0	0	0	0	0	0	0	0	0	0	0	1	1	0	0	0	0	0	0	1	0	0	0	0	0	0
2ab1d59f326457a0728649af9f424d7e	0	0	0	7	0	0	0	0	0	0	0	0	0	0	0	0	2	0	0	1	0	2	0	0	0	0	0	0	0	0
eaa7e2336806182ba0613f86aba7fbdd	0	0	0	7	0	0	0	0	0	0	0	0	0	0	0	0	10	0	0	0	0	0	0	0	0	0	0	0	0	0
564c88ea7bca2b6ce40aa54a1df0032a	0	0	0	7	2	0	0	0	0	0	0	0	0	0	0	0	14	0	0	110	0	31	11	1	0	0	0	0	0	0
3d78558d6f6d46fd72d1d43af8abe207	0	0	0	7	4	0	2	0	0	0	0	0	0	0	0	0	1	0	0	0	0	0	0	0	0	0	0	0	0	0
645422ada4dbb0c159d5e2027200154f	0	0	0	7	3	0	0	0	0	0	0	0	0	0	0	0	10	0	0	0	0	3	0	0	0	0	0	0	0	0
01bb753f92161bfefee83f2b8bf03fde	0	0	0	7	4	0	0	0	0	0	0	0	0	0	0	0	0	0	0	0	0	0	0	0	0	0	0	0	0	0
50b062d98c378cd2cbe68c597bc5d6e9	0	0	0	6	19	0	0	0	0	0	0	0	0	0	0	0	0	0	0	129	0	170	100	0	0	0	0	0	3	3
9c6a313887b21a257383bd92c8da27d5	0	0	0	6	5	0	0	0	0	0	0	0	0	0	0	0	0	0	0	2	0	3	0	0	0	0	0	0	0	0
d2c91848eba50d7974dc0a19cdf9a0ea	0	0	0	6	0	0	0	0	0	0	0	0	0	0	0	0	0	0	0	0	0	0	5	0	0	0	0	0	0	0
6b8255af3a250daf3b8aab98376cf032	0	0	0	6	0	0	0	0	0	0	0	0	0	0	0	0	0	0	0	19	0	37	0	0	0	0	0	0	0	0
ddb7e1dc57d00cc4460a19c5bb3d8ab4	0	0	0	6	0	1	0	0	0	0	0	0	0	0	0	0	0	0	0	1	0	0	4	0	0	0	0	0	0	1
1b8631c2a74b75829b3c093d310ecf85	0	0	0	6	2	0	0	0	0	0	0	0	0	0	0	0	0	0	0	3	0	5	0	0	0	0	0	0	0	0
a190746b54394e27aeae012aa9f7d86d	0	0	0	6	12	0	0	0	0	0	0	0	0	0	0	0	0	0	0	0	0	1	0	0	0	0	0	0	0	0
d5ef46bb8bc16b417f0ac93c225273bb	0	0	0	6	6	0	0	0	0	0	0	0	0	0	0	0	3	0	0	7	0	11	0	0	0	0	0	0	0	0
e0fe57782f128a4f115f7c774ae66f94	0	0	0	6	4	0	0	0	0	0	0	0	0	0	0	0	0	0	0	0	0	0	0	0	0	0	0	0	0	0
e6474a6703da2e37dba3ac90ed73dab6	0	0	0	6	0	0	0	0	0	0	0	0	0	0	0	0	9	0	0	0	0	0	0	0	0	0	0	0	0	0
cb85f0f4e582015bc8a79a2cac7c0ce0	0	0	0	6	0	0	0	0	0	0	0	0	0	0	0	0	0	0	0	0	0	0	13	0	0	0	0	0	0	0
18f1a7105071c2896d3fa34579b5cc8c	0	0	0	6	0	0	0	0	0	0	0	0	0	0	0	0	1	0	0	0	0	0	3	0	0	0	0	0	1	0
3e9ba8dd9aa3ff18e0947de1d2df63eb	0	0	0	6	5	0	0	0	0	0	0	0	0	0	0	0	1	0	0	0	0	0	0	0	0	0	0	0	0	0
2e96a2e273397d653ad4a9b5d22273ac	0	0	0	6	0	0	0	0	0	0	0	0	0	0	0	0	0	0	0	0	0	4	0	0	0	0	0	0	0	0
b0a00d825bfd24e6942fd75c57ac357b	0	0	0	6	0	0	0	0	0	0	0	0	0	0	0	0	1	0	0	44	0	15	9	0	0	0	0	0	0	0
c81834d58b9945e2240accb7bacaf895	0	0	0	6	0	2	0	0	0	0	0	1	2	6	0	0	3	0	0	0	0	0	0	0	0	0	0	0	0	0
fc8073edbf6d4172386d36fd79c1144a	0	0	0	6	2	0	0	0	0	0	0	0	0	0	0	0	0	0	0	0	0	55	0	0	0	0	0	0	0	1
0a550dd34e3f64f4ff2b2e2dd2ed878f	0	0	0	6	0	0	0	0	0	0	0	0	0	0	0	0	5	0	0	27	0	5	9	0	0	0	0	0	0	0
505c8b1455d7cc97ca45a89474af2849	0	0	0	6	0	0	0	0	0	0	0	0	0	0	0	0	1	0	0	58	0	25	15	0	0	0	0	0	0	0
400393e1f3e72be630b6260ab64bc44d	0	0	0	6	3	0	0	0	0	0	0	0	0	0	0	0	4	0	0	0	0	3	0	0	0	0	0	0	0	0
d735cdccb5fd88e875536b495995f5b0	0	0	0	6	17	0	0	0	0	0	0	0	0	0	0	0	1	0	0	0	0	23	4	0	0	0	0	0	0	0
8265a5100dfa46b228f29841a92f5f18	0	0	0	6	1	0	0	0	0	0	0	0	0	0	0	0	1	0	0	3	0	5	0	0	0	0	0	0	0	0
ac3a7eb7b0d526076840639875f72794	0	0	0	6	0	0	0	0	0	0	0	0	0	0	0	0	0	0	0	4	0	17	0	0	0	0	0	0	0	0
11c4e301a6fc94b1e19bf588af25e3f6	0	0	0	5	0	0	0	0	0	0	0	0	0	0	0	0	6	0	0	0	0	0	0	0	0	0	0	1	0	0
a1c50df1063fbc8713b3ffc0668dd232	0	0	0	5	6	0	0	0	0	0	0	0	0	0	0	0	0	0	0	6	0	12	0	0	0	0	0	0	0	0
709124413a991aaf2f2d2d28c84aae42	0	0	0	5	0	0	0	0	0	0	0	0	0	0	0	0	0	0	0	32	0	0	1	0	0	0	0	0	1	0
390018776c4417eb57e8733753300249	0	0	0	5	1	0	0	0	0	0	0	0	0	0	0	0	0	0	0	1	0	0	4	0	0	0	4	0	0	5
6a4a3e3468fc48d486df87b8a44c17a0	0	0	0	5	2	0	0	0	0	0	0	0	0	0	0	0	2	0	0	3	0	12	6	0	0	0	0	0	2	1
f204a54ad0fb5701680098b11dcf0627	0	0	0	5	44	0	0	0	0	0	0	0	0	0	0	0	2	0	0	4	0	0	23	0	0	0	0	0	0	0
461e78efd962817394116d81fa0175d2	0	0	0	5	8	0	0	0	0	0	0	0	0	0	0	0	1	0	0	33	0	17	112	0	0	0	0	1	0	1
f0973eace673636bf9ccd09510495251	0	0	0	5	0	1	0	0	0	0	0	7	0	0	0	0	0	1	0	0	0	0	0	2	0	0	3	3	48	22
4f0d66c4353e7e0d0e4370ef749b6ed2	0	0	0	5	0	0	0	0	0	0	0	0	0	0	0	0	5	0	0	20	0	10	0	0	0	0	0	0	0	0
4263fbad3e87708a90d2befd9fe3f1b8	0	0	0	5	0	0	1	0	0	0	0	0	1	0	1	1	57	0	0	0	0	1	0	0	0	0	0	0	0	0
e95ee0ccbbe7435c57f1a9ab42c1de3f	0	0	0	5	0	0	0	0	0	0	0	0	0	0	0	0	0	0	0	10	0	5	20	14	0	0	6	7	0	3
727dc3adc09c6f4ab270232503858060	0	0	0	5	0	0	0	0	1	3	0	0	0	0	0	1	0	0	3	0	0	0	0	0	0	0	0	0	0	3
274cce5a54aee4302274762b455684f8	0	0	0	5	0	0	5	0	0	0	0	1	0	0	0	3	0	0	1	0	0	0	0	2	0	0	1	0	0	0
3233740dc8c5db075c1f709b009ba13a	0	0	0	5	0	0	0	0	0	0	0	0	0	0	0	0	6	0	0	4	0	0	0	0	0	0	0	0	0	0
6f1005d82269d8d08b87bafb29012e8d	0	0	0	5	26	0	0	0	0	0	0	0	0	0	0	0	0	0	0	4	0	10	32	0	0	0	1	0	0	1
383f5c5133c97ec6aa69d1e05f9c3854	0	0	0	5	17	0	0	0	0	0	0	0	0	0	0	0	8	0	0	5	0	32	37	0	0	0	3	0	0	0
930d02d0e1470ec95f0db025a6461d1a	0	0	0	5	8	0	0	0	0	0	0	0	0	0	0	0	1	0	0	56	0	13	18	0	0	0	0	0	1	0
13482c9b8ead86884cd5f812b501288c	0	0	0	5	0	8	0	0	0	0	0	0	0	0	0	0	6	2	0	0	0	0	0	0	0	0	0	0	0	3
51ad6f64076f5cbba70a1e9230d36af6	0	0	0	5	12	0	0	0	0	0	0	0	0	0	0	0	0	0	0	5	0	2	0	0	0	0	0	0	0	1
b41072d7f4b8541578b3b56ab74e1d46	0	0	0	5	7	0	0	0	0	0	0	4	0	0	0	0	0	0	0	0	0	0	0	1	0	0	2	0	2	18
26f6d800d179dc14cfeb23f3af2692c8	0	0	0	5	2	0	0	0	0	0	0	0	0	0	0	0	0	0	0	3	0	4	5	0	0	0	0	0	0	0
f90197f52650c54a9c22d77dcafa1f70	0	0	0	5	19	0	0	0	0	0	0	0	0	0	0	0	2	0	0	19	0	32	31	0	0	0	0	0	3	6
58541da02573ecd058d38ced48211a48	0	0	0	5	2	0	1	0	0	0	0	0	0	0	0	0	1	0	0	1	0	1	0	0	0	0	0	0	1	0
da3f94a5304dd9e0ee52096e1f8d6b82	0	0	0	5	5	0	0	0	0	0	0	0	0	0	0	0	1	0	0	0	0	0	0	0	0	0	0	0	0	0
f821ab12323be3b72f8a6a8a28336469	0	0	0	5	1	0	0	0	0	0	0	0	0	0	0	0	12	0	0	18	0	7	0	0	0	0	0	0	0	0
87a44bbfc57318c9b2476afab74bddb8	0	0	0	5	4	0	0	0	0	0	0	0	0	0	1	0	4	0	0	0	0	6	0	0	0	0	0	0	2	0
d91d17fbb164a8f2baac779ca9e3e0b2	0	0	0	5	0	0	0	0	0	0	0	0	0	0	0	0	4	0	0	8	0	19	18	0	0	0	0	0	0	0
5e1be6d2a051b4b19a98febdd22e5d0e	0	0	0	5	1	0	0	0	0	0	0	0	0	0	0	0	0	0	0	0	0	2	2	0	0	0	1	0	0	4
168b58224644d7fccf5773357d85264f	0	0	0	5	2	0	0	0	0	0	0	0	0	0	0	0	5	0	0	0	0	0	0	0	0	0	0	0	0	0
18dd921c08702e8c6e8554e67dfdcdcb	0	0	0	5	0	0	0	0	0	0	0	0	0	0	0	0	4	0	0	0	0	0	0	0	0	0	0	1	7	2
f9b8ee0913dbf8f934aff3842ad6c811	0	0	0	5	0	0	0	4	0	7	5	0	4	0	0	4	0	0	0	0	0	0	0	0	1	0	0	0	0	0
e8ad3d20191ab18724a0889d751a1a0b	0	0	0	5	1	0	0	0	0	0	0	0	0	0	0	0	4	0	0	12	0	3	1	0	0	0	0	0	0	1
d13c21d6480493f162aeb36aabaf1109	0	0	0	5	18	0	0	0	2	0	0	3	0	0	0	1	4	1	0	15	6	14	33	1	0	0	13	1	11	19
d04fd02c694ae44b933720689070810c	0	0	0	5	3	0	0	0	0	0	0	0	0	0	0	0	1	0	0	11	0	8	1	4	0	0	0	0	0	0
ad51a36ef284674957cff39d3d17ae8b	0	0	0	5	0	0	0	0	0	0	0	0	0	0	0	0	0	0	0	126	0	34	0	0	0	0	0	0	0	0
df248d29b3d765484225cc0a58143129	0	0	0	4	0	0	0	0	0	0	0	0	0	0	0	0	0	0	0	0	5	0	0	0	0	0	0	0	0	4
82e394721380ec4c43edc63dccd698e2	0	0	0	4	0	0	7	0	0	0	0	0	1	0	3	3	0	0	0	0	0	1	0	0	0	0	0	0	0	1
816be5d22ebc13c98e15c4e4a956b5cc	0	0	0	4	0	0	0	0	0	0	0	0	0	0	0	0	13	0	0	0	0	0	0	0	0	0	0	0	0	0
347a01b0eb742c22aba7a3b5de2aabe6	0	0	0	4	0	0	0	0	0	0	0	0	0	0	0	0	0	0	0	8	0	11	1	0	0	0	1	0	0	0
b8525d3909c474dfb62b0a1609f47ede	0	0	0	4	0	0	0	0	1	0	0	3	47	0	0	10	4	0	1	7	0	10	0	0	0	0	11	29	5	8
f26a71edaeeadf4d3acbafa64c0a86b3	0	0	0	4	4	0	0	0	0	0	0	0	0	0	0	0	3	0	0	4	0	21	13	0	0	0	0	0	0	0
62bd6a52e8a00100e7de4d689ee90e46	0	0	0	4	0	0	0	0	0	0	0	0	0	0	0	0	0	0	0	145	0	53	29	0	0	0	2	0	2	5
5842c0d165bf6afd9fc0efdd5fe284bf	0	0	0	4	9	0	0	0	0	0	0	0	0	0	0	0	0	0	0	4	0	13	13	0	0	0	4	0	0	1
d7e96831a0de654913821a80742682f6	0	0	0	4	0	0	0	0	0	0	0	0	0	0	0	0	0	0	0	6	0	3	0	0	0	0	0	0	0	0
d6ea63523b307c0ce25955b8c281e469	0	0	0	4	0	0	0	0	0	0	0	0	0	0	0	0	0	0	0	16	0	6	2	0	0	0	0	0	0	0
116e61121d976043fe572e49feeb407e	0	0	0	4	0	0	0	2	4	0	1	0	1	0	3	3	1	5	0	0	0	0	0	0	6	0	0	1	0	3
5256dcfd6b3173fd286ca370d730de4d	0	0	0	4	1	0	0	0	0	0	0	0	0	0	0	0	15	0	0	25	0	15	28	2	0	0	1	0	0	1
a83e5275c66573d6c3f092141409020e	0	0	0	4	17	0	0	0	0	0	0	0	0	0	0	0	0	0	0	0	0	0	0	0	0	0	0	0	0	0
8f4006c19be20abe26def81871ee3b21	0	0	0	4	6	0	0	0	0	0	0	0	0	0	0	0	2	0	0	18	0	7	70	0	0	0	0	0	0	0
0363b31466060b7241b34f6e25df6c8c	0	0	0	4	0	0	0	0	0	0	0	0	0	0	0	0	1	0	0	33	0	48	24	1	0	0	0	0	0	0
9ba3042ba996d758282a2f56bc807b8f	0	0	0	4	0	0	0	0	0	0	0	0	0	0	0	0	6	0	0	0	0	0	0	0	0	0	0	0	0	0
27923464f21a41b44eddf52a418e5c1b	0	0	0	4	2	0	0	0	0	0	0	0	0	0	0	0	6	0	0	0	0	0	0	1	0	0	0	0	0	0
a2847b2c021a09e86cd7bfb8be79e8c2	0	0	0	4	5	0	0	0	0	3	11	0	0	0	0	0	0	0	0	0	0	0	1	0	18	0	2	1	0	0
774476b51c168435aee7cc5166207bba	0	0	0	4	4	0	0	0	0	0	0	0	0	0	0	0	5	0	0	1	0	0	0	0	0	0	0	0	0	0
69f59383973177f757eff4629e9425b6	0	0	0	4	9	0	0	0	0	0	0	0	0	0	0	0	15	0	0	3	0	6	11	0	0	0	0	0	2	0
ffa8096e1b6b276354b0786567f06175	0	0	0	4	4	0	0	0	0	0	0	0	0	0	0	0	0	0	0	0	0	9	0	0	0	0	0	0	0	2
afd24268460d30a45e3e0f11afc11d7e	0	0	0	4	6	0	0	0	0	0	0	0	0	0	0	0	0	0	0	0	0	0	0	0	0	0	0	0	2	1
88e4e4f7f79490b4177ef58542d79315	0	0	0	4	0	0	0	0	0	0	0	0	0	0	0	0	0	0	0	2	0	7	0	0	0	0	0	0	0	0
18c31ce111d5c3aeb6990edd69814e66	0	0	0	4	0	0	0	0	0	0	0	0	0	0	0	0	0	0	0	1	0	6	0	0	0	0	0	0	0	0
c27cdf2957efc378b649122101095b9f	0	0	0	4	0	0	0	0	0	0	0	0	0	0	0	0	8	0	0	0	0	0	0	0	0	0	0	0	0	0
5640f1365868ae9808c488ee4c37365b	0	0	0	4	11	0	0	0	0	0	0	0	0	0	0	0	0	0	0	6	0	7	2	0	0	0	0	0	0	1
307a7977ee7f7aba90bb0bd753ac06f1	0	0	0	4	13	0	0	0	0	0	0	0	0	0	0	0	2	0	0	2	0	11	16	0	0	0	0	0	2	2
6ec401b2a8d2eb5803d2ccb38dd757b7	0	0	0	4	0	4	1	2	0	10	0	3	0	0	3	2	8	0	0	0	0	1	0	1	0	0	0	0	0	2
50201af3e2c687bec47e1b09b4c7bb07	0	0	0	4	0	0	0	0	0	0	0	0	0	0	0	0	0	0	0	4	0	17	0	0	0	0	0	0	0	0
042c0d6eea2a3212c241bcf924ca1787	0	0	0	4	0	0	0	0	0	0	0	0	0	0	0	0	0	0	0	3	0	10	2	0	0	0	0	0	0	0
6f6624c9e30920802bb8578f7e636d53	0	0	0	4	0	0	0	0	0	0	0	0	0	0	0	0	0	0	0	0	0	15	0	0	0	0	0	0	0	0
f38f126049a51c0273e46932c8ac9c9b	0	0	0	4	0	0	0	0	0	0	0	0	0	0	0	0	0	0	0	4	0	0	0	0	0	0	2	0	0	0
af9d7fcb2976c476a9e3c52a763c7528	0	0	0	4	0	0	0	0	0	0	0	0	0	0	0	0	6	0	0	0	0	0	0	0	0	0	0	0	0	0
b69563d05a7637e795def01157cd2f61	0	0	0	4	0	0	0	0	0	1	0	0	0	0	0	0	5	0	0	0	0	1	0	0	0	0	0	0	0	0
ca3aa04663ba6e872c7776e21c076744	0	0	0	4	0	0	0	0	0	0	0	0	0	0	0	0	0	0	0	25	0	16	0	0	0	0	0	0	0	0
d14a0f851d05a32e2406542d32928279	0	0	0	4	0	0	0	0	0	0	0	0	0	0	0	0	2	0	0	13	0	4	2	0	0	0	2	1	0	0
b5fc44d4fbb73fe616749861a908bc20	0	0	0	4	0	0	0	0	0	0	0	0	0	0	0	0	1	0	0	0	0	0	0	0	0	0	2	0	10	10
e61899f695c359fde266d8b9d5490634	0	0	0	4	2	0	0	0	0	0	0	0	0	0	0	0	8	0	0	1	0	4	0	0	0	0	0	0	0	2
9372997f5488795930d712190e62b535	0	0	0	4	15	0	0	0	0	0	0	0	0	0	0	0	3	0	0	4	0	10	6	0	0	0	0	0	0	0
78f733d091901d516f75b56fd4b76253	0	0	0	3	0	0	0	0	0	0	0	0	0	0	0	0	9	0	0	0	0	1	0	0	0	0	0	0	0	0
cb4615ef3e3233d841969cefe2cc2493	0	0	0	3	0	0	5	0	0	0	0	0	0	0	0	0	15	0	0	0	0	0	0	0	0	0	0	0	0	0
316aaf204fd9b410b678b83f575e3a09	0	0	0	3	3	0	1	0	0	0	0	0	0	0	2	0	1	0	0	0	0	0	0	0	0	0	0	1	0	2
7183d34f8ebfa25bee13176d3a0bf0b3	0	0	0	3	0	0	0	0	0	0	0	0	0	0	84	3	0	0	0	0	0	0	0	0	0	0	0	0	0	0
33fe5c85b5a4290890c5932017a8f3c4	0	0	0	3	34	0	0	0	0	0	0	0	0	0	0	0	0	0	0	0	0	0	0	0	0	0	0	0	0	0
3f7fa3f7ae53ba6d69c14027aa88f269	0	0	0	3	5	0	0	0	0	0	0	0	0	0	0	0	3	0	0	65	0	36	44	0	0	0	0	0	4	2
09ae0d9cbc5ba160a2ab7c7f7853673a	0	0	0	3	2	0	0	0	0	0	0	0	0	0	0	0	0	0	0	0	0	2	3	1	0	0	0	0	1	0
3e6d9336692409518a47888722b27b89	0	0	0	3	0	0	0	0	0	0	0	0	0	0	0	0	0	0	0	31	0	13	9	0	0	0	0	0	0	1
fedd33d048921b5debced9e48c054912	0	0	0	3	8	0	0	0	0	0	0	0	0	0	0	0	0	0	0	0	0	0	0	0	0	0	0	0	0	0
3ffcf3fa5c18a152c8ad8c87e391bfc8	0	0	0	3	20	0	0	0	0	0	0	0	0	0	0	0	4	0	0	18	0	1	15	1	0	0	3	0	3	0
2ee00cc6ab6e253b1bceb00f053bbe16	0	0	0	3	0	0	1	0	0	1	0	0	0	0	3	3	3	0	0	0	0	0	0	0	0	0	0	1	1	2
a3f327c4d2f710c390effff3b6a679dd	0	0	0	3	5	0	0	0	0	0	0	0	0	0	0	0	0	0	0	0	0	3	0	0	0	0	0	0	0	1
88c78cf0c8d64cfc8befdd30fe450ef9	0	0	0	3	5	0	1	0	0	2	0	0	0	0	0	0	1	0	0	0	0	4	0	0	0	0	0	0	2	0
b25704a5232c354ff0a608be80868021	0	0	0	3	4	0	0	0	0	0	0	0	0	0	0	0	0	0	0	1	0	2	0	1	0	0	2	0	0	1
9b6960b8155cfd0c9eaa60937ce5b01e	0	0	0	3	0	0	0	0	0	0	0	0	0	0	0	0	0	2	0	0	0	0	0	0	0	17	0	0	0	0
deadbf86126d312c418fc2c696ddc355	0	0	0	3	0	0	0	0	0	0	0	0	0	0	0	0	1	0	0	2	0	7	1	0	0	0	0	0	0	0
39e3da2057f3ff62c3e757f5c04caf34	0	0	0	3	0	0	0	1	0	0	0	0	0	0	1	0	2	0	0	0	0	0	0	0	0	0	0	1	0	2
594706c5786284dcdce5c867e769e240	0	0	0	3	0	0	0	0	0	0	0	0	0	0	0	0	12	0	0	0	0	0	0	0	0	0	0	0	0	0
f1ee83ea111a0ca5d8547656c8cff3ca	0	0	0	3	1	0	0	0	0	0	0	0	0	0	0	0	6	0	0	10	0	0	0	0	0	0	0	0	0	0
effc8c1e44bcafa6f748ee6db26a32d2	0	0	0	3	5	0	0	0	0	0	0	0	0	0	0	0	14	0	0	0	0	0	0	0	0	0	0	2	0	0
8595119edd47ba5a219a440d143dcddf	0	0	0	3	0	0	0	0	0	0	0	0	0	0	0	0	0	0	0	2	0	8	3	0	0	0	0	0	0	1
ed7732a72a81b6ec5c311147e29bde3e	0	0	0	3	0	0	0	1	0	0	0	0	0	0	5	2	0	1	0	0	0	0	0	0	0	0	0	0	0	0
5cc9f8be9e996dd821bdc7bb7d2d670e	0	0	0	3	0	0	7	0	0	2	0	6	16	0	0	10	0	0	0	0	0	0	0	0	0	0	0	3	1	0
3332571b2dae6fadb1af86adf3ae014d	0	0	0	3	1	0	0	0	0	0	0	0	0	0	0	0	7	0	0	31	0	9	6	1	0	0	0	0	1	2
b2ada2fc1e7b79bfac0e5fc437e5c9bf	0	0	0	3	0	0	37	0	0	5	0	14	0	0	24	0	0	0	0	0	0	0	0	0	0	0	4	0	0	5
970b6e9cc90ddd0e2ac7900cdc21162b	0	0	0	3	0	0	0	0	0	0	0	0	0	0	0	0	10	0	0	0	0	0	0	0	0	0	0	0	0	0
1cee406564bc30f068469fa74a9e608b	0	0	0	3	0	0	0	0	0	0	0	0	0	0	0	0	0	0	0	8	0	0	5	0	0	0	0	0	0	0
6eb2ef882e758695895ec701937e6734	0	0	0	3	0	0	3	0	0	2	5	0	2	0	4	9	0	0	0	0	0	0	0	1	6	0	0	0	1	3
9cd94cb5be772c4a05f5c840fdcf3a9c	0	0	0	3	13	0	0	0	0	0	0	0	0	0	0	0	11	0	0	2	0	4	0	0	0	0	0	0	0	0
1270fd808c4e88a801e193fead44bc5d	0	0	0	3	0	1	1	1	0	0	0	0	0	0	1	0	2	0	0	0	0	0	0	0	0	0	0	1	0	1
1ccfe67721363cf652fddb5616d7b9ab	0	0	0	3	3	0	0	0	0	0	0	0	0	0	0	0	0	0	0	37	0	4	4	0	0	0	2	0	0	0
84ffb649c2624f1e0d5b92fd85b73b03	0	0	0	3	0	0	0	0	0	0	0	0	0	0	0	0	9	0	0	0	0	1	0	0	0	0	0	0	0	0
edf54e22ac5fa6f767ca4e21564eb9ca	0	0	0	3	1	0	7	0	0	0	0	0	0	0	7	1	0	0	0	0	0	0	0	0	0	0	0	0	0	0
4c50ed357567675f35586973d1bb0c1a	0	0	0	3	0	0	0	0	0	0	0	0	0	0	6	8	0	0	0	0	0	0	0	0	0	0	0	0	0	0
bbeca3ae8acffd611b60b5ad90eeb8f1	0	0	0	3	0	2	0	1	0	0	0	0	0	0	6	10	0	0	0	0	0	0	0	3	0	0	0	0	0	0
2c0adbfad0a5a8da997be4bf1efdf6ff	0	0	0	3	0	0	0	0	0	0	0	0	0	0	0	0	0	0	0	0	0	0	37	0	0	0	0	0	0	1
82ed870d30f1ed54f8461ef3f86ef30c	0	0	0	3	24	0	0	0	0	0	0	0	0	0	0	0	3	0	0	0	0	0	17	0	0	0	0	0	0	0
9ea5bc9d0d30df289470f2428c19b6d2	0	0	0	3	2	0	0	0	0	0	0	0	0	0	0	0	0	0	0	1	0	0	5	0	0	0	0	0	0	0
2c958b2506b7334e37296cb6d548fa7d	0	0	0	3	7	0	0	0	0	0	0	0	0	0	0	0	1	0	0	0	0	0	0	0	0	0	0	0	0	0
ea00a92c88208aab6791531aaec4ca03	0	0	0	3	2	0	0	0	0	0	0	0	0	0	0	0	0	0	0	6	0	9	0	0	0	0	0	0	0	0
3e3bbfb1e46f0c3bcf36eba694fd63ce	0	0	0	3	1	0	0	0	0	0	0	0	0	0	0	0	0	0	1	5	4	3	0	1	0	0	8	0	1	6
a83b9412215b292a11c405b6bfe11ac9	0	0	0	3	0	0	0	0	0	0	0	0	0	0	0	0	2	0	0	6	0	0	0	0	0	0	0	0	0	0
586be0184a56ef32a31ef6845a43cea0	0	0	0	3	0	0	4	0	0	3	0	1	0	0	2	9	0	0	1	0	11	0	0	4	1	0	9	12	3	20
4a2d23e4d99b3fe3ca121b22da044af8	0	0	0	3	6	0	0	0	0	0	0	0	0	0	0	0	0	0	0	1	0	1	2	0	0	0	0	0	1	1
fda922b18877ed59435c94d6d41dab58	0	0	0	3	0	0	0	0	0	2	0	1	16	0	0	0	0	0	0	0	0	0	1	1	0	0	2	4	0	0
7842b26b9b5e9cf999f21d5ec4c67ca5	0	0	0	3	0	0	0	0	5	0	22	9	0	0	0	0	4	0	0	0	0	0	0	0	0	0	0	1	1	0
2941122a2a8176691996e695a66f883e	0	0	0	3	3	0	0	0	0	0	0	0	0	0	0	0	0	0	1	47	0	36	3	0	0	0	2	0	0	0
388f49ac79b436dc7a8ec8b78090f8f6	0	0	0	3	3	0	10	0	5	2	1	2	0	1	10	9	0	0	0	0	0	0	0	1	1	0	0	6	5	9
074ae41fc2d1be92aa7c909d81c1eb3c	0	0	0	3	0	0	0	0	0	0	0	0	0	0	0	0	1	0	0	0	0	23	1	0	0	0	0	0	0	0
c722a38dc804797462d71ccdb3456d27	0	0	0	3	0	0	0	0	0	1	0	0	1	0	0	1	4	0	0	0	0	0	0	0	0	0	0	1	0	0
113832d3b27245fc8e050917624114e4	0	0	0	3	0	0	0	0	0	0	0	0	0	0	0	0	0	0	0	0	0	62	0	0	0	0	0	0	0	0
8d37615889bcdb961cd2bacd5a3e94a4	0	0	0	3	0	0	0	0	0	0	0	0	0	0	0	0	0	0	0	6	0	1	0	0	0	0	0	0	0	0
6be2d01200cb3710c0a8ae50d489ac85	0	0	0	3	10	0	0	0	0	0	0	0	0	0	0	0	0	0	0	0	2	0	3	7	0	0	5	5	0	2
1e7592ace6b51907985c7aa4ed0d9041	0	0	0	3	0	0	0	0	0	0	0	0	0	0	0	0	0	0	0	6	0	5	0	0	0	0	0	0	0	0
08d7c8423a0a4f6a20b8028cd81ad681	0	0	0	2	7	0	0	0	0	0	0	0	0	0	0	0	3	0	0	0	0	0	0	0	0	0	0	0	0	2
b6fb479de925f253ea7f2b08b84f75f8	0	0	0	2	14	0	0	0	0	0	0	0	0	0	0	0	0	0	0	0	0	0	3	0	0	0	0	0	0	0
d08a0cccb1bbdbf63f66d5123da0d925	0	0	0	2	1	0	0	0	0	0	0	0	0	0	0	0	0	0	0	0	0	12	4	0	0	0	0	0	0	0
356af0bc32956a75f533caec4a7d4e98	0	0	0	2	12	0	0	0	0	0	0	0	0	0	0	0	5	0	0	48	0	35	0	0	0	0	0	0	0	0
60ac3eb7aff707027ac47362111d2b65	0	0	0	2	0	0	0	0	0	0	0	0	0	0	0	0	7	0	0	2	0	3	0	0	0	0	1	0	0	0
bf1d738e8b9166f168e4a6c8a64daefe	0	0	0	2	0	1	3	3	0	0	0	0	2	1	17	2	0	2	0	0	0	0	0	0	0	0	0	0	0	1
3204b45a65df49019b7a98e6f6ec1bad	0	0	0	2	1	0	0	1	0	1	0	0	0	0	0	0	0	0	0	1	8	0	4	0	0	0	0	3	0	2
a1bb6c074646046202655c9cb891d195	0	0	0	2	1	0	5	7	1	0	0	0	0	0	3	2	0	60	0	0	0	0	0	2	1	0	0	0	4	2
7867defef231fcbd2a5d1061902a5c21	0	0	0	2	18	0	0	0	0	0	0	0	0	0	0	0	4	0	0	0	0	0	0	0	0	0	0	0	0	0
5a0aa34ce3144d14e60db96f827c4c49	0	0	0	2	11	0	0	0	0	0	0	0	0	0	0	0	0	0	0	0	0	0	0	0	0	0	0	0	0	0
b302e8bb23259c91556357a3ebb942d4	0	0	0	2	7	0	0	0	0	0	0	0	0	0	0	0	0	0	0	4	0	24	25	0	0	0	0	0	0	0
b60db7561e3522513cc6165bde2f6836	0	0	0	2	3	0	0	0	0	0	0	0	0	0	0	0	0	0	0	5	0	1	0	0	0	0	0	2	0	0
50eafbd689d11897c19bad7f3adcf3a3	0	0	0	2	5	0	0	0	0	0	0	0	0	0	0	0	1	0	0	2	0	1	0	0	0	0	0	0	0	0
d2e485c1f8ad28d8efcc38c8519d6b1e	0	0	0	2	0	27	5	4	0	37	4	20	2	0	4	5	0	40	0	0	0	0	0	3	17	11	3	23	0	12
3131029e3d86966dae408e76f571de58	0	0	0	2	0	0	0	0	0	0	0	0	0	0	0	0	2	0	0	3	0	2	5	0	0	0	1	0	6	0
c2d32fedecbdafb175a5171b2cc1b991	0	0	0	2	12	0	0	0	0	0	0	0	0	0	0	0	5	0	0	1	0	37	5	0	0	0	0	0	1	1
4a9972946202b290c14b2c3b3125f51a	0	0	0	2	0	0	0	0	0	0	0	0	0	0	0	0	0	0	0	6	0	0	0	0	0	0	0	0	1	2
63381880279a3d56187febde9bfe1991	0	0	0	2	0	0	1	0	0	0	0	6	0	0	0	0	0	0	0	0	0	0	0	0	0	0	0	0	1	0
aa42d0ad657f3a975c6c6016376b724c	0	0	0	2	0	0	0	0	0	0	0	0	0	0	0	0	13	0	0	44	0	7	0	0	0	0	0	0	0	1
699bf2a44db50ff01fd7fae9e92d20c2	0	0	0	2	0	0	0	0	0	0	0	0	0	0	0	0	1	0	0	11	0	10	3	0	0	0	0	0	0	0
278c58b675722be2b55657e690aa66c0	0	0	0	2	2	0	0	0	0	0	0	0	0	0	0	0	5	0	0	0	0	0	0	0	0	0	0	1	0	0
8aab674972646f7bf9dd626285f03297	0	0	0	2	2	0	0	0	0	1	0	0	0	0	0	0	2	0	0	0	0	0	0	0	0	0	2	0	0	2
fd63b347c1efaad5067f68b1502d894c	0	0	0	2	6	0	0	0	0	0	0	0	0	0	0	0	0	0	2	0	2	0	0	0	0	0	5	0	0	3
7a0e2484f4301cccdbbb86dad4f3c592	0	0	0	2	0	0	0	0	0	0	0	0	0	0	0	0	0	0	0	9	0	0	5	1	0	0	0	0	0	2
efaae3aa22e9117d81a431a90bd5840f	0	0	0	2	6	0	1	0	0	0	0	0	0	0	0	0	2	0	0	0	0	0	0	0	0	0	0	0	0	0
fe7b8becd9336f66c65c36b424570a14	0	0	0	2	0	1	0	0	0	1	0	0	0	0	0	0	0	0	4	0	0	0	1	4	0	0	1	2	38	1
b12aeff4cda4329d4b925c843f562bea	0	0	0	2	0	0	0	0	0	0	0	0	0	0	0	0	1	0	0	0	0	0	0	4	0	0	8	0	0	18
7ebe0792cf7e882fca4533d88dba958c	0	0	0	2	5	0	0	0	0	0	0	0	2	0	0	0	3	1	2	0	0	0	1	0	0	0	2	1	0	1
83ec643ac449f8d7c165ed40017291af	0	0	0	2	1	1	4	0	0	7	0	11	1	6	16	0	0	0	0	0	1	0	0	5	19	0	1	4	17	12
c545ed4e31a04655c426ba2c61c8850f	0	0	0	2	0	2	0	3	0	0	0	1	0	0	2	1	0	0	0	0	3	0	0	1	0	0	0	7	0	0
f270fc9525d5f311cca8206557d53204	0	0	0	2	0	1	0	0	0	4	0	12	28	0	0	7	0	1	0	0	0	0	0	0	0	0	0	1	4	0
bcfe7396d024470f036c284e3c82decb	0	0	0	2	0	0	4	0	0	0	0	0	0	0	5	0	0	0	0	0	0	0	0	0	0	0	0	0	0	0
d26172571869a3529999a3c48e4045d1	0	0	0	2	0	0	0	0	0	0	0	0	0	0	0	0	0	0	1	0	0	6	1	0	0	0	1	0	1	0
7b6e9d2f0ce885389118a5964da95c2d	0	0	0	2	0	0	0	0	0	0	0	1	0	0	0	4	0	0	0	0	0	0	0	0	0	0	0	4	7	1
af212f8c6102be6ef5e434dae52d565c	0	0	0	2	0	0	0	0	0	0	0	0	0	0	0	0	12	0	0	0	0	0	0	0	0	0	0	0	0	0
05c117f62589fcc9c2b402bdd5398e3e	0	0	0	2	7	0	0	0	0	0	0	0	0	0	0	0	0	0	0	1	0	3	12	0	0	0	0	0	2	0
bdc8cb56c5397cdef9cd7cf8ecac3ada	0	0	0	2	6	0	0	0	0	0	0	0	0	0	0	0	0	0	0	2	0	0	2	1	0	0	0	0	1	0
797209d4404a295b661b59429196600e	0	0	0	2	0	0	0	0	0	0	0	0	0	0	0	0	1	0	0	6	0	4	1	0	0	0	0	0	0	0
b3374b1d1053616147ca74fafaebde89	0	0	0	2	0	0	0	0	0	0	0	0	0	0	0	0	0	0	0	13	0	0	0	0	0	0	0	0	0	0
2a4e5f0d50612b143fa431b2c38264f7	0	0	0	2	0	0	0	0	0	0	0	0	0	0	0	0	4	0	0	0	0	0	4	0	0	0	0	0	0	0
dcc6001fca8bb7120e56d1ce08910fd9	0	0	0	2	0	0	0	0	0	0	0	0	0	0	0	0	1	0	0	16	0	0	0	0	0	0	0	0	0	0
cbcbdd31dcba948ed5e52b02374a4e40	0	0	0	2	1	0	0	0	0	0	0	0	0	0	0	0	0	0	0	0	0	0	0	0	0	0	1	0	4	2
cfcda0a470558bdef91f4ba525c75d76	0	0	0	2	0	0	0	0	1	2	0	2	0	0	0	0	0	0	0	0	1	0	0	0	0	0	0	0	5	2
c971123aae3c40b6275ef4157728afa6	0	0	0	2	0	0	2	0	0	4	0	0	0	0	4	6	0	1	0	0	0	0	0	0	13	0	1	0	6	1
065e2933e9a73be0f95121cf12a46c75	0	0	0	2	0	0	0	0	0	0	0	0	0	0	0	0	0	0	5	14	1	2	0	0	0	0	0	0	0	1
55e741dc53496dd0a26d5b2ec1d13689	0	0	0	2	7	0	0	0	0	0	0	0	0	0	1	0	0	0	0	1	0	0	0	0	0	0	0	0	0	0
9bfc7719d0d267d8a38f4dd0a9620153	0	0	0	2	7	0	0	0	0	0	0	0	0	0	0	0	0	0	0	5	0	5	0	0	0	0	0	0	0	0
ffe3fbd3abff056c059d069896c08634	0	0	0	2	2	0	0	0	0	0	0	0	0	0	0	0	2	0	0	1	0	0	6	0	0	0	0	0	1	0
fc40912ca7ab505a63052a529ad10486	0	0	0	2	0	0	0	0	0	0	0	0	0	0	0	0	9	0	0	0	0	0	0	0	0	0	0	0	0	0
b4b484697160fc1762b556fc7c4eadc2	0	0	0	2	6	0	0	0	0	0	0	0	0	0	0	0	4	0	0	0	0	0	0	0	0	0	0	0	0	0
79ba78915c26366c2fa2280eea0a5e1e	0	0	0	2	35	0	0	0	0	0	0	0	0	0	0	0	0	0	2	21	2	21	119	0	0	0	0	0	0	1
36159548296ae73e2070394bd075bd46	0	0	0	2	7	1	0	0	0	0	0	0	0	0	0	0	2	0	0	0	0	0	0	0	0	0	0	0	0	1
471f831d24893e3e0e1e97e74b5c7655	0	0	0	2	2	0	0	0	0	0	0	0	0	0	0	0	0	0	0	0	0	0	6	0	0	0	1	1	0	0
37030ba20b618e006a051fa8dff553a0	0	0	0	2	0	0	0	0	0	0	0	0	0	0	0	0	0	0	0	8	0	2	0	0	0	0	0	0	0	0
853c433cce3a5f0ef496a0d5dc0fc9f2	0	0	0	2	0	0	0	0	0	0	0	0	0	0	0	0	6	0	0	0	0	2	0	0	0	0	0	0	0	0
7c8da6c6d2593bbe4ef5a095a464ab1e	0	0	0	2	2	0	0	0	0	0	0	4	0	0	2	1	0	0	0	1	0	0	0	0	0	0	0	0	2	1
6f84d591424abc3d778720fa9e6eb2c0	0	0	0	2	4	0	0	0	0	0	0	0	0	0	0	0	0	0	0	78	0	28	0	0	0	0	0	1	2	0
b6e41c7488073c5124a398ec1d1ec02a	0	0	0	2	0	0	4	2	1	1	1	1	0	0	5	4	0	1	0	0	0	0	0	0	0	1	1	3	0	0
56a7bda7db5791f56f5e62903188c2db	0	0	0	2	0	0	0	0	0	0	0	0	0	0	0	0	0	0	0	15	0	0	7	0	0	0	1	0	0	0
dcd8ce52b4fbbae061b67fc20306a5f1	0	0	0	2	1	0	0	0	0	0	0	0	0	0	0	0	10	0	0	0	0	0	0	0	0	0	0	0	0	1
911fc4204e3e0f806809f0dd22ef018d	0	0	0	2	0	0	0	0	0	0	0	0	0	0	0	0	0	0	0	11	0	1	4	0	0	0	0	0	1	0
372b6b0651aefca4a61942e8fa3cf8be	0	0	0	2	1	0	0	0	0	0	0	0	0	0	0	0	8	0	0	0	0	0	0	0	0	0	0	0	0	0
7b3f056a3eb1504bd8d67bb9da227935	0	0	0	2	3	0	7	0	1	0	0	1	2	0	8	6	1	0	0	0	0	0	0	0	0	0	0	1	0	2
5a3c74d17b655fed9f77ee156c54b8b3	0	0	0	2	0	0	0	6	22	0	31	0	0	0	8	27	0	0	0	0	2	0	0	5	45	61	0	6	0	3
b78d012671d8c6397b03868ab9b2ea96	0	0	0	2	1	0	0	1	0	74	1	72	0	0	0	56	2	8	0	0	1	0	0	5	0	0	0	35	162	21
b63147e0aad55423ff6ffa98403e3c3c	0	0	0	2	3	0	0	0	0	0	0	0	0	0	0	0	4	0	0	9	0	6	9	0	0	0	0	0	0	0
39f33687168b0bb4a19b7325c5fba34c	0	0	0	2	13	0	0	0	0	0	0	0	0	0	0	0	0	0	0	0	0	1	0	0	0	0	0	0	0	0
07dd9d9ca3630e7d67e0885d80d79cd8	0	0	0	2	0	0	2	2	0	1	0	0	0	0	0	1	0	0	4	0	6	0	0	1	1	0	1	2	3	6
9ea9510abec4b27146700edf93ae7563	0	0	0	2	4	0	0	0	0	0	0	0	0	0	0	0	1	0	0	1	0	0	0	0	0	0	0	0	0	2
490c48dd594e7d532169102ee93a0f2a	0	0	0	2	13	0	3	0	0	0	0	0	0	0	4	1	4	0	0	1	0	0	0	0	0	0	0	0	0	0
3b3de1476efac3cee995d60c61918950	0	0	0	2	3	0	0	0	0	0	0	3	0	1	0	0	0	0	0	0	0	0	0	0	0	0	0	0	4	0
5a190eae87f2941432b3c9a32d8f66c3	0	0	0	2	0	0	0	0	0	0	0	0	0	0	0	0	0	0	0	2	0	2	9	0	0	0	0	0	0	0
5fd3ad233ab7da71a11f3c90cee3e422	0	0	0	2	0	0	0	1	2	0	0	0	0	0	0	2	2	0	0	0	0	0	0	0	0	0	0	0	0	2
55203560ad2bb0c0645a7cb36eab9b31	0	0	0	2	0	0	0	0	0	0	0	0	0	0	0	0	4	0	0	4	0	7	0	0	0	0	0	0	0	0
0c971f46d540272f29521524314e0c17	0	0	0	2	0	0	0	0	0	0	0	0	0	0	0	0	0	0	0	2	0	28	16	0	0	0	0	0	0	0
1135e3f45b6c015bd25b8b1d3eb87346	0	0	0	2	4	0	0	0	0	0	0	0	0	0	0	0	14	0	0	0	0	0	0	0	0	0	0	0	0	0
f07beaa512454d6328b727fb44fb82e4	0	0	0	2	8	0	0	0	0	0	0	0	0	0	0	0	3	0	0	6	0	4	1	0	0	0	0	0	0	0
fba580b03a34d6d7feca7b5f94926a24	0	0	0	2	1	0	0	0	0	0	0	0	0	0	0	0	0	0	0	16	0	17	23	0	0	0	0	0	0	0
4dd11cdfe4edabba4aff1f42199b27f6	0	0	0	2	0	1	0	0	2	0	1	0	0	0	0	2	1	0	0	0	0	0	0	0	0	0	0	0	0	2
02ca169f5ad84571b80b1570d144beef	0	0	0	2	0	0	0	0	0	0	0	0	0	0	0	0	0	0	0	23	0	19	22	0	0	0	2	0	0	1
2134e603974f9d876d06f020d9c44e0e	0	0	0	2	9	0	0	0	0	0	0	0	0	0	0	0	0	0	0	0	0	0	0	0	0	0	0	0	0	0
130008be6f510fad1fd5f21a84abecfc	0	0	0	2	0	0	0	0	0	0	0	0	0	0	0	0	0	0	1	0	0	0	7	0	0	0	0	0	0	0
9f3c0155d5c675f6465bf46768b40df7	0	0	0	2	0	0	0	0	0	0	0	0	0	0	0	0	0	0	0	5	0	3	3	0	0	0	0	0	0	0
ef6ec948ab1f63ca9afd10606d16c492	0	0	0	2	0	0	0	0	0	0	0	0	0	0	0	0	2	0	0	14	0	2	0	0	0	0	1	0	1	0
df48194191e3b535c11def57d926009c	0	0	0	2	2	0	5	0	0	0	0	1	0	0	6	1	0	0	0	0	0	0	0	0	0	0	0	0	0	0
c785b92fa5c311a528a2310ea8b3821f	0	0	0	2	5	0	0	0	0	0	0	0	0	0	0	0	3	0	0	5	0	0	1	0	0	0	0	0	0	0
e2ad98537796d182ddb24a750cac65b8	0	0	0	2	0	0	0	0	0	0	0	0	0	0	0	0	0	0	0	3	0	0	3	0	0	0	0	1	4	4
e0f6cf89db0a3aa33382779ee3c409cc	0	0	0	2	0	0	0	0	0	0	0	0	1	0	0	0	0	0	0	0	1	0	0	0	0	0	1	0	0	8
edcd7feb7bb19ab86d2cc18f14b18ce6	0	0	0	2	3	0	0	0	0	0	0	0	0	0	0	0	0	0	0	0	0	0	0	0	0	0	0	0	0	6
5a72a4c625c675341368858455fd97d0	0	0	0	1	0	0	0	0	0	0	0	0	0	0	0	0	19	0	0	0	0	2	0	0	0	0	0	0	0	0
353c472303d7b1ebc51ac806e6fdc095	0	0	0	1	1	0	1	0	0	0	0	0	5	0	0	1	1	0	0	0	0	0	0	0	0	0	3	0	4	2
4c39b5206c8d59d73d548e3784d77dbc	0	0	0	1	0	0	0	0	1	1	1	0	0	0	2	1	0	0	0	1	0	0	1	0	0	0	1	5	0	0
ad45edd9d48f63581a692a349c7d8c08	0	0	0	1	0	0	0	0	0	0	0	8	0	0	0	0	0	0	0	0	0	0	0	0	0	0	0	1	0	0
1e33b179fadfb9dc0aabbc6522b9317d	0	0	0	1	0	0	0	0	0	0	0	0	0	0	0	0	0	0	0	37	0	19	0	0	0	0	0	0	0	0
0b74e6a7f69dc31e40b0932e447c0b6b	0	0	0	1	0	0	0	0	0	0	0	0	0	0	0	0	11	0	0	0	0	0	0	0	0	0	0	0	0	0
7afe857f0260d1432ad45a435b225a20	0	0	0	1	0	0	0	0	0	0	0	0	0	0	0	0	0	0	0	0	0	0	0	0	0	0	11	0	1	3
6da5320b119913cd3026e3821b7da5e0	0	0	0	1	0	0	0	0	0	0	0	0	0	0	0	0	0	0	0	39	0	4	0	0	0	0	0	0	0	0
017ab26dfce64a23b5ce4e5e5164d126	0	0	0	1	0	0	0	0	0	0	0	0	0	0	0	0	0	0	0	0	2	0	0	1	0	0	4	3	0	0
1f810f2c1bd912bbaa617984564e2eab	0	0	0	1	0	0	0	0	0	0	0	0	0	0	0	0	0	0	0	25	0	4	0	0	0	0	0	0	0	2
85562b23f35256062e31965c4fa29943	0	0	0	1	0	6	0	0	13	0	0	0	0	0	0	0	0	5	0	0	0	0	0	0	0	0	1	4	0	0
fabd174deefe0364084e448bf118fdd5	0	0	0	1	0	1	0	5	0	0	0	0	0	0	8	0	0	0	0	0	0	0	0	0	0	0	0	0	0	0
afeab391598d1a8b085ec3de4c0f8c01	0	0	0	1	3	0	0	0	0	0	0	0	0	0	0	0	0	0	0	4	0	0	25	0	0	0	0	0	0	0
3f1b36542a61a0260b0dff679d54c78a	0	0	0	1	0	0	0	0	0	0	0	0	0	0	0	0	0	0	0	16	0	7	4	0	0	0	0	0	0	0
d3ce4ced66dd59a766cc7e34566a0e74	0	0	0	1	0	0	1	0	0	2	0	0	4	0	0	4	0	0	0	0	0	0	0	0	0	0	0	0	0	0
71c82b5a154508f13c18b1f38aed5544	0	0	0	1	0	0	0	0	0	0	0	0	0	0	0	0	0	0	0	24	0	3	7	0	0	0	0	0	0	0
7dd5868502604aac789aaf2232ad7a33	0	0	0	1	3	0	0	0	0	0	0	0	0	0	0	0	0	0	0	0	0	6	3	0	0	0	0	0	1	0
54c0b02a17535aac6f04b7566ee86dad	0	0	0	1	0	0	0	0	0	0	0	0	0	0	0	0	1	0	0	22	0	0	0	0	0	0	0	0	0	0
cab270ea42127a4247a9f94f5bb11a6a	0	0	0	1	0	0	0	2	0	0	12	1	0	0	3	0	1	2	0	0	0	0	0	0	0	0	0	0	0	0
fd80b9d9e565bd294d4a3f67b4d2fce0	0	0	0	1	0	0	8	0	0	0	0	0	0	0	0	1	0	0	0	0	0	0	0	0	0	0	0	1	0	0
c1984c9621d73eea9925f441262ad81d	0	0	0	1	0	0	6	0	0	0	0	6	4	0	2	3	0	0	0	0	0	0	0	0	0	0	0	3	0	0
7c9e221a2b6e0945046b198323993be9	0	0	0	1	0	0	0	0	0	1	0	5	0	0	0	0	0	0	0	0	0	0	0	0	0	0	0	4	1	0
2850eccb96c3e0cb28da2a4c147bddd8	0	0	0	1	1	0	0	1	0	0	0	3	0	0	1	0	1	0	0	0	0	0	0	0	0	0	0	1	0	1
efb04c1f19dc42764e132d2357ac57ec	0	0	0	1	0	0	0	0	0	2	0	0	0	0	0	0	0	0	0	0	2	0	0	4	0	0	2	1	0	0
fe0735eb4d48d94fbf6a27728467da42	0	0	0	1	22	0	0	0	0	0	0	0	0	0	0	0	0	0	0	0	0	0	0	0	0	0	0	0	0	0
a114962549df43829ac54bb8ae73e97b	0	0	0	1	0	0	0	0	1	0	0	1	0	0	0	0	0	0	0	0	0	0	0	0	0	0	1	0	3	5
078175a31f1d22f20a94fafbb69df188	0	0	0	1	0	0	0	0	2	0	0	0	3	0	0	1	0	0	0	0	0	1	0	0	0	0	0	0	0	2
40f745eea91a0cf348ccf0d90409ff72	0	0	0	1	0	0	0	0	0	0	0	0	0	0	0	0	0	0	0	8	0	5	3	0	0	0	0	0	0	1
95ed95dc664f26c21b3c5b20cd835f05	0	0	0	1	0	0	0	0	0	1	1	0	0	0	0	0	0	0	0	0	0	0	0	0	0	0	0	2	2	7
a0936207a3b6e654d0e7ff3e236947a3	0	0	0	1	0	0	2	0	0	0	0	0	1	0	0	0	0	0	5	0	1	0	0	1	0	0	15	0	0	2
1a1c68324d3776e80dd7c7f1c0b79a9e	0	0	0	1	0	0	0	0	0	0	0	0	0	0	0	0	0	0	0	0	0	0	0	0	0	0	6	1	0	2
f14895e7075520294a3b25219037713c	0	0	0	1	0	0	0	0	0	0	0	0	0	0	0	0	0	0	0	0	0	0	32	0	0	0	0	0	0	0
dc63d76c745e8dd104beb3ed2169215a	0	0	0	1	9	0	0	0	0	0	0	0	0	0	0	0	0	0	0	0	0	0	0	0	0	0	0	0	0	0
c9c9e9c732f8f4769c874236d9bb8270	0	0	0	1	0	4	0	1	0	0	0	1	2	2	0	1	2	0	0	0	0	0	0	0	0	0	0	0	0	0
7524648be186cacecb2b852274993731	0	0	0	1	0	0	0	0	0	0	0	0	0	0	0	0	3	0	0	86	0	53	18	0	0	0	0	0	0	0
7588c7251b9fc4a46f1eb1287dd1f20b	0	0	0	1	0	0	0	0	0	0	0	0	0	0	0	0	9	0	0	0	0	0	0	0	0	0	0	0	0	0
16b343872b33a2d10efd44c6357c6319	0	0	0	1	0	3	1	4	0	0	0	0	0	0	1	0	0	4	0	0	0	0	0	0	1	0	0	2	0	0
c3fb2f32de1cd222f2dad8028e115944	0	0	0	1	0	0	3	0	0	8	0	0	1	2	0	0	0	0	0	0	0	0	0	0	0	0	0	0	0	0
5bfb496d93a57518df0f2faafabfb7cd	0	0	0	1	2	0	0	0	0	0	0	1	0	0	0	0	0	0	0	0	0	0	0	0	0	0	1	1	4	4
554436f8abb906874daa20a8ea8cab3c	0	0	0	1	0	0	0	0	0	0	0	0	0	0	0	0	20	0	0	1	0	0	0	0	0	0	0	0	0	0
8863a21f6a07ac418ef4be61d7da3993	0	0	0	1	1	0	0	0	0	0	0	0	0	0	0	0	0	0	0	4	0	12	0	0	0	0	0	0	0	0
3501baaf043b61e0d99625029723aea7	0	0	0	1	1	0	2	0	2	0	0	3	0	0	0	2	3	0	0	0	0	0	0	0	0	0	0	0	0	0
b904c045ad1ced61227880d049a5da7b	0	0	0	1	0	0	0	0	0	0	0	0	0	0	0	0	0	0	0	9	0	0	0	0	0	0	0	0	0	0
3b12ebf5283d8a017a7364b462154be5	0	0	0	1	0	0	0	0	0	0	0	0	0	0	7	0	1	1	0	0	0	0	0	0	0	0	0	0	0	1
bc34b1fb904dc3265151aac1248d3814	0	0	0	1	12	0	0	0	0	0	0	0	0	0	0	0	4	0	0	2	0	0	0	0	0	0	0	0	0	0
e6cd03ef3dc1db05b5049788f9925ce8	0	0	0	1	0	0	0	0	0	0	0	0	0	0	0	0	0	0	0	8	0	4	2	0	0	0	0	0	0	0
838e2fb96fd07fedc8d4c47c6b39569b	0	0	0	1	1	0	0	2	0	0	0	0	0	0	0	0	1	4	0	0	0	0	0	0	0	0	1	0	0	0
2306955ec31fd804903e5202c21eb55b	0	0	0	1	14	0	0	0	0	0	0	0	0	0	0	0	4	0	0	5	0	15	0	0	0	0	0	0	0	0
1a70db33e39e659ab493ea33fc6ada13	0	0	0	1	0	0	0	2	2	0	0	0	0	0	0	0	0	0	3	0	5	0	0	0	0	0	4	0	14	4
53814109b06328ffea98007f8660f0cf	0	0	0	1	0	0	2	0	0	1	1	0	0	0	1	1	0	0	0	0	0	0	0	0	3	0	0	0	0	0
dfbd5ab19600eeabdc0540011c09337c	0	0	0	1	16	1	1	0	0	0	0	0	0	0	2	0	0	0	0	1	1	1	1	0	0	0	1	0	1	3
db6fb0479726e23caaf97ddaba8c6f85	0	0	0	1	0	0	0	0	0	0	0	0	0	0	0	0	0	0	0	9	0	1	1	1	0	0	0	0	0	0
8e660813a1f552e3d400090a232ac7d2	0	0	0	1	1	0	0	0	0	0	0	0	0	0	0	0	1	0	0	11	0	0	0	0	0	0	0	0	0	0
1c810a73620207366bad96ada595e65b	0	0	0	1	0	0	1	1	0	0	0	0	0	0	0	0	0	2	0	0	0	0	0	0	0	0	1	2	2	2
221f365ab82a0e98ec212190543e164a	0	0	0	1	0	0	0	0	0	0	0	0	0	0	0	0	2	0	1	0	0	0	0	0	0	0	2	1	0	7
43210160c436522bff617d1757a01739	0	0	0	1	2	0	0	0	0	0	0	0	0	0	0	0	5	0	0	2	0	0	0	0	0	0	0	0	0	0
81e9e65cd81a4728db96589d3f7bb256	0	0	0	1	0	0	0	2	0	0	0	0	0	0	0	0	0	0	0	0	0	0	0	8	0	0	0	2	0	0
80737f82a183a9b52952005d53188a87	0	0	0	1	14	0	0	0	0	0	0	0	0	0	0	0	5	0	0	1	1	1	0	0	0	0	5	0	39	18
b2ef6d5637eb56f133ec30d044fcf419	0	0	0	1	0	0	1	0	0	0	1	0	0	0	0	0	0	0	0	0	1	0	0	3	0	0	1	0	0	5
8abdc9981cdbc88a8e8f66502e970094	0	0	0	1	10	0	0	0	0	0	0	0	0	0	0	0	0	0	0	0	0	2	0	0	0	0	0	0	0	0
a4955d1bf37ba54a6f84d8c8d7452ec2	0	0	0	1	0	0	0	0	0	0	0	0	0	0	0	0	0	0	0	2	0	7	6	0	0	0	0	0	0	0
febe70257c8ac75c06ac6617c3658ff5	0	0	0	1	4	0	0	0	0	0	0	0	0	0	0	0	0	0	0	0	0	12	0	0	0	0	0	0	0	0
5d11923f4e4d03c020d6b117b9807aac	0	0	0	1	6	0	0	0	0	0	0	0	0	0	0	0	3	0	0	1	0	1	0	0	0	0	0	0	0	0
f3b7d54e597e3bb244099f524f6b870e	0	0	0	1	1	0	0	0	0	2	0	6	0	0	0	0	0	0	3	0	0	0	0	0	2	0	5	2	1	0
f6dbd114ff3dccd835c10b0e0bada25b	0	0	0	1	1	0	0	0	0	0	0	0	0	0	0	0	0	0	0	23	0	6	19	0	0	0	0	0	0	0
3cd5af29202d5fee9781088950d69bed	0	0	0	1	0	0	0	0	0	0	0	0	0	0	0	0	0	0	0	33	0	0	0	3	0	0	2	0	0	0
7740e140492eb7f7896f06e744a1aeed	0	0	0	1	0	0	0	0	0	0	0	0	0	0	0	0	2	0	0	9	0	1	0	0	0	0	0	0	0	0
f7df59db6c2c798b9341f94d2d910eca	0	0	0	1	0	0	0	0	0	0	0	0	0	0	0	0	0	0	0	20	0	7	0	0	0	0	0	0	0	2
04ba7db61a283ec2d1253a6323469789	0	0	0	1	0	0	9	0	0	0	0	0	1	0	4	0	0	0	0	0	1	0	0	0	0	0	0	0	0	3
152c3a29b0b80bd2dd10aa169eaf6fa0	0	0	0	1	0	2	0	2	5	0	0	0	0	0	41	3	0	1	0	0	0	0	0	0	0	0	0	0	0	0
cfcebf119f8e215241868fdf797ddcaf	0	0	0	1	1	0	0	0	0	0	0	0	0	0	0	0	2	0	0	15	0	7	2	0	0	0	0	0	0	0
2feb92c46d77eb7029db0928d85e1932	0	0	0	1	0	2	0	2	20	0	0	5	0	0	0	0	0	17	0	0	0	0	0	0	0	24	0	5	2	0
5fddd190237fe51842bda6fda2de870c	0	0	0	1	0	0	0	0	0	0	0	0	0	0	0	0	0	0	0	0	0	0	0	0	0	0	0	0	13	1
798353e2024be838fa92fec1ac400bfe	0	0	0	1	0	0	0	1	0	0	0	0	3	0	0	0	0	1	0	0	0	0	0	0	0	0	0	2	1	2
28fcc6477a9616ba018a37277439f33a	0	0	0	1	1	0	0	0	0	0	0	0	0	0	0	0	0	0	0	86	0	26	16	0	0	0	3	2	0	2
adf2aeb5744b72ed2dcf64d8b55209b7	0	0	0	1	3	0	0	0	0	0	0	0	0	0	0	0	0	0	0	0	0	0	3	4	0	0	0	3	0	0
01b370e3c8f09fd099bed01de110be67	0	0	0	1	40	0	0	0	0	0	0	0	0	0	0	0	0	0	0	0	0	0	0	0	0	0	0	0	0	0
45737f470f9d8e2f11adfad85137ee05	0	0	0	1	1	0	1	0	0	2	0	0	0	0	0	1	0	0	0	0	1	0	0	0	0	3	0	3	1	2
bd6a440b6ebb334b9a1b8f09cd14db92	0	0	0	1	5	0	0	0	0	0	0	0	0	0	0	0	0	0	0	4	0	5	4	0	0	0	0	0	0	3
3545d6ebcf448c8bf9ee73b3360a7a56	0	0	0	1	0	11	1	2	41	3	6	7	10	7	3	7	0	1	0	0	0	0	0	1	0	0	0	2	3	2
bf31e76c95fa2920661088cfc072580b	0	0	0	1	9	0	0	0	0	0	0	0	0	0	0	0	0	0	0	0	0	0	0	0	0	0	0	0	0	0
131b556e850a6548cc3732cce26957de	0	0	0	1	2	0	0	0	0	0	0	0	0	0	0	0	0	0	1	0	0	0	13	0	0	0	0	0	4	1
61a7d6f14aca590194f47c1d7498dab6	0	0	0	1	0	0	0	0	0	0	0	0	0	0	0	0	0	0	0	17	0	5	2	0	0	0	0	0	0	0
11008499f22083869c72a2e1a63388d2	0	0	0	1	0	3	0	0	0	0	0	0	0	0	5	0	0	7	35	1	147	0	21	15	0	0	0	57	0	0
1cf43d0d9213d49d24c686500e53fba0	0	0	0	1	0	5	0	0	0	0	0	3	0	0	0	0	0	0	0	0	0	0	0	0	0	0	0	1	4	0
6c6b45b2d24f87ffbd79a34679570b5f	0	0	0	1	0	0	0	0	0	0	0	2	0	0	1	3	0	10	0	4	0	0	3	0	0	0	2	1	1	1
783ae0183732ac8a41758511dc87c2a6	0	0	0	1	0	0	0	0	0	2	0	0	0	0	0	0	0	0	2	0	4	2	0	0	0	0	1	0	5	5
d0f633051c8d4c1c7f6bfb1940f1176a	0	0	0	1	0	0	0	0	0	0	0	0	0	0	1	0	4	0	0	4	0	0	0	0	0	0	0	0	0	0
56d6fa76459d4746b0a4d0818ac4a571	0	0	0	1	0	0	0	0	0	0	0	3	0	0	0	0	0	0	1	0	6	0	0	1	0	0	0	0	0	0
3728182c4603a57d42dc357d1490cc38	0	0	0	1	1	0	0	0	0	0	0	0	0	0	0	0	1	0	0	9	0	11	10	0	0	0	3	0	0	0
6a54a75344428869310dd5f001f60b24	0	0	0	1	1	0	0	0	0	0	0	0	5	0	0	9	6	0	0	0	0	0	0	0	1	0	0	1	0	0
7645c9a63b04eeb804ccaf9f885b45f2	0	0	0	1	0	0	0	0	0	0	0	0	0	0	0	0	1	0	0	0	0	0	0	0	0	0	3	0	8	7
8dcfbc318bb425f4b265c05e4e5e83fd	0	0	0	1	6	0	0	0	0	0	0	0	0	0	0	0	0	0	0	3	0	16	13	0	0	0	0	0	13	1
5b2ea55b39b890f7f58522e5f35fe3c1	0	0	0	1	0	2	0	0	3	2	0	5	0	0	0	0	0	0	0	0	2	0	0	2	0	0	0	7	2	0
2e5600642540fa47b20059efc4e98888	0	0	0	1	3	0	0	0	0	0	0	1	0	0	0	0	0	0	1	1	0	4	4	0	0	0	4	0	4	2
0733e342680b1a14a542b56caa14a70a	0	0	0	1	0	0	1	0	2	0	1	3	0	0	0	0	0	4	6	0	80	0	0	0	0	0	0	3	1	2
b826c47e79384ae8f222ee7467e76258	0	0	0	1	1	0	0	0	0	0	0	0	0	0	0	0	0	0	0	0	0	0	0	2	0	0	8	0	0	0
bad7a069280b9a9a53b7b0df93bdcd76	0	0	0	1	0	0	7	0	0	0	0	0	4	2	1	0	0	0	0	0	0	0	0	0	0	0	0	0	0	0
72789915c3b39f52e7ddbe1ba6422874	0	0	0	1	0	2	0	0	0	0	3	0	1	1	2	0	0	6	0	0	0	0	0	0	0	0	0	0	0	1
3e6bb06da7743ece2896f454e97e90e4	0	0	0	1	6	0	0	0	0	0	0	0	0	0	0	0	0	0	0	0	0	5	0	0	0	0	0	0	0	1
eda499e7e07e0385ebb21dd074453b03	0	0	0	1	0	0	0	0	0	0	0	0	0	0	0	0	0	0	0	0	0	15	0	0	0	0	0	0	0	0
a8cf5eb2131efda29142a2e0a7b7793d	0	0	0	1	0	0	0	0	0	0	0	0	0	0	0	0	0	0	0	0	0	42	39	0	0	0	0	0	0	0
04163d879fb013679dab13e47223e781	0	0	0	1	0	0	5	0	0	1	0	0	1	0	2	0	0	0	0	0	0	0	0	0	0	0	6	0	0	4
c33324c674e6e557f8339037f437b051	0	0	0	1	0	3	0	5	2	1	2	10	0	0	2	0	0	5	0	0	0	0	0	1	0	0	0	4	4	0
56febe0f79cf7e8aa3bcc127acc8a9da	0	0	0	1	0	0	0	0	0	0	0	0	0	0	0	0	0	0	0	0	1	0	0	0	0	0	6	0	2	8
af28dfce23ca299cfd0bddf59f255080	0	0	0	1	0	0	0	0	9	0	0	9	0	0	0	0	0	0	0	0	0	0	0	5	37	0	8	16	0	3
d1b1b9ce5d0713cd32f44e305223c899	0	0	0	1	12	0	0	0	0	0	0	0	0	0	0	0	17	0	0	134	0	63	32	0	0	0	0	0	0	0
08ba8fa62ad1af4c65b8e4c5559b335b	0	0	0	1	0	0	0	0	0	0	0	0	0	0	0	0	10	0	0	16	0	0	1	0	0	0	0	0	0	0
a2e5b981d2c9a72003d9e2ee2f300d43	0	0	0	1	0	0	0	0	0	0	0	0	0	0	0	0	0	0	0	0	0	0	0	0	0	0	7	0	0	11
a53b1b26c0cfaa8aabacafc242ebbc99	0	0	0	1	0	2	0	0	0	1	0	0	0	0	0	1	0	1	0	0	1	0	0	0	0	0	0	5	2	0
19bbef530411ac22be34dab726cb41a9	0	0	0	1	0	0	0	0	0	0	0	0	0	0	0	0	0	0	0	0	0	2	8	0	0	0	0	0	0	0
ef19088290d12cb65fe0020f97d60263	0	0	0	1	0	0	0	0	0	0	0	0	0	0	0	0	0	0	0	14	0	4	10	0	0	0	0	0	0	0
487134ead42619cdb7305db648c819fe	0	0	0	1	8	0	0	0	0	0	0	0	0	0	1	0	0	0	0	0	0	3	7	0	0	0	0	0	0	1
157026a23adf7eb0232f04853146f573	0	0	0	1	0	0	3	1	0	0	0	0	0	1	0	1	3	0	0	0	0	0	0	0	0	0	0	0	12	0
2a1023b7003dedb51b34f64942de3c1e	0	0	0	1	7	0	0	0	0	0	0	0	0	0	0	0	0	0	0	0	0	0	2	0	0	0	0	0	0	0
52d6da92bd33a8b5feb51536dc126ce1	0	0	0	1	0	0	0	0	0	1	0	0	0	0	0	0	0	0	0	0	0	0	0	1	0	0	8	0	3	8
162a5a8cebd8628c800225d8cd91de5a	0	0	0	1	0	0	0	0	0	0	0	0	0	0	0	0	1	0	0	0	0	0	0	0	0	0	3	0	0	6
e253d55036dbbabacc7ac777c8ae6877	0	0	0	1	0	0	0	0	0	0	0	0	0	0	0	0	0	0	0	1	0	0	3	0	0	0	2	0	0	3
6e25c8504c81856c79976d280dcbe3f4	0	0	0	1	0	0	0	0	0	3	0	5	0	0	0	0	0	0	0	0	0	0	0	13	0	0	0	19	0	0
9e32f39e0961240d37d0966835131a47	0	0	0	1	1	0	1	0	3	0	0	1	0	0	3	0	2	0	0	0	0	0	0	0	0	0	0	0	0	0
8783df0c4c61f4715a9671edf049edfe	0	0	0	1	0	0	0	0	0	0	0	0	0	0	0	0	0	0	0	2	0	0	0	0	0	0	4	1	0	2
fc6ca6539217265f13583694994e5c34	0	0	0	1	1	0	2	2	0	2	1	1	0	0	0	6	0	12	2	0	2	0	0	4	0	0	1	0	3	2
8a5a3fdf354f2c660b8997b04309b144	0	0	0	1	0	0	0	0	0	0	0	0	0	0	0	0	0	0	0	4	0	4	3	0	0	0	0	0	0	0
b17050b0398218c526347c890bf55d4e	0	0	0	1	0	3	0	1	0	3	2	4	0	0	0	4	0	0	0	0	0	0	0	0	0	0	0	0	0	0
8e8af0c6a64073643340997a59092ef4	0	0	0	1	3	0	0	0	0	0	0	0	0	0	0	0	0	0	0	1	0	1	0	1	0	0	0	9	0	4
23c88f188c8ba982279de8792bec5c94	0	0	0	1	7	0	0	0	0	0	0	0	0	0	0	0	0	0	0	5	0	14	38	0	0	0	0	0	0	1
abdcb4452fc4ebad438825b8e51ca6f8	0	0	0	1	0	0	5	6	0	1	1	0	0	0	6	2	0	5	0	0	0	0	0	0	0	0	0	0	1	0
068683b2d5f9e72fa0fe5558eea0df9f	0	0	0	1	12	0	0	0	0	0	0	0	0	0	0	0	0	0	0	0	0	38	0	0	0	0	2	0	15	5
f48d6e89d55756afbcc23d786e072343	0	0	0	1	1	0	0	0	0	0	0	0	1	0	0	0	0	0	1	0	1	0	0	0	0	0	1	4	2	4
913a02ce93055f9cb8f916fb2106559c	0	0	0	1	0	2	0	3	2	0	0	0	0	3	3	2	1	0	1	0	0	0	1	4	0	0	0	6	0	4
f53e3931b841621431a886e4cf8601ae	0	0	0	1	0	0	0	0	0	2	0	2	0	0	0	0	1	0	0	0	0	0	0	0	0	0	2	0	0	3
157847ba52f17e7517c0151cca3b6210	0	0	0	1	0	0	0	0	0	0	0	0	0	0	0	0	0	0	0	1	0	0	8	0	0	0	2	0	0	1
91e1eda76a30f2c9d1db30c6d685a683	0	0	0	1	0	0	0	0	0	0	0	0	0	0	0	0	0	0	0	0	0	5	0	0	0	0	1	0	2	1
f1f379d28edf0e6edd36f4432014cee6	0	0	0	1	6	0	0	0	0	0	0	0	0	0	0	0	0	0	0	1	0	2	0	0	0	0	1	0	1	2
23fbf7928432df3eb3da90028e577b39	0	0	0	1	3	0	0	0	0	0	0	0	0	0	0	0	1	0	0	0	0	3	2	0	0	0	0	0	0	0
da7527930c2c98f133ca44219044a597	0	0	0	1	0	0	0	0	0	0	0	0	0	0	0	0	0	0	4	0	9	0	0	2	0	0	2	7	0	0
ad396ce646efacd6681a6319ef944217	0	0	0	1	11	0	0	0	0	0	0	0	0	0	0	0	0	0	0	0	0	18	1	0	0	0	0	0	1	0
f4aea02902ea35a5ee891837b24ec8ef	0	0	0	1	0	0	8	0	1	0	0	5	0	6	6	0	0	0	0	0	0	0	0	0	0	0	0	5	0	0
eb9a163e233e8fded4f2612479fd1f27	0	0	0	1	1	0	0	0	0	0	0	0	0	0	0	0	0	0	0	0	0	14	10	2	0	0	0	0	1	0
b444801d90c9557d824bfffb48a3a078	0	0	0	1	1	0	0	0	0	0	0	0	0	0	0	0	0	0	0	0	0	1	10	0	0	0	0	0	0	1
f697e1e3a71524a592f5cde3256fc9f7	0	0	0	1	0	1	0	1	1	2	0	0	1	7	5	3	0	4	1	0	2	0	0	0	9	1	2	1	0	0
8bb959a08070e1a1782cd53616e0e953	0	0	0	1	0	0	0	0	1	0	0	0	0	0	0	0	0	0	0	0	5	0	0	3	0	0	1	3	0	0
1cbd25db4961c95e49f3609d13911228	0	0	0	1	14	0	0	0	0	0	0	0	0	0	0	0	0	0	0	6	0	9	0	0	0	0	0	0	0	0
337857791084e460782a9e584782b709	0	0	0	1	0	0	0	0	0	0	0	0	0	0	0	0	0	0	0	0	0	20	0	0	0	0	0	0	0	0
82ecebe7e56afa52d37480ff5f2bb447	0	0	0	1	8	0	0	0	0	0	0	0	0	0	0	0	1	0	0	0	0	0	0	0	0	0	0	0	1	0
49c2a3e373935634eb88e2bfa4d09ed6	0	0	0	1	1	0	0	0	0	2	1	1	0	0	0	1	0	0	4	0	1	0	0	2	0	0	0	0	3	0
d7edaa0576086781fe56bf1197acd8a6	0	0	0	1	0	0	2	0	0	0	0	0	0	0	0	6	0	0	0	0	1	0	0	0	0	0	0	0	0	0
b1ccbbf0c1c5d5a4e20c72a546256e5e	0	0	0	1	0	0	0	10	4	0	0	0	0	0	0	3	0	0	0	0	0	0	0	0	6	0	0	0	0	0
3dad362b43956fff51b186539691ed04	0	0	0	1	3	0	0	0	0	0	0	0	0	0	0	0	0	0	0	0	0	0	3	0	0	0	0	0	2	1
65389e88bb35582b960b1b864ff89bfc	0	0	0	1	0	0	0	0	0	0	0	0	0	0	0	0	0	0	0	3	0	6	6	0	0	0	0	0	0	0
74f3c9b721d747f5833d68b4babecfdc	0	0	0	1	0	0	0	0	0	0	0	0	0	0	0	0	0	0	0	7	0	0	3	0	0	0	0	0	0	0
69620a11125ca45c0acb02327501b1fa	0	0	0	1	2	0	0	0	0	0	0	0	0	0	0	0	0	0	0	7	0	3	4	0	0	0	2	1	0	1
7215e9deb70a89254f261aac1ae243ed	0	0	0	1	4	0	0	0	0	0	0	0	0	0	0	0	4	0	0	3	0	1	0	0	0	0	0	0	0	0
c2ec24540a18a3f8145fc1c01f02f563	0	0	0	1	4	0	0	0	0	0	0	0	0	0	0	0	0	0	0	13	0	6	3	0	0	0	0	0	1	0
5d5032d4c82bc512fe7fed54b1c8f6be	0	0	0	1	2	0	0	0	0	0	0	0	0	0	0	0	12	0	0	0	0	0	0	0	0	0	0	0	0	0
febf32639b688b14320e91e199b945a1	0	0	0	1	0	0	0	0	0	0	0	0	0	0	0	0	0	0	0	22	0	0	0	0	0	0	0	0	0	0
d0a31cabbca1078d4bf7d9a459eebdc1	0	0	0	1	0	0	0	1	0	0	0	0	0	0	0	3	0	16	0	0	0	0	0	0	0	0	1	0	1	1
037f20eee955521fb3b2dbdb94fef83c	0	0	0	1	0	1	0	0	2	0	0	0	0	0	1	1	1	0	0	0	0	0	0	0	0	0	0	1	4	0
f5c499dd90294131e2ec7963832cde4a	0	0	0	1	0	0	0	0	0	0	0	0	0	0	0	0	0	0	0	12	0	0	0	0	0	0	0	0	0	0
28a90e7bdef937fd3ffdfdd9a95f0000	0	0	0	1	7	0	0	0	0	0	0	0	0	0	0	0	4	0	0	0	0	0	0	0	0	0	0	0	0	1
185d54d1cf0bd91075c9405d73e39be2	0	0	0	1	0	0	0	0	0	1	0	0	0	1	0	0	0	0	0	0	2	0	0	1	0	0	2	3	0	1
cbe3d425f96c340da13e308cf2e29a16	0	0	0	1	6	0	0	0	0	0	0	0	0	0	0	0	2	0	0	1	0	0	0	0	0	0	1	0	3	1
7f3037f79a4a8be9a252741b6fe72909	0	0	0	1	0	4	0	2	1	2	5	0	0	0	2	3	0	0	0	0	0	0	0	0	0	0	1	0	0	0
c7be7d37f4f81b9428d104ae138635d7	0	0	0	1	0	2	2	0	5	2	0	22	0	0	1	1	0	0	0	0	0	0	0	5	0	0	4	0	20	1
5cfec9fb19b2ab29417bba54b3907486	0	0	0	1	1	0	0	0	0	0	0	0	0	0	0	0	0	0	0	2	0	7	0	0	0	0	0	0	0	0
de97d62779f5de5b9c1a834e68992e52	0	0	0	1	31	0	0	0	0	0	0	0	0	0	0	0	0	0	0	9	0	0	41	0	0	0	2	0	0	0
3ae8302910ced9bd2b438e8c9e7706bd	0	0	0	1	0	1	0	1	0	1	0	1	2	0	2	15	0	12	65	0	101	0	0	4	0	0	12	0	0	21
a0baaf96b27a12c8282c9a50111e6421	0	0	0	1	0	0	0	0	0	0	0	0	0	0	0	0	17	0	0	0	0	0	0	0	0	0	0	0	0	0
5825b24881291775dc35ba75541c446c	0	0	0	1	1	0	0	0	0	0	0	0	0	0	0	0	0	0	0	5	0	4	5	0	0	0	0	0	0	0
ce34329c7f86027ba9db881f973dec34	0	0	0	1	0	1	0	0	0	0	0	0	0	0	0	6	4	1	4	0	2	0	0	0	0	0	1	0	2	7
a41fbcf78e56f8f171e0595f871f6fab	0	0	0	1	2	0	0	0	0	0	0	2	0	0	0	0	0	0	0	2	0	0	0	0	0	0	0	0	2	1
81671f9c4da1850060f86b35968ea660	0	0	0	1	1	0	0	0	0	0	0	0	0	0	0	0	0	0	0	1	0	7	0	0	0	0	0	0	0	0
834544ff0309d54d526ca326ce752d6e	0	0	0	1	0	0	18	0	0	0	1	0	0	0	32	0	0	40	0	0	1	0	0	4	1	0	0	0	0	0
46984ff9cf20a69b2a4bcc447f2d66ce	0	0	0	1	0	0	0	0	0	0	0	0	0	0	0	0	0	0	0	1	0	0	14	0	0	0	0	0	0	0
202853090b0b5752c03a0c76dc1ea226	0	0	0	1	0	0	0	0	0	0	0	12	0	0	0	0	0	0	0	2	0	0	1	0	0	0	0	0	0	1
388bcd16b90d2c1a1b9c286423e06cf6	0	0	0	1	0	0	0	0	0	0	0	0	0	0	0	0	0	0	0	6	0	5	3	0	0	0	0	0	0	0
4f1d24cc7f461215f689f8f35bd1777c	0	0	0	1	0	1	0	0	0	3	0	0	0	0	0	0	0	30	0	0	0	0	0	4	0	9	1	7	10	0
dbfa0eae75e7b6369b5f3a8f94c85083	0	0	0	1	0	0	0	0	0	0	0	0	0	0	0	0	0	0	0	6	0	2	1	0	0	0	1	0	0	0
caf7b4269bf2bcb1715dd192470f83cb	0	0	0	1	0	0	0	0	0	0	0	0	0	0	0	0	0	0	0	7	0	2	0	1	0	0	0	0	0	0
8c1171f01575db5d3361911c1a3cd7e3	0	0	0	1	1	0	0	0	0	0	0	3	0	0	0	0	0	0	0	0	0	0	0	0	0	0	2	1	0	11
0a5fbbea1f4fd49e7a07ba32c9213262	0	0	0	1	0	0	0	0	0	0	0	0	0	0	0	0	0	0	0	2	0	4	0	0	0	0	3	0	0	0
bfb9a1067b4c651e201f3f437c552f97	0	0	0	1	0	0	0	0	0	0	0	0	0	0	0	0	0	0	0	0	1	0	0	1	0	0	3	0	2	6
8d38ba681ba4c6517944e0df699380a4	0	0	0	1	1	0	0	6	31	5	35	1	0	0	0	0	0	35	0	0	0	0	0	3	45	0	2	10	0	6
1ef6fe74c661fe8a236a7c6f6150db67	0	0	0	1	0	0	0	0	1	0	0	0	0	1	1	9	1	1	0	0	0	0	0	0	0	0	0	0	0	1
5ad1def9e0e14cdc9f122e49fb7ab3af	0	0	0	1	0	0	0	0	0	0	0	0	0	0	0	0	0	0	0	0	0	0	0	12	0	0	3	1	1	0
b81262ad3485bd753e5c5a285a1c6e8a	0	0	0	1	0	0	0	0	1	0	0	0	0	0	0	0	0	0	0	0	0	0	0	0	1	0	2	0	4	2
6d370146f785185f95f185c2a26f9e4e	0	0	0	1	0	0	3	1	0	0	0	2	0	0	1	0	2	0	1	0	4	0	0	1	0	0	0	0	1	0
41584b06892c9b562f1b0e9a686f0fb5	0	0	0	1	0	0	2	1	0	0	0	0	0	0	1	4	0	0	0	0	0	0	0	2	0	0	0	1	0	1
bf359bbc1cb2bd1ae758d8d717ce3453	0	0	0	1	0	0	0	0	0	0	0	0	0	0	0	0	0	0	2	0	3	0	0	0	0	0	0	0	0	4
c51d341341f843597c3e4e6516208e1f	0	0	0	1	1	0	0	0	0	1	0	1	0	0	0	0	0	0	0	0	0	0	0	2	0	0	0	5	1	10
4d0190f57106393f298db61732989d59	0	0	0	1	0	0	2	0	0	1	0	9	0	0	0	2	0	0	0	0	0	0	0	1	0	0	0	5	0	0
2597d56be784d6ffa4dfea20184649fa	0	0	0	1	0	0	0	0	0	0	0	1	0	0	3	0	0	1	11	0	20	0	0	19	0	0	1	14	0	6
a334f5edc71c9d9c10e0ae0dca263c21	0	0	0	1	0	0	0	0	0	0	0	0	0	0	0	0	0	0	0	0	0	0	0	0	0	0	9	0	0	0
0cf5d193554c18b982a35c73206735c7	0	0	0	1	0	0	0	0	0	0	0	0	0	0	0	0	0	0	1	4	0	4	0	0	0	0	0	0	0	0
648024fe9dbeafd8d12aaec8f6bfa7ef	0	0	0	1	0	0	0	0	0	3	0	0	0	0	0	0	0	0	0	0	1	0	0	0	0	0	0	0	0	5
3d37e4a5057ee3c5b5f4f39fe2aa9a5c	0	0	0	1	0	7	0	0	22	5	10	4	1	3	7	3	0	9	0	0	0	0	0	0	118	8	0	2	11	0
0a4831fdab36cecc08e2ad09d8550d62	0	0	0	1	0	0	0	2	0	0	0	0	7	0	5	1	0	0	0	0	0	0	0	0	0	0	0	0	0	2
3cca486c2dcaebedc48df161e19ba3d5	0	0	0	0	363	0	0	0	0	0	0	0	0	0	0	0	0	0	0	1	0	0	0	0	0	0	0	0	0	1
d35e0f21d8a717d8d68da05c922a9e72	0	0	0	0	297	0	0	0	0	0	0	0	0	0	1	0	0	0	0	0	0	0	0	0	0	0	0	0	0	0
d77c36666f619176bd9c35bee1e79ec8	0	0	0	0	82	0	0	0	0	0	0	0	0	0	0	0	0	0	0	0	0	0	11	0	0	0	0	1	5	0
849856faa79a5127d0004c87741093ad	0	0	0	0	44	0	0	0	0	0	0	0	0	0	0	0	0	0	0	0	0	0	0	0	0	0	0	0	0	0
68b1ba539bb76edc37cb333b20dbc03f	0	0	0	0	41	0	0	0	0	0	0	0	0	0	0	0	0	0	0	7	1	11	3	0	0	0	2	0	17	4
a1f3cba792fe3b43c31cfbf75b2a44dc	0	0	0	0	34	0	0	0	0	0	0	0	0	0	0	0	0	0	0	0	0	3	0	0	0	0	2	0	0	0
ab055680adcfa4b9ef747302b8113119	0	0	0	0	28	0	0	0	0	0	0	0	0	0	0	0	0	0	0	11	0	17	0	0	0	0	4	0	24	29
cdc5e956842e9a1e3d02222d9cef6058	0	0	0	0	24	0	0	0	0	0	0	0	0	0	0	0	0	0	1	0	0	0	0	0	0	0	0	0	0	1
86e2ae1b5cca2f23f52c7d2deaafb7cf	0	0	0	0	24	0	0	0	0	0	0	0	0	0	0	0	0	0	0	0	0	0	0	0	0	0	0	0	0	0
bffbdca904702d382d8f13062a9af814	0	0	0	0	24	0	0	0	0	0	0	0	0	0	0	0	0	0	0	16	0	3	0	0	0	0	0	1	0	0
344db0700112569635ca8a32bbf10be1	0	0	0	0	23	0	0	0	0	0	0	0	0	0	0	0	1	0	0	17	0	48	86	0	0	0	0	0	0	0
1cae414e063f0212dc5b5ed8a7e36c52	0	0	0	0	21	0	0	0	0	0	0	0	0	0	0	0	0	0	0	13	0	0	0	1	0	0	0	0	0	1
a34d42b6d19f5b4e3850ab9e04eac79f	0	0	0	0	21	0	0	0	0	0	0	0	0	0	2	0	0	0	0	0	0	0	0	0	0	0	0	0	0	0
59c3d9c21a085ba90a3f3700a432157a	0	0	0	0	21	0	0	0	0	0	0	0	0	0	0	0	0	0	0	0	0	0	0	0	0	0	0	0	0	0
d206ecd43db3e54dbd0cdd966c661e43	0	0	0	0	19	0	0	0	0	0	0	0	0	0	0	0	0	0	0	0	1	0	0	0	0	0	1	0	0	0
d09dd18cfd490b9864e19149392f8a62	0	0	0	0	19	0	0	0	0	0	0	0	0	0	0	0	0	0	0	0	0	11	18	0	0	0	0	0	0	0
7637708b37debdcb5bfe24263dd716a6	0	0	0	0	18	0	0	0	0	0	0	0	0	0	0	0	0	0	0	0	0	0	0	0	0	0	0	0	0	0
859952897e9998f62d4e4ac830dae441	0	0	0	0	18	0	0	0	0	0	0	0	0	0	0	0	0	0	0	0	0	8	45	0	0	0	0	0	0	0
aa9fb06e6507a3b0883884d709a2f5d4	0	0	0	0	18	0	0	0	0	0	0	0	0	0	0	0	0	0	0	0	0	0	6	0	0	0	0	0	0	0
0cc6d0720c12635c2c21f2f9daafb317	0	0	0	0	17	0	0	0	0	0	0	0	0	0	0	0	0	0	0	47	0	43	57	0	0	0	1	0	1	10
d241013e1d1a99c9f6e73094fd717ff6	0	0	0	0	16	0	0	0	0	0	0	0	0	0	0	0	0	0	2	3	0	6	0	0	0	0	0	0	0	1
1fe3d10c999b441f9b40590130b77fed	0	0	0	0	15	0	0	0	0	0	0	0	0	0	0	0	0	0	0	0	0	0	0	0	0	0	0	0	0	0
f9b7eb8e2653768cf2b215667c2d72ac	0	0	0	0	15	0	0	0	0	0	0	0	0	0	0	0	0	0	0	0	0	1	22	0	0	0	0	0	1	0
89b6e09a698433520a4a73ed409de1c3	0	0	0	0	15	0	0	0	0	0	0	0	0	0	0	0	0	0	0	1	0	7	1	0	0	0	0	1	1	0
488461ebe1aba11943dbc85c72fb4799	0	0	0	0	15	0	0	0	0	1	0	0	0	0	0	0	3	0	0	0	0	0	0	0	0	0	0	0	0	0
edf9e632b7497ac2a571a313e4a2cc43	0	0	0	0	14	0	1	0	0	0	0	0	0	0	1	0	0	1	0	25	0	6	16	2	0	0	0	0	5	3
de85efde2b1df5f5aa72b7208744ed95	0	0	0	0	14	0	0	0	0	0	0	0	0	0	0	0	0	0	0	0	0	0	0	0	0	0	0	0	0	0
b7cdc7631951b6e07d620c37d0bba88e	0	0	0	0	14	0	0	0	0	0	0	0	0	0	0	0	3	0	0	9	0	0	22	0	0	0	0	0	0	0
315213180443a18921fe0f89c8ed9b0d	0	0	0	0	14	0	0	0	0	0	0	0	0	0	0	0	0	0	0	0	0	0	12	0	0	0	1	0	0	1
98656ef51c01c3c50a70165b021c6e04	0	0	0	0	14	0	0	0	0	0	0	0	0	0	0	0	0	0	0	0	0	7	5	0	0	0	0	0	0	0
732a07080cf8e6c7cf3575a71af7a7cd	0	0	0	0	13	0	0	0	0	0	0	0	0	0	0	0	0	0	0	0	0	0	0	0	0	0	0	0	0	0
f67cdb6f606178939f6669880df28928	0	0	0	0	13	0	0	0	0	0	0	0	0	0	0	1	0	0	0	0	0	9	19	0	0	0	0	0	0	0
b1d4a3cd2ac20429deb4ce855870fe1a	0	0	0	0	13	0	0	0	0	0	0	0	0	0	0	0	1	0	0	21	0	1	67	0	0	0	3	3	3	4
5884c051fa3026cd1056bb52370c58a4	0	0	0	0	13	0	0	0	0	0	0	0	0	0	0	0	19	0	0	0	0	0	0	0	0	0	0	0	0	0
372b0a0035e4bd6dab204ad8e567dc4f	0	0	0	0	13	0	0	0	0	0	0	0	0	0	0	0	0	0	0	0	0	0	0	0	0	0	0	0	0	0
0d3cb308bcdfb041db43e7cffaeac05f	0	0	0	0	13	0	0	0	0	0	0	0	0	0	0	0	0	0	0	3	0	0	15	0	0	0	0	0	2	10
efd69203dc2e2ca0ded8154ed93b343b	0	0	0	0	13	0	0	0	0	0	0	0	0	0	0	0	14	0	0	0	0	0	0	0	0	0	0	0	0	0
13638a8646d60bec2fee5b8babfeef77	0	0	0	0	13	0	0	0	0	0	0	0	0	0	0	0	0	0	0	28	0	19	50	0	0	0	0	0	0	0
111fa5bf1794439ba1b3dc7601cedc88	0	0	0	0	12	0	0	0	0	0	0	0	0	0	0	0	0	0	0	0	0	0	0	0	0	0	0	0	0	0
36f896dafadfcd3b7ce3c0378b4bfd75	0	0	0	0	12	0	0	0	0	0	0	0	0	0	0	0	0	0	0	0	0	0	0	0	0	0	0	0	0	0
78d1d6a2dcb0714d33dd206e3f8beb6a	0	0	0	0	12	0	0	0	0	0	0	0	0	0	0	0	0	0	0	0	0	4	0	0	0	0	1	0	0	0
92c192d77279031126b454bfff4f0798	0	0	0	0	12	0	0	0	0	0	0	0	0	0	0	0	0	0	0	1	0	0	0	0	0	0	0	0	0	0
10c37ecb592f5a8d129a5638827a4c98	0	0	0	0	12	0	0	0	0	0	0	0	0	0	0	0	0	0	0	0	0	0	0	0	0	0	1	0	4	0
047331836398d5cdfe01c7ccca507faf	0	0	0	0	12	0	0	0	0	0	0	0	0	0	0	0	0	0	0	0	0	0	0	0	0	0	0	0	0	0
e5c3967e44f89df21f96c20db43c1e02	0	0	0	0	12	0	0	0	0	0	0	0	0	0	0	0	0	0	0	0	0	0	0	2	0	0	0	0	0	0
6be46c7caafc26c7d8e4adf835a0355f	0	0	0	0	11	0	0	0	0	0	0	0	0	0	0	0	3	0	0	0	0	0	0	0	0	0	0	0	0	1
6e6791bb84156826d68c1b88ad84d26c	0	0	0	0	11	0	0	0	0	0	0	0	0	0	0	0	0	0	0	9	0	2	0	0	0	0	0	0	2	0
07b84878eed08a7b58bb0625f23623e4	0	0	0	0	11	0	0	0	0	0	0	0	0	0	0	0	0	13	0	8	0	2	11	0	0	0	9	0	0	0
10fbfce39839b1b879fba5baa35e70d8	0	0	0	0	11	0	0	0	0	0	0	0	0	0	0	0	0	0	0	0	1	0	0	0	0	0	0	0	0	0
17e64c97d7a42ff98eb9dd08a7ce2aa9	0	0	0	0	11	0	0	0	0	0	0	0	0	0	0	0	0	0	0	0	0	0	2	0	0	0	0	0	0	0
0def318db1043a8533c892f61d75723f	0	0	0	0	11	0	0	0	0	0	0	0	0	0	0	0	0	0	0	0	0	0	0	0	0	0	0	0	0	0
2a6c21cecf909143d5ba9b69cee244f5	0	0	0	0	11	0	0	1	0	0	0	1	0	0	1	0	7	0	0	0	0	0	0	0	0	0	2	0	2	5
990fe41cc83c826d89347311ee37bb17	0	0	0	0	11	0	0	0	0	0	0	0	0	0	0	0	0	0	0	0	0	0	5	0	0	0	0	0	0	0
f20eda2c51c1bfae65f3f34dce9a5927	0	0	0	0	10	0	0	0	0	0	0	0	0	0	0	0	0	0	0	0	0	1	2	0	0	0	0	0	0	1
3e2f093e1a2b0fc6b7da3e3c13cc5f6b	0	0	0	0	10	0	0	0	0	0	0	0	0	0	0	0	0	0	0	0	0	0	0	0	0	0	0	0	0	0
76139adab07bde8e7a600a2f8a564f7a	0	0	0	0	10	0	0	0	0	0	0	0	0	0	0	0	0	0	0	0	0	0	0	0	0	0	0	0	0	0
3a776d8b5735f71cfaee28a9aac38c7f	0	0	0	0	10	0	0	0	0	0	0	2	0	0	0	3	2	15	0	3	0	5	0	0	0	0	7	1	13	3
59f0fb05609f3ae8c4a718c8872ac48a	0	0	0	0	10	0	0	0	0	0	0	0	0	0	0	0	0	0	0	0	0	0	0	0	0	0	1	0	0	0
de15118439eaaa0d119a07953416b2f4	0	0	0	0	10	0	0	0	0	0	0	0	0	0	0	0	26	0	0	0	0	0	0	0	0	0	0	0	0	0
941d5338acf7ffe030d80ca5d991b378	0	0	0	0	10	0	0	0	0	0	0	0	0	0	0	0	0	0	0	0	0	1	0	0	0	0	0	0	0	0
26660eb6e4f8e77f2c3414d70455493e	0	0	0	0	10	0	0	0	0	0	0	0	0	0	0	0	9	0	0	0	0	0	0	0	0	0	0	0	0	0
1ca13d46e3c08e61e26841454d92470e	0	0	0	0	10	0	1	0	0	0	0	1	0	0	0	0	0	0	0	2	0	4	0	0	0	0	0	2	0	3
82c36e3b26e349cd1462aea0cdfd2749	0	0	0	0	10	0	0	0	0	0	0	0	0	0	0	0	2	0	0	2	0	3	2	0	0	0	0	0	1	0
f195dc70b1751043c79010ab6bf25d4a	0	0	0	0	9	0	0	0	0	0	0	0	0	0	0	0	0	0	0	27	0	10	22	1	0	0	2	0	0	6
2ec0ab383d532928b64052bb86e3f6fd	0	0	0	0	9	0	0	0	0	0	0	0	0	0	0	0	0	0	0	0	0	2	0	0	0	0	0	0	0	0
b30a91c9db086305558024761a5c7c8c	0	0	0	0	9	0	0	0	0	0	0	0	0	0	0	0	0	0	0	0	0	10	2	0	0	0	0	0	0	0
9e46c50b7202d928943e2b1bccae6d1d	0	0	0	0	9	0	0	0	0	0	0	0	0	0	0	0	3	0	0	0	0	0	1	0	0	0	0	0	0	0
195bb508041e7bcccaace3110b6c5445	0	0	0	0	9	0	0	0	0	0	0	0	0	0	0	0	0	0	2	1	0	0	0	0	0	0	1	1	1	0
ec8ac2fa8dc33b0658c3b83830985e41	0	0	0	0	9	0	0	0	0	0	0	0	0	0	0	0	0	0	0	0	0	0	4	0	0	0	0	0	0	0
84d884fe12b9bb749271ff3710b7cd06	0	0	0	0	8	0	0	0	0	0	0	0	0	0	0	0	0	0	0	9	0	19	24	0	0	0	0	0	0	0
f208478ef39aef7021546ce157133664	0	0	0	0	8	0	0	0	0	0	0	0	0	0	0	0	0	0	0	0	0	12	0	6	0	0	31	0	0	7
9d9ccfc249e24181198c198e3629c113	0	0	0	0	8	0	0	0	0	0	0	0	0	0	0	0	4	0	0	0	0	3	0	0	0	0	0	0	0	0
92d0906f5fcf165f9662a129f25c5612	0	0	0	0	8	0	0	0	0	0	0	0	0	0	0	0	0	0	0	0	0	0	0	0	0	0	0	0	0	5
871a08ae88892d1fda1e07eacf349c00	0	0	0	0	8	0	0	0	0	0	0	0	0	0	0	0	0	0	0	1	0	0	1	0	0	0	0	0	0	0
b568666dde30a7bc5edcd10c2779fa03	0	0	0	0	8	0	0	0	0	0	0	0	0	0	0	0	0	0	0	1	0	6	1	0	0	0	0	0	0	0
ec19b5fe420c9c8c7b87cfc7c99410d3	0	0	0	0	8	0	0	0	0	0	0	0	0	0	0	0	0	0	0	0	0	0	22	0	0	0	2	0	0	3
6a2d9150919a6897add915f2bf0b2658	0	0	0	0	7	0	0	0	0	0	0	0	0	0	0	0	0	0	0	0	0	0	23	0	0	0	0	0	0	0
a57ea42cbd541e1a8f8d5cd88eda67e2	0	0	0	0	7	0	0	0	0	0	0	0	0	0	0	0	0	0	0	0	0	2	0	0	0	0	0	0	1	1
bfb700102e0da1d50337d48b9d6bf0f0	0	0	0	0	7	0	0	0	0	0	0	0	0	0	0	0	0	0	0	0	0	3	0	0	0	0	1	0	0	1
e99f206a1f7a6ee2fba2b996ac8ae44a	0	0	0	0	7	18	0	27	16	17	23	33	2	101	3	2	0	1	2	5	2	12	28	11	558	1619	12	46	14	19
3df69c0967f7b8cb291f85da196cbfd3	0	0	0	0	7	0	0	0	0	0	0	0	0	0	0	0	0	0	0	0	2	0	0	0	0	0	3	0	0	0
264745aa87dcb077270bcdfeb1768e06	0	0	0	0	7	0	14	0	0	7	6	12	2	0	8	3	0	5	0	0	0	0	0	0	4	0	2	3	0	2
5ab7b8b3f9ea27a1be925f8850c5cbc7	0	0	0	0	7	2	0	0	0	0	0	1	0	0	0	0	0	0	0	0	0	0	0	0	0	0	0	0	0	0
a7f101e38583076cdf8f21ae41e026d5	0	0	0	0	7	0	0	0	0	0	0	0	0	0	0	0	0	0	0	0	0	0	2	0	0	0	0	0	0	1
3e56add15b0537d4abc0009b4073d8e8	0	0	0	0	6	0	0	0	0	0	0	0	0	0	0	0	0	0	0	5	0	2	0	0	0	0	1	0	0	0
deb040f031fcbfc3c3242b9ca7dc9577	0	0	0	0	6	0	0	0	0	0	0	0	0	0	0	0	4	0	0	5	1	3	0	0	0	0	1	0	1	1
5a3abe4e053361ae7c4876c9f2607b40	0	0	0	0	6	0	0	0	0	0	0	0	0	0	0	0	0	0	0	4	0	9	19	0	0	0	1	1	0	3
8d73df09a63674df2cdec88cae7c25aa	0	0	0	0	6	0	0	0	0	0	0	0	0	0	0	0	0	0	0	0	1	1	2	1	0	0	0	0	0	3
c61018e41e7a0cbda1e2b30328975aab	0	0	0	0	6	0	0	0	0	0	0	0	0	0	0	0	0	0	0	0	0	0	1	0	0	0	2	0	0	2
55f7f6eea32874d98be85e63c0ee1434	0	0	0	0	6	0	0	0	0	0	0	0	0	0	0	0	0	0	0	0	0	2	2	0	0	0	0	0	0	0
c57c16d58d891806706bb72850668bdd	0	0	0	0	6	0	0	0	0	0	0	0	0	0	0	0	7	0	0	3	0	7	12	0	0	0	1	0	1	2
ed3c6fcb10ce3e5d17061e7b5327dd72	0	0	0	0	6	0	0	0	0	0	0	0	0	0	0	0	0	13	0	0	0	0	0	2	0	0	0	0	0	0
211bd3bb2d1910f04ef06b7c709ffeb6	0	0	0	0	6	0	0	0	0	0	0	0	0	0	0	0	0	0	0	1	0	0	12	0	0	0	0	0	0	0
751caca624048d4d23fc46075062d5fa	0	0	0	0	6	0	3	0	0	0	0	0	0	0	0	103	0	0	0	0	0	0	0	0	0	0	4	0	1	9
cf1a9e4d9a91616fa2006743a795f9d5	0	0	0	0	5	0	0	0	0	0	0	0	0	0	0	0	2	0	0	7	0	2	0	0	0	0	0	0	0	1
b073ee28cc49bdde68328449eae4a43a	0	0	0	0	5	0	0	0	0	40	0	16	0	0	0	0	2	0	3	0	0	0	0	0	0	0	8	3	12	9
a687c4b0344815d6722622a943c2c9af	0	0	0	0	5	0	0	0	0	0	0	0	0	0	0	0	6	0	0	0	0	0	0	0	0	0	0	0	0	0
3b60207fa15ebd1634a1dcf88f588a5a	0	0	0	0	5	0	0	0	0	0	0	0	0	0	0	0	0	0	0	1	0	0	8	0	0	0	0	0	0	0
7821896973c714d19a34366e1d0b106b	0	0	0	0	5	0	0	0	0	0	0	0	0	0	0	0	0	0	0	0	0	11	82	0	0	0	0	0	0	0
e31beb85be987100c3a9ff17006c476c	0	0	0	0	5	0	0	0	0	0	0	0	0	0	0	0	2	0	0	0	1	5	2	0	0	0	0	0	3	0
62457315c22ab7052303901e9448ae98	0	0	0	0	5	0	0	0	0	0	0	0	0	0	0	0	1	0	0	28	0	31	56	0	0	0	0	1	0	0
b017b467b4011814fc974d8be0219009	0	0	0	0	5	0	0	0	0	0	0	1	0	0	0	0	0	0	0	1	0	3	0	0	0	0	0	0	0	0
01bf6d6318b3c73637ad4a59484992f5	0	0	0	0	5	0	0	0	0	0	0	0	0	0	0	0	0	0	0	2	0	6	39	0	0	0	0	0	0	0
bca365e0a99f3b7174867ed0c9469613	0	0	0	0	5	0	0	0	0	0	3	2	0	0	0	0	3	1	0	0	0	0	0	0	0	0	0	0	1	0
8796097160c2b2bb38f7e7bb074bfc5d	0	0	0	0	5	0	0	1	0	0	0	0	0	0	0	0	9	0	0	20	0	8	18	0	0	0	0	0	2	0
c8b70a92f4ebace65954a0159534003e	0	0	0	0	5	0	0	0	0	0	0	0	0	0	0	0	0	0	0	0	0	8	0	0	0	0	0	0	0	0
26de3c0ecd10eef1efb89c5be4fc3185	0	0	0	0	5	0	1	0	0	0	0	0	0	0	0	0	2	0	0	4	0	13	1	0	0	0	0	0	1	0
eb6139637556d03d25c11a3934ef6f98	0	0	0	0	5	0	0	0	0	0	0	0	0	0	0	0	0	0	0	5	0	0	10	0	0	0	0	0	0	3
517258e983e1c637abfba3059a1a6dcd	0	0	0	0	5	0	0	0	0	0	0	0	0	0	0	0	0	0	0	13	0	9	19	0	0	0	0	0	0	0
923712dda714307573a9a23aa1279a7c	0	0	0	0	4	0	0	0	0	0	0	0	0	0	0	0	0	0	0	7	0	0	9	0	0	0	2	0	0	0
e7edb4d6907aa253dc3612740e58d464	0	0	0	0	4	0	0	0	0	0	0	0	0	0	0	0	0	0	0	0	0	0	5	0	0	0	1	0	0	1
a6ddd2e6603e8d9547c782b249ef269c	0	0	0	0	4	0	0	0	0	0	0	0	0	0	1	0	4	0	0	2	0	6	2	0	0	0	0	0	0	0
610e2244afe3c4a15977505c2a4a0c4d	0	0	0	0	4	0	0	0	0	0	0	0	0	0	0	0	0	0	0	11	0	3	32	0	0	0	1	0	0	0
810cd5d79db93ec343f1496d0ef67d70	0	0	0	0	4	0	0	0	0	0	0	0	0	0	0	0	0	0	0	15	0	17	10	0	0	0	0	0	1	0
89a556bb96d29c11af30ed656b4b0201	0	0	0	0	4	0	0	0	0	0	0	0	0	0	0	0	0	0	0	1	0	0	6	0	0	0	0	0	0	0
8f58b61a0ee91b3ad692e7eb7d8c22b1	0	0	0	0	4	0	1	0	0	0	0	0	0	0	0	0	0	0	0	3	0	1	0	0	0	0	6	0	0	0
3e5375511dc732f8abf9f9d210223d0c	0	0	0	0	4	0	0	0	1	0	0	0	0	0	0	0	0	0	0	0	0	0	0	1	0	0	0	0	5	2
27081bf12bc185ae66dd8295f3a1cb0a	0	0	0	0	4	0	0	0	0	0	0	0	0	5	1	0	0	0	0	0	6	0	3	0	0	0	0	2	1	1
5308b4ae345b44a6ebe4f53a22298c0d	0	0	0	0	4	0	0	1	0	0	0	0	2	47	0	0	0	0	0	0	0	0	0	0	0	0	0	0	0	0
b287df931fd63026283e7671e2c85830	0	0	0	0	3	0	0	0	0	0	0	0	0	0	0	0	0	0	0	0	0	0	9	0	0	0	0	0	0	1
6bfafae4409fe4c7300903ab9e8eccb3	0	0	0	0	3	0	11	0	0	0	0	0	0	0	2	0	0	0	0	0	0	3	0	0	0	0	0	2	0	0
51820a1930b6a775d773e00b490f4cd0	0	0	0	0	3	0	0	0	0	0	0	0	0	0	0	0	0	0	0	7	0	13	0	0	0	0	1	0	0	0
996e541ecefcbe26016f1d6a0eb11e77	0	0	0	0	3	1	5	3	0	0	0	0	2	1	4	0	2	0	0	0	0	0	0	0	0	0	1	1	0	0
c45f861790897d6955e58cbed38a206c	0	0	0	0	3	0	0	0	0	0	0	0	0	0	0	0	0	0	0	0	0	36	28	1	0	0	0	0	0	0
ecb7f81a9019e4b288e3845c0c08ab49	0	0	0	0	3	0	0	0	3	6	0	0	0	1	0	0	0	0	0	0	0	0	0	0	0	0	0	0	3	10
596821fe9258396ff50e512b97c401ed	0	0	0	0	3	0	0	0	0	0	0	0	0	0	0	0	0	0	0	8	0	0	0	0	0	0	0	0	0	2
166563b0040c68732be273d279417299	0	0	0	0	3	2	0	0	0	2	0	0	0	0	0	1	0	3	5	0	2	0	0	4	0	0	0	7	0	2
012ce8c71d0446c8cb9eae2ec66f7bbb	0	0	0	0	3	0	0	0	0	0	0	0	0	0	0	0	0	0	0	4	0	1	4	0	0	0	2	1	0	3
34f0ced8c45840389c39907379abdcf6	0	0	0	0	3	0	1	0	0	0	0	0	2	0	2	2	0	0	0	0	0	0	0	0	0	0	0	0	0	1
345975989ca7c9ce2a60792f371f7bda	0	0	0	0	3	0	0	0	0	0	0	0	0	0	0	0	7	0	0	1	0	0	0	0	0	0	0	0	0	0
a2f382ebb6094136ec6b50ec35ad86c9	0	0	0	0	3	0	6	0	0	0	0	0	1	0	1	1	1	0	0	0	0	0	0	0	0	0	2	1	0	1
a9d3709c8cf5899072a07ad26b465fe9	0	0	0	0	3	0	0	0	0	0	0	0	0	0	0	0	0	0	0	0	2	0	20	6	0	0	2	5	0	2
92c8e389b17f768c00c4f93bc5703811	0	0	0	0	3	0	0	0	0	0	0	0	0	0	0	0	0	0	6	0	9	0	0	3	0	0	12	1	0	3
e83de91b31dad4cd3d5517696df72b2c	0	0	0	0	3	0	0	0	0	0	0	0	0	0	0	0	0	0	0	4	0	0	5	0	0	0	0	0	0	0
e80ed784d77b5d4a227b987953d0831a	0	0	0	0	3	0	0	0	0	0	0	0	0	0	0	0	0	0	0	0	0	0	3	1	0	0	1	0	0	2
4e366cabeac5f7563a7e16e9cf225d07	0	0	0	0	3	0	1	0	0	0	0	0	0	0	0	0	10	0	0	0	0	0	0	0	0	0	0	0	0	0
191ea1535f2c5cae705c069b39a92ebc	0	0	0	0	3	0	0	0	0	0	0	0	0	0	0	0	0	0	0	2	0	3	6	0	0	0	0	0	0	0
402408a62ddc717f91084a57e7003989	0	0	0	0	3	0	0	0	0	2	0	9	2	0	0	0	0	0	1	0	5	0	0	1	0	0	0	13	3	2
59e25899606f8c8e130cfa6038db3372	0	0	0	0	3	0	0	0	0	0	0	0	0	0	0	0	0	0	0	9	0	0	5	0	0	0	0	1	0	8
0cd4737a1a5718b981b3338240be47fd	0	0	0	0	2	0	0	0	0	0	0	3	0	0	2	0	0	0	0	0	0	2	0	0	0	0	0	1	0	0
4cd5a2f106deb5c0add84cbcfd554e9a	0	0	0	0	2	0	0	0	0	0	0	0	0	0	0	0	0	0	0	0	0	1	8	0	0	0	0	0	0	0
3b05bebc2e69a0aac6d80cb787da535b	0	0	0	0	2	0	0	0	0	0	0	0	0	0	0	0	3	0	0	19	0	3	9	21	0	0	32	8	0	12
2ba262d4979cdf07834744f7bab3b296	0	0	0	0	2	0	0	0	0	3	0	7	0	0	0	0	0	7	0	0	1	0	0	1	0	0	1	0	8	5
18560c1b217afb3143a9d22182740612	0	0	0	0	2	0	2	0	0	0	0	1	0	0	3	3	1	0	0	0	0	0	0	0	0	0	0	0	2	0
a52313d0be6bab35341d8f349dbaca25	0	0	0	0	2	0	0	0	0	0	0	0	0	1	0	0	0	0	0	0	2	0	0	0	0	0	0	2	0	3
d66a94eb67a5b0b3151f73e4a937e5e9	0	0	0	0	2	0	0	0	0	2	0	1	0	0	1	1	0	0	0	0	0	0	0	1	0	0	1	0	0	2
0c2a9f6eef87c856bbe68d5c908dbe29	0	0	0	0	2	0	0	0	0	0	0	0	0	0	0	0	15	0	0	0	0	5	0	0	0	0	0	0	0	1
34b5437c22db0f17b498da79786340f9	0	0	0	0	2	0	0	0	0	0	0	0	0	0	0	0	0	0	0	0	0	0	0	0	0	0	2	1	2	3
a12c58b3fc2252e640d63366aff9cb6c	0	0	0	0	2	1	0	0	4	0	0	0	0	0	2	1	0	2	0	1	1	1	0	0	0	0	1	0	0	0
bcaf1e7b7ad0306bcc99870a0c675deb	0	0	0	0	2	0	0	0	0	0	0	0	0	0	0	0	0	0	0	11	0	9	0	0	0	0	0	0	0	0
31159b8a8338d06dadf70b8b9820ba57	0	0	0	0	2	0	0	0	0	0	0	0	0	0	0	0	0	0	0	11	0	6	7	0	0	0	1	0	5	5
4f0e83f5851d5648a7cdc0f58f7f596b	0	0	0	0	2	0	0	0	0	0	0	0	0	0	0	0	1	0	0	0	0	0	20	0	0	0	0	0	4	0
168f9bc60bc61dc1a9602af30516e905	0	0	0	0	2	0	0	0	0	0	0	0	0	0	0	0	0	0	0	0	4	0	3	2	0	0	5	0	13	10
29993698a07b8eacd7e8b93852d9e9d8	0	0	0	0	2	0	1	0	0	1	0	0	0	0	2	0	2	0	0	0	1	0	0	0	0	0	2	0	0	1
c9dba8d996bae272af8cbe24f0af2422	0	0	0	0	2	0	0	0	0	11	0	26	0	0	0	0	1	0	1	0	3	0	0	10	0	4	6	27	60	8
775e5c91c08c99158440663cad30a888	0	0	0	0	2	0	4	0	0	0	0	0	0	0	0	3	0	0	0	0	0	0	0	0	0	0	0	0	1	5
7d1f5da07fe28eaf77a11df2de433682	0	0	0	0	2	0	0	0	0	0	0	0	0	0	0	0	0	0	0	0	0	1	0	0	0	0	1	0	1	5
f0ef406eb5c7e77e9928fe607d6faeda	0	0	0	0	2	0	0	0	0	0	0	0	0	0	0	0	0	0	0	12	0	5	0	0	0	0	0	0	0	1
b33f5737adba095cb901151545120b71	0	0	0	0	2	0	0	0	0	0	0	0	0	0	0	0	0	0	0	0	4	0	0	0	0	0	0	0	3	1
3d6de84d802690c99fec521e661e9d13	0	0	0	0	2	0	0	0	0	0	0	0	0	0	0	0	0	0	0	4	0	2	3	0	0	0	0	0	0	0
7e032929f3139b320dd92487453d2a1c	0	0	0	0	2	0	0	0	0	0	0	0	0	0	0	0	2	0	0	0	0	0	0	0	0	0	0	0	0	6
9528cbd55ffd747e0a9642024a4711dd	0	0	0	0	2	0	0	0	0	0	0	0	0	0	0	0	0	0	0	10	0	7	10	0	0	0	0	0	0	1
390c275442802e75803575b1178a161e	0	0	0	0	2	0	0	1	0	0	0	0	0	20	0	0	0	0	0	0	1	0	0	0	0	0	0	0	0	0
8fc6325a8b9b67f5fc4728af8e36c51b	0	0	0	0	2	0	0	0	0	0	0	0	0	0	0	0	0	0	0	0	0	10	3	0	0	0	0	0	0	0
d1071e48d48408d8aa07e7aac6983d9a	0	0	0	0	2	0	0	0	0	0	0	0	0	0	0	0	0	0	0	11	0	0	0	0	0	0	0	0	0	0
47cef06eea1b260ffb434fb2872652f7	0	0	0	0	2	0	1	0	0	2	0	2	16	0	2	0	0	0	0	0	0	0	0	0	0	0	4	1	21	11
ece9e61bdcdca48eda552b9cdc1b1821	0	0	0	0	2	0	2	0	0	0	0	2	0	0	0	11	0	0	0	0	0	0	0	0	0	0	4	0	0	5
2c08e1a455ed8a3564b2f226b6dca50f	0	0	0	0	2	0	0	0	0	0	0	0	0	0	0	0	0	0	0	0	0	1	12	0	0	0	0	0	0	0
f28b12ddc24fa3ae4d04801499b9b84d	0	0	0	0	2	0	0	0	0	0	0	0	0	0	0	0	0	0	0	14	0	4	9	0	0	0	0	0	0	0
7f250a9f0e0354905478f4046bcdf2f9	0	0	0	0	2	0	2	0	0	5	0	1	0	0	1	0	0	0	0	0	0	0	0	0	0	0	0	0	0	0
0dca70b64c418c594f48ef80e139cb93	0	0	0	0	2	0	0	0	0	0	0	0	0	0	0	0	0	0	0	0	0	2	6	0	0	0	0	1	0	0
3843b14a2c64058398e0a9a02e22d7f0	0	0	0	0	2	0	0	0	0	0	0	0	0	0	0	0	0	0	0	0	3	0	0	0	0	0	0	0	0	6
8560181d7db29504daae1165dad6a19b	0	0	0	0	2	0	0	0	0	0	0	0	0	0	0	0	2	0	0	3	0	0	0	2	0	0	0	0	2	0
863eed0cb301caa5c002235e326df8af	0	0	0	0	2	0	0	0	0	0	0	0	0	0	0	0	0	0	0	0	0	7	1	3	0	0	0	0	0	1
0bc3f16b73dd7dbecd25de4782b5de33	0	0	0	0	2	0	0	0	0	0	0	0	0	0	0	1	0	0	0	0	0	2	7	0	0	0	0	0	0	0
4860b4bf444011b6351802f9f7d71043	0	0	0	0	2	0	0	0	0	3	0	2	0	0	0	0	0	0	1	0	0	0	0	4	0	0	0	0	0	7
789b29237638a7dc739a21c482fa6b7d	0	0	0	0	2	0	0	0	0	0	0	0	0	0	0	0	0	0	0	0	0	0	4	0	0	0	4	0	0	0
a8332b9345a037e42c8200b461333f78	0	0	0	0	2	0	0	0	12	0	0	0	0	0	0	0	0	0	0	0	0	0	0	0	11	0	0	0	0	0
9c2f990a41ebeb6ebec14c2d975a59b6	0	0	0	0	2	0	0	0	0	0	0	0	0	0	0	0	2	0	0	0	0	6	0	0	0	0	0	0	0	0
848839ce97f322e30daa692165779daa	0	0	0	0	2	1	0	0	3	0	0	0	0	0	0	0	0	0	0	0	1	0	0	0	1	0	1	0	4	3
16df7f59c7e0441d1d8e874176e0b268	0	0	0	0	2	0	1	0	0	1	0	1	0	0	0	0	5	0	0	0	0	0	0	0	0	0	0	0	0	0
728c3b0bbaac9e333962726e5659ef58	0	0	0	0	2	2	0	0	2	0	0	0	0	0	0	0	0	0	0	0	0	0	0	0	0	0	3	3	11	5
31cd9f3b54fcca8ea3ef248ddecc7f0e	0	0	0	0	2	2	0	0	0	1	0	3	0	0	0	0	0	0	0	0	0	0	0	12	0	0	0	23	0	1
861b3336ea6028e1b20478c595d426a6	0	0	0	0	2	0	0	0	0	0	0	0	0	0	0	0	0	0	1	0	0	4	19	6	0	0	0	0	0	1
3dd4b2b43be836ef58bef7aa19961c3c	0	0	0	0	2	0	0	0	0	0	0	0	0	0	0	0	0	0	0	0	0	1	7	0	0	0	0	0	0	0
f2067acd1e2d7efb2013b088af06fd1d	0	0	0	0	2	0	0	0	0	0	0	0	0	0	0	0	1	0	0	1	0	0	20	0	0	0	0	0	0	0
6f4a613690575329ab89c3e174459b53	0	0	0	0	2	0	0	0	0	0	0	0	0	0	0	0	0	0	0	6	0	8	4	0	0	0	0	0	0	1
9b7a0786222fd571cbf91b0eb966aafe	0	0	0	0	2	0	0	0	0	0	0	0	0	0	0	0	0	0	0	2	0	3	3	0	0	0	0	0	0	1
5fe075009acb46a981f9f5d55ba126c0	0	0	0	0	2	0	0	0	0	1	0	12	0	0	0	1	0	0	0	0	0	0	0	0	0	0	4	3	2	1
6f6231fc2b1a0d16d89225df4ca09354	0	0	0	0	2	0	4	0	3	1	0	5	2	0	4	5	0	0	0	0	0	0	0	0	0	0	0	4	0	2
e0e62078623486ba8e74d0e2365cebca	0	0	0	0	2	0	0	0	0	0	0	0	0	0	0	0	0	0	0	0	0	4	5	0	0	0	1	0	0	0
c4c220a44f40aaec2822723bec3b9a03	0	0	0	0	1	0	0	0	0	0	0	0	0	0	0	0	0	0	0	0	0	5	5	0	0	0	0	0	0	0
24ae4a9d5e6a228c590f84436e423c93	0	0	0	0	1	0	0	1	0	0	0	0	0	9	0	0	0	0	0	0	0	0	0	0	0	0	0	1	0	0
196437a775b7b614dc1c39fbe6ccc17e	0	0	0	0	1	0	0	0	0	0	0	0	0	0	0	0	0	0	0	2	0	2	0	38	0	0	21	1	0	11
92507b3a2e811b0ac614a0ed2d0838b2	0	0	0	0	1	0	0	0	0	11	0	6	6	6	0	0	0	2	0	0	0	0	0	1	0	0	3	0	5	5
a35ad8ef72bbded5660631d4296b2a67	0	0	0	0	1	0	2	0	0	0	0	0	0	0	0	0	0	0	6	0	2	0	0	1	0	0	4	1	0	9
0b59a9ad5d727ebc2f4dae7373ef2c62	0	0	0	0	1	6	0	0	1	0	0	0	0	0	0	0	0	0	4	0	0	0	0	0	0	0	0	0	2	0
461443ee62275853073c7f6547823134	0	0	0	0	1	0	0	0	2	2	0	7	0	0	20	0	0	1	0	0	0	0	0	0	0	0	1	1	4	1
26002b90e5231967daa52b7b236bb0bb	0	0	0	0	1	0	1	0	0	0	0	5	0	0	0	0	0	0	1	0	0	0	0	2	0	0	3	0	0	1
ae9af709da2e3c525c6192daed9bf880	0	0	0	0	1	0	0	0	0	0	0	0	0	0	0	0	0	0	0	7	0	14	28	0	0	0	0	0	0	0
73acf083f3c1baad48888111cea0d568	0	0	0	0	1	0	0	0	1	0	0	0	0	0	0	0	0	0	0	0	3	0	0	21	0	0	14	19	0	23
55a8b03d833d5d6da0df6c3a83765baa	0	0	0	0	1	0	2	0	0	1	0	0	0	0	22	27	0	0	0	0	0	0	0	0	0	0	5	0	21	4
12921247200caea029169f0d96bd1bcd	0	0	0	0	1	0	0	1	0	3	0	0	0	0	2	0	0	0	3	0	4	0	1	12	0	1	16	10	0	12
6fbfd0e9f9a211ca240affd77e7047eb	0	0	0	0	1	0	0	0	5	0	0	0	1	0	0	0	1	0	0	0	0	0	0	1	0	2	0	2	2	0
143029572333f480d11f738515bf16e7	0	0	0	0	1	0	1	0	0	0	0	0	0	0	0	0	0	0	0	0	0	0	0	0	0	0	9	0	0	0
5882fe54b5863cb57358b722180f541d	0	0	0	0	1	0	1	2	0	1	0	2	0	8	0	1	1	5	0	0	0	0	0	0	11	0	1	1	1	1
7acf4be506e5e55d01505bb4cabdaa2e	0	0	0	0	1	0	0	0	0	0	0	0	0	0	0	1	0	0	0	0	0	0	0	0	0	0	9	0	0	5
ad03e69fdc28b979ffa1ce40e7d4eed2	0	0	0	0	1	0	0	0	0	0	0	0	0	0	0	0	1	0	0	2	0	4	4	0	0	0	0	0	0	1
b170466c62d06b3cbb6b78a1aec93052	0	0	0	0	1	0	0	0	1	0	0	3	0	0	0	1	0	0	0	0	0	0	0	0	0	0	1	8	0	0
e232617d819d2bf893837ab77579e1ee	0	0	0	0	1	0	0	0	0	0	0	0	0	0	0	0	0	0	0	12	0	6	2	0	0	0	4	0	8	0
fc0119838717efdffa36ad4bf49bf013	0	0	0	0	1	0	0	0	0	0	0	0	0	0	0	1	1	0	0	0	6	0	0	2	0	0	1	5	0	0
74292dc8b747fa55e6049fd786434a2c	0	0	0	0	1	0	0	0	0	0	0	0	0	0	0	0	0	0	0	6	0	17	9	0	0	0	0	0	0	0
3862f4ba6226b871f6800af670b48794	0	0	0	0	1	0	0	0	0	0	0	0	0	0	0	0	17	0	0	0	0	0	0	0	0	0	0	0	0	0
10929ce93711f790483bbffb32dc3f9b	0	0	0	0	1	0	0	0	0	0	0	1	0	12	0	0	0	0	0	0	0	0	0	0	0	0	0	0	0	0
f5e6795ed38fc5d2227bbff822967c28	0	0	0	0	1	0	0	0	0	0	0	0	0	0	0	0	0	0	1	0	4	2	6	1	0	0	0	0	0	0
e0c9d40f8f2d9651fefaf15a14841ee7	0	0	0	0	1	0	0	0	0	0	0	0	0	0	0	0	0	0	0	0	0	1	8	0	0	0	0	0	0	0
9f6bea717018fc4021114fe589245a93	0	0	0	0	1	0	0	0	0	0	0	0	0	0	0	0	0	0	0	0	0	0	0	0	0	0	0	0	27	0
bab139e5ae2e9a7852b48ea6f1cd7eb9	0	0	0	0	1	0	0	0	0	0	0	0	0	0	0	26	0	0	0	0	0	0	0	0	0	0	1	0	0	0
26ad11ed1f9db3604bbe59f93dd59eae	0	0	0	0	1	0	0	0	0	0	0	0	0	0	0	0	0	0	0	0	0	0	11	0	0	0	0	0	0	0
267eb7b7a8b9ccface6179c60246ecd0	0	0	0	0	1	0	0	0	0	0	0	0	10	2	0	0	1	0	0	0	0	0	0	1	0	0	4	0	0	7
5e0b17c89b9ff436099a6e9b998573e4	0	0	0	0	1	0	0	0	0	0	1	0	0	0	0	0	1	0	0	3	0	1	0	1	0	0	1	0	2	2
cb7d7351c239765d374c7297de71f4c8	0	0	0	0	1	0	0	0	0	0	0	0	0	0	0	0	0	0	0	2	0	3	19	0	0	0	0	0	0	0
400ab751d61fdd1b752ef12cd26a3419	0	0	0	0	1	0	0	0	0	0	0	0	0	0	0	0	0	0	0	3	0	6	0	0	0	0	0	0	0	0
95456c6f6632b70850cf85d68b31a197	0	0	0	0	1	0	0	0	0	0	0	2	0	0	0	0	1	0	6	0	9	0	0	2	0	0	0	2	0	2
67f743788d276cb261c49777abc7b6ca	0	0	0	0	1	0	0	0	0	1	0	0	0	0	0	0	0	0	1	0	0	0	0	0	0	0	0	0	0	19
80b0d48b09223d1c93b6efe8ee103628	0	0	0	0	1	0	0	0	0	0	0	1	10	0	0	0	0	0	0	0	0	0	0	0	0	0	0	0	0	0
10e924cdf4c99cf4966d5d7a25b1b8fa	0	0	0	0	1	0	17	0	0	0	0	0	0	0	0	0	0	0	0	0	0	0	0	0	0	0	0	0	0	0
b69914c1247b06d5a43ef8ee8283082e	0	0	0	0	1	0	0	0	0	0	0	0	0	0	0	0	2	0	0	0	0	0	0	0	0	0	0	0	7	0
5c68d18a27a722563c6343d696477a1d	0	0	0	0	1	0	0	0	0	0	0	0	0	20	0	0	0	0	0	0	0	0	0	0	0	0	0	0	0	0
4f8922c89807cb6b29244b2e670a6c11	0	0	0	0	1	0	1	0	0	0	0	0	0	0	0	0	1	0	0	0	0	4	4	0	0	0	0	0	0	0
7eb9aaa5865ef4965cf6ff39c39d8522	0	0	0	0	1	0	0	0	0	0	0	0	0	0	0	0	0	0	0	0	0	4	10	0	0	0	0	0	0	0
89717c13655eea69351e853b0f231b7a	0	0	0	0	1	0	0	0	0	0	0	0	0	0	0	0	0	0	0	0	2	0	0	0	0	0	0	1	12	0
304441bd63d55ca22591451561363920	0	0	0	0	1	0	1	1	0	2	0	0	0	0	0	1	0	0	3	1	122	0	0	6	0	0	1	24	0	4
9bfb8c2ec0ab19ac4655b2cfca0902fe	0	0	0	0	1	0	0	0	0	0	0	0	0	0	0	2	0	1	0	5	0	0	0	0	0	0	1	0	1	3
450a78c16a1ea376923e9ac4d437eb0f	0	0	0	0	1	0	1	0	0	5	0	0	3	0	0	2	0	0	0	0	0	0	0	0	0	0	0	0	0	0
ef958004a598d1c80d3bcb70fb42fd1a	0	0	0	0	1	0	0	0	0	0	0	0	0	0	0	0	0	0	0	0	0	13	0	0	0	0	0	0	0	0
2e60545ad0cb112d21a2a2ec1fcbb184	0	0	0	0	1	0	0	0	0	0	0	0	0	0	0	0	0	0	0	0	0	0	17	0	0	0	0	0	0	1
4872991f01f3ee1683b35501668b5317	0	0	0	0	1	0	0	0	0	0	0	0	0	0	0	0	4	0	0	0	0	0	0	0	0	0	2	0	2	2
e705bc4a9bc2d5e05c8c2257ba2b0760	0	0	0	0	1	0	0	0	0	0	0	1	0	0	0	0	0	0	0	12	0	13	0	0	0	0	1	0	0	0
5ee6d77677fb7c455950844f2aa14781	0	0	0	0	1	0	1	4	0	0	0	0	0	0	5	1	0	10	1	0	0	0	0	1	0	0	0	1	0	0
1fa25b3010e81a3584e76460427ab82e	0	0	0	0	1	0	0	0	0	0	0	0	0	0	0	0	0	0	0	3	0	0	0	5	0	0	1	2	0	0
1a58b3363f1746d0ff10e72ad861cd27	0	0	0	0	1	0	0	0	0	0	0	0	0	0	0	0	0	0	0	0	0	0	0	0	0	0	0	0	8	2
df3d5f73d307e09758c532a35f73d512	0	0	0	0	1	0	0	0	0	0	0	0	0	0	0	0	0	0	0	0	0	0	10	0	0	0	0	0	0	0
2f52c4f48fc2d7ac97d81c0f8e13ec13	0	0	0	0	1	0	0	0	0	1	0	0	0	0	0	0	0	0	0	0	0	1	0	0	0	0	0	0	10	6
b0d11ffe7b5ab24a51c557ef2b788625	0	0	0	0	1	0	0	0	0	0	0	0	0	0	0	0	0	0	0	3	0	11	0	0	0	0	0	0	0	0
bac91f41f4e83e5546e81208bba6078e	0	0	0	0	1	0	0	9	1	5	0	0	3	0	0	2	0	0	0	0	0	0	0	0	0	0	8	2	5	3
fcb513e4b040351352b6813685276432	0	0	0	0	1	0	0	0	0	0	0	0	0	0	0	0	0	16	0	0	0	0	0	0	18	0	0	0	0	0
732d1cc1fd8a76572454828933478620	0	0	0	0	1	0	1	0	0	0	0	0	0	1	0	1	0	3	3	0	6	0	0	1	0	0	0	1	0	0
322f5b8f8fe1793811101d0d2194209f	0	0	0	0	1	0	0	0	0	0	0	0	0	0	0	0	1	0	0	6	0	1	14	0	0	0	0	0	0	0
5e0546a2b00667370906131e40c18839	0	0	0	0	1	0	0	0	0	1	0	0	0	0	0	0	0	0	0	0	0	0	0	0	0	0	0	0	2	16
342e95139308ce4ac9c7d9164d9edeb9	0	0	0	0	1	0	0	0	0	0	0	0	0	0	0	0	0	0	0	0	0	2	9	0	0	0	0	0	1	0
87ba6c7da5ef9ae2f1f4fa7497462dab	0	0	0	0	1	0	0	0	0	0	0	0	0	0	8	0	0	0	0	0	0	0	0	0	0	0	0	1	0	0
0d57e60bd08539d57c12ef83563fdb5b	0	0	0	0	1	1	0	0	5	4	0	0	0	0	0	1	0	3	0	0	0	0	0	2	0	0	1	0	1	0
cb441107e663f0c8214d81c97ae3f91f	0	0	0	0	1	0	0	0	0	0	0	0	0	0	0	0	0	0	0	14	0	6	0	0	0	0	2	0	0	1
741e135395e28e47c9e392c501ad86b7	0	0	0	0	1	0	0	0	0	0	0	0	0	0	0	0	0	0	0	4	0	5	0	0	0	0	0	0	0	0
537097aaf680f74d22ebc72abe4d6335	0	0	0	0	1	0	0	0	0	0	0	0	0	0	0	1	0	2	1	0	0	0	0	0	0	0	1	0	1	6
6afcd5a71286ab549b9493e74841255d	0	0	0	0	1	0	0	0	0	0	0	0	0	0	0	0	0	0	0	6	0	2	1	0	0	0	0	0	0	0
e78a9805b434dd7505a4bd00d8530612	0	0	0	0	1	2	57	10	2	2	0	5	4	10	18	30	1	0	0	0	0	0	0	7	0	0	10	17	0	19
eae0c41cdc96f0677e03a718cf6ec3ae	0	0	0	0	1	0	2	0	0	0	0	0	0	0	5	0	1	0	0	0	0	0	0	2	1	0	1	0	2	6
650176553ac05837fd44e9d30b071b3b	0	0	0	0	1	0	0	0	0	0	0	0	0	0	0	0	9	0	0	0	0	0	0	0	0	0	0	0	0	0
87232c22cf56e236fd1dd0893a4e7982	0	0	0	0	1	0	0	0	0	0	0	0	0	0	0	0	0	0	0	0	3	0	0	0	0	0	1	0	1	5
6792d31a991d3727f7b110854b3660ae	0	0	0	0	1	0	0	0	0	0	0	0	0	0	0	0	0	0	0	1	0	0	10	0	0	0	0	0	0	0
6d9e573d40d0629591646290ee4d7e56	0	0	0	0	1	0	0	0	0	0	0	0	0	0	0	0	0	0	0	43	0	7	0	0	0	0	0	0	0	1
5e97be31df920728d31ea657a60dbd77	0	0	0	0	1	0	0	0	4	0	1	0	1	0	0	1	0	0	2	0	1	0	0	0	0	0	0	0	0	1
6a28ccbd328d83d6eb1acd5b186f4bbd	0	0	0	0	1	0	0	0	0	0	0	0	0	0	0	0	1	0	0	0	0	0	0	1	0	0	0	1	2	10
f3bc9ab0cd58ae2d531af0f028d8c506	0	0	0	0	1	0	0	0	0	0	0	0	0	0	0	0	0	0	0	7	0	0	0	0	0	0	4	0	0	0
05dd39521674035276ed0406635a3bf0	0	0	0	0	1	0	0	0	0	0	0	0	0	0	0	1	0	0	1	0	2	0	0	2	0	0	2	1	0	5
33d79d069fb3393afcf31df33e31517f	0	0	0	0	1	0	0	0	0	5	0	0	0	0	0	1	0	0	0	0	0	0	0	0	0	0	1	7	3	0
5f54642390c175063b121570e3d51522	0	0	0	0	1	0	0	0	0	0	0	0	0	0	0	0	0	0	0	1	0	2	12	0	0	0	0	0	0	0
bd918ac80f1544137262f19640bbe871	0	0	0	0	1	0	0	0	0	0	0	0	0	0	0	0	0	0	0	20	0	1	0	0	0	0	0	0	0	0
e224345bb9f9d78a89e8c0a51e11e4db	0	0	0	0	1	0	0	3	0	0	0	0	0	0	1	1	0	1	0	0	0	0	0	0	0	0	0	3	0	0
f4b5c40aff599244007bf934510bdcbe	0	0	0	0	1	0	5	0	0	0	0	2	1	0	2	0	1	0	0	0	0	0	0	0	0	0	0	0	0	0
b6eac02eba0acd970d6aaafd6f4853dc	0	0	0	0	1	0	0	0	0	0	0	0	0	0	0	0	16	0	0	0	0	0	0	0	0	0	0	0	0	0
43f395976250a2ded59952b73ef12f49	0	0	0	0	1	0	0	0	0	0	0	0	0	0	0	0	0	0	0	0	0	4	5	0	0	0	0	0	0	0
f497745b7103e1bcdf9942371866f3f0	0	0	0	0	1	0	0	1	0	2	0	1	0	0	0	0	0	0	0	0	0	0	0	0	0	0	0	1	0	10
db89cb80f30e8d1a0ab1325c0cada2e2	0	0	0	0	1	0	0	0	0	0	0	0	0	0	0	0	0	0	0	1	0	0	8	0	0	0	0	0	0	0
e2c20cd84c980aab7a9ddc8dbde8d5c8	0	0	0	0	1	0	0	0	0	0	0	0	0	0	0	0	0	0	0	0	0	0	0	0	0	0	5	0	0	9
d0facba03f65e1fee83f8c4fb6ad9041	0	0	0	0	1	0	0	0	0	1	0	0	0	0	0	0	0	0	4	1	1	0	0	1	0	0	4	1	0	4
be30facc2edd3667a6736357be8251b4	0	0	0	0	0	80	0	0	2	7	5	0	0	0	0	0	0	0	0	0	0	0	0	0	0	0	0	0	0	0
0cc8e99e3e14650c309292b6e30a14c4	0	0	0	0	0	72	0	56	302	16	24	84	0	0	215	198	0	122	0	0	21	0	0	20	86	84	11	25	69	0
9eaa35041838f4da9429a13477b708ae	0	0	0	0	0	24	0	0	66	0	8	0	0	0	0	0	0	78	0	0	0	0	0	0	117	0	0	0	0	0
cf8ffcec1449a3b639b6b03d695a9727	0	0	0	0	0	20	0	1	11	5	6	2	0	0	0	2	0	65	0	0	0	0	0	1	21	0	1	3	0	0
84fd91a8f05de74db677d7eaad4efb96	0	0	0	0	0	20	0	0	20	0	0	0	0	0	0	40	0	0	0	0	0	0	0	0	0	0	0	0	0	0
98133c2d96c333edb523f693dedcaaa8	0	0	0	0	0	19	0	0	14	4	0	0	0	0	0	18	0	51	0	0	0	0	0	0	0	0	0	1	0	0
c83bd4c7d32f22a95fac62d607c0f0d6	0	0	0	0	0	18	0	0	10	0	0	0	0	0	0	0	0	0	0	0	0	0	0	0	5	0	0	0	0	0
73dc8c06944d93427f3ade8994018d0f	0	0	0	0	0	18	0	0	0	1	0	5	0	0	0	0	0	0	2	0	0	0	0	1	3	0	0	1	1	0
2b93579af6a7b9c6557bbd5ec12d332a	0	0	0	0	0	18	0	26	2	1	0	10	0	13	0	0	0	96	0	0	0	0	0	0	18	0	0	0	0	0
b1a26d83f603d537904d52dec132fee3	0	0	0	0	0	18	0	1	0	0	0	12	0	0	0	121	0	97	0	0	0	0	0	0	60	0	0	2	0	0
446eb912e669520d7bb655b3d1be8ae4	0	0	0	0	0	17	0	3	57	0	0	0	0	0	0	2	0	0	0	0	0	0	0	0	0	0	0	0	1	0
12a385ce1cbaa595031317fac5577783	0	0	0	0	0	16	0	0	12	8	4	4	0	0	0	8	0	58	0	0	0	0	0	5	0	0	0	0	3	2
94d75cbe61350b881019ea41e2e74316	0	0	0	0	0	16	0	1	1	0	0	3	0	0	2	3	0	3	0	0	0	0	0	1	0	0	2	5	0	1
6c5b9e41c2d702b0033152bc00bfb88e	0	0	0	0	0	16	0	0	0	0	0	14	0	1	0	0	0	0	0	0	7	0	0	0	0	0	0	3	8	0
6c54d11bfc39c0d170e36c0035e491dc	0	0	0	0	0	15	0	0	0	32	0	10	0	0	0	0	0	11	107	0	69	0	0	189	2	0	35	84	23	36
5ef3f0a8087e26b35995ef8d10cd2c4f	0	0	0	0	0	15	0	0	22	20	10	39	0	0	1	8	0	23	1	0	3	0	0	7	122	0	0	40	38	7
52340cb1458b6256b67a66c9fe693fd8	0	0	0	0	0	15	0	0	4	23	0	11	0	0	0	47	0	1	1	0	0	0	0	1	0	0	7	2	11	13
69106e7406041ddfa15254cdf6085025	0	0	0	0	0	15	0	0	16	1	0	11	0	0	0	4	0	4	4	0	0	0	0	9	0	0	5	15	7	4
4e03884793276e26b501bdb9b06cfbf5	0	0	0	0	0	15	0	0	5	7	0	5	0	0	0	22	0	22	2	0	0	0	0	3	0	0	0	4	16	0
90220fa5439023195fa969b0e2cd071d	0	0	0	0	0	14	0	0	0	1	0	0	0	0	0	0	0	0	0	0	0	0	0	0	0	0	0	0	4	0
55703b5eea251454bfb46347ef98eca6	0	0	0	0	0	14	0	0	0	1	0	0	0	0	0	0	2	0	0	0	0	0	0	0	0	0	0	0	0	0
858c40b937b28838e70b256e462d175d	0	0	0	0	0	13	0	21	2	0	5	0	0	0	0	0	0	10	0	0	0	0	0	0	0	0	0	0	0	0
aa5d4223eef461aa297e95eaec3bcc47	0	0	0	0	0	13	0	8	0	0	0	0	0	2	0	0	0	2	0	0	0	0	0	0	89	39	0	2	0	1
43ec5c6188dba4be9c4497cab326c48a	0	0	0	0	0	12	0	0	0	0	0	0	0	0	0	0	0	0	0	0	0	0	0	0	0	0	0	0	0	0
6b1b51f11b9353099356647208236e0e	0	0	0	0	0	12	0	0	33	0	0	0	0	0	0	0	0	0	0	0	0	0	0	0	14	0	0	0	0	0
4b4f0dd18c124d83f5a06ff27be591c7	0	0	0	0	0	12	0	0	22	0	1	0	0	0	0	0	0	5	0	0	0	0	0	0	0	0	0	1	0	0
c379482adb835f474d1aabbf0002095d	0	0	0	0	0	12	0	0	11	0	0	10	0	0	0	0	0	5	2	0	0	0	0	7	6	0	2	10	0	0
b24300610aa59d4b7c0a925bb650e599	0	0	0	0	0	12	1	14	6	0	9	11	0	1	0	0	0	12	0	0	0	0	0	2	25	0	0	0	0	3
11e35d50f7ad949461cf4c69a3d02464	0	0	0	0	0	12	0	0	6	0	0	0	0	0	0	0	0	0	0	0	0	0	0	0	3	0	1	0	0	0
b15be911428db71e75ba033563179d8f	0	0	0	0	0	12	0	0	42	0	1	2	0	0	0	0	0	10	0	0	1	0	0	0	59	0	0	0	0	0
1c5b9bab88cbf9fc228b272acf99fe53	0	0	0	0	0	12	0	0	0	3	1	6	0	0	0	0	0	0	0	0	0	0	0	0	0	0	0	0	3	0
c2b6d55d9eee9b5f32eb45ce6ee9b743	0	0	0	0	0	12	0	0	6	20	0	14	0	0	0	0	0	16	0	0	0	0	0	8	2	0	0	3	0	1
f470728b9dc21d3817dc65d11ceab85a	0	0	0	0	0	12	0	0	60	0	5	0	0	0	0	1	0	6	0	0	0	0	0	0	7	0	0	0	0	0
07c81a8de4f5596dc132e6e1efc2da11	0	0	0	0	0	11	0	0	33	0	0	0	0	0	0	0	0	0	0	0	0	0	0	0	4	0	0	0	0	0
d4a9f79e32dcca5a303d9928b9da44d9	0	0	0	0	0	11	9	7	0	0	3	0	0	0	2	18	0	0	0	0	0	0	0	0	10	0	0	0	0	1
07a3b3511993dca918edc1d845c42046	0	0	0	0	0	11	0	7	23	6	11	7	0	0	0	2	0	26	0	0	0	0	0	1	36	2	0	16	12	2
8f713d37949a93c38e3d17d614b7a2b2	0	0	0	0	0	11	0	0	7	3	0	33	0	1	0	0	0	9	0	0	1	0	0	6	15	0	0	3	2	4
6935902c306ddab63867f31d9b346bbe	0	0	0	0	0	11	0	1	4	28	1	83	0	0	0	3	0	3	4	0	5	0	0	23	0	0	1	48	93	4
9d52213cca08c475cd9ff9bf45cae7c7	0	0	0	0	0	11	0	9	4	0	9	0	0	0	0	0	0	12	0	0	0	0	0	0	2	0	0	0	0	0
d33aa4a0fb7ffafaec765c75178f980f	0	0	0	0	0	11	3	15	16	65	18	48	0	0	0	16	0	13	0	0	0	0	0	0	0	0	2	101	0	21
023981f7133d86aa27a5ba9affee8e35	0	0	0	0	0	11	0	0	32	0	0	0	0	0	0	2	0	10	0	0	0	0	0	2	13	0	0	3	0	0
140a734d6fd0df89dcb375b1c41806a8	0	0	0	0	0	10	0	0	0	2	0	5	0	0	0	7	0	0	2	0	3	0	0	4	1	0	1	0	7	0
9ed6131a20b9ce1750fe48faaa759643	0	0	0	0	0	10	0	0	16	0	0	8	0	0	0	0	0	0	0	0	0	0	0	0	16	0	0	0	0	2
9b020a1d4249275b8ada67da67f6cd0f	0	0	0	0	0	10	0	0	1	0	2	0	0	0	0	11	0	31	0	0	0	0	0	0	12	0	0	0	0	0
5093567394c08dd35c356d7e6a249e50	0	0	0	0	0	10	0	0	37	0	0	0	0	1	0	0	0	2	0	0	0	0	0	1	39	0	0	0	0	0
9257cdde6252863f81d51823fe3a4993	0	0	0	0	0	10	0	0	1	12	0	21	0	0	0	0	0	3	0	0	0	0	0	0	0	0	0	0	4	1
bcf0e1c12ceaeac8decdc3eb79758232	0	0	0	0	0	10	0	0	40	0	5	0	0	0	46	20	0	27	0	0	0	0	0	2	14	0	0	1	0	0
dea57b2134fe02924aa37c1310d56aba	0	0	0	0	0	10	0	0	5	0	0	2	0	0	0	0	0	0	0	0	0	0	0	1	0	0	1	0	0	1
82dcaf5d05d658267cb402429e141ac9	0	0	0	0	0	10	0	0	20	10	0	9	8	0	0	0	0	2	0	0	0	0	0	8	0	1	7	8	17	15
ac5ffd653ffdad937c099feaf879f3d6	0	0	0	0	0	10	0	0	2	1	1	8	0	0	0	0	0	3	1	0	0	0	0	5	0	0	0	0	2	0
ee30873dba5fce744b467bc4d647eab0	0	0	0	0	0	9	0	2	6	0	2	0	0	0	0	0	0	0	0	0	0	0	0	0	5	0	0	0	0	0
67c6a319278f6369d8bd811fa64c4cf4	0	0	0	0	0	9	0	0	11	2	0	6	4	0	0	4	0	2	0	0	0	0	0	0	0	0	0	1	4	3
87e259d919386096c26246658120fea6	0	0	0	0	0	9	0	0	0	0	0	0	0	0	0	0	0	0	0	0	2	0	0	0	0	0	0	0	2	0
f3a5fbdf799a81873a3cea793c643875	0	0	0	0	0	9	0	0	4	1	1	0	0	0	0	0	0	33	0	0	0	0	0	0	0	0	0	0	0	0
e7d2dd516f2de868ea7b6a36d8c5a853	0	0	0	0	0	9	11	7	7	2	7	0	0	0	20	0	0	5	43	0	361	0	0	6	28	0	13	8	0	25
138a903f537dce43ec5bbffe9d664a65	0	0	0	0	0	9	0	0	7	2	0	0	0	0	0	0	0	0	0	0	0	0	0	4	28	6	0	1	0	0
b6b46ad9344e3d3b1b47af9750208696	0	0	0	0	0	9	0	0	0	5	0	7	0	0	0	1	0	1	1	0	0	0	0	0	0	0	0	4	0	0
9d1f6c2711b4580a9ff10e73ed078ccc	0	0	0	0	0	9	0	1	60	5	0	10	0	0	0	46	0	25	0	0	0	0	0	2	0	25	0	7	3	0
62ea9d340b0b0b90e44acb2ed9d761a0	0	0	0	0	0	9	2	22	14	11	16	26	1	3	4	3	0	13	0	0	1	0	0	3	7	0	1	15	22	2
ad1a718bcf356f131331ab06784e315c	0	0	0	0	0	9	0	0	0	5	0	1	0	2	0	0	0	0	0	0	0	0	0	0	7	0	0	0	0	0
dacffbcea9ecc41c15984bbb90ca7e7e	0	0	0	0	0	9	0	0	2	4	0	11	0	0	0	1	0	126	3	0	2	0	0	7	1	1	0	14	2	0
93843d3c418757e1ee1f043ed5f03aa7	0	0	0	0	0	9	0	0	13	0	2	1	0	0	0	11	0	10	0	0	0	0	0	1	0	0	0	4	0	0
cc9820be9e57258d6c7c9ec16655f1f5	0	0	0	0	0	9	0	0	61	0	5	3	19	0	0	0	0	0	0	0	0	0	0	3	14	23	2	0	0	0
cb890222229a39fb289444e22c3954a4	0	0	0	0	0	9	0	0	0	1	0	0	0	0	0	0	0	0	0	0	0	0	0	0	0	0	0	0	0	0
ef9caf513480cc4516e80fb9aa444362	0	0	0	0	0	9	0	0	15	0	0	0	0	0	0	0	0	0	0	0	0	0	0	0	0	0	0	0	0	0
25d5e4f224a7cd492037027baa6bc594	0	0	0	0	0	9	0	25	10	0	0	1	0	27	0	0	0	10	2	0	0	0	0	0	0	0	0	0	2	0
7ffb2115edab8b5df60bd1c59d850a1e	0	0	0	0	0	9	0	0	0	0	0	0	0	1	7	0	0	0	0	0	0	0	0	0	0	0	2	0	0	0
193fee983da5531e2e409de7d26814da	0	0	0	0	0	9	0	1	7	2	0	8	0	0	0	1	0	37	3	0	6	0	0	6	0	0	0	14	0	5
338fffbe3231736b0dc8ba2b97e5f431	0	0	0	0	0	9	0	0	0	0	0	0	0	0	0	0	0	0	0	0	0	0	0	2	0	0	0	5	0	3
8833ea3ddb08868712f29a33268f312f	0	0	0	0	0	9	0	0	2	3	0	1	0	0	0	0	0	1	0	0	0	0	0	0	1	0	0	1	0	0
b0e5b30a08478e0574cfb4db307fbf59	0	0	0	0	0	9	0	0	5	0	0	0	0	0	0	0	0	0	0	0	0	0	0	0	0	0	3	0	0	0
55dde56794eef6aea2f1358a4d778234	0	0	0	0	0	9	3	2	0	1	2	7	4	0	2	12	0	30	0	0	2	0	0	1	0	5	0	4	3	4
a4c78d90572d026a0a7c58e1ffa453ac	0	0	0	0	0	9	0	0	11	3	0	10	0	0	0	0	0	0	0	0	0	0	0	4	0	0	5	0	14	3
1d0facfaafd713a1fc4719bbd1274402	0	0	0	0	0	8	0	0	11	12	0	21	0	0	0	0	0	0	0	0	0	0	0	0	0	0	9	13	42	25
21d6604b7462f6d5ff69f002a0f9bb79	0	0	0	0	0	8	0	0	0	7	0	10	0	0	0	0	0	6	0	0	0	0	0	2	0	0	0	8	21	6
d9017a746bfc828c7e86fb1eea3e4797	0	0	0	0	0	8	0	2	8	0	0	0	0	0	0	0	0	2	0	0	0	0	0	0	0	0	1	2	4	0
f8af5952e00de7a9cd905cdb2f87cb90	0	0	0	0	0	8	0	0	0	0	1	0	0	0	0	0	0	0	0	0	0	0	0	0	3	0	0	0	0	0
6f0f149714a19c115e287855ba52e019	0	0	0	0	0	8	0	0	0	0	0	0	0	0	0	0	0	0	0	0	0	0	0	0	4	0	0	0	0	0
402a18c33bc53bfb067331b54d5eb3fc	0	0	0	0	0	8	0	0	4	6	0	6	0	0	0	0	0	0	1	0	2	0	0	2	10	0	0	0	0	1
2a88e3f6a05b58d1612394abcb6d310a	0	0	0	0	0	8	0	3	222	0	0	0	0	2	0	0	0	27	0	0	1	0	0	0	5	0	3	0	1	0
7ec2a6b3a0293201f40bbe0aa34a946c	0	0	0	0	0	8	0	7	22	0	37	7	0	0	0	1	0	13	0	0	3	0	0	1	56	0	1	3	5	0
166dc6d69fc51eda314c94afa06217bf	0	0	0	0	0	8	0	1	0	1	0	0	0	2	0	1	0	0	0	0	1	0	0	0	0	0	0	0	0	0
ee80ffe804ecd69982b435eed15c47ab	0	0	0	0	0	8	0	0	0	0	0	0	0	0	0	0	0	0	0	0	0	0	0	0	0	0	0	0	0	2
53145f1b82ae1b9c86ff58513de41378	0	0	0	0	0	8	0	0	24	2	1	0	0	0	1	16	0	22	0	0	0	0	0	0	0	0	2	0	0	0
44a32b798f8a2446d110a8949e8a02d7	0	0	0	0	0	8	0	0	10	0	0	1	0	0	0	16	0	15	0	0	0	0	6	0	11	0	0	0	0	0
bc8a568720ef5a0d9b422ccb94dc0653	0	0	0	0	0	8	0	0	7	0	0	0	0	0	7	0	0	0	0	0	0	0	0	0	2	40	1	5	0	0
53d6fdd1c95156b60740d20c2567b059	0	0	0	0	0	8	0	0	10	1	0	2	0	0	0	0	0	3	0	0	0	0	0	3	7	1	0	3	4	0
799bdedefdf833a7768d9221de80f6de	0	0	0	0	0	8	0	0	0	0	0	0	0	3	0	0	0	0	0	0	0	0	0	0	0	0	0	0	0	0
7786783d902f10b0c11e81e0643f1ac9	0	0	0	0	0	8	0	1	0	0	14	3	0	0	0	1	0	2	0	0	0	0	0	0	0	38	0	6	0	1
ece65490f19f306c74ddad636ea24fc1	0	0	0	0	0	8	0	0	22	11	0	17	0	0	0	0	0	12	1	0	0	0	0	6	31	229	0	7	14	0
72718778142eed9f6b48aa09b0d1a671	0	0	0	0	0	8	0	0	0	0	0	0	0	4	0	0	0	0	0	0	0	0	0	0	0	1	0	0	0	2
054a147f4d9cc92e3f3d20f5ca2cb03c	0	0	0	0	0	8	1	4	1	0	1	1	0	0	0	3	0	3	0	0	0	0	0	0	15	0	0	3	2	2
ac75492e37b8d6fd6054fedfa4effa51	0	0	0	0	0	8	0	14	23	0	0	0	0	0	1	0	0	12	0	0	0	0	0	0	0	0	0	0	0	0
a035d7618c90c2e44935e5aaeb308193	0	0	0	0	0	8	0	9	3	0	2	0	0	0	0	5	0	4	0	0	2	0	0	0	2	0	0	10	0	0
7d99e341c92202ce2abd934316f9b63f	0	0	0	0	0	8	0	0	4	0	0	3	0	0	0	0	0	2	1	0	0	0	0	0	0	0	2	0	0	0
c00cb6bfc99fc2dda9699ed5b9be2402	0	0	0	0	0	8	0	0	15	5	0	16	0	0	0	0	0	2	0	0	1	0	0	22	0	0	30	18	10	25
eb7440f5bf81f116a9e22ba3dd5a4933	0	0	0	0	0	8	1	0	1	9	0	21	0	0	2	1	0	6	1	0	0	0	0	3	0	0	0	2	8	3
c21c997d7d1785937806b55e65eb7bd9	0	0	0	0	0	8	0	1	0	1	0	1	1	0	0	0	0	9	0	0	0	0	0	0	0	0	3	2	6	3
351c67dd7dd14241c08d32a283d42294	0	0	0	0	0	8	0	0	0	1	0	0	0	0	0	2	0	0	0	0	0	0	0	4	0	2	0	0	1	0
9451a6a8c8d99d1bdb051b7eddb5648f	0	0	0	0	0	7	0	0	8	9	0	0	0	0	0	14	0	3	0	0	0	0	0	0	0	0	0	1	0	0
3c70af8f7c399b98038a1265de860211	0	0	0	0	0	7	0	0	2	0	0	3	0	0	0	0	0	5	0	0	0	0	0	3	0	0	0	1	0	0
b6197f82328f2eee43080a85ba1817c5	0	0	0	0	0	7	0	0	0	1	0	0	0	0	0	0	0	1	0	0	0	0	0	0	0	0	0	0	0	3
c7662570a896e15691a08f5c5ab23be3	0	0	0	0	0	7	0	0	0	0	0	2	0	0	0	0	0	4	0	0	0	0	0	1	29	0	0	0	0	0
bf43ec6853bf1b6ba428e4508f46b5d1	0	0	0	0	0	7	0	0	4	0	0	1	0	0	0	0	0	0	1	0	0	0	0	0	4	0	2	0	0	0
296729401eae8507bff1bf46f6194def	0	0	0	0	0	7	0	0	0	0	0	0	0	4	0	0	0	0	0	0	0	0	0	0	0	0	0	0	0	0
d1c282dd793d3eeccdf6aa38ae4cda54	0	0	0	0	0	7	0	0	2	0	0	0	0	0	0	2	0	5	0	0	0	0	0	0	0	0	0	0	0	0
6f19ce58e9e050284d3fac9befcf5e48	0	0	0	0	0	7	0	9	9	4	0	2	4	0	0	16	0	3	0	0	0	0	0	1	38	0	0	2	3	0
8777eab648918d81820b84f61e766195	0	0	0	0	0	7	1	0	0	0	0	0	0	0	19	12	0	0	0	0	0	0	0	0	0	0	0	0	0	0
7ecbfea031d40252089e23981f30f18b	0	0	0	0	0	7	0	0	16	2	2	0	0	0	0	1	0	15	0	0	0	0	0	5	60	0	0	6	3	0
5e5de361ba9c8762910d385687b56b23	0	0	0	0	0	7	0	0	0	0	0	0	0	0	0	0	0	0	1	0	5	0	0	1	4	0	1	1	0	5
0ccb37fbc87eb8659e6cd2206dc3094c	0	0	0	0	0	7	0	1	16	0	2	0	0	0	0	13	0	24	0	0	0	0	0	2	18	1	0	1	0	0
091a5e164958e3d46b3869f636a0f5d3	0	0	0	0	0	7	0	0	34	0	10	0	0	0	48	0	0	1	0	0	1	0	0	0	0	0	2	1	0	2
b6cfcb3cbac613bec94b297125cfc85e	0	0	0	0	0	7	0	0	1	0	0	8	0	0	0	0	0	1	0	0	0	0	0	0	0	0	0	1	0	0
838cb55f505b3a0e95372274d442b886	0	0	0	0	0	7	0	0	11	1	0	0	0	0	0	1	0	0	2	0	0	0	0	9	1	0	5	4	1	2
8bff8382cd834f5eab1f1d772a3571b3	0	0	0	0	0	7	6	0	5	5	0	5	18	0	10	37	0	0	0	0	0	0	0	0	0	0	0	0	6	0
a82c9e25c53df8734d01db1cbb2fd30e	0	0	0	0	0	7	0	2	3	0	0	0	0	0	0	6	0	8	0	0	0	0	0	1	0	0	0	1	0	0
48d05970cb8b198e25ef15698a009203	0	0	0	0	0	7	0	5	5	15	0	3	4	0	5	4	0	6	0	0	0	0	0	0	2	0	0	6	3	0
78567fab6a3f56698ab8a98857209205	0	0	0	0	0	7	0	0	0	1	0	0	0	0	0	6	0	0	0	0	0	0	0	0	0	0	0	0	0	0
5e24c8b9278f7cbb572dfb0c900a4cb5	0	0	0	0	0	7	0	0	0	0	1	0	0	0	0	0	0	0	0	0	0	0	0	0	0	0	0	2	0	0
08aea9f56209d12ae68b83ecee8b16d1	0	0	0	0	0	7	0	0	3	0	0	0	0	0	0	0	0	0	0	0	0	0	0	0	0	0	0	0	0	0
0bac64ab12c60e87892553a52af851a5	0	0	0	0	0	6	0	3	3	3	2	4	0	0	0	3	0	11	0	0	0	0	0	5	0	0	2	2	6	0
a9c95bc609a4e745da85366874d0b2cc	0	0	0	0	0	6	0	0	10	0	7	0	0	0	0	23	0	2	0	0	0	0	0	0	15	0	0	0	0	0
2bef2ab8b2e107fe9b75ee8e9ae129e4	0	0	0	0	0	6	0	0	0	0	8	0	0	2	0	0	0	3	0	0	0	0	0	0	0	0	0	0	0	0
f94d8fb72979d527178fea232543596c	0	0	0	0	0	6	0	0	3	17	6	4	0	0	0	22	0	38	0	0	1	0	0	4	9	0	1	6	9	1
edccd9db3ada602236ef60e55fe8f7c9	0	0	0	0	0	6	0	0	1	11	0	8	0	0	0	17	0	39	2	0	0	0	0	0	0	0	0	13	0	0
c7b0ef1a37692ce1c50bc0e52c42818d	0	0	0	0	0	6	0	0	8	0	0	0	0	0	0	0	0	5	0	0	0	0	0	0	0	0	0	0	0	0
4665aff2007eefaed2fb8da6533b2076	0	0	0	0	0	6	0	0	0	23	0	20	0	0	0	0	0	0	15	0	12	0	0	13	0	0	0	9	136	13
63554df3c584dd2c08e71748ca992f49	0	0	0	0	0	6	0	0	0	0	0	0	0	0	0	0	0	0	0	0	0	0	0	0	18	0	0	1	0	0
a709186b14066c3b9b6029f444d6e4a6	0	0	0	0	0	6	1	0	0	1	0	0	0	0	1	1	0	0	0	0	0	0	0	0	0	0	1	0	3	1
f5880ea48ff3a966fda1afb2f537da12	0	0	0	0	0	6	0	0	1	0	0	0	0	0	0	0	0	1	1	0	2	0	0	1	0	0	0	1	0	0
c1c1c8671aa3be2f8f602e7c619eb77b	0	0	0	0	0	6	0	0	42	0	5	0	0	0	0	0	0	0	0	0	0	0	0	0	1	0	0	0	0	0
6da84f0b336b0c0ba372aa86386241d8	0	0	0	0	0	6	1	1	0	0	0	3	0	0	0	1	0	0	0	0	0	0	0	1	0	0	0	3	0	0
98202a697c5fa8cbf815aa51ab14bf4b	0	0	0	0	0	6	0	0	2	1	1	0	0	0	0	3	0	0	0	0	1	0	0	0	0	0	0	1	2	0
648de6582a14e900e405309a7e568ce6	0	0	0	0	0	6	9	9	0	0	0	3	0	84	6	0	1	12	0	0	0	0	0	0	0	0	0	3	0	0
cf13ef507c1bdfe8b75d840174f2847b	0	0	0	0	0	6	0	0	19	0	3	0	0	0	0	0	0	3	0	0	0	0	0	0	5	0	0	0	2	0
5b12dd3f3881428629fd77c2459df47a	0	0	0	0	0	6	0	1	2	0	0	0	0	0	0	6	0	0	0	0	0	0	0	0	0	0	1	0	0	0
ca486fb64af63cb9962f6a77e64ee8e6	0	0	0	0	0	6	0	2	0	0	0	0	0	0	0	0	0	1	1	0	0	0	0	0	0	0	0	0	0	0
f6ee3f54a3c1d3f2cd13ed2369fd2ddc	0	0	0	0	0	6	0	0	5	13	13	23	0	0	0	0	0	52	1	0	0	0	0	7	44	0	0	15	0	0
6c47ff75740afe249c2eb76a42254e89	0	0	0	0	0	6	1	6	2	3	2	6	1	0	3	3	0	24	0	0	2	0	0	8	2	0	0	15	4	2
a423a5803cf59b1879684a6bc48c9244	0	0	0	0	0	6	0	5	6	21	3	37	0	2	0	0	0	12	29	0	74	0	0	14	10	3	14	12	7	56
09088c248112e86784bc0840ce053873	0	0	0	0	0	6	0	5	3	8	1	9	0	0	4	11	0	2	17	0	9	0	0	0	5	0	1	6	2	1
52bade0befffae4afc8c6e1845e7137c	0	0	0	0	0	6	0	6	0	0	0	0	0	0	0	0	0	0	0	0	0	0	0	0	2	0	0	0	0	0
43d9378cb80d11391a0fa8fa4aab801b	0	0	0	0	0	6	0	0	3	0	0	0	0	0	0	0	0	1	0	0	1	0	0	0	0	0	0	2	1	0
af7add6f2682a2cd36137802b11ac19b	0	0	0	0	0	6	1	0	7	5	0	5	0	0	1	5	0	1	0	0	1	0	0	20	0	0	54	3	29	55
13eba4bb1246d5305335cdea75c105c4	0	0	0	0	0	6	0	0	1	1	0	5	0	0	0	0	0	1	0	0	0	0	0	0	2	0	0	7	6	0
0da5acd85b1848b369d982e9196ff9af	0	0	0	0	0	6	0	0	0	2	0	9	0	0	0	0	0	7	6	0	9	0	0	6	0	0	3	8	15	5
0707b27f67b17c5d0a7fb6438f3a1d4c	0	0	0	0	0	6	0	2	1	0	0	0	0	0	0	1	0	0	0	0	0	0	0	0	12	0	0	0	1	0
f772f686d1c01ed9951c37c6a9a4da57	0	0	0	0	0	6	0	0	7	0	9	1	6	0	0	0	0	0	0	0	0	0	0	0	1	0	0	0	0	0
5026ac4bd78ab0d51fe8176b840e0f2a	0	0	0	0	0	6	0	1	0	2	0	10	0	0	0	1	0	0	2	0	0	0	0	0	0	0	0	14	4	0
163cef24db8913e3db618f7580383505	0	0	0	0	0	6	0	0	21	0	0	0	0	0	0	0	0	0	0	0	0	0	0	0	0	0	0	0	0	0
7c54dc616e31973dcfe69a3a042242bf	0	0	0	0	0	6	3	1	0	0	0	0	0	0	1	2	0	4	9	0	21	0	0	0	0	0	19	0	11	9
ed51a5cd53bfa93fcb0f663567d98f83	0	0	0	0	0	6	0	0	6	7	1	48	0	0	0	0	0	7	0	0	3	0	0	20	0	135	0	57	3	0
4242356bf332eb0283b3bf882371e18a	0	0	0	0	0	6	0	0	1	4	4	2	0	8	0	0	0	0	0	0	0	0	0	0	36	1	0	1	3	0
3ba823fd12687b7b93dde03f4e581967	0	0	0	0	0	6	0	0	2	0	0	0	0	0	0	3	0	0	0	0	0	0	0	0	0	0	2	0	0	0
9027f2f423d594043ceda66bb5495206	0	0	0	0	0	6	0	0	4	0	0	0	0	0	0	11	0	0	0	0	0	0	0	0	0	0	1	0	0	0
0a78287e6926d8aa437da7183a446a19	0	0	0	0	0	6	0	1	3	2	0	1	0	0	0	2	0	7	0	0	0	0	0	0	1	0	0	2	0	1
578217fcc4362c4f5ec95205cecb18c7	0	0	0	0	0	6	1	3	0	0	2	4	2	0	1	4	0	6	0	0	0	0	0	1	0	0	2	8	11	2
bda688aafa6e72740b0a5a4df5fc5088	0	0	0	0	0	6	0	0	0	0	0	0	0	0	3	0	0	1	0	0	0	0	0	0	0	0	0	0	0	0
d5847e051608441e8338ba4b4101eada	0	0	0	0	0	5	0	2	1	3	1	0	0	6	0	0	0	4	0	0	0	0	0	0	0	0	0	0	1	0
518710c303dc8bbd6df6cb0d9aff6b52	0	0	0	0	0	5	95	0	0	0	1	0	281	0	115	107	0	0	0	0	0	0	0	0	0	0	0	21	0	16
592f87ab92bc6085b5f3d6fc996cde53	0	0	0	0	0	5	0	0	0	3	1	0	0	0	0	0	0	7	14	0	60	0	0	0	0	0	1	2	5	5
87ba6edc9e2ece548d090bebd0844b13	0	0	0	0	0	5	0	0	0	8	0	15	0	0	0	0	0	3	157	0	197	0	0	3	0	0	1	8	2	1
2224dd7b2f37e42a277ebb4a29d78fb7	0	0	0	0	0	5	0	0	2	1	0	0	0	0	0	0	0	1	0	0	0	0	0	0	0	0	1	1	0	0
9d7b6727963cf59bb0f4f374cb042e9e	0	0	0	0	0	5	0	7	36	17	0	1	0	0	63	17	0	37	0	0	2	0	0	4	0	0	4	21	14	12
9ba5e29ef4723961723888f17bc38872	0	0	0	0	0	5	0	0	1	0	0	4	0	0	0	0	0	0	4	0	4	0	0	9	0	0	0	3	0	0
95ea79d3220b109760f7206eddaba1d9	0	0	0	0	0	5	3	0	14	0	45	0	0	3	4	0	0	23	0	0	0	0	0	0	112	0	0	0	0	1
1b243294400d3139e9bfc40a58213a08	0	0	0	0	0	5	1	0	0	16	0	0	0	0	0	0	0	0	0	0	0	0	0	1	0	0	0	2	6	0
b06826dd48f180c16b8a533c3b1add0d	0	0	0	0	0	5	0	0	30	0	0	4	0	0	0	0	0	18	0	0	0	0	0	0	8	12	0	3	1	1
9b246403c92b44522c303b7b0c1c88af	0	0	0	0	0	5	0	0	10	0	0	9	0	0	0	0	0	16	0	0	0	0	0	0	0	0	1	1	1	0
1c33c511313a5e6ebe7e831fcaea2dcc	0	0	0	0	0	5	0	7	1	1	0	0	0	0	1	2	0	0	0	0	0	0	0	0	0	1	0	3	0	1
ac25b60a7eb29b580a0d4105feba47c6	0	0	0	0	0	5	0	0	0	6	0	6	0	0	0	0	0	11	0	0	0	0	0	2	1	0	4	1	0	1
97b3938cfa4594bb5c1886c181374ae0	0	0	0	0	0	5	0	15	2	21	0	0	0	0	0	4	0	17	1	0	0	0	0	0	0	0	6	0	11	9
f59d79a37bda0cc76e737f5a00acdb00	0	0	0	0	0	5	0	1	17	0	0	0	0	0	0	0	0	2	0	0	0	0	0	0	0	0	0	0	1	0
151b48d8cd2d5e7bfd9100a4e5adb954	0	0	0	0	0	5	1	0	0	0	1	0	0	0	2	1	0	0	0	0	0	0	0	0	1	0	0	2	0	0
b0d389db72f3f984b4b877bfc31900e5	0	0	0	0	0	5	0	6	25	0	15	0	1	0	0	0	0	22	0	0	0	0	0	0	31	0	0	0	0	0
f4676d94fe73ff99fecde98baf2a4c5a	0	0	0	0	0	5	0	1	0	2	0	2	0	0	0	32	0	1	0	0	1	0	0	3	0	0	0	10	1	2
810f9b3a168591107fe30774799340a4	0	0	0	0	0	5	0	0	2	0	0	0	0	0	0	0	0	3	0	0	0	0	0	0	1	1	0	0	0	0
6519ca6905843eabab5ca027d22c2792	0	0	0	0	0	5	2	1	1	0	7	0	16	0	0	13	0	1	1	0	1	0	0	2	6	0	2	6	16	0
98689086dce0c0c026aa2393fa5d7a8f	0	0	0	0	0	5	0	35	6	18	12	0	7	0	0	12	0	3	0	0	0	0	0	1	29	0	1	17	3	0
0c4ae54c13afebfb347c0fa4ea9d7033	0	0	0	0	0	5	0	2	3	13	1	24	0	0	0	4	0	17	0	0	0	0	0	2	56	0	0	13	59	6
78088a83318a1db5122e580f8ccba343	0	0	0	0	0	5	0	0	0	0	0	0	0	0	0	0	0	0	0	0	0	0	0	0	5	0	0	0	0	0
75e0243141426aeb3a0684ed9758305c	0	0	0	0	0	5	0	0	0	0	0	4	0	9	0	0	0	0	0	0	0	0	0	1	0	0	0	0	0	0
b7530b9b9a69bea82267fe911565b9f6	0	0	0	0	0	5	0	0	8	7	3	7	5	0	0	0	0	19	0	0	2	0	0	1	10	0	0	3	6	1
d63f68c3c332ff34f25b3e5bf46c2f65	0	0	0	0	0	5	0	0	0	1	0	0	0	0	1	1	0	7	0	0	0	0	0	0	4	0	0	0	0	0
4915484ddaa4c4c695d613b9a793d1bc	0	0	0	0	0	5	0	12	112	1	4	0	0	7	0	0	0	19	0	0	0	0	0	0	0	0	0	1	0	2
f5cb87cda9573a59b18807df7614d17a	0	0	0	0	0	5	0	3	11	0	0	1	0	0	0	0	0	0	0	0	0	0	0	0	9	0	1	2	2	0
a08f43f367c671d8708adcfdb67ad838	0	0	0	0	0	5	1	0	0	0	0	0	0	0	4	0	0	0	0	0	0	0	0	0	0	0	0	0	0	0
1202b2e03c4ae0d0a4d2d29bbeb08b9c	0	0	0	0	0	5	0	0	3	0	0	0	0	0	0	2	0	0	0	0	0	0	0	0	1	0	0	0	4	2
29ba66c079236f0e8acb993b65d47954	0	0	0	0	0	5	0	0	17	0	0	5	0	0	16	0	0	5	0	0	0	0	0	2	2	0	0	0	1	0
88e7570dc6a80f082806dd95e9377cf6	0	0	0	0	0	5	0	0	0	0	0	0	0	0	0	0	0	0	0	0	0	0	0	0	23	0	0	0	0	0
dfdd71d3f31bd3b479ee86c9e0d3db14	0	0	0	0	0	5	0	0	1	0	0	3	0	0	0	0	0	0	0	0	0	0	0	1	5	0	0	1	0	0
d673720ac12b7ea2889268db43877748	0	0	0	0	0	5	0	0	0	0	1	0	0	12	0	0	0	0	0	0	0	0	0	0	0	0	0	1	0	0
beea5d98d58dadcc7c83f212c9b2bddc	0	0	0	0	0	5	0	1	7	4	1	0	0	0	0	0	0	62	1	0	2	0	0	1	4	2	0	3	9	0
ca29de5ff5bcd4337e61b54978637c04	0	0	0	0	0	5	0	1	6	5	1	8	0	0	0	0	0	16	0	0	2	0	0	0	1	0	1	0	3	0
ba4e2fac86564f36c9f812ed667ec760	0	0	0	0	0	5	0	0	1	0	0	0	0	0	1	2	0	1	0	0	0	0	0	0	0	0	0	0	0	0
82664b2cd08bf0eb9c4c2fda190b5c67	0	0	0	0	0	5	0	1	0	0	0	0	0	0	0	5	0	0	0	0	0	0	0	0	0	0	1	0	0	1
ea4b0218408b21fb0ef3c7e730b4e75c	0	0	0	0	0	5	0	0	2	1	0	5	0	0	0	0	0	1	0	0	0	0	0	0	0	0	0	3	0	1
a44e67bedc2758f6566c83f110aee254	0	0	0	0	0	5	1	1	6	0	4	0	0	0	0	17	0	1	0	0	0	0	0	0	2	0	0	0	0	0
10af00fa40cfad9cf1780f764b9d65ed	0	0	0	0	0	5	0	27	4	0	0	0	0	2	3	21	0	8	0	0	0	0	0	2	0	0	0	7	0	0
bd203af136641103e34b15f167accaf4	0	0	0	0	0	5	0	0	3	0	0	0	0	0	0	0	0	0	0	0	0	0	0	0	0	0	0	1	9	0
e22161a44f807764555e6af0b7dfd484	0	0	0	0	0	5	0	0	0	3	0	1	0	0	0	0	0	0	0	0	0	0	0	0	0	0	0	0	1	0
289ec1ed74de514e899a1fc40d2813cc	0	0	0	0	0	5	0	0	0	3	0	0	0	0	0	1	0	0	0	0	0	0	0	1	0	0	1	3	0	0
24a152438f1424668a82bca36cdb4cd4	0	0	0	0	0	5	0	8	14	0	9	0	0	0	0	0	0	53	0	0	0	0	0	0	0	0	0	0	0	0
538a45d67397c25dfc5693faa82e6731	0	0	0	0	0	5	1	1	0	0	0	0	0	0	0	0	0	0	0	0	0	1	0	0	0	0	4	0	0	3
d6f9fb040558b2478744242f4a071aed	0	0	0	0	0	5	0	0	3	11	0	38	35	0	0	84	0	22	1	0	0	0	0	0	0	0	0	11	135	2
6648bb41c426b4f404cf30c44adf081e	0	0	0	0	0	5	0	1	5	0	0	0	0	0	0	2	0	0	0	0	0	1	0	0	3	0	0	1	0	0
a86fe7fb8c20205b02441be3980b8943	0	0	0	0	0	5	0	8	0	1	1	0	0	1	1	2	0	11	0	0	0	0	0	0	2	0	0	3	0	0
2a65caf3b26163a84f7755ce62c60e6a	0	0	0	0	0	5	0	0	3	26	0	34	0	0	0	8	0	67	0	0	1	0	0	1	2	0	3	8	34	8
6821fcd06a6ddf0c8d2910024177e719	0	0	0	0	0	5	0	0	10	10	0	10	0	0	0	2	0	82	0	0	1	0	0	7	7	17	0	14	5	2
d22e0f22b60fc90c1ad6b51db719efd7	0	0	0	0	0	5	0	14	13	0	0	0	0	1	0	10	0	15	0	0	0	0	0	1	10	0	0	0	0	0
b4ab21e163557ef74997d79fd19aa981	0	0	0	0	0	5	0	0	1	0	7	0	1	0	0	3	0	1	0	0	0	0	0	0	1	0	0	0	0	0
35b1230fce01a961e4703cd6a0f472bf	0	0	0	0	0	5	0	0	1	0	0	3	0	0	0	0	0	0	0	0	0	0	0	0	0	0	0	2	0	0
aa5d77643ed2dd05fc44ee85da591552	0	0	0	0	0	5	4	7	9	10	0	12	0	0	0	18	0	34	23	0	0	0	0	21	0	0	11	38	0	100
4cf4d46c48a78ccb99ded1e52b9ae3bb	0	0	0	0	0	5	0	2	3	0	2	0	0	36	0	0	0	23	0	0	0	0	0	0	0	1	0	0	0	0
7a034eb5564a6e3681459b9989bb8677	0	0	0	0	0	5	0	2	3	3	1	0	0	0	0	0	0	3	0	0	0	0	0	1	3	0	2	2	0	0
7a51f552b135b0c2fcabf2bd75957b0c	0	0	0	0	0	5	0	7	11	0	1	0	0	0	6	8	0	2	0	0	0	0	0	0	4	0	0	0	0	0
5f3b778528f15a2c4849fb04074e921f	0	0	0	0	0	5	0	0	4	0	0	2	0	0	0	0	0	0	0	0	0	0	0	0	0	0	0	0	0	0
1439ecd6a78c56e102969a5165e006f2	0	0	0	0	0	5	0	0	1	3	0	6	0	0	0	3	0	6	1	0	1	0	0	1	0	0	0	11	7	5
53aad462e8dc67fc5b55bda9e0335cbf	0	0	0	0	0	5	0	0	0	3	0	0	0	0	0	0	0	2	7	0	0	0	0	5	1	0	3	10	5	2
f5aeb4c263cdfd7e9697a739b55909aa	0	0	0	0	0	5	16	1	0	0	0	1	0	0	2	1	0	0	0	0	0	0	0	0	0	0	0	0	6	0
0c51eed2a607843734475727bc2734ff	0	0	0	0	0	5	0	0	51	0	4	5	0	0	0	1	0	10	0	0	0	0	0	0	33	6	0	1	0	0
52716b5b238132dae1780b72594c273d	0	0	0	0	0	5	0	0	6	0	0	0	0	0	0	0	0	3	0	0	0	0	0	0	4	0	0	0	0	0
7b674bb97b955890fe3068d1687998b8	0	0	0	0	0	4	1	15	62	1	9	0	0	0	3	0	0	31	0	0	0	0	0	0	0	0	0	0	0	0
54953f455eb096009b1815df1538bc00	0	0	0	0	0	4	0	0	0	1	0	2	0	0	1	0	0	15	0	0	1	0	0	0	0	0	0	0	11	0
a55021131a1a394466dec077fdbb4b21	0	0	0	0	0	4	0	0	1	0	2	0	0	0	0	0	0	5	0	0	0	0	0	0	2	0	0	1	1	0
d2d16ad67b42a2a7f162297a69463de3	0	0	0	0	0	4	0	15	18	4	1	8	0	0	1	16	0	34	0	0	0	0	0	0	11	0	0	6	0	0
65ab6dab8310ca29a7626d82f6c31f4e	0	0	0	0	0	4	0	1	0	2	0	8	0	1	2	1	0	2	0	0	0	0	0	4	0	2	0	3	2	0
bc361211b122ab3387bda1c284555b6a	0	0	0	0	0	4	0	0	3	14	4	37	0	0	0	0	0	14	6	0	6	0	0	26	11	0	6	36	14	12
6dc63cf2dd52f5ee658a1b8ad2d12e7b	0	0	0	0	0	4	0	10	1	0	25	0	0	0	0	0	0	8	0	0	0	0	0	0	0	0	0	0	0	0
22bb794874096908cda359aa3f3f69a5	0	0	0	0	0	4	0	1	0	0	0	1	0	0	0	0	0	11	0	0	0	0	0	0	1	0	0	0	0	0
e646a5ea23bab103e36d2e132f960695	0	0	0	0	0	4	0	0	5	0	0	0	0	0	0	0	0	0	2	0	1	0	0	0	0	0	0	0	2	0
1a043e361febd750ff5e492fcc57be3b	0	0	0	0	0	4	0	0	4	0	0	0	0	0	0	0	0	1	0	0	0	0	0	0	5	0	0	0	2	0
4a17f046795ccfd684f7a290dd7139b1	0	0	0	0	0	4	0	2	6	11	0	4	0	0	0	16	0	9	0	0	0	0	0	1	6	0	0	1	0	0
fde227d6a810c938b0073f2ae2d9e568	0	0	0	0	0	4	0	6	0	1	0	0	0	0	1	2	0	23	0	0	0	0	0	0	0	0	1	0	0	0
d05f12731bc9cd07aff0fc9636e76054	0	0	0	0	0	4	0	0	0	0	0	0	0	15	0	1	0	1	0	0	1	0	0	0	0	0	0	0	0	0
6d99386072f031343e0ac84a160bce71	0	0	0	0	0	4	0	0	3	0	0	0	0	0	0	0	0	4	0	0	0	0	0	0	0	0	0	0	0	0
913b2740fdbcbe2c4642c8d07ecf9f3c	0	0	0	0	0	4	0	0	16	2	12	2	0	0	0	0	0	46	0	0	0	0	0	0	1	0	0	0	0	0
2208a65fd8935739c8e10cc7abcbb401	0	0	0	0	0	4	0	6	3	0	1	1	0	0	5	1	0	2	0	0	0	0	0	0	0	0	0	0	0	0
1e6752a2ec0f66620f86c9109b899a0b	0	0	0	0	0	4	2	6	0	1	1	0	0	4	1	0	0	1	0	0	1	0	0	0	1	0	0	0	8	0
50e73dcbde4cc24134e541be6eb6afcb	0	0	0	0	0	4	0	0	2	0	1	0	0	1	0	0	0	0	0	0	0	0	0	1	7	0	0	2	0	0
a74668fff0acefba929a82e6dad9307a	0	0	0	0	0	4	0	2	8	1	0	0	1	6	0	0	0	3	0	0	0	0	0	0	0	1	0	24	0	0
715d0defd145f676ec74d65b332e4374	0	0	0	0	0	4	0	0	7	0	0	0	0	0	0	0	0	27	0	0	0	0	0	0	9	0	0	0	0	0
04d6f6451ec744f5f5f51f9ad524280b	0	0	0	0	0	4	0	0	0	1	0	9	0	0	0	0	0	0	2	0	3	0	0	3	0	0	0	2	6	3
a0bb84d5260d33b9d439ff3e5c193177	0	0	0	0	0	4	0	0	0	6	0	0	0	1	0	0	0	0	0	0	0	0	0	0	0	0	0	0	0	0
7747ceb36e79a15685ab5b08858b9165	0	0	0	0	0	4	0	0	7	6	0	2	0	0	0	0	0	0	0	0	1	0	0	5	0	0	3	0	12	9
877b60e3b5b781edd6b6633871ba87b3	0	0	0	0	0	4	0	6	9	21	3	27	1	0	0	0	0	34	4	0	2	0	0	11	14	0	2	14	4	1
a16e2618ab3a940a93c55c71ce342c64	0	0	0	0	0	4	0	0	7	0	15	0	0	0	0	0	0	1	0	0	0	0	0	0	0	0	0	0	0	0
f794f9c0432ad2fc70f702cab81f114f	0	0	0	0	0	4	0	0	5	6	1	0	0	0	0	0	0	2	0	0	0	0	0	0	0	0	0	0	0	0
858ee95f40dc51d5a61d9ca008dd0f9e	0	0	0	0	0	4	0	0	4	1	0	0	0	0	0	0	0	0	0	0	0	0	0	0	0	0	0	4	0	0
c9cc742210267bd87738929fac1dcf20	0	0	0	0	0	4	0	0	8	0	0	5	0	0	0	1	0	8	0	0	0	0	0	0	1	0	0	3	0	0
b76f925abad8f4d2b397f69c469492d7	0	0	0	0	0	4	0	1	4	0	0	0	0	0	0	0	0	1	0	0	0	0	0	0	0	0	0	0	0	0
451cfe1b1b9a2bcf675e357be86535f8	0	0	0	0	0	4	9	0	3	120	24	34	2	2	2	52	0	0	1	0	0	0	0	0	75	0	8	16	0	5
d197d0d2cffa7346e33547fc105c8e8a	0	0	0	0	0	4	0	2	8	0	1	0	0	0	0	0	0	15	0	0	0	0	0	0	5	0	0	4	0	0
0aa562e0f940789ec0048f6fab85f782	0	0	0	0	0	4	0	0	1	1	0	1	0	0	0	0	0	2	0	0	0	0	0	1	3	8	3	0	0	0
b4c2d9d52a3f5ea80d447ad25ff13cc5	0	0	0	0	0	4	0	0	14	5	0	3	0	0	0	0	0	11	10	0	20	0	0	4	0	0	1	6	0	3
ca2f5ca244de080755fb27cd333c5587	0	0	0	0	0	4	0	1	0	1	0	0	0	1	0	0	0	1	0	0	2	0	0	0	0	0	0	0	0	0
a5f7044b5aaacf164d303ee061f853bb	0	0	0	0	0	4	0	0	0	0	0	5	0	0	0	0	0	4	0	0	0	0	0	1	0	0	0	2	0	0
51bfdbbd79e9e7c10bded9b7e978befc	0	0	0	0	0	4	0	0	2	0	0	2	0	0	0	0	0	0	0	0	0	0	0	1	1	0	8	7	1	3
6f1b2d361f78778e7d1f39af4e35cd91	0	0	0	0	0	4	0	0	5	3	1	1	0	0	2	2	0	5	0	0	0	0	0	6	2	0	2	0	2	1
f9ca58c1f8d37a1aeca7b98b26b6d6fc	0	0	0	0	0	4	0	0	0	0	0	22	0	0	0	0	0	0	0	0	0	0	0	1	0	0	1	9	9	0
a975fce9fb20392dfd6814298f975e54	0	0	0	0	0	4	0	0	16	0	0	0	0	0	0	0	0	0	0	0	0	0	0	1	0	0	0	0	0	0
dca0b8115a3c2b6fb65316973ffd6328	0	0	0	0	0	4	0	2	4	1	2	0	0	0	0	3	0	5	0	0	0	0	0	0	6	0	0	4	0	0
4d2dbd0a67a066f2584d07b21a463699	0	0	0	0	0	4	0	0	0	0	0	0	0	0	0	1	0	0	0	0	0	0	0	0	0	53	0	0	1	0
b56ce290e17fa6e4ce6b047380473a06	0	0	0	0	0	4	0	1	3	0	0	0	0	0	0	3	0	1	0	0	0	0	0	0	0	0	0	0	0	2
90cd9a3c0d92bae2784258252d3ee9b2	0	0	0	0	0	4	0	0	7	1	1	1	0	0	0	21	0	5	1	0	2	0	0	8	2	1	2	3	7	3
206572321f0d6d4808da6a8093e1d94d	0	0	0	0	0	4	0	2	2	1	0	0	0	0	0	0	0	0	0	0	0	0	0	0	2	0	0	0	0	0
44a213d154250e47b61b11b8933ea908	0	0	0	0	0	4	0	0	23	0	0	0	0	0	0	0	0	3	0	0	0	0	0	0	56	0	0	0	0	0
0c91b104c20342c95edc5027d2ec7918	0	0	0	0	0	4	0	0	42	0	0	0	0	0	0	0	0	0	0	0	0	0	0	0	0	0	0	0	0	0
5cb15eaa748ac4301ddea5a1f295662d	0	0	0	0	0	4	0	0	0	5	0	0	0	0	0	2	0	5	0	0	8	0	0	1	0	0	1	3	0	0
f4bb3e7b764d669c38b240cd53d510ed	0	0	0	0	0	4	0	0	7	0	0	0	0	3	1	7	0	1	0	0	0	0	0	0	0	1	0	0	0	0
e04933510e94927ac0a8018fc0375c8f	0	0	0	0	0	4	0	6	1	1	0	0	0	0	0	0	0	7	0	0	0	0	0	1	0	0	0	0	0	0
b1b5c533a3ea1af1614a921aca47b558	0	0	0	0	0	4	0	0	3	0	0	0	0	0	0	0	0	1	0	0	0	0	0	2	1	1	1	0	0	0
dda3dadadaee2340c674e631db5253a8	0	0	0	0	0	4	0	0	1	0	0	0	0	0	0	0	0	1	0	0	0	0	0	0	1	0	1	3	0	0
976a8e945534a4a844405faccfd91cbf	0	0	0	0	0	4	0	0	2	0	5	0	0	0	0	2	0	1	0	0	0	0	0	0	19	0	0	1	0	0
b5663db5aa57aae317f5cbf60b5d3559	0	0	0	0	0	4	0	0	0	0	0	0	0	0	0	0	0	9	0	0	0	0	0	0	0	0	0	0	0	0
578fd48385789888aa9439b2b728dc94	0	0	0	0	0	4	0	0	2	1	0	10	0	0	0	0	0	0	10	0	22	0	0	25	0	0	15	25	55	29
cae0c31e19633104174fd0db46b69bb5	0	0	0	0	0	4	0	7	0	0	0	0	0	0	0	0	0	0	0	0	0	0	0	0	0	0	0	0	0	0
61bfc4019bbe9f3409ffae4dc13048d8	0	0	0	0	0	4	0	0	0	1	3	0	0	0	0	0	0	2	0	0	0	0	0	2	6	0	0	0	0	0
3a0b20fd1951e663ef1f850176726952	0	0	0	0	0	4	0	5	2	0	2	2	0	20	0	1	0	11	0	0	0	0	0	0	6	6	1	0	3	0
23c0f568e17c7ae552915726943b9ace	0	0	0	0	0	4	0	0	4	4	0	12	3	0	0	8	0	30	15	0	15	0	0	0	0	0	0	6	1	0
827468a290777cc8b7e9256f3d8d117b	0	0	0	0	0	4	0	0	0	1	0	2	0	0	0	0	0	0	2	0	4	0	0	0	1	0	0	1	0	0
7e90af91e7cc908f5dd1b5a0023c9d9c	0	0	0	0	0	4	0	4	11	1	1	0	0	0	0	1	0	18	0	0	0	0	0	0	0	0	0	0	0	0
020ca33227cc4ae41c00bdae09254cde	0	0	0	0	0	4	0	34	10	2	13	6	0	0	6	31	0	16	0	0	1	0	0	0	44	1	3	0	3	2
3df733b2e20498e18c3ca24cd5f9d9a5	0	0	0	0	0	4	0	0	0	1	0	4	0	0	0	1	0	0	0	0	0	0	0	0	0	0	0	2	1	0
1a1a2b1bb985dc00e40e7e9348129f3c	0	0	0	0	0	4	0	0	0	4	1	9	0	0	0	6	3	13	0	0	0	0	0	0	0	0	0	6	1	1
bc6a1720a8af98f2700df9b2979e8c2b	0	0	0	0	0	4	4	0	0	0	0	0	1	0	1	0	0	0	1	0	0	0	0	0	0	0	0	1	0	0
ef94fb9c1618082baae844fb239aba5e	0	0	0	0	0	4	0	0	0	0	0	0	0	0	0	1	0	5	0	0	0	0	0	1	2	0	0	3	0	0
5c488738eb0dca3f8383b5519fa8b388	0	0	0	0	0	4	0	0	0	0	0	0	0	0	0	10	0	0	0	0	0	0	0	0	0	0	0	0	0	0
a01897637dfeeb1702ed75575bc0c244	0	0	0	0	0	4	0	0	0	1	0	0	0	0	0	1	0	0	3	0	2	0	0	2	0	1	0	1	0	0
a98e061628171ee48ed9193055503625	0	0	0	0	0	4	0	1	3	0	1	0	0	0	0	2	0	3	0	0	0	0	0	0	0	0	0	0	0	0
9a8a3245ad28aa5a9be87b1946d12c4e	0	0	0	0	0	4	0	0	0	1	7	0	0	0	0	0	0	0	0	0	0	0	0	0	31	151	0	0	0	0
dbe148b9ab619041620124aced7535d0	0	0	0	0	0	4	0	0	0	1	0	0	0	0	0	1	0	13	0	0	2	0	0	0	0	0	0	0	0	0
7d2c3b206c2a6ed6bb0397e45e156bab	0	0	0	0	0	4	0	0	3	0	0	0	0	0	0	0	0	5	0	0	0	0	0	0	4	0	0	0	0	0
6cb3cb662ad4aba3cf64d86ab132b5be	0	0	0	0	0	4	0	0	3	6	0	1	0	0	0	0	0	5	0	0	0	0	0	0	5	0	0	1	2	0
22ee380f8895915c29dc238af07573b8	0	0	0	0	0	3	0	0	0	11	0	12	0	0	0	0	0	0	0	0	2	0	0	0	0	0	0	6	1	0
50b4ff5c61a2cbc7d2d78c0fc74e6aa9	0	0	0	0	0	3	0	0	5	6	0	0	0	0	0	0	0	1	0	0	0	0	0	1	0	0	0	1	4	0
356efaf220e9b9a7d9e3602716b282e9	0	0	0	0	0	3	0	14	14	0	1	3	0	0	0	0	0	14	0	0	0	0	0	1	1	0	0	0	0	0
2caca22557a990db8efe75beb93127cf	0	0	0	0	0	3	0	0	2	0	0	0	0	0	4	1	0	0	0	0	0	0	0	0	0	0	0	0	0	0
dad5c1a2d3329827146e0ee7f11da01e	0	0	0	0	0	3	5	2	2	0	4	2	0	0	13	1	0	0	0	0	2	0	0	2	0	3	1	0	2	3
4b63b8fdfdfcc37cc1161f5a825acd14	0	0	0	0	0	3	0	0	1	6	0	17	0	0	0	1	0	9	0	0	0	0	0	6	0	0	0	13	11	3
125ebe3d5aad45085433a5dbd971fd35	0	0	0	0	0	3	0	0	2	16	2	15	2	0	0	0	0	0	0	0	5	0	0	9	4	22	23	5	18	65
e279804892e243e7376e8f9c167c3ea9	0	0	0	0	0	3	0	0	0	0	0	6	0	0	0	0	0	0	0	0	0	0	0	0	0	0	1	0	17	1
42e74d8c1e9aff6c757f6afade25bed9	0	0	0	0	0	3	0	0	7	46	0	62	5	0	0	21	0	43	0	0	0	0	0	5	0	0	4	32	13	15
19c939faa45347a2a4afe81bbd584588	0	0	0	0	0	3	0	0	0	0	0	3	0	0	0	1	0	0	0	0	0	0	0	0	0	0	2	0	7	1
f577d6c1ad92c67cb6ad91ddd6b452ed	0	0	0	0	0	3	0	4	43	0	15	0	0	0	0	0	0	6	0	0	0	0	0	0	76	0	1	0	0	0
95e3fee46e82798a6533d84b0ba2a869	0	0	0	0	0	3	0	0	0	0	0	11	539	0	0	5	0	0	0	0	0	0	0	1	0	0	0	4	0	0
93f66a4c9fc6a87980d6d14f69a17b1c	0	0	0	0	0	3	9	10	0	19	0	1	30	0	5	7	0	2	1	0	2	0	0	1	13	4	1	18	12	11
2d716dadfbdd43328626926a91003334	0	0	0	0	0	3	0	0	3	0	0	9	0	0	0	0	0	44	2	0	1	0	0	12	0	0	2	10	9	1
01595c28a5daf8c80e5b7ab2593dbb13	0	0	0	0	0	3	0	2	4	0	0	0	0	0	0	0	0	0	0	0	0	0	0	0	0	0	0	1	0	0
704be77201f68cd985f5ad1168e0e29d	0	0	0	0	0	3	0	0	22	0	4	14	0	0	0	0	0	36	0	0	0	0	0	5	1	4	0	9	11	0
6beefa02a16f8b2d1aad0b20559ed287	0	0	0	0	0	3	2	1	0	12	4	37	21	0	0	2	0	0	2	0	0	0	0	13	0	0	0	55	0	1
0fd091d3d52b258d7fb9b7f1f89ad150	0	0	0	0	0	3	0	0	10	0	0	0	0	0	0	0	0	0	0	0	0	0	0	0	0	0	0	0	0	0
a9907fd74642edaf177a378eccd2444a	0	0	0	0	0	3	0	0	4	0	1	1	0	0	0	0	0	10	0	0	0	0	0	0	6	0	0	3	0	0
686012cd203a4fc66c1428c72510ea54	0	0	0	0	0	3	0	0	0	0	0	0	0	0	0	0	0	0	0	0	0	0	0	0	0	0	0	0	25	0
a256ef76f0761477c390c25c90bf265b	0	0	0	0	0	3	0	2	8	0	0	2	0	0	0	0	0	3	0	0	1	0	0	0	0	0	0	0	0	0
fa1d6805d124dc08dcbcd46112da401b	0	0	0	0	0	3	0	2	0	1	12	0	0	0	0	2	0	9	0	0	0	0	0	1	0	0	0	0	0	0
ac390c3379c1072e84d2f1562281b014	0	0	0	0	0	3	0	0	8	2	5	6	0	0	0	2	0	9	0	0	0	0	0	1	8	0	0	4	1	1
3511131de81862226a59515fad19c475	0	0	0	0	0	3	0	0	0	0	0	0	0	0	0	0	0	0	0	0	0	0	0	0	0	0	0	2	5	0
3d092d9c89ff549dbceea24f634f2e8e	0	0	0	0	0	3	0	14	1	0	3	0	0	0	0	3	0	0	0	0	0	0	0	0	0	0	0	0	0	0
2dc58b5b15dd8e0af77f5aabe8b2ea77	0	0	0	0	0	3	0	0	1	3	0	1	0	0	0	5	0	3	0	0	0	0	0	2	0	0	0	11	0	2
3717455b11945edbb338ce534e82195d	0	0	0	0	0	3	0	0	7	0	1	0	0	0	0	0	0	0	0	0	0	0	0	0	6	0	0	0	0	0
99b2da41305da58bf41ee5a39dd465f2	0	0	0	0	0	3	0	0	2	0	0	0	0	0	0	0	0	0	0	0	0	0	0	0	5	0	0	0	0	0
f8dbb27e6e7571f007163cdd5b8d1963	0	0	0	0	0	3	0	0	1	0	0	1	0	0	0	39	0	0	0	0	0	0	0	0	3	0	0	0	0	0
be37e82a110521249a8981a1d6527845	0	0	0	0	0	3	0	0	0	3	0	15	0	0	0	0	0	0	2	0	4	0	0	17	0	0	1	18	2	0
a58fd988756db04d93f41dcf8254ea91	0	0	0	0	0	3	0	0	0	1	0	6	0	5	0	0	0	6	0	0	0	0	0	1	14	0	0	3	0	0
dda52d85407bca84a0091fa2d03aab77	0	0	0	0	0	3	0	1	0	0	0	0	0	0	0	0	0	11	0	0	0	0	0	0	0	0	0	0	1	0
cdc6ae06e31052c80caf81e4dc2db0c2	0	0	0	0	0	3	0	2	1	4	0	0	0	0	0	0	0	4	0	0	3	0	0	0	3	0	0	7	2	1
a41e02b1de6d27b0a0f0fc1e1e419081	0	0	0	0	0	3	0	3	0	1	0	0	0	0	0	0	0	34	8	0	6	0	0	11	0	0	2	3	9	2
6dc2a862e7f22614ddd0c6909af8cc55	0	0	0	0	0	3	3	0	9	2	0	6	1	0	0	0	0	0	0	0	0	0	0	0	0	0	0	2	1	2
e91ceba183959ae8b86639355bcb48cc	0	0	0	0	0	3	6	0	19	3	2	2	0	0	1	3	0	7	0	0	0	0	0	0	7	21	0	7	3	0
32a2d4d32922b2cf8834d2cb566c1712	0	0	0	0	0	3	0	0	0	0	0	0	0	0	0	0	0	0	0	0	0	0	0	0	0	0	0	0	6	1
7b22ca8c118ac80d2f318b4af2fcb4c6	0	0	0	0	0	3	0	4	3	0	0	0	0	7	1	0	0	0	0	0	0	0	0	0	0	0	1	0	1	0
1f686b97f4aeee46816f93ee8bcc1873	0	0	0	0	0	3	0	0	0	0	0	0	0	0	2	9	0	0	0	0	0	0	0	0	0	0	0	0	0	0
53accf6927df28fa090a8cfc20612698	0	0	0	0	0	3	0	0	0	0	0	0	0	0	0	0	0	0	2	0	0	0	0	0	0	0	1	0	0	4
67f9991d80374d90ab3f3ad291c9ad4b	0	0	0	0	0	3	0	0	5	11	0	66	0	0	0	0	0	1	3	0	17	0	0	48	7	0	18	34	42	11
28d821767ae3ee5ccfa563062fcd7d8f	0	0	0	0	0	3	1	0	0	1	0	0	0	0	1	2	0	0	0	0	0	0	0	1	7	0	0	4	5	0
acdf8236a0fb0664d7e7148017076dd3	0	0	0	0	0	3	0	0	1	0	0	0	0	0	0	0	0	0	0	0	0	0	0	0	9	0	0	0	0	0
501dee39783dcf598fbb539c47bf2f0b	0	0	0	0	0	3	0	0	3	0	1	0	0	0	0	6	0	0	0	0	0	0	0	0	2	0	0	1	0	0
57203521c592993f53d8f699ecec5c91	0	0	0	0	0	3	0	0	0	0	0	0	0	0	0	0	0	0	3	0	0	0	0	0	1	0	2	0	20	7
4d52a64e1539f3b238ec497fe17e6a7b	0	0	0	0	0	3	0	2	2	15	2	8	0	0	0	19	0	0	0	0	0	0	0	0	0	0	0	5	17	1
609b51d82794487871d51b7dac1d2e50	0	0	0	0	0	3	0	15	5	0	0	0	0	0	8	1	0	1	0	0	0	0	0	0	5	0	0	0	0	0
805fd8c047daa93a18b3bbdb8e51f3d1	0	0	0	0	0	3	0	0	0	3	0	0	0	0	0	0	0	3	0	0	0	0	0	0	0	0	3	2	0	0
1504c1a517d602af5ab0fd57a04dae20	0	0	0	0	0	3	0	0	4	0	0	0	0	0	0	0	0	1	0	0	0	0	0	0	0	17	0	1	0	0
e1aa623bc4556fafa45660e6218eed90	0	0	0	0	0	3	0	0	6	6	0	30	0	0	0	10	0	0	4	0	14	0	0	2	0	0	5	19	82	24
8cf2ba0abdf7e4c322ca89ea56600ffa	0	0	0	0	0	3	0	0	0	0	0	8	0	0	0	0	0	0	1	0	5	0	0	6	0	0	1	30	1	1
8d742e3b4de3804e3977416d7ac17634	0	0	0	0	0	3	0	0	0	8	0	38	0	0	0	4	0	0	1	0	0	0	0	9	0	0	0	10	1	0
70d4f597e41cd4cd62f81f795d4cfe4e	0	0	0	0	0	3	0	0	0	1	1	1	0	0	0	10	0	2	0	0	0	0	0	0	0	0	0	0	0	0
ee44252dab58cdd0af3993138ee8d6d1	0	0	0	0	0	3	0	3	5	0	1	0	0	0	1	1	0	2	0	0	0	0	0	1	0	0	0	6	0	2
c819db84c589cc38996c2c96bfe1aed8	0	0	0	0	0	3	0	0	5	22	5	16	0	0	0	1	0	49	1	0	1	0	0	4	9	0	1	14	5	2
035ab2ee792f8c137f801e94a8114959	0	0	0	0	0	3	0	0	0	0	0	0	0	0	0	0	0	2	0	0	0	0	0	2	0	0	7	0	2	0
12367f446b625dd55ea5050c1268f1ca	0	0	0	0	0	3	0	0	0	1	0	12	0	0	0	0	0	0	3	0	1	0	0	1	0	0	0	0	28	1
61ee435442a00569bcec72a065c9a057	0	0	0	0	0	3	0	0	0	1	0	2	0	0	0	0	0	0	0	0	0	0	0	1	0	0	0	2	4	4
655a4fd470c7e0d88eb73ddb2cfa2468	0	0	0	0	0	3	0	6	31	0	9	0	0	0	0	0	0	62	0	0	0	0	0	0	45	0	0	0	0	0
08f26903d592d69a8cc878f81cd7cf9a	0	0	0	0	0	3	0	31	0	0	0	0	41	0	0	0	0	2	1	0	0	0	0	0	0	0	0	5	0	0
2ee4bc07d028a78843c8cb11898f87cd	0	0	0	0	0	3	0	11	8	12	13	8	0	0	0	19	0	9	0	0	0	0	0	1	11	0	0	5	0	3
6898901448dcf0746df9517547bad61b	0	0	0	0	0	3	0	0	0	2	19	0	0	2	0	0	0	0	0	0	0	0	0	1	21	0	0	1	0	1
b0ed52c332657a2483099a3a8dc3a609	0	0	0	0	0	3	0	0	0	18	0	45	0	0	0	0	0	0	14	0	16	0	0	8	0	0	6	25	0	4
f8a55bb7940754ca9fefd329e793bea5	0	0	0	0	0	3	0	0	1	0	1	0	0	0	1	0	0	3	0	0	0	0	0	0	0	0	1	0	0	0
9b3a0b049bd2468d9f15d1b7913fa5e7	0	0	0	0	0	3	0	0	0	1	1	0	0	0	0	0	0	4	0	0	0	0	0	0	0	0	1	5	3	3
7debcaf909634ad46f6b1f7aa90c9fa4	0	0	0	0	0	3	0	0	20	0	0	0	0	0	0	0	0	11	0	0	0	0	0	0	4	0	1	1	0	1
5482f1b89946e8abc283cecedde2756c	0	0	0	0	0	3	0	0	6	0	0	0	0	0	0	0	0	2	0	0	0	0	0	0	0	0	0	0	0	0
574e2939cfddd46989250b0a30cec78f	0	0	0	0	0	3	0	3	0	0	1	0	0	2	0	3	0	4	0	0	0	0	0	1	6	7	0	0	2	2
18dd97d9f4b9bd74f92c577d3c55e437	0	0	0	0	0	3	0	0	14	1	0	0	0	0	0	0	0	0	0	0	1	0	0	0	0	0	0	0	0	1
3146f83756b2dc8b08dc73f9b92bd0ab	0	0	0	0	0	3	0	2	0	0	0	0	0	0	0	0	0	0	0	0	0	0	0	0	5	0	0	0	0	0
aa1d536604f4864e29f9174746eacc86	0	0	0	0	0	3	0	4	2	0	0	0	0	0	0	6	0	0	0	0	1	0	0	0	0	0	0	0	0	1
819355db023eed583f3872ab30bbadbd	0	0	0	0	0	3	0	0	8	0	6	0	0	0	0	0	0	0	0	0	0	0	0	0	12	0	0	1	0	0
0a87e429dfe1cc5a3191d936d26644c6	0	0	0	0	0	3	0	0	14	0	0	0	0	0	0	0	0	3	0	0	0	0	0	0	0	0	0	0	0	0
e49c866dc7d6b545daa4a2c7378c4019	0	0	0	0	0	3	0	0	0	0	1	0	0	0	0	8	0	0	0	0	0	0	0	0	0	0	0	2	0	0
bc4308977aebfea406a31e6e5586ec90	0	0	0	0	0	3	0	0	0	0	0	0	0	0	7	0	0	0	0	0	0	0	0	0	0	0	0	0	0	0
63f5d6d64f541d0098bc8f43d43846a5	0	0	0	0	0	3	0	18	0	0	0	0	0	0	29	62	0	0	0	0	0	0	0	0	0	0	0	0	0	3
368bddb656cd9748d6adaa9204dcecf8	0	0	0	0	0	3	0	5	3	1	10	2	0	0	0	0	0	3	0	0	1	0	0	0	23	0	0	7	0	3
e0570a0ab6d522feee60ff66c7f6b77f	0	0	0	0	0	3	0	0	4	2	0	8	0	0	0	0	0	3	0	0	4	0	0	10	0	0	1	4	3	4
401b64bea9261476f7bda18a93a7628c	0	0	0	0	0	3	0	34	26	0	0	0	0	0	28	14	0	9	0	0	0	0	0	0	0	0	0	0	0	0
14a228cd42219f5f9156f953c77e4eae	0	0	0	0	0	3	0	2	8	0	6	0	0	0	0	0	0	2	0	0	0	0	0	0	0	0	0	0	0	0
d167ea7bd755a22b6e5d38ce175e005e	0	0	0	0	0	3	0	0	0	7	0	23	0	0	0	0	0	2	4	0	10	0	0	0	0	0	1	6	13	3
8cfe66e63de87246c2d4af647de3707f	0	0	0	0	0	3	0	0	0	0	0	0	0	0	0	0	0	1	0	0	0	0	0	1	1	0	2	1	0	1
9174f168ffd4ed9e00eb6e1941828f63	0	0	0	0	0	3	0	0	0	0	0	0	0	0	0	0	0	2	0	0	0	0	0	0	0	0	3	0	0	2
be00ca84b960188ea3f0321ad99ce465	0	0	0	0	0	3	0	0	0	0	0	0	2	0	0	0	0	2	0	0	0	0	0	0	1	0	0	2	0	0
5fab6b865d0eca2ae1e2261c30b7c384	0	0	0	0	0	3	0	0	0	0	3	0	0	0	0	0	0	0	0	0	0	0	0	1	4	0	0	4	0	0
22e993d0d43465fcacbb1c795ad11bb9	0	0	0	0	0	3	0	1	0	0	2	3	1	0	2	1	0	0	0	0	0	0	0	5	0	0	1	3	7	0
6d128117753b7399775ffd46d5ca4df7	0	0	0	0	0	3	14	0	0	0	0	2	0	3	4	2	0	0	0	0	0	0	0	0	1	0	1	4	4	1
e7120a0db0e89d3551b05647dd11cb2c	0	0	0	0	0	3	0	0	0	0	0	0	0	0	0	0	0	0	0	0	0	0	0	0	0	0	7	0	9	0
cbc96a9241946cd9391a3e15e5d4aec8	0	0	0	0	0	3	0	0	0	0	0	0	0	0	1	0	0	0	0	0	0	0	0	0	0	6	0	0	0	0
c91d81c77f79cc1e51b85592ec049ca7	0	0	0	0	0	3	0	0	0	0	0	4	0	0	0	1	0	0	0	0	0	0	0	1	0	0	1	3	0	2
9afaf6d96b79ad0f2a31dcca1fa778e3	0	0	0	0	0	3	0	0	0	5	0	10	0	0	0	0	0	19	9	0	12	0	0	0	0	0	0	7	0	0
ee6105944d0a7e39a5bc332ab313aec4	0	0	0	0	0	3	0	0	7	4	0	0	0	0	0	0	0	3	0	0	0	0	0	0	0	0	0	0	0	0
869798bc756326d851ca0de5ebe5d094	0	0	0	0	0	3	0	0	0	0	0	1	0	0	0	0	0	0	1	0	0	0	0	2	0	0	1	3	5	0
4fbf04c5b677cecca1850146c26e1d0b	0	0	0	0	0	3	0	1	0	0	0	0	0	0	0	0	0	1	0	0	0	0	0	0	0	0	0	0	5	0
1ee9486991cdde36d143f77d11b972dc	0	0	0	0	0	3	0	0	6	1	0	5	0	0	0	0	0	1	0	0	2	0	0	0	0	0	1	0	1	0
90113d72a42562e041bc1615a22b49a5	0	0	0	0	0	3	0	5	2	1	5	43	0	0	0	1	0	4	0	0	0	0	0	0	0	215	2	9	3	2
af8e6f1911450d3a7ad883b6629e40e0	0	0	0	0	0	3	0	0	0	4	0	3	0	0	0	0	0	0	6	0	1	0	0	31	0	0	3	20	12	1
6d18ec49f316ce19a7c87f5105c28e9f	0	0	0	0	0	3	0	0	2	0	4	0	0	0	0	0	0	1	0	0	0	0	0	0	27	1	0	1	0	1
73c43913d388b72d5b1ec4e9101d13c1	0	0	0	0	0	3	0	5	0	3	4	1	4	0	0	4	0	10	0	0	1	0	0	0	21	16	0	5	1	1
8a578e4e1a58a82bd0bb1bbad38a0a7c	0	0	0	0	0	3	15	0	0	9	0	8	17	0	4	10	0	0	1	0	0	0	0	1	0	0	1	5	1	0
7d35bd90777efc006a82141d0259d7a9	0	0	0	0	0	3	0	3	14	0	13	0	0	0	1	1	0	11	0	0	0	0	0	0	6	0	0	1	1	1
61f9141827df152f698da47e8a88903c	0	0	0	0	0	3	0	0	3	2	1	0	0	0	0	0	0	6	0	0	0	0	0	1	0	0	0	1	2	0
5c97b2077a03bab03bf4c860cee72501	0	0	0	0	0	3	0	2	1	0	0	0	0	0	0	0	0	13	1	0	2	0	0	0	1	0	0	0	0	0
c71dc947072b331a38d68eeaea7174ee	0	0	0	0	0	3	0	0	4	1	2	0	0	0	0	0	0	2	24	0	8	0	0	7	0	0	0	14	2	1
a2866f93decbb743fd647b8a84e1a588	0	0	0	0	0	3	0	1	9	7	1	13	0	0	0	0	0	9	0	0	4	0	0	10	3	0	1	4	31	8
a55f819e5d9eee7b03ed522c3d462dd5	0	0	0	0	0	3	0	0	0	3	0	30	0	0	0	0	0	0	5	0	1	0	0	27	1	18	3	8	15	10
73367d67e22e348c960a32159f3522b4	0	0	0	0	0	3	9	0	10	17	0	0	8	0	0	11	0	5	0	0	1	0	0	0	1	21	0	0	0	0
1aa43f490cc1a54eb688806ec798c59b	0	0	0	0	0	3	0	0	10	0	2	3	0	0	1	0	0	4	0	0	4	0	0	0	11	0	0	1	0	1
97814a1556ab85f57709b9051defb1ae	0	0	0	0	0	3	0	0	0	27	1	6	0	0	0	0	0	1	0	0	0	0	0	6	0	0	0	17	0	0
a41e78400d7fe1041de2f07f175b6fc9	0	0	0	0	0	3	0	0	0	1	0	0	0	0	0	0	0	0	3	0	8	0	0	2	1	0	3	6	0	1
99f15f726af25d163753e24e4a72b71c	0	0	0	0	0	3	1	1	0	1	0	1	0	0	5	5	0	1	0	0	0	0	0	0	0	0	2	3	0	0
ef8443166b6389ab2f343874d625b241	0	0	0	0	0	3	0	2	0	0	0	2	0	1	2	1	0	21	0	0	0	0	0	3	0	0	2	0	5	4
8f673e939db51d1a3fefc878a586b253	0	0	0	0	0	3	0	0	4	0	0	1	0	0	0	0	0	1	0	0	2	0	0	0	0	0	1	0	0	0
11f77502eb4c3d5e94596274352b8104	0	0	0	0	0	3	0	2	2	0	1	6	1	0	2	0	0	9	0	0	0	0	0	0	1	1	0	4	2	0
de59f4f0a239a466be7ea439e42ee09c	0	0	0	0	0	3	0	0	23	0	0	0	0	0	0	0	0	1	0	0	0	0	0	0	0	0	0	0	0	0
f49cc0cf964c16c557f46bd2ca78d020	0	0	0	0	0	3	0	0	1	3	0	0	1	73	0	0	0	0	0	0	0	0	0	0	0	1	2	1	1	6
23be554d75172a2ba66e410f7349b32a	0	0	0	0	0	3	0	0	0	0	0	0	0	0	0	0	0	0	0	0	0	0	0	6	0	12	1	0	4	4
67139129591b7947445341c48e4b6495	0	0	0	0	0	3	0	0	1	3	0	16	0	0	0	0	0	12	0	0	1	0	0	0	0	0	0	0	2	0
983c2ccb98277f1b0c2abb905f08cb96	0	0	0	0	0	3	0	1	21	0	0	1	0	0	4	0	0	0	0	0	0	0	0	0	1	0	0	0	0	0
86c99ef735be9734e71b7781b4248b7a	0	0	0	0	0	3	0	0	1	0	1	0	0	0	0	0	0	0	0	0	1	0	0	1	2	0	0	2	1	1
165f11424ee99bb3c26cebc2b34c13ec	0	0	0	0	0	3	0	14	3	0	4	0	0	0	1	3	0	0	0	0	0	0	0	1	8	0	0	0	6	1
b40b4005b0794c3027a52aeb13d05ac4	0	0	0	0	0	3	0	0	3	0	0	0	0	0	0	10	0	2	0	0	0	0	0	0	0	0	0	0	0	0
fc5163dd575e767d6e1ff688ce34ab8b	0	0	0	0	0	3	0	0	0	0	0	0	0	0	3	0	0	45	0	0	0	0	0	0	0	0	0	4	1	0
a863aa6fd51a68441fdafe6e8e6931eb	0	0	0	0	0	3	0	1	6	0	0	0	0	0	0	0	0	0	0	0	0	0	0	0	0	0	0	0	0	0
e23acabc181c438ae86474b9ac5bb401	0	0	0	0	0	3	0	0	0	2	0	0	0	0	0	3	0	6	0	0	1	0	0	1	1	0	0	1	4	0
c37c9e1355a727fce61340349af06287	0	0	0	0	0	3	0	0	0	0	0	0	0	0	0	0	0	0	0	0	0	0	0	0	0	8	0	0	0	0
e83397f019afce80fa25c9f62b802733	0	0	0	0	0	3	0	0	2	0	0	0	0	0	0	0	0	0	0	0	0	0	0	4	0	0	2	1	2	3
763c014633727e8a93ad652c52f2e36e	0	0	0	0	0	3	0	0	2	1	0	1	0	0	0	0	0	0	0	0	0	0	0	0	7	0	0	0	1	0
54ce4f895a369e485af10cb059ce3804	0	0	0	0	0	3	0	0	10	0	0	0	0	0	0	0	0	1	0	0	0	0	0	0	0	0	0	2	0	0
2a343ea97f32367ce8cc898369b42a46	0	0	0	0	0	3	0	0	8	0	0	0	0	0	0	0	0	1	0	0	0	0	0	0	2	0	0	0	0	0
041d463fed4c768b4d0c3bf7f5c0e168	0	0	0	0	0	3	0	0	0	3	0	0	14	0	0	1	1	0	0	0	0	0	0	0	0	0	0	6	0	1
7dbb2ce8a814f1a65b949c8a85ee6dd3	0	0	0	0	0	3	0	0	0	6	0	0	0	0	0	0	0	0	0	0	2	0	0	0	1	0	0	1	0	1
9001d5b1b7576cf15aa85b77e356420e	0	0	0	0	0	3	0	8	0	0	0	0	0	0	0	0	0	0	0	0	0	0	0	0	13	0	0	0	0	0
2aa623faf8dd2139e2fcd1cde1d720c2	0	0	0	0	0	3	0	0	3	3	0	17	0	0	0	0	0	0	8	0	23	0	0	5	0	0	0	58	1	1
cc46e1bc6caae926235b5fe9a201d980	0	0	0	0	0	3	1	1	0	0	0	1	0	0	1	3	0	0	1	0	8	0	0	0	0	0	0	3	0	1
43a38ac81c780eb29557a05dde080542	0	0	0	0	0	3	0	4	1	3	0	0	0	0	0	3	0	8	0	0	0	0	0	0	5	0	0	1	2	2
60f9b5b06d3610805ce559135d7c6c40	0	0	0	0	0	3	0	0	12	7	0	25	0	0	0	0	0	12	0	0	2	0	0	0	0	0	0	0	15	1
f82a664ede84c82679fa4b37ef96dd9a	0	0	0	0	0	3	0	0	15	0	0	3	0	0	0	0	0	0	0	0	0	0	0	1	4	0	1	0	2	5
6d08230c697100a9c7247c9aed772d7c	0	0	0	0	0	3	0	0	11	0	4	1	0	0	9	0	0	1	0	0	0	0	0	0	14	0	0	1	1	0
ee45ee7232e5d2ee46d599e6c69a9fbf	0	0	0	0	0	3	0	0	0	0	0	1	0	0	0	0	0	0	3	0	0	0	0	4	0	0	0	0	0	0
771505a5cf01d942b2ffdeefac6288d3	0	0	0	0	0	3	0	0	5	0	0	0	0	0	0	0	0	0	0	0	0	0	0	2	0	0	1	0	0	0
d2aa02d551892d5d6e094e289ec14d16	0	0	0	0	0	3	0	2	3	0	0	0	0	0	1	4	0	0	0	0	0	0	0	0	0	0	0	0	0	0
8dddb3a8aa7c34b315a36c67f1352103	0	0	0	0	0	3	0	2	0	0	2	0	0	0	1	0	0	1	0	0	0	0	0	0	2	0	0	0	0	0
6e6399f13e1ad6682bb53110fa5b3719	0	0	0	0	0	2	0	0	0	13	2	21	0	0	0	7	0	0	0	0	0	0	0	3	0	0	2	8	18	0
05f320fdc2b3ca6ce2a9a42ce75618f2	0	0	0	0	0	2	0	0	0	2	0	4	0	0	4	2	0	0	0	0	0	0	0	1	0	0	0	9	2	1
cf83cbb7d381b32ed3dcb2ba828d1900	0	0	0	0	0	2	0	10	1	0	2	0	1	9	2	0	0	0	0	0	0	0	0	0	0	0	0	0	0	0
50a8bb19d162110907e63f45811ea28d	0	0	0	0	0	2	0	1	2	2	2	5	1	0	5	3	0	2	0	0	0	0	0	2	2	0	0	1	7	1
43f9bee6f7865dea83936bd08fa4a6dc	0	0	0	0	0	2	0	0	0	1	0	3	1	0	1	0	0	0	0	0	0	0	0	0	0	0	0	3	0	0
74f8189b5b8b33f2681bcffc9aff9142	0	0	0	0	0	2	0	0	1	1	0	1	0	0	0	0	0	2	3	0	2	0	0	5	0	0	2	5	2	1
5b73f09728e1e10da75da1e45f67396b	0	0	0	0	0	2	0	0	0	0	1	0	0	0	0	1	0	0	0	0	0	0	0	0	18	0	0	1	0	0
548f3b2296a3ef63d58dc9354fb03d3d	0	0	0	0	0	2	0	0	1	0	0	0	0	0	0	2	0	13	0	0	0	0	0	0	0	0	0	0	1	0
8c74a1a635da57f77acf0f1f23e7292d	0	0	0	0	0	2	0	0	0	0	0	10	0	0	0	0	0	0	0	0	0	0	0	0	0	0	0	0	0	0
b41a789ca0abda5dee977cb8467bf3ea	0	0	0	0	0	2	0	10	6	0	0	0	0	0	2	0	0	0	0	0	0	0	0	0	0	0	0	0	0	0
91aa580b0cd9afbcad1729162173c815	0	0	0	0	0	2	0	0	0	1	0	0	0	0	35	1	0	0	0	0	0	0	0	0	0	0	1	0	0	1
4dc60667c8371303ea69b748a15be2f3	0	0	0	0	0	2	0	0	2	0	0	0	0	0	0	0	0	5	0	0	0	0	0	0	0	0	0	4	0	0
05de0a962ae1f20b756f1a297c95b848	0	0	0	0	0	2	0	0	8	5	0	14	0	0	0	1	0	3	0	0	1	0	0	4	0	0	1	3	5	0
0b86b8c5b2b8afc098b6645a25f29c58	0	0	0	0	0	2	0	0	0	0	0	0	0	0	4	1	0	10	2	0	0	0	0	1	0	0	0	5	0	0
1fef50297df671c4ae5161f0b44bf468	0	0	0	0	0	2	0	0	0	5	9	11	0	0	0	1	0	0	0	0	1	0	0	0	6	0	1	0	30	2
2c29b94c9946e1ca5f8f246118305537	0	0	0	0	0	2	0	12	0	3	47	0	0	0	0	0	0	29	0	0	1	0	0	0	77	28	1	2	0	0
6fff3c60e35f4da7248bdeb1c6e60edf	0	0	0	0	0	2	0	1	6	1	3	0	0	0	0	0	0	5	0	0	0	0	0	0	5	12	0	0	0	0
5ec1ad544e9b06118850b946ca621443	0	0	0	0	0	2	0	0	2	1	0	0	0	0	0	0	0	0	0	0	0	0	0	0	6	0	0	0	0	0
8b3564f551ef10d277b4e8f1374dc041	0	0	0	0	0	2	0	0	0	10	0	15	0	0	0	0	0	1	0	0	0	0	0	3	0	0	0	2	0	0
4cd5d3cddd3e6a485d4be90f03468b99	0	0	0	0	0	2	0	0	1	0	0	2	0	0	0	0	0	2	0	0	0	0	0	0	2	0	4	1	0	0
a0388f8728f65aceeb016ef7bb6a75a0	0	0	0	0	0	2	3	12	21	1	0	0	0	0	34	1	0	3	0	0	0	0	0	1	0	13	1	0	0	0
c412f78676ecbe61f0a72db493930f89	0	0	0	0	0	2	0	0	1	0	0	0	0	0	0	3	0	1	0	0	0	0	0	0	0	128	0	0	0	0
762504be2f6e4a98b32ac9ffe73a6cab	0	0	0	0	0	2	1	2	0	2	0	5	0	1	1	1	0	3	1	0	1	0	0	0	1	0	2	2	3	1
86570e0d4bd4e26f583b35cf8ae9d8f7	0	0	0	0	0	2	0	0	5	0	0	0	0	0	0	0	0	0	0	0	3	0	0	1	0	0	0	0	3	0
9e0e572d496b9df6917c419cc4d69eb1	0	0	0	0	0	2	0	0	0	6	0	10	0	0	1	0	0	0	8	0	0	0	0	10	0	0	0	32	0	6
d693d5963b57f6527928f062b4430306	0	0	0	0	0	2	0	0	7	1	0	2	0	0	0	0	0	0	0	0	0	0	0	0	4	0	2	0	0	1
e84c3725801248f577ef853dda4676fc	0	0	0	0	0	2	0	0	0	29	9	22	8	0	0	9	0	46	0	0	0	0	0	2	16	0	0	20	0	0
cf4be34522a47f5ab9b2acabb93f6e11	0	0	0	0	0	2	0	0	0	0	0	0	0	0	9	0	0	0	0	0	0	0	0	0	0	0	0	0	0	0
69aa220d739bb8cddbe9f3f8d6808c3d	0	0	0	0	0	2	0	77	3	3	8	2	0	7	0	0	0	0	0	0	0	0	0	3	41	36	0	11	0	1
b8ad44564c105663a494bc783a7b47b8	0	0	0	0	0	2	0	0	0	6	0	0	0	0	0	0	0	0	0	0	0	0	0	0	0	0	0	3	0	0
d787f9a5454adca31d55c5d498e48845	0	0	0	0	0	2	1	0	3	1	0	17	0	0	0	0	0	0	0	0	1	0	0	42	0	0	26	9	48	40
bb0b037bf989bc8fc135e5c2753864a5	0	0	0	0	0	2	0	0	4	0	1	0	0	0	7	0	0	0	0	0	0	0	0	0	8	0	2	1	0	0
85eb760627d278104b60bd45760a1993	0	0	0	0	0	2	0	0	3	6	0	7	0	0	0	0	0	0	0	0	0	0	0	3	0	0	0	15	0	0
fdaeb1b87372b994b5edaf53dc09ccb4	0	0	0	0	0	2	0	2	6	5	3	0	0	3	0	1	0	19	0	0	0	0	0	0	6	1	1	1	0	1
3f8fc49299d08536a857281e8559722c	0	0	0	0	0	2	0	0	6	0	0	0	0	0	0	0	0	1	0	0	0	0	0	0	1	0	0	0	0	0
c4fc0c4b023d1e716804590859598812	0	0	0	0	0	2	0	0	0	0	0	0	0	0	0	0	0	1	0	0	0	0	0	1	0	0	0	0	8	1
f6430086f0f87f44fae82fbcbce51b3e	0	0	0	0	0	2	0	0	2	0	0	0	0	0	0	0	0	0	0	0	0	0	0	0	10	0	0	0	0	0
16b488e76806766899705a0bd977e742	0	0	0	0	0	2	3	0	3	0	0	0	0	0	0	2	0	1	0	0	0	0	0	0	2	1	0	0	2	0
5e3bab25bc2af93fd809d263bb5f4a4a	0	0	0	0	0	2	0	0	0	0	0	0	3	0	0	0	0	0	1	0	0	0	0	0	1	0	6	0	0	1
4f8157d70ee34bfe86c9d4549a8fec19	0	0	0	0	0	2	0	0	2	1	0	0	0	0	2	3	0	9	0	0	0	0	0	0	0	0	0	3	0	0
261486c5e3f6dfa7ab641836915e0ef6	0	0	0	0	0	2	0	0	0	2	0	28	0	0	0	0	0	0	1	0	5	0	0	15	27	0	8	41	28	9
929fa1847fc7baf86ebca8a39ac2635f	0	0	0	0	0	2	0	0	0	3	0	4	0	0	0	0	0	0	0	0	0	0	0	1	0	0	0	1	5	0
f5ce3505a45b5a69bf1aeb1ab7b5d96d	0	0	0	0	0	2	0	1	2	22	0	4	0	0	0	0	0	25	21	0	18	0	0	26	1	0	18	38	20	32
a37d1decdbfca34bb01eb91f03484a09	0	0	0	0	0	2	0	3	0	0	0	4	0	0	0	1	0	41	9	0	10	0	0	0	0	0	0	5	1	1
47ffc0d35bb3887bcf5a1b39d5dbcf2c	0	0	0	0	0	2	0	0	39	0	24	45	0	1	0	0	0	21	0	0	0	0	0	7	89	67	0	26	4	0
1e1adb1ef0016ffd0eac6e26d00a4a52	0	0	0	0	0	2	0	0	2	3	0	3	0	0	0	0	0	0	0	0	0	0	0	3	0	0	5	0	6	0
3daf5ddc317a6a4b80ffbf19bc975a28	0	0	0	0	0	2	0	0	0	2	0	5	0	0	0	0	0	0	0	0	0	0	0	1	0	0	0	1	0	0
5fbf8dffed4057c6cf9f39744876f597	0	0	0	0	0	2	0	0	0	1	0	2	0	0	0	0	0	0	0	0	0	0	0	0	0	9	0	3	0	0
017744ab0912567f95f7b383008af1ca	0	0	0	0	0	2	0	0	22	0	0	0	0	0	0	0	0	1	0	0	0	0	0	0	3	0	0	0	0	0
b36fd653babe5edb45cf3e8f39049f73	0	0	0	0	0	2	0	0	2	1	0	0	0	0	0	0	0	0	6	0	1	0	0	8	0	0	0	1	0	2
ea1595436d3aea65d4ec7a09c4114163	0	0	0	0	0	2	0	3	4	0	1	0	0	0	19	0	0	0	0	0	0	0	0	0	0	11	2	0	0	0
fe695deb748bae9922b945d8937ae204	0	0	0	0	0	2	0	0	0	0	0	0	0	6	0	5	0	0	0	0	0	0	0	1	0	0	0	0	0	0
708dfd75b7d73fbfd64c7776ec31fb56	0	0	0	0	0	2	0	1	3	0	1	0	0	0	2	5	0	0	0	0	0	0	0	0	0	0	0	1	0	0
60a7848fa8982b628e8118d9679d81b6	0	0	0	0	0	2	0	0	0	0	0	15	0	0	0	0	0	4	0	0	0	0	0	0	0	0	0	4	1	0
722d8a563f2b2b314a389fdb3912fd69	0	0	0	0	0	2	0	0	20	0	0	0	0	0	0	0	0	2	0	0	0	0	0	0	0	5	0	0	3	0
ab056d1b1b5b0b676072c9fc7d57dcee	0	0	0	0	0	2	0	0	27	0	6	0	0	1	0	0	0	0	0	0	0	0	0	0	1	0	0	0	0	0
ffd0125dcc8cebb8621ef18c2a3d83ec	0	0	0	0	0	2	0	0	6	0	0	2	0	0	0	0	0	2	0	0	0	0	0	1	0	0	1	6	0	0
4e19863644f0c37d0d33feed8044dd40	0	0	0	0	0	2	0	0	0	0	0	0	0	0	0	0	0	0	0	0	5	0	0	0	0	0	0	4	9	0
f021a0a686e2144bad69cbd80be9a44d	0	0	0	0	0	2	7	0	2	0	0	5	2	20	26	28	0	0	0	0	0	0	0	0	2	0	1	5	0	3
c4d7d0824d199502350ddc5daf36b9bd	0	0	0	0	0	2	1	1	1	0	2	36	0	0	0	0	0	1	0	0	0	0	0	1	15	0	1	10	23	4
4dddef87c0a66909a2ea11d005a54cf3	0	0	0	0	0	2	0	0	0	0	0	3	0	0	0	1	0	3	0	0	0	0	0	0	0	0	0	3	0	0
0ef261257efee7d5e73953b0df6df2f8	0	0	0	0	0	2	0	0	0	0	0	2	0	0	0	0	0	0	0	0	0	0	0	0	0	0	1	0	4	3
2584f7591e921bd69d0fad344794e3b0	0	0	0	0	0	2	0	0	8	2	2	2	0	0	0	0	0	20	0	0	0	0	0	0	9	0	0	0	1	0
5f2e6f11550cd792871c6d24de3998da	0	0	0	0	0	2	0	0	0	4	5	0	0	2	0	0	0	1	0	0	0	0	0	0	0	0	0	0	0	0
fdc24938a2debb8fef2182565ed882d1	0	0	0	0	0	2	0	0	2	1	2	2	0	1	0	0	0	0	0	0	0	0	0	0	10	0	0	0	0	0
59fce27d3381c58e1efe995073675d78	0	0	0	0	0	2	0	8	2	2	2	1	1	0	0	4	0	5	0	0	0	0	0	3	0	0	0	4	0	0
9e57898eff04464a45226710b137a919	0	0	0	0	0	2	0	0	0	3	0	0	0	0	0	0	0	2	0	0	1	0	0	0	0	0	0	2	0	0
61c4e538aaa9e796b4088c27f0b2dd52	0	0	0	0	0	2	0	1	2	0	0	0	0	0	0	61	0	0	0	0	0	0	0	0	0	0	0	0	0	0
0d58d0d841b0b015232ef6f2efe88035	0	0	0	0	0	2	1	0	0	1	0	1	0	0	0	14	0	0	0	0	0	0	0	3	0	0	0	5	3	0
25c7c44ccd716a6854d56beff38ebbf1	0	0	0	0	0	2	0	0	1	0	0	0	0	0	0	0	0	0	0	0	0	0	0	0	0	0	3	3	3	0
2b72e8c07b34993f4ae2b00101ea8e8b	0	0	0	0	0	2	0	0	0	0	3	0	0	0	3	2	0	3	0	0	0	0	0	0	5	0	0	0	0	0
59a81a343006479fbaa3fc70ddb9c2f1	0	0	0	0	0	2	0	0	3	0	0	0	0	0	0	2	0	4	0	0	0	0	0	0	0	0	0	0	0	0
cfac0ada65edf6217ad6f45057fdfa28	0	0	0	0	0	2	0	2	2	7	5	1	1	6	1	5	0	3	0	0	0	0	0	0	15	0	3	0	4	2
c936ad5d6a834ed85b56c3af7f54d6d8	0	0	0	0	0	2	0	0	2	7	0	2	0	0	0	0	0	4	0	0	0	0	0	2	0	0	1	2	2	1
7229ed1d182a3b961a352eb988f6cf7e	0	0	0	0	0	2	0	0	0	3	0	0	0	0	0	0	0	0	0	0	0	0	0	2	0	0	0	3	0	0
37921c2d21635d768208904c3b82a759	0	0	0	0	0	2	0	0	0	5	0	0	0	0	0	1	0	31	0	0	0	0	0	0	3	0	0	0	0	2
11a010e7c275e67a9e1802a3968d38c4	0	0	0	0	0	2	0	3	2	0	0	0	0	4	0	7	0	2	1	0	0	0	0	0	0	1	3	0	0	3
dc206636d9be3a27f8d1f2b16fc3ef3b	0	0	0	0	0	2	0	0	11	0	2	0	0	0	0	0	0	10	0	0	0	0	0	0	7	1	1	0	0	0
75879acde35e2b0da0da0037a4d82e42	0	0	0	0	0	2	0	2	0	1	0	0	0	0	0	0	0	2	18	0	1	0	0	3	1	0	14	6	0	11
06facaff6abab327f38f1fc14ce9f584	0	0	0	0	0	2	1	3	3	7	2	15	0	0	2	1	0	16	0	0	0	0	0	0	0	0	0	0	2	0
5dce282e176399de3c7f29b56308562e	0	0	0	0	0	2	0	0	0	2	3	3	0	2	0	1	0	1	0	0	0	0	0	0	6	3	0	1	0	1
08d5822b81b07a21c5799954591565ed	0	0	0	0	0	2	0	0	3	0	0	0	0	0	0	0	0	0	1	0	0	0	0	0	2	0	3	4	0	0
93dbc3808938c0688098981323f388f2	0	0	0	0	0	2	1	0	0	0	0	0	0	0	0	1	0	0	464	0	185	0	0	524	0	0	134	336	0	56
5913b188e24c9a80859813efb2a158e4	0	0	0	0	0	2	0	10	0	0	0	0	0	0	0	0	0	0	0	0	0	0	0	0	0	0	0	0	0	0
5d6b5c6f3fd5a0fca3c66cac256c401c	0	0	0	0	0	2	0	0	1	0	0	0	0	0	0	3	0	0	0	0	0	0	0	0	5	0	0	0	0	0
3b037eca211d8d0e3a084f6b515362de	0	0	0	0	0	2	0	0	1	6	0	29	0	0	0	0	0	1	1	0	2	0	0	15	0	0	4	7	11	6
e9e0b8283ddbf558529f6b876ecdffc2	0	0	0	0	0	2	0	0	3	2	0	8	0	0	0	0	0	3	0	0	0	0	0	3	0	0	0	4	0	0
7b9aa4068c2f66f28b0bbfc4367e6600	0	0	0	0	0	2	0	7	9	0	0	0	0	0	0	6	0	0	0	0	0	0	0	0	0	0	0	0	0	0
a266a57405a9ce56e1f7d5318ff2c67b	0	0	0	0	0	2	0	0	0	1	0	6	0	0	0	0	0	4	0	0	1	0	0	2	0	10	0	8	1	1
3690d0045f59dde32e42b66bc2bfcf85	0	0	0	0	0	2	0	0	0	0	0	0	0	0	0	0	0	0	0	0	0	0	0	3	0	0	20	4	0	9
674d437a7a79d2ee4a1ff7fad7eefa24	0	0	0	0	0	2	0	2	6	0	6	3	0	0	0	4	0	5	0	0	0	0	0	1	11	0	0	4	1	0
dfaa8466ace624289627de8a96c1c047	0	0	0	0	0	2	0	0	0	0	0	0	0	0	0	0	0	1	0	0	0	0	0	0	0	0	0	0	5	5
e0ad2f232e161c8627f1a1c71e8f77ba	0	0	0	0	0	2	0	0	0	1	0	2	0	0	0	0	0	0	0	0	0	0	0	7	0	0	0	0	0	2
1534fb9583dc08dadc433136f9c25fdc	0	0	0	0	0	2	0	0	1	2	2	11	0	0	0	0	0	1	1	0	0	0	0	3	6	0	0	2	0	0
e2f6d54b19ece99f537d2fd913949808	0	0	0	0	0	2	0	8	0	0	0	0	0	2	4	0	0	0	0	0	0	0	0	0	0	0	0	0	0	0
59d251f613a71a74be106487d8301beb	0	0	0	0	0	2	0	0	0	0	0	1	0	0	0	0	0	10	0	0	0	0	0	1	2	0	1	3	4	0
3540404e903b8d022aa695953542a7fe	0	0	0	0	0	2	0	0	4	0	0	0	0	0	0	0	0	0	0	0	0	0	0	0	1	5	1	0	0	0
adf526ae8eb3f506d4157c26ce93428f	0	0	0	0	0	2	0	0	5	2	0	8	0	0	0	0	0	0	0	0	0	0	0	2	0	0	0	0	15	2
a7656031470f832d829bfe23e2757135	0	0	0	0	0	2	0	0	2	1	0	0	0	0	0	0	0	4	0	0	0	0	0	0	0	0	0	0	2	0
c780ba662a5a3e3730ef709e34e11fee	0	0	0	0	0	2	0	2	0	0	0	0	0	0	0	13	0	2	0	0	0	0	0	0	0	0	0	0	0	0
912105eaf053c487f4bc6cc0b5fc2863	0	0	0	0	0	2	0	0	6	4	1	1	0	0	0	0	0	2	0	0	0	0	0	0	0	0	0	1	0	0
8ab01b5f184cab64e548e372deb44203	0	0	0	0	0	2	0	0	0	0	1	2	0	0	0	0	0	2	0	0	4	0	0	0	4	0	0	0	3	0
47548920dfc7b3ba9b2bb31b062ce818	0	0	0	0	0	2	1	0	0	0	0	0	0	0	1	6	0	0	0	0	0	0	0	0	0	0	8	0	3	1
e638814bfde848d1b26961a4c7e4695e	0	0	0	0	0	2	0	0	0	6	0	24	0	0	5	2	0	11	0	0	4	0	0	5	0	2	0	23	17	3
4ea12b8975bac3b5257c659b37637caa	0	0	0	0	0	2	1	0	0	0	0	2	0	0	0	1	0	0	1	0	2	0	0	1	0	0	0	4	2	1
97b3f8578c4f3ceca14bd77861dd1389	0	0	0	0	0	2	0	0	28	1	0	0	0	0	0	0	0	0	0	0	0	0	0	0	0	0	0	0	0	0
d79d2a7b47b5bc987be0469e56c24ba7	0	0	0	0	0	2	0	2	1	0	0	1	0	0	0	1	0	4	0	0	0	0	0	0	0	0	0	2	0	0
bd89564b1224bb0185f112ad3243baa8	0	0	0	0	0	2	0	0	3	0	0	3	0	0	0	1	0	3	0	0	0	0	0	1	7	0	0	0	1	0
8a7cecf4ab143c419220975a7eac246d	0	0	0	0	0	2	0	0	0	1	0	0	0	0	0	0	0	8	0	0	0	0	0	0	4	0	0	0	0	0
33c90389cc62dcc78e3c972e89329923	0	0	0	0	0	2	0	3	0	1	0	7	0	0	0	3	0	18	0	0	0	0	0	1	7	0	0	4	4	0
9bb2c541bd5fce6d27565a5c35177a0d	0	0	0	0	0	2	0	4	1	1	0	0	0	9	0	1	0	2	0	0	1	0	0	0	0	0	0	0	0	0
b46c6b1016682d8b688dc08a577c21ae	0	0	0	0	0	2	0	1	2	1	4	3	3	0	0	5	0	0	1	0	0	0	0	0	2	0	2	0	5	4
76f0f462a0d25708a79dc8f464d67b6d	0	0	0	0	0	2	0	0	0	2	0	0	0	0	0	0	0	5	0	0	0	0	0	0	3	0	0	3	0	0
4b2556f2c921cbc0138d77f48e0766b6	0	0	0	0	0	2	0	0	0	1	0	4	0	0	0	0	0	1	0	0	2	0	0	1	0	0	0	3	1	0
a63fbc81fe890fc320065e34ac467a59	0	0	0	0	0	2	0	0	0	0	0	0	0	0	0	4	0	0	0	0	0	0	0	0	0	0	1	3	0	0
6d65991c0d9b8d7f20422563b1ce9c66	0	0	0	0	0	2	0	0	0	4	0	8	0	0	0	0	0	2	0	0	0	0	0	5	0	19	1	2	14	8
7ac8b453a559e2546e366c8417909706	0	0	0	0	0	2	0	2	0	1	0	0	0	0	0	1	0	6	0	0	0	0	0	2	0	0	0	3	0	0
23472256a62f181176e2a31b919ee063	0	0	0	0	0	2	0	0	5	4	0	0	0	0	0	0	0	7	0	0	0	0	0	0	0	0	0	0	0	0
b39bea53d543f7d0f11c609917989662	0	0	0	0	0	2	0	3	0	2	4	0	1	2	0	0	0	1	0	0	1	0	0	0	0	1	0	0	0	1
870f46d4965f9b776174daef313f9916	0	0	0	0	0	2	0	0	0	0	0	5	0	0	0	0	0	0	11	0	0	0	0	13	0	0	0	7	1	1
eae47c90622f8d9c3a213cac9b8721d1	0	0	0	0	0	2	0	0	4	0	0	1	0	0	0	0	0	0	0	0	0	0	0	1	0	0	0	0	1	1
3b69bfae7bf2b5a81c57fac21313d4b7	0	0	0	0	0	2	1	0	1	1	6	0	0	0	1	0	0	1	0	0	0	0	0	0	19	0	0	1	0	0
cc9c5e534f5b7248bf5f5936b0204f98	0	0	0	0	0	2	0	21	6	1	0	0	1	5	3	5	0	8	0	0	0	0	0	0	0	0	0	1	0	0
4bdab06af2c73a0c65d2a6003f5f09d1	0	0	0	0	0	2	0	0	26	29	11	34	1	0	9	8	0	53	0	0	3	0	0	10	0	28	17	24	95	16
357696cadf22fa972abeb7f2b4f97231	0	0	0	0	0	2	0	0	1	1	0	0	0	0	0	2	0	2	0	0	0	0	0	0	0	0	0	1	2	0
c5c74c5c55ea3e377874c7098a2c6a2b	0	0	0	0	0	2	0	0	0	2	0	0	0	0	0	0	0	0	0	0	5	0	0	1	0	0	0	0	4	0
a9439addba06021682ae43f2a31ba0b8	0	0	0	0	0	2	0	0	0	1	0	2	0	0	0	0	0	0	2	0	4	0	0	6	0	0	0	8	0	2
c524e7bfb6f8328c42d14f6456c9c52b	0	0	0	0	0	2	0	1	0	0	5	10	0	0	0	1	0	14	1	0	22	0	0	0	13	3	0	0	0	2
9a3a8b839f608990ffe1171bafeb96ac	0	0	0	0	0	2	0	3	0	2	0	0	0	0	0	4	0	2	0	0	0	0	0	0	0	0	0	0	0	0
cf07e7e1426cef9be3b3cb8308aed11e	0	0	0	0	0	2	0	3	0	10	3	0	0	0	0	1	0	2	0	0	0	0	0	0	2	0	2	0	1	0
9dfc3573c0739347b3e3d1883d41b6c0	0	0	0	0	0	2	0	0	0	5	3	5	0	0	0	1	0	4	0	0	0	0	0	0	15	0	1	2	2	0
b79c76db429d994c4124598404254d90	0	0	0	0	0	2	0	0	0	0	0	2	0	0	0	0	0	0	0	0	0	0	0	13	0	0	1	2	1	0
c73bcea6df9e41d375402edd203e5903	0	0	0	0	0	2	0	11	8	0	0	0	0	0	0	0	0	13	0	0	0	0	0	0	0	0	0	0	0	0
80c089b2181724cfceea7c058ae9185d	0	0	0	0	0	2	0	0	20	0	0	8	0	0	0	0	0	7	0	0	0	0	0	0	12	0	0	6	1	2
c319b897ced0a13346a21d30571bcfe6	0	0	0	0	0	2	0	0	0	0	0	0	0	0	0	0	0	4	0	0	0	0	0	2	1	0	0	2	0	0
bcf53160134162846058f398fde0cae2	0	0	0	0	0	2	0	0	7	0	0	0	0	0	0	0	0	1	0	0	0	0	0	0	26	0	0	0	4	0
59aeb27055970298e09a2f68355a3d97	0	0	0	0	0	2	0	0	8	0	0	0	0	0	0	0	0	0	0	0	0	0	0	0	0	0	0	0	0	0
41adacbe063ac42cbb630499e721fb20	0	0	0	0	0	2	0	0	7	0	0	0	0	0	0	0	0	0	0	0	0	0	0	0	0	0	3	0	10	2
f04e33050415b5dcc7330698efd104ac	0	0	0	0	0	2	0	0	1	1	2	0	0	0	0	0	0	1	0	0	0	0	0	0	9	0	0	2	0	0
3ef34258f72314466cb274153d94bc90	0	0	0	0	0	2	0	0	4	0	1	0	0	0	0	0	0	0	0	0	0	0	0	3	26	0	0	0	1	4
3ac3478c0d11b9b18313a8fe20d7d4b5	0	0	0	0	0	2	0	0	0	4	0	0	0	4	0	0	0	0	0	0	0	0	0	0	0	0	0	0	1	2
b164bd89083d1094e2520d19bdda289b	0	0	0	0	0	2	0	8	0	0	1	0	11	0	2	2	0	3	0	0	0	0	0	1	0	15	0	1	1	0
d888f7564fb4616bcb8cdfa66085a67d	0	0	0	0	0	2	0	0	1	1	0	13	0	1	0	0	0	3	0	0	0	0	0	0	13	8	0	1	15	0
07a3742e7de5edd569fb305a565bd4fc	0	0	0	0	0	2	0	0	1	0	0	3	0	0	0	0	0	0	3	0	16	0	0	0	0	0	0	1	9	25
b494fd7ae7938bdd7aeb546b72baa418	0	0	0	0	0	2	4	1	0	7	0	16	15	0	1	6	0	0	0	0	0	0	0	0	0	0	1	2	7	0
ecb55d0f60499344c6db8b13c62d100b	0	0	0	0	0	2	0	1	5	6	46	0	0	1	0	0	0	8	0	0	0	0	0	0	190	4	0	0	0	0
f31b74816bdbf2e7caaa300ce28ffe35	0	0	0	0	0	2	0	0	0	1	0	3	0	0	0	0	0	0	0	0	0	0	0	1	0	0	0	1	4	0
f37d8fb7540647f4195698e6c52a2bec	0	0	0	0	0	2	1	1	0	0	0	0	0	2	1	3	0	0	0	0	0	0	0	0	0	0	0	0	0	0
ca2d17fd95c248f7cc52939d865fd5cb	0	0	0	0	0	2	0	3	1	0	2	0	0	0	0	0	0	1	0	0	0	0	0	0	9	0	0	0	0	0
2b30959e5201695eeb513bbc2809e062	0	0	0	0	0	2	0	0	1	0	0	0	0	0	0	0	0	0	0	0	1	0	0	0	0	0	0	0	5	1
677a097d1714127d746675d989ce8466	0	0	0	0	0	2	0	0	1	3	1	2	0	0	0	0	0	0	0	0	3	0	0	2	0	0	3	7	7	4
ae9e1c949da218b83f404be7d2df2409	0	0	0	0	0	2	0	0	2	2	0	3	0	0	0	0	0	3	0	0	3	0	0	1	3	0	0	6	0	0
7f15d660f2460dd73754fedfdf97e7e6	0	0	0	0	0	2	0	6	2	0	0	0	0	0	4	4	0	6	0	0	0	0	0	0	0	0	0	0	0	0
5571aeda09fbb21d5ee0b3f98056ef9e	0	0	0	0	0	2	0	0	0	0	0	7	0	0	0	0	0	0	1	0	5	0	0	0	0	0	0	4	0	0
d33563fc312773f8fa2c8407f7829cfb	0	0	0	0	0	2	0	0	0	0	0	0	0	0	0	0	0	0	0	0	0	0	0	0	0	0	0	0	8	0
03780b9a5edcc4aa9c4e1ebd12b73cdc	0	0	0	0	0	2	0	0	8	58	2	12	0	0	0	1	0	2	1	0	0	0	0	9	0	0	9	20	12	10
1a26ee6ab2743f2be43491565b36cc71	0	0	0	0	0	2	0	0	0	0	0	0	0	0	0	0	0	0	1	0	10	0	0	0	0	0	1	2	0	1
816f6023d87a206e57fff607b2c23cb9	0	0	0	0	0	2	0	0	0	0	0	0	0	10	0	0	0	0	0	0	0	0	0	0	0	0	0	0	0	0
303afd3b713c935b6ef9f48cf5d89126	0	0	0	0	0	2	1	0	0	1	0	0	0	3	2	0	0	0	0	0	0	0	0	0	0	0	1	1	0	0
38575222f2fdd46d8b84c72517aa2e60	0	0	0	0	0	2	0	2	1	0	1	0	0	0	0	0	0	1	0	0	0	0	0	2	0	0	0	4	1	0
059790ad4cc0975b306f6a8af6b0d88d	0	0	0	0	0	2	0	0	5	3	0	3	0	0	0	0	0	0	0	0	0	0	0	6	0	0	0	0	2	2
31a4d30efaf171c8c05eceb4a6261202	0	0	0	0	0	2	0	0	2	0	0	0	0	0	0	0	0	0	0	0	0	0	0	3	7	0	0	1	0	2
3ab60597d59fc57c9d5c78eee4809715	0	0	0	0	0	2	0	1	0	1	0	3	0	0	0	0	0	0	18	0	2	0	0	10	0	0	0	13	1	0
9b3f46cfd0b76f2519bd46e685c51eb7	0	0	0	0	0	2	0	0	0	0	0	12	0	0	0	0	0	0	1	0	0	0	0	6	0	0	0	31	0	0
fa02e99b9fad27dee93c3966c8c424e9	0	0	0	0	0	2	0	0	0	2	0	2	0	0	0	0	0	20	0	0	0	0	0	0	2	0	0	0	0	0
1463545e2a3fa00041cd3e33ac1a8710	0	0	0	0	0	2	0	0	0	2	0	1	0	0	0	0	0	0	1	0	1	0	0	1	1	0	0	2	3	0
24cf797fcb7c47c835bcd54280e5c41b	0	0	0	0	0	2	0	1	0	0	0	0	0	2	0	1	0	0	0	0	0	0	0	0	13	0	0	0	0	0
eabeca1d4b2b24f18f0d22dc3d4a7c10	0	0	0	0	0	2	0	0	1	1	0	0	1	0	1	0	0	3	0	0	1	0	0	1	0	0	0	1	0	0
ccbc36b9ec4635cefc36856b76d89e49	0	0	0	0	0	2	0	0	2	0	0	0	0	0	8	2	0	0	0	0	0	0	0	0	0	0	0	0	0	0
22c44ecd6bc9ee197fe71146ef2ded8b	0	0	0	0	0	2	0	0	0	1	0	12	0	0	0	0	0	1	4	0	3	0	0	6	0	0	0	0	0	0
5d43e40f7975a49698a1afa81ea33efd	0	0	0	0	0	2	0	1	0	1	0	0	0	6	0	1	0	2	0	0	0	0	0	0	0	0	0	0	0	0
af0359faa8091e6122edaa326c22d663	0	0	0	0	0	2	0	2	11	3	0	3	0	0	1	12	0	10	0	0	0	0	0	0	9	0	2	6	1	0
61512fb426aa20e3f831978721a8f16e	0	0	0	0	0	2	0	18	8	1	12	3	0	4	5	3	0	33	0	0	1	0	0	0	54	3	0	2	0	4
666294663e9ca4d7e2f621def3c85cf2	0	0	0	0	0	2	0	4	22	2	0	0	0	0	0	0	0	0	0	0	0	0	0	4	6	0	2	0	0	0
d3d6672f429f26a1f8e8259a07939cc2	0	0	0	0	0	2	0	0	14	0	0	0	0	0	0	0	0	0	0	0	0	0	0	1	0	0	0	0	0	0
f61bbfa63de1e85e88228355dea0e119	0	0	0	0	0	2	0	0	0	0	0	0	0	0	1	6	0	0	0	0	0	0	0	0	0	0	1	0	0	0
54995ed4b0dc657afd0c2e398e18d831	0	0	0	0	0	2	0	0	0	2	1	0	0	0	0	0	0	1	0	0	0	0	0	0	8	0	0	0	0	0
14bf99c8b44d7a72dbadb2b9aa8b83c7	0	0	0	0	0	2	0	1	0	0	0	1	0	0	0	1	0	3	14	0	27	0	0	9	0	0	0	26	0	3
b659f5fe8b21284d00c1130d843da89c	0	0	0	0	0	2	0	0	0	0	0	0	0	0	27	1	0	0	0	0	0	0	0	0	0	0	0	0	0	0
00974a7fe58b1ae28644abf8ccf1a049	0	0	0	0	0	2	0	0	0	2	1	3	0	0	0	0	0	0	6	0	4	0	0	3	0	0	0	0	3	0
a0b1eb6a15603530f3c221334b38f08c	0	0	0	0	0	2	0	0	2	0	0	0	0	0	0	0	0	17	2	0	0	0	0	0	0	0	0	0	0	0
d09dae81edc43a4653a149844dc2eab2	0	0	0	0	0	2	0	0	0	0	0	4	0	0	0	0	0	4	1	0	3	0	0	0	0	7	0	2	0	0
747e4adb4f063135c3a14b6edf4b165f	0	0	0	0	0	2	0	0	0	0	0	0	0	0	0	0	0	0	0	0	0	0	0	0	0	8	0	0	0	0
0e7f1444a780d6ee37c500acfc99753b	0	0	0	0	0	2	0	5	8	2	13	3	0	0	0	1	0	11	1	0	0	0	0	2	25	0	0	3	3	0
d25dba32f4b5394515152512ae8df1c9	0	0	0	0	0	2	0	0	0	2	0	0	0	0	0	3	0	13	0	0	0	0	0	0	0	0	0	1	0	0
772835b987f5954f518c4a50cff43e3f	0	0	0	0	0	2	3	0	2	3	0	5	0	0	1	15	0	4	0	0	0	0	0	1	107	0	0	3	1	2
55948113048c6d9c9eefe3f77cdd6203	0	0	0	0	0	2	0	0	14	0	0	0	0	0	0	0	0	27	0	0	0	0	0	0	44	0	0	2	0	0
b347feadb6e0e5ac156cab65d051b6c2	0	0	0	0	0	2	0	11	10	3	0	2	0	0	14	3	0	5	0	0	0	0	0	2	6	0	0	0	1	3
75af9dbedf323a851c2bb4de2d0159fa	0	0	0	0	0	2	0	7	0	4	0	1	0	0	0	6	0	1	0	0	0	0	0	2	4	0	0	0	1	0
41f0de92b28778949f76b6fdaab1f590	0	0	0	0	0	2	0	0	0	0	0	0	0	2	0	0	0	9	0	0	0	0	0	0	7	0	0	0	0	0
98255f60836ddff217991db8bc2d7120	0	0	0	0	0	2	0	2	0	0	0	4	0	0	0	0	0	1	0	0	0	0	0	4	0	0	0	13	2	2
35f53a0822ef386dd5ca11f48cbeeaca	0	0	0	0	0	2	0	2	5	5	0	23	0	0	0	0	0	0	2	0	2	0	0	5	0	0	0	4	1	0
6530473390d4ca2be64ca1dd1099e351	0	0	0	0	0	2	0	3	1	6	2	0	0	0	0	0	0	3	0	0	0	0	0	0	0	7	0	3	0	2
f83830b032a84051e15f1374a45ed18d	0	0	0	0	0	2	0	0	5	0	0	6	0	0	0	0	0	0	0	0	1	0	0	0	0	0	0	4	0	0
aa8b6b606ca04790a0ba0aab14d82bec	0	0	0	0	0	2	1	0	0	0	0	0	0	0	7	1	0	0	0	0	0	0	0	0	0	0	0	0	0	0
4931846befd382156617dc22aa17bf3c	0	0	0	0	0	2	0	0	0	0	0	0	0	0	0	0	0	0	4	0	6	0	0	4	0	0	0	2	0	1
19d71d7d204f086a83ce8f767a024750	0	0	0	0	0	2	0	2	0	2	1	0	0	0	0	7	0	3	0	0	0	0	0	0	0	0	0	1	1	0
ee54c15fd032e199120aab5dae4e5440	0	0	0	0	0	2	0	0	1	0	2	0	0	0	0	0	0	0	0	0	0	0	0	4	0	0	0	3	0	0
44281b587a5200deb0d5e2d2fda99b0d	0	0	0	0	0	2	3	2	6	0	4	2	0	0	5	1	0	19	0	0	0	0	0	0	11	48	0	1	3	2
0197376796763a70c7ba2865d01e3a9d	0	0	0	0	0	2	0	0	0	1	0	0	0	0	0	0	0	0	0	0	2	0	0	0	0	0	3	0	3	1
f4f69695a3632f22cbb65d6856154f67	0	0	0	0	0	2	0	0	2	3	0	0	0	0	1	0	0	5	0	0	2	0	0	0	1	0	0	3	1	1
c0f1dd93bee10d97b463e0faa3a494d7	0	0	0	0	0	2	0	0	0	1	3	0	0	0	0	0	0	0	0	0	0	0	0	0	0	0	2	4	1	0
65b4f53c316dc20a42e0b197938fdf65	0	0	0	0	0	2	0	0	9	1	2	0	0	0	0	3	0	10	3	0	2	0	0	0	2	0	0	3	0	7
223e7009089513336eafabaf12543679	0	0	0	0	0	2	0	0	10	2	0	0	0	0	0	0	0	0	0	0	0	0	0	0	0	0	0	1	5	1
f6406644366a61c595f2000dc14d5b9b	0	0	0	0	0	2	0	4	21	0	3	0	0	1	0	0	0	4	0	0	0	0	0	0	6	0	0	1	1	0
459e570ee2192f335f448c9b2ba1a82f	0	0	0	0	0	2	0	8	0	0	1	6	1	0	0	45	0	1	0	0	0	0	0	0	0	0	0	1	11	1
70964aea5b159c9e56a1a1840f72a413	0	0	0	0	0	2	0	2	0	3	0	3	2	1	0	0	0	6	0	0	0	0	0	0	0	0	0	1	0	1
397beec8f9852d458bbfba6bc93547f0	0	0	0	0	0	2	0	0	8	0	0	0	0	0	0	0	0	6	0	0	0	0	0	1	0	0	0	0	1	1
ae0fd865dc48fafdc418a1d50c420e75	0	0	0	0	0	2	0	0	0	0	0	0	0	0	5	0	0	0	0	0	0	0	0	0	4	0	0	0	0	0
06014cf62e2b9204d8cdfdfb6e89cbe7	0	0	0	0	0	2	0	7	1	0	4	0	0	0	1	3	0	6	0	0	0	0	0	0	2	0	0	0	0	0
b148d0f56a1e9a5bf5626d9ff408eeb1	0	0	0	0	0	2	1	0	0	0	0	0	0	0	0	0	0	0	0	0	0	0	0	0	0	0	2	0	0	5
ba36ce7d1484984987992b7031ec824b	0	0	0	0	0	2	0	0	0	0	0	0	0	0	0	0	0	6	0	0	0	0	0	1	1	0	6	4	3	1
89b9264dcd697629e26a105bd4b7cfe1	0	0	0	0	0	2	0	2	2	0	0	4	0	0	0	0	0	0	0	0	0	0	0	0	18	0	0	1	1	2
03358b0777e36aad6dc2bb9efde0642e	0	0	0	0	0	2	0	0	0	0	0	0	0	0	3	5	0	3	0	0	1	0	0	0	0	0	0	1	0	0
4d4395e4569493cd84f476657554aa41	0	0	0	0	0	2	0	0	0	4	0	3	0	0	1	10	0	0	0	0	0	0	0	0	0	0	0	0	0	0
3c52555b5cb74cd74dbcc6530b275fc2	0	0	0	0	0	2	0	0	1	0	0	4	0	0	0	0	0	0	0	0	0	0	0	0	0	0	1	0	2	1
007daed8c8a52cef2db1599f0a90ddbb	0	0	0	0	0	2	0	0	1	1	0	1	0	0	0	0	0	1	0	0	0	0	0	0	0	30	0	1	0	1
0b7d23f88fd36c8cd7717d390f0ef26d	0	0	0	0	0	2	0	0	3	0	0	2	0	0	0	0	0	3	0	0	0	0	0	3	2	0	0	5	9	0
f2119f905b4a82a98c787c03db774926	0	0	0	0	0	2	0	1	7	0	0	0	0	0	0	0	0	0	0	0	0	0	0	0	9	0	0	0	0	0
2237f133d449d5b71010580fd8714054	0	0	0	0	0	2	0	3	1	2	1	4	0	0	0	9	0	7	0	0	3	0	0	6	0	0	1	3	14	4
49f472226b1b8fd5319e6894956e194e	0	0	0	0	0	2	0	0	1	10	3	5	0	0	0	1	0	17	0	0	0	0	0	0	6	0	0	0	1	0
e14286030163677916e5262367fd6b03	0	0	0	0	0	2	0	1	1	0	0	0	0	0	2	4	0	0	0	0	0	0	0	0	0	2	0	0	0	0
8ccd041808b9ccadfb7a0e73daec9bb8	0	0	0	0	0	2	0	0	1	0	1	0	0	0	0	0	0	2	0	0	0	0	0	0	0	0	2	0	2	2
daf1a518df6dcef68c565aab3e1ab77f	0	0	0	0	0	2	0	0	0	0	3	2	0	0	0	2	0	0	1	0	0	0	0	0	0	0	0	0	4	0
890b21cc60de6c1e97145f681139df12	0	0	0	0	0	2	0	0	1	0	0	0	0	0	0	0	0	0	1	0	1	0	0	3	0	0	0	2	1	1
ec52a7cc73f9d3328e2e3a2380b147d3	0	0	0	0	0	2	7	1	0	0	0	1	0	0	9	4	0	0	0	0	0	0	0	0	0	0	0	0	0	0
4fe04f1bc91f95026ac6abd023604c97	0	0	0	0	0	2	0	0	0	1	0	9	0	0	0	0	0	0	1	0	1	0	0	10	0	0	0	10	0	0
a78a06129c77c581e2fca68377135361	0	0	0	0	0	2	0	0	0	1	0	39	0	0	0	0	0	1	16	0	4	0	0	17	0	0	0	28	0	4
2cb31f12f1085a6867e8a99b7437d234	0	0	0	0	0	2	0	0	0	1	0	0	0	0	0	9	0	0	0	0	0	0	0	0	0	2	0	1	5	0
597e9b9e81c6a16052185cda1950ab86	0	0	0	0	0	2	0	1	4	0	1	0	0	0	0	0	2	10	0	0	0	0	0	0	2	7	0	0	17	5
8914003fcb11d0ed4d61031a7f222443	0	0	0	0	0	2	0	0	4	0	0	0	0	0	0	0	0	0	0	0	0	0	0	0	1	0	2	0	1	0
651fbe64f1cfc59f76cd5c2327ddad1c	0	0	0	0	0	2	0	0	0	0	0	4	0	0	0	0	0	0	0	0	0	0	0	2	0	1	1	1	0	1
852bcfbcb245c54b1c2c33b816f181f7	0	0	0	0	0	2	0	0	0	0	0	0	0	0	1	0	0	1	0	0	2	0	0	0	0	0	0	0	2	2
51297ef5c6c2ff20842d967be507741f	0	0	0	0	0	2	1	0	0	0	0	0	0	0	1	0	0	0	0	0	4	0	0	0	0	0	0	0	1	1
6ff9e7e91cdfda047f8ae6d6f5ec3462	0	0	0	0	0	2	0	0	0	7	0	0	0	0	0	1	0	0	0	0	0	0	0	2	0	0	2	3	8	1
a6df6430644f095054b74bce76ccadef	0	0	0	0	0	2	0	0	0	0	0	2	0	0	0	0	0	0	0	0	0	0	0	0	0	0	3	0	11	0
c45b37fcbebeccc6754bea6bcd113fe9	0	0	0	0	0	2	0	4	10	9	0	11	0	0	0	0	0	1	0	0	0	0	0	0	0	14	0	1	3	0
86414a4c81d1c19a79b0faf6e292254c	0	0	0	0	0	2	2	9	12	1	8	0	0	0	13	0	0	22	0	0	0	0	0	2	26	6	0	0	0	0
9f4e954bcbfbbea9bb5ce93b2a489c6e	0	0	0	0	0	2	0	6	2	1	0	0	0	0	14	30	0	0	0	0	0	0	0	2	0	199	1	1	5	0
136ba176a41041e345cbf553b217d23f	0	0	0	0	0	2	0	0	2	8	1	2	0	0	0	2	0	4	0	0	0	0	0	0	0	0	1	9	0	0
3eef782add6e4a33800f79dd1e42d320	0	0	0	0	0	2	0	3	3	0	6	4	0	0	0	3	0	9	0	0	0	0	0	1	12	0	4	6	0	0
875340a93012f7b6e5dab6af948a5a62	0	0	0	0	0	2	0	0	13	0	0	0	0	0	0	1	0	4	0	0	0	0	0	0	1	0	0	0	0	0
e84a63814da024d53b2bce2b275f832a	0	0	0	0	0	1	3	0	0	0	0	0	3	0	0	0	0	28	0	0	0	0	0	0	0	0	0	0	0	0
7e66b60dba0804cc5e557086cca17ea9	0	0	0	0	0	1	0	0	0	0	0	0	0	0	0	0	0	2	0	0	3	0	0	0	78	0	5	0	0	0
05367dd0a75f7e967c6f13519afd89fc	0	0	0	0	0	1	0	2	2	7	0	7	0	0	0	2	1	30	0	0	1	0	0	1	3	1	0	11	1	4
626c6516d09a2edcedf1763cc0f05661	0	0	0	0	0	1	0	0	7	9	0	8	0	0	0	0	0	0	0	0	0	0	0	0	0	0	0	6	2	1
99f4671d70d83ff338babdf4b83ebc65	0	0	0	0	0	1	5	0	0	0	0	0	0	0	6	0	0	4	0	0	0	0	0	1	6	0	0	3	0	0
7ca5c05bc73fb5736fee66e23a1dbb29	0	0	0	0	0	1	0	0	8	0	0	0	0	0	0	0	0	2	0	0	0	0	0	0	2	0	1	0	0	0
073ddca1770f502d767841f22a5ab5cc	0	0	0	0	0	1	0	0	0	0	0	0	0	0	0	0	0	0	0	0	0	0	0	4	20	0	0	0	0	0
e457ecf458d9f54acaa44491571337e4	0	0	0	0	0	1	0	0	0	2	0	11	0	0	0	0	0	1	1	0	0	0	0	0	0	0	14	0	49	27
4c7853bd276b682f6443b897f5ab85fd	0	0	0	0	0	1	8	4	0	0	3	9	2	0	13	5	0	2	0	0	0	0	0	5	0	0	1	3	4	5
cb2281dafc6cf95652052e27f3757837	0	0	0	0	0	1	0	4	4	0	1	1	0	0	0	0	0	10	0	0	0	0	0	0	12	0	0	0	0	0
2d5978af2848e717755d4b75162f1124	0	0	0	0	0	1	1	6	0	1	4	1	0	4	3	9	0	8	0	0	0	0	0	0	12	0	0	7	3	1
1c3088973377f5d72abfa578aa6b5052	0	0	0	0	0	1	0	6	0	0	1	0	0	0	0	6	0	2	0	0	5	0	0	0	1	0	0	0	0	1
bf3e4ef7f9769f551d5b2c016f378931	0	0	0	0	0	1	0	0	13	0	0	0	0	0	0	0	0	0	0	0	0	0	0	0	2	0	0	0	0	0
d5a8531023dca01ab45a601b6e49961e	0	0	0	0	0	1	0	1	0	7	0	1	0	0	0	2	0	0	0	0	0	0	0	0	0	0	1	0	0	0
1799520d24cf1b8b6a557bb2071322e1	0	0	0	0	0	1	0	0	2	0	1	0	0	0	0	0	0	1	0	0	0	0	0	0	3	0	0	0	0	2
7537a3c53f05aed613366c4692b4013d	0	0	0	0	0	1	0	0	3	4	0	4	0	0	0	2	0	21	0	0	0	0	0	0	3	0	0	1	0	0
5cfeeb38b300f8e1f077d38cb3c37ac0	0	0	0	0	0	1	1	0	0	0	0	0	0	0	0	0	0	0	1	0	0	0	0	5	0	0	16	4	2	12
a05f31db2a8325e2502b0040401a7d06	0	0	0	0	0	1	0	3	0	0	0	0	0	0	10	0	0	1	0	0	0	0	0	0	0	0	0	0	0	0
263e7ed1a40ef59d4249f928cf16a194	0	0	0	0	0	1	0	0	12	0	0	0	0	0	0	0	0	0	0	0	0	0	0	0	0	0	0	0	0	0
ef053f09f490a70a0eb5213560462e98	0	0	0	0	0	1	0	0	0	0	0	0	0	0	0	0	0	0	8	0	0	0	0	1	0	0	0	0	0	0
2877e0f89bb559f049692788a5ab056e	0	0	0	0	0	1	0	0	0	0	0	4	0	0	2	0	0	2	14	0	21	0	0	4	1	0	23	3	0	27
a6fdc6aa1212674551456a72aa381c8f	0	0	0	0	0	1	1	1	0	2	0	3	1	0	0	0	0	0	0	0	1	0	0	0	2	0	0	1	2	0
bdec6897c5b92adcafb9b61cbfbaf65c	0	0	0	0	0	1	0	1	0	0	0	18	0	0	0	0	0	1	0	0	1	0	0	1	0	0	0	2	3	0
77a5bb658896c3345a5e20761603c3f3	0	0	0	0	0	1	0	0	4	0	10	0	0	0	5	0	0	0	0	0	0	0	0	0	0	93	0	0	0	1
b92fc470d94eaf531865d28d0ce4e59a	0	0	0	0	0	1	0	3	5	0	0	0	0	0	8	2	0	1	0	0	0	0	0	0	0	0	0	0	0	0
ee843f8f11fbf5190bd3dc05bb482cd8	0	0	0	0	0	1	0	0	0	3	0	0	0	0	0	0	0	0	0	0	0	0	0	0	0	0	0	0	6	1
911516f0c16d753ab68ad55f957026fd	0	0	0	0	0	1	0	0	0	0	0	0	14	0	0	0	0	0	0	0	0	0	0	2	0	0	0	1	1	1
93bd7df301b947c1e68c8b75a1062cb7	0	0	0	0	0	1	0	1	2	0	8	0	0	0	2	0	0	2	0	0	0	0	0	0	15	0	0	0	0	1
936aae41ce4245acf6e28b8e13becefe	0	0	0	0	0	1	1	1	1	49	3	30	0	0	0	0	0	2	2	0	5	0	0	5	0	0	5	16	44	6
9255b2b0fbec7c7155cbfdfda43ca6e3	0	0	0	0	0	1	0	0	2	2	0	1	0	0	0	0	0	13	0	0	0	0	0	1	0	0	0	0	0	0
86454cfa1f0a2fd13f62a8eb9f1c5f79	0	0	0	0	0	1	0	0	0	0	0	0	0	0	0	0	0	0	5	0	1	0	0	2	0	0	0	1	0	0
425afd55e945137da09be6280bdba886	0	0	0	0	0	1	0	0	2	3	1	5	0	0	0	1	0	10	0	0	1	0	0	3	5	0	1	1	7	0
5de181698eaf903ed6696b9c677fd083	0	0	0	0	0	1	0	0	7	0	0	0	0	0	0	0	0	0	0	0	0	0	0	0	4	0	0	0	0	0
ec39feee02b23d7f407011dca28eac53	0	0	0	0	0	1	0	0	0	0	0	0	0	0	0	0	0	15	0	0	0	0	0	0	0	0	0	0	0	0
e8aadc5f23545dcc40e8b644bde927f3	0	0	0	0	0	1	0	0	0	0	0	0	0	0	0	0	0	0	0	0	0	0	0	1	0	0	1	0	10	1
47b617829d2d9c1564d0504e6e103eaa	0	0	0	0	0	1	0	4	5	0	1	1	0	0	3	1	0	18	0	0	0	0	0	0	4	0	0	0	0	0
f6ff153340d4396067b71b3a259a9d78	0	0	0	0	0	1	0	0	0	0	0	0	0	0	0	0	0	0	6	0	6	0	0	0	0	0	0	0	0	0
4af935e946a864aad4bd22fc5ec2bb75	0	0	0	0	0	1	0	0	0	2	0	2	0	0	0	0	0	2	1	0	1	0	0	8	0	0	7	6	11	1
6a58237c50bfb3b5cb5ef85e04231dad	0	0	0	0	0	1	0	1	9	0	3	2	0	0	0	0	0	2	0	0	0	0	0	0	9	2	0	2	1	0
0297c5fa90aae3952d4a3b85dada72b9	0	0	0	0	0	1	0	0	0	4	0	29	0	0	0	0	0	0	0	0	1	0	0	21	1	0	1	15	0	0
fd2f31f6457f68db4e650fcd9a412168	0	0	0	0	0	1	6	0	0	0	0	0	0	0	3	0	0	0	0	0	0	0	0	0	0	0	0	0	0	2
663401e0ea4aa3f31e9ea0ac0e790f5d	0	0	0	0	0	1	0	0	14	7	11	16	0	0	0	0	0	20	0	0	0	0	0	4	2	0	0	5	7	0
ed8d8efe479bbd122f242457fa574b75	0	0	0	0	0	1	2	2	1	0	0	0	41	0	4	1	0	0	0	0	0	0	0	0	0	0	0	0	0	3
a24d7390e3ac99b4658199617f7e513e	0	0	0	0	0	1	0	0	2	0	0	6	0	0	0	0	0	0	0	0	1	0	0	0	0	0	0	2	0	2
54961f21125aec37708efeb9f83a8b7a	0	0	0	0	0	1	0	0	0	0	0	21	56	0	0	31	0	0	0	0	0	0	0	2	0	0	1	11	0	0
a5e211fa67334aafe51c89475871ee2d	0	0	0	0	0	1	0	7	0	1	0	6	0	0	0	0	0	0	0	0	0	0	0	0	0	0	0	0	3	0
0d680123c1bb06b73bed196313baff0a	0	0	0	0	0	1	0	0	2	0	0	0	0	0	0	0	0	6	0	0	0	0	0	0	0	0	0	1	0	0
718afc672386a27d5eb0912ada9bffa1	0	0	0	0	0	1	0	2	7	1	14	0	0	0	0	5	0	3	0	0	0	0	0	1	16	0	0	0	0	0
b053704b5f33706bf9267c0a9b7c9deb	0	0	0	0	0	1	0	11	22	0	5	2	0	0	12	1	0	8	0	0	0	0	0	0	0	0	0	0	0	0
9252f3fe6cddc266f089e2633e6c680a	0	0	0	0	0	1	0	0	0	0	0	0	0	0	0	0	0	0	0	0	0	0	0	0	0	0	2	0	21	23
564bbc68a5af331959e0df88f76275e9	0	0	0	0	0	1	0	2	0	0	3	0	5	0	2	0	0	0	0	0	0	0	0	0	0	0	0	0	0	0
fe7fecfcae4e80fd1751d2ee8620cde8	0	0	0	0	0	1	0	0	0	3	0	1	0	0	0	0	0	0	0	0	0	0	0	2	0	0	0	1	6	2
0a69b8d063b4a5ac860fe4a843daf4fc	0	0	0	0	0	1	21	11	1	0	0	2	0	0	124	4	0	1	0	0	0	0	0	0	0	0	2	2	0	0
e5fa4fef80dacbe27702fda003d7efcc	0	0	0	0	0	1	0	0	5	0	0	0	0	0	0	0	0	10	0	0	0	0	0	0	5	0	0	1	0	0
997e1da34845bddb666c290d61c57743	0	0	0	0	0	1	0	0	7	1	0	0	0	0	0	4	0	0	0	0	0	0	0	0	0	0	0	0	1	1
31110bdfc129f7bb8736c674f917ffdc	0	0	0	0	0	1	0	0	0	16	2	28	0	0	0	0	0	18	1	0	0	0	0	2	0	0	0	13	82	0
ebca6f3dc6264890229a3183980ef91f	0	0	0	0	0	1	0	10	0	0	2	0	0	0	0	0	0	1	0	0	0	0	0	0	7	0	0	1	0	0
d564b370c12d46db16d280b4e26bd02e	0	0	0	0	0	1	0	0	0	2	0	0	0	0	0	2	0	12	0	0	4	0	0	0	3	0	0	5	0	0
b5c9d51b0526040d309bace8c547367d	0	0	0	0	0	1	0	0	1	1	0	0	0	0	0	0	0	5	0	0	1	0	0	3	1	0	1	0	1	1
2bd9f7c1a4d54e96de7ede1239ac7634	0	0	0	0	0	1	5	1	0	2	2	6	6	0	5	2	0	5	1	0	1	0	0	2	0	0	0	10	1	5
ff2f84dd40a93cc81fdace82fc9f9829	0	0	0	0	0	1	0	0	0	0	0	0	0	0	0	0	0	0	1	0	0	0	0	0	0	0	2	0	7	1
cc303b1498fc6a1da6e1261d27d9401a	0	0	0	0	0	1	0	0	11	1	0	0	0	0	0	0	0	1	0	0	0	0	0	0	20	0	0	2	0	0
318009e7f2e9869778c9687bb5cd8edc	0	0	0	0	0	1	0	0	26	0	0	0	0	0	0	29	0	0	0	0	0	0	0	0	27	0	0	9	1	0
706cc6bcc5f64c9216f1fbe61c8fb15f	0	0	0	0	0	1	0	1	2	0	1	0	4	25	1	2	0	0	1	0	0	0	0	0	0	0	0	0	1	0
379bf69d8955494e76079e8cc64df5a2	0	0	0	0	0	1	0	3	0	2	15	0	0	5	0	0	0	0	0	0	0	0	0	0	66	26	0	0	0	0
3a525985d9a294c5bfde0c2e430cf852	0	0	0	0	0	1	0	0	1	0	0	0	0	0	0	0	0	4	0	0	0	0	0	0	0	0	0	0	6	1
27b4dda624fe3208e3ba01896b221ec4	0	0	0	0	0	1	0	0	5	0	0	0	0	0	0	0	0	2	0	0	0	0	0	0	3	0	0	0	0	0
ef70728c64e60dad13567449ac49f9e2	0	0	0	0	0	1	0	0	0	0	0	1	0	0	0	0	0	1	11	0	14	0	0	2	3	0	38	1	6	30
4ba1cd390318a09c0d3efcf6a33505f4	0	0	0	0	0	1	0	0	0	4	0	6	0	0	0	0	0	0	2	0	4	0	0	0	0	0	0	1	0	0
9a70aecaae5c7f64c2af75a295383bdb	0	0	0	0	0	1	0	12	10	0	0	0	0	0	0	0	0	0	0	0	0	0	0	0	0	0	0	0	0	0
90066c604c725068fc40e8820ad91011	0	0	0	0	0	1	0	1	9	0	0	0	0	0	0	2	0	0	0	0	0	0	0	0	0	0	0	0	0	0
01683d1897b7930cbbcc6daaea12a6bc	0	0	0	0	0	1	0	0	6	1	1	0	0	0	0	0	0	7	0	0	0	0	0	0	3	0	0	0	0	0
ba6c7b2e41897e1436be5177679f17c1	0	0	0	0	0	1	0	7	0	0	12	0	0	0	0	0	0	3	0	0	0	0	0	0	22	0	0	0	0	3
e39474d269606826d5780fb9b4f4b578	0	0	0	0	0	1	1	0	0	0	0	1	2	1	0	0	3	0	0	2	2	0	0	0	0	0	0	2	0	0
65a048fe926c24c1738103c628bb4627	0	0	0	0	0	1	0	1	1	3	0	0	0	3	5	1	0	19	6	0	4	0	0	1	0	0	2	12	3	3
cf53592387d57ccb0bb429b6311b5ec9	0	0	0	0	0	1	0	1	0	0	0	0	0	0	0	9	0	0	0	0	2	0	0	0	0	0	0	0	0	0
af217fc1b897bd83d26ed3244a0708b7	0	0	0	0	0	1	0	0	0	0	0	0	0	0	0	0	0	0	0	0	25	0	0	0	0	0	0	0	0	22
f468bf3686b5029aa428ede5dd394ada	0	0	0	0	0	1	0	0	5	0	0	0	0	1	0	0	0	7	0	0	0	0	0	0	0	0	0	0	0	0
7f0a00114ac456f564f95d67fb40f665	0	0	0	0	0	1	0	10	7	1	1	0	0	0	0	0	0	3	0	0	0	0	0	0	0	0	0	5	0	2
62b7056ce0d920c36660f3ce704edc64	0	0	0	0	0	1	0	0	0	0	0	0	0	0	0	0	0	1	3	0	0	0	0	4	0	0	0	1	0	0
26709879d2967a11ab72a63f6cf64ea4	0	0	0	0	0	1	0	0	0	2	0	8	0	0	0	0	0	0	0	0	0	0	0	0	0	0	0	6	0	0
1764c771aaef73df1f72921b47641584	0	0	0	0	0	1	0	1	15	1	0	0	0	0	0	0	0	14	0	0	0	0	0	1	2	0	0	0	0	0
f55bc6e65ac71b6872276f5e55690353	0	0	0	0	0	1	0	0	0	2	0	5	0	0	0	0	0	0	0	0	0	0	0	0	0	0	2	0	5	0
8d6d480f61e6a7ad99ec5ea421460b5c	0	0	0	0	0	1	0	0	11	0	0	0	0	0	0	0	0	4	0	0	0	0	0	0	0	0	0	0	0	0
6310c62231ac155c0d97a175236638a0	0	0	0	0	0	1	29	8	0	3	0	8	0	3	17	22	0	23	2	0	0	0	0	0	0	0	1	4	0	0
e22991f35ff5ad758a83ac596fece2e4	0	0	0	0	0	1	0	0	0	1	0	0	0	0	11	0	0	3	0	0	0	0	0	0	8	0	0	0	0	0
0bacaa0b75c9ffcee0ca87a720de6cf9	0	0	0	0	0	1	0	0	2	0	0	1	0	0	0	0	0	3	2	0	2	0	0	3	3	0	0	4	2	1
278cf6453257d2df84ac547db4bef4d7	0	0	0	0	0	1	3	0	0	0	0	0	0	0	0	0	0	6	1	0	0	0	0	0	0	0	0	0	0	0
da68cf2e07c3c989f6169f427b96f474	0	0	0	0	0	1	0	0	6	0	0	4	0	0	0	0	0	2	0	0	0	0	0	0	10	0	0	0	1	0
02873de9deba11b189276e951628200e	0	0	0	0	0	1	0	2	0	2	4	10	0	0	0	1	0	1	0	0	0	0	0	1	29	0	0	0	4	1
da69cb8d94f625c9176e748203cbaa4d	0	0	0	0	0	1	0	4	11	0	3	9	0	0	2	0	0	1	0	0	0	0	0	0	3	0	0	0	0	0
e374aa82e47d01a184ce6ea493030929	0	0	0	0	0	1	0	2	7	0	0	6	0	0	0	0	0	2	0	0	0	0	0	0	0	0	0	1	0	0
05e963c1e7d91cfeb046e13ccb51fa62	0	0	0	0	0	1	0	0	0	1	0	3	0	0	0	0	0	0	0	0	1	0	0	2	0	0	0	4	1	0
e94c42a71d6696b846968e8b0308ecbd	0	0	0	0	0	1	0	4	3	0	0	0	0	0	0	2	0	1	0	0	0	0	0	0	0	0	0	0	0	0
6e18a71b71d1ffc128426eeb42652dab	0	0	0	0	0	1	0	0	7	0	0	0	0	0	0	1	0	0	0	0	0	0	0	0	0	1	0	0	0	0
c62dc6b99002d25a6cc52b84ae7a5ac7	0	0	0	0	0	1	0	4	0	0	7	0	0	0	0	4	0	0	0	0	0	0	0	0	4	0	1	0	0	0
ae8cb0ee608bbe306cc58865aebf25f9	0	0	0	0	0	1	0	1	0	3	0	6	0	0	0	6	0	0	1	0	0	0	0	0	2	0	1	4	0	5
c5f6a3c1e23f9063d2a3b5c7cfdfe3a7	0	0	0	0	0	1	0	5	2	0	7	6	0	0	1	1	0	16	0	0	0	0	0	1	9	0	1	0	0	1
d12fb8ceddc7868e3bae392ac40987a2	0	0	0	0	0	1	0	0	1	0	0	3	0	0	0	0	0	1	2	0	0	0	0	0	6	0	0	3	0	0
128ab2a00186839dd5dd99d2ad0921c5	0	0	0	0	0	1	0	0	3	0	1	0	0	0	0	0	0	6	0	0	0	0	0	0	0	0	0	0	0	0
74dffc2cbe0b212d58502d6fe730d39e	0	0	0	0	0	1	0	2	0	0	2	0	0	0	1	0	0	6	0	0	0	0	0	0	7	7	0	1	0	0
1f1b9359158f0f2737bef7bc3453483b	0	0	0	0	0	1	0	0	0	0	0	0	0	0	0	0	0	0	0	0	1	0	0	1	0	0	0	6	0	3
a01c61463d3a947420316b4ad46699cc	0	0	0	0	0	1	0	0	0	3	0	7	0	0	0	0	0	0	1	0	0	0	0	0	0	0	0	8	0	0
730528bff779ddbf2be6e8bc1ce10904	0	0	0	0	0	1	0	0	0	3	0	2	0	0	0	0	0	0	0	0	0	0	0	0	0	0	1	0	27	5
7d0afc0f367dcb7f4ab8302ef90082f9	0	0	0	0	0	1	0	0	8	0	1	0	0	0	0	1	0	4	0	0	0	0	0	0	0	0	0	0	0	0
16289514e7482e45ca1d9766bd13223a	0	0	0	0	0	1	0	1	0	0	0	0	0	0	4	4	0	0	0	0	0	0	0	0	0	0	0	0	0	0
f272ac5b03bb0187dd53d36924d55ae1	0	0	0	0	0	1	0	0	0	8	0	1	3	0	0	1	0	0	0	0	0	0	0	3	0	5	1	7	3	1
fec5bb4e25b1142fedab8cfb153e1ffd	0	0	0	0	0	1	0	0	5	0	0	0	0	0	0	1	0	3	0	0	0	0	0	0	1	0	0	0	0	1
6cadae4d306b034697b1497955dbcf24	0	0	0	0	0	1	1	0	3	2	0	4	0	0	1	0	0	0	0	0	0	0	0	2	0	0	1	6	12	17
54c47ba7a6d29802d675edd18e36e3c1	0	0	0	0	0	1	0	1	0	0	4	0	0	0	0	0	0	1	0	0	0	0	0	0	13	1	0	0	0	0
3d203560aee5720e43ed90a64e0e9118	0	0	0	0	0	1	0	0	0	0	0	0	0	0	0	21	0	0	0	0	0	0	0	0	0	0	0	0	1	0
f49aaae689fe54b58d1245539d0a110c	0	0	0	0	0	1	1	0	0	0	0	0	0	0	2	4	0	0	0	0	0	0	0	0	0	40	0	0	2	1
38b068d9c8656c66bc1d8a14a446b479	0	0	0	0	0	1	0	0	0	3	0	7	0	0	0	0	0	0	0	0	0	0	0	0	0	0	0	0	8	0
3ce4b7841c34258015feb163e9ca87dd	0	0	0	0	0	1	0	0	0	0	0	2	0	0	1	55	0	0	0	0	0	0	0	0	0	0	0	0	0	0
bcacee403ee8d96213c9c62d7db1127f	0	0	0	0	0	1	0	0	0	0	0	9	0	0	0	0	0	0	1	0	0	0	0	0	0	0	0	0	0	0
8f53ca52f6b4a79895370c70407497bf	0	0	0	0	0	1	4	0	2	0	0	0	3	5	3	0	0	0	0	0	0	0	0	0	0	0	2	0	0	1
7250af1617878dca74582097ead30fb3	0	0	0	0	0	1	0	0	0	2	2	0	0	0	0	0	0	1	0	0	0	0	0	0	6	0	0	0	0	0
6712ff2adb3bf765cde87be9162f15bb	0	0	0	0	0	1	0	0	0	0	0	0	0	0	0	0	0	0	8	0	16	0	0	0	0	0	0	0	0	1
afec3ff7f893df630105140644dd2cd4	0	0	0	0	0	1	0	0	19	5	0	4	0	0	0	0	0	0	0	0	3	0	0	3	58	9	9	1	12	5
50bcf894de7a1b03cd33298b8c023e92	0	0	0	0	0	1	0	1	11	2	0	1	0	0	0	17	0	0	0	0	0	0	0	1	0	0	1	0	2	2
91a61e8b1be2e8c67735a8087c033d00	0	0	0	0	0	1	0	0	0	6	0	1	0	0	0	0	0	8	2	0	3	0	0	3	0	0	11	10	2	1
919c0b3c9d26db5cf3f941885ad00d5b	0	0	0	0	0	1	1	1	0	1	0	4	0	2	1	2	0	3	0	0	3	0	0	0	2	0	0	2	1	0
9ab18c971e28b9e052e29c29a259eab0	0	0	0	0	0	1	0	7	0	0	7	0	0	0	0	0	0	7	0	0	0	0	0	1	46	0	0	2	0	0
58fd58a71e175d8eae449ff719efc60c	0	0	0	0	0	1	3	1	1	0	0	7	0	0	4	12	0	0	1	0	0	0	0	0	0	0	5	6	8	2
b58f0df3942195ba7e5cc63839c50639	0	0	0	0	0	1	1	0	0	0	0	0	0	0	0	1	0	0	0	0	0	0	0	0	0	0	0	5	1	2
f083bda73c1b3400af7645b9dc1eb1d5	0	0	0	0	0	1	0	0	1	0	0	1	0	0	0	0	0	1	0	0	1	0	0	1	0	0	0	3	0	2
bf9bcf292fa7449b658f6ee98c6646d4	0	0	0	0	0	1	0	0	0	0	0	3	0	0	0	0	0	0	0	0	0	0	0	5	0	0	0	2	0	0
b6fa5ff87bac775dbff5ee3971abe7d2	0	0	0	0	0	1	0	1	6	0	0	0	0	2	0	0	0	3	0	0	0	0	0	0	1	0	0	2	0	0
0fc284487c687bb3a21c8b605995f290	0	0	0	0	0	1	0	0	0	0	6	0	0	0	0	0	0	0	0	0	0	0	0	0	19	0	0	0	0	0
82c8235bc94e747d62c9db6781b26a30	0	0	0	0	0	1	0	0	2	0	0	2	0	0	0	2	0	3	0	0	0	0	0	0	0	0	0	0	0	0
a758a4b9be0c5627491048f5587ecede	0	0	0	0	0	1	0	4	1	0	0	2	1	1	5	1	0	3	0	0	0	0	0	0	3	0	0	1	0	0
6a313e8ee2752b737f28b1a7e3e35442	0	0	0	0	0	1	0	0	0	5	0	2	0	0	0	0	0	0	0	0	0	0	0	0	0	0	3	2	5	1
35d3af23e4a2f08a151fdb124d445ef6	0	0	0	0	0	1	0	0	0	0	0	0	0	0	0	4	0	12	0	0	0	0	0	0	0	0	0	0	0	0
020345735f8c4cb836cae5d53deddbc0	0	0	0	0	0	1	0	0	2	0	0	0	0	0	0	0	0	0	0	0	2	0	0	3	0	0	1	1	0	0
798eb551a55059bc7855c227c0e2a5d5	0	0	0	0	0	1	0	0	1	1	0	0	0	0	0	1	0	0	1	0	0	0	0	0	0	0	0	1	4	1
ff7d5d389fabd83a9b0e9ec6993729ca	0	0	0	0	0	1	0	0	4	6	0	0	0	0	0	4	0	5	0	0	0	0	0	0	0	0	0	0	0	0
02e3fb9e34bcc0a221b91b509cf9f79f	0	0	0	0	0	1	0	0	1	0	0	0	3	0	0	0	0	0	0	0	0	0	0	0	2	0	2	1	5	0
33ad88e051da4e87ac37a8847b6fcf10	0	0	0	0	0	1	0	0	0	0	0	0	0	1	0	0	0	0	0	0	0	0	0	1	0	13	0	0	0	0
018b0520b8892e4b900715b5b5d2e95a	0	0	0	0	0	1	0	1	0	0	0	0	0	1	0	0	0	0	9	0	1	0	0	3	0	0	0	4	0	1
45f6f22ccad0027a38f85fbadc3f84a0	0	0	0	0	0	1	0	0	0	0	0	0	1	8	0	0	0	0	0	0	0	0	0	0	2	0	0	3	0	1
d90490070641cc250ebb63d9dbd7aae5	0	0	0	0	0	1	0	0	0	0	0	1	14	0	0	0	0	0	0	0	0	0	0	0	0	0	3	0	2	3
1c07185e907666222d304578b78831b9	0	0	0	0	0	1	0	1	1	1	4	0	0	0	0	5	0	34	0	0	3	0	0	0	0	0	2	0	0	0
aad29416c01fa8b91d85bd93197863a5	0	0	0	0	0	1	0	0	6	0	0	0	0	0	0	0	0	4	0	0	0	0	0	0	0	0	0	0	0	0
3315486ca4e87b6dc2675c2bdc719683	0	0	0	0	0	1	0	0	0	0	0	0	243	0	0	0	0	0	0	0	0	0	0	0	0	0	0	0	0	0
99dbc589bd1c1cc3b3b864c1c217b957	0	0	0	0	0	1	0	0	0	0	0	2	2	0	0	0	0	5	0	0	0	0	0	0	0	0	0	0	0	0
ba32420d989ed6b18e2a98c600a26c88	0	0	0	0	0	1	0	0	0	0	3	0	0	0	0	1	0	4	0	0	0	0	0	0	0	0	0	0	0	1
36b684e008c973e31507bc1be0204711	0	0	0	0	0	1	0	0	0	0	1	1	0	0	0	0	0	0	0	0	0	0	0	1	15	0	0	0	0	0
ea8dd98ffaecf00ddffc59bb16ca246a	0	0	0	0	0	1	0	23	13	14	7	0	0	0	0	1	0	27	0	0	0	0	0	0	13	5	0	0	0	0
6b27793bf71f101cb6651cf555325f67	0	0	0	0	0	1	0	2	3	0	0	0	0	0	0	0	0	2	0	0	0	0	0	1	3	0	0	0	0	0
052667634b380ff0e2d29241e84f26ac	0	0	0	0	0	1	0	0	0	1	0	6	0	0	0	0	0	1	0	0	0	0	0	0	0	0	0	1	1	0
8ca7feeca34087a73e87f95ccaf2a648	0	0	0	0	0	1	0	1	3	1	0	0	0	0	0	10	0	7	0	0	0	0	0	0	3	0	0	1	3	0
4634b2a32434fda3e75ab4f01c424e0d	0	0	0	0	0	1	0	0	0	0	0	0	0	0	0	0	0	0	0	0	7	0	0	0	0	0	3	0	2	2
f9a99af63fc9958e7169b5cc5c06ceea	0	0	0	0	0	1	0	0	0	2	0	11	0	0	0	0	0	0	0	0	0	0	0	0	0	0	0	6	0	0
3aa11a4374258beedebf499691b66988	0	0	0	0	0	1	0	0	0	2	0	0	0	0	0	0	0	5	0	0	0	0	0	5	0	1	0	0	2	0
f1f6b65b573e245154c8451d91167b81	0	0	0	0	0	1	0	0	0	0	0	0	0	0	0	0	0	16	0	0	0	0	0	0	0	0	0	0	0	0
405c59b786d0fccba9fadc90fca3bb78	0	0	0	0	0	1	0	12	0	0	0	0	0	12	0	0	0	0	0	0	0	0	0	0	0	0	0	0	0	0
6013d8d8eccd823747d6a9927edd87fa	0	0	0	0	0	1	0	1	0	1	0	0	0	0	0	1	0	1	19	0	23	0	1	0	0	0	0	4	0	1
c1fbb4b7061858b412a37a65079ff67b	0	0	0	0	0	1	0	0	0	2	1	0	0	0	10	71	0	0	0	0	0	0	0	0	0	0	0	0	0	0
844eeea15eeaeedde03fe7bae7449fa8	0	0	0	0	0	1	0	8	4	0	1	1	0	0	0	0	0	0	0	0	0	0	0	0	2	0	0	0	0	0
cb51af67338333c30ae0ec800ae7e421	0	0	0	0	0	1	0	0	2	0	1	0	0	0	0	0	0	0	0	0	0	0	0	0	12	0	0	0	0	0
f9dac9e7cdc309c7599239d9724f4865	0	0	0	0	0	1	0	0	1	0	0	0	0	0	0	0	0	0	0	0	1	0	0	5	0	0	1	7	0	0
37a89fa58f81472f3861073b9522d5cc	0	0	0	0	0	1	0	0	0	12	0	10	0	0	0	0	0	12	0	0	0	0	0	0	0	0	0	3	5	0
d2c3e330337bc566c7b6b2752bcffa3d	0	0	0	0	0	1	0	0	0	0	0	0	0	0	0	0	0	0	0	0	0	0	0	0	0	0	2	0	14	2
0fb578adb97b6183803add3dda186d47	0	0	0	0	0	1	17	6	0	3	8	6	25	0	30	22	0	1	0	0	0	0	0	1	0	0	0	2	8	4
f23917a950733b9cfbca3a2b3f72f8a5	0	0	0	0	0	1	0	0	2	2	0	1	0	0	0	0	0	0	2	0	4	0	0	5	0	0	3	1	0	1
3481858469b9afbd34b7e37b292b63bb	0	0	0	0	0	1	0	0	0	3	0	5	0	0	0	1	0	27	0	0	0	0	0	0	0	0	0	4	0	0
df3224bd19a1fb99ebb7337f1b10a7d8	0	0	0	0	0	1	0	5	2	4	113	9	0	0	0	0	0	4	0	0	1	0	0	1	361	0	0	9	2	0
54a4b0bea45110687a4b2d3e1ff46b90	0	0	0	0	0	1	0	0	0	0	0	1	0	0	0	0	0	0	0	0	0	0	0	14	0	0	6	3	9	7
f226d310376572bf1e0f23c901d2d8b5	0	0	0	0	0	1	0	0	0	0	0	4	0	0	0	0	0	0	0	0	0	0	0	1	0	0	4	1	13	0
cdad4535f71a573ac7ae3bd893464e4d	0	0	0	0	0	1	0	0	13	0	2	0	0	0	0	0	0	0	0	0	0	0	0	0	13	0	0	0	0	0
4d3d48d5b76771aa658849baba4d1a6f	0	0	0	0	0	1	6	0	0	0	0	0	0	0	13	0	0	0	0	0	0	0	0	0	0	0	0	0	0	0
af44de2f673973a57ce56ae87dc79144	0	0	0	0	0	1	0	0	0	0	0	3	0	0	0	0	0	0	3	0	6	0	0	1	0	0	8	1	0	17
cb038766addd395724e8df71a7aa773d	0	0	0	0	0	1	0	1	2	13	0	20	1	3	0	0	0	7	0	0	2	0	0	1	0	1	1	2	0	3
cbd3fb285005b949d91bfaf0215f608d	0	0	0	0	0	1	0	0	4	0	6	0	0	1	1	0	0	2	0	0	0	0	0	0	0	0	0	0	0	0
f62c04d416a3210f17e69eabe7e1d6d9	0	0	0	0	0	1	0	0	7	0	2	16	0	0	0	0	0	8	0	0	0	0	0	2	1	0	1	4	2	0
5b932c6f594c36d910758b31ad3c736e	0	0	0	0	0	1	0	0	3	0	4	0	0	0	0	0	0	0	0	0	0	0	0	0	2	0	0	0	0	0
efd3d4988e3a0f18c90b8f7121bbc367	0	0	0	0	0	1	0	2	0	0	0	0	1	0	0	0	0	0	0	0	0	0	0	0	8	0	0	0	0	0
17fa2cc29d27c833a83a0ab539b0196a	0	0	0	0	0	1	0	0	6	0	9	0	0	12	0	0	0	3	0	0	0	0	0	0	94	0	0	0	2	0
0452355a6bdb99f97136e60a02999e55	0	0	0	0	0	1	0	8	4	3	3	4	0	0	0	6	2	0	0	0	0	0	0	0	10	0	0	1	0	0
453241c58ca32c8b2f62f213698f5d35	0	0	0	0	0	1	0	0	1	21	10	11	10	0	0	0	0	3	0	0	2	0	0	1	0	0	6	26	87	4
d09260c8c77eb443e3e99e44f3f4857a	0	0	0	0	0	1	0	0	5	0	0	0	0	0	0	0	0	5	0	0	0	0	0	0	0	0	0	0	0	0
1c4db5163091542dcb70daf967e847fe	0	0	0	0	0	1	0	0	1	0	0	0	0	0	0	1	0	0	2	0	3	0	0	1	0	0	2	4	0	8
9f917230fc47c4ae9e2bc3c99a7c4089	0	0	0	0	0	1	0	2	0	1	0	0	0	0	0	0	0	5	0	0	0	0	0	0	0	0	0	3	0	0
120b9a1553c8447fa53df1120e57d1d8	0	0	0	0	0	1	0	0	0	3	0	9	0	0	0	0	0	0	0	0	0	0	0	1	2	0	0	2	2	0
e6dfcd63c4c6997deaf015413246a4ed	0	0	0	0	0	1	0	0	4	1	2	7	0	0	0	0	0	19	0	0	0	0	0	3	13	1	0	0	2	0
ce38ddc3fd23043393031be05be2a12a	0	0	0	0	0	1	0	0	12	0	0	0	0	0	0	0	0	1	0	0	0	0	0	0	0	0	0	0	0	0
b3b634ea0ef7552275f78c6c465635b7	0	0	0	0	0	1	0	20	18	2	6	0	0	0	8	0	0	2	0	0	0	0	0	0	0	0	0	0	0	1
783f9c7ac92fdbe493719be240694f12	0	0	0	0	0	1	0	0	0	1	0	0	0	0	0	1	0	4	0	0	6	0	0	3	0	0	1	3	0	2
9a95e0e53793af69bc0d0d4c5d303cf8	0	0	0	0	0	1	0	1	2	2	0	0	0	0	0	0	0	2	1	0	0	0	0	0	3	0	0	0	0	1
34d4e4b700183caa58446a3d17c9cf17	0	0	0	0	0	1	0	0	0	0	0	0	0	28	0	0	0	0	0	0	2	0	0	0	0	0	0	0	0	1
b74d03e3ba0f060702188b7c7ca25aec	0	0	0	0	0	1	3	0	1	2	0	18	10	8	29	17	0	0	0	0	5	0	0	0	0	1	0	15	0	18
ff9ba3c2f869c71f3d5da110b95dc19c	0	0	0	0	0	1	0	3	7	0	0	0	0	0	0	2	0	11	0	0	0	0	0	0	12	0	0	0	2	0
aa3b473e389788ec779647300645e805	0	0	0	0	0	1	0	0	1	0	0	0	0	0	0	1	0	0	1	0	1	0	0	0	1	0	31	1	1	9
1c8ddfb60ca5d3e808a4fcd3b207e8b9	0	0	0	0	0	1	0	0	0	0	1	0	0	0	0	0	0	5	0	0	0	0	0	3	2	0	0	0	0	0
7809ce2121d207a7f894ff687eeb3b55	0	0	0	0	0	1	0	0	2	2	0	8	0	0	0	0	0	0	0	0	0	0	0	0	0	0	0	8	0	0
71a5f2591ff0b0229c20a5e504a87005	0	0	0	0	0	1	0	0	4	0	0	0	0	0	0	0	0	0	0	0	0	0	0	0	0	0	0	0	0	6
3e61299a410b586615cc109cedf70a54	0	0	0	0	0	1	0	0	0	0	0	10	0	0	0	0	0	0	0	0	0	0	0	6	0	1	2	3	12	8
1731a32eb103b4d8e0f2ea9e17fbdd1b	0	0	0	0	0	1	0	0	0	0	0	0	0	12	0	1	0	0	0	0	0	0	0	0	0	0	2	0	0	0
e718f2b780177c632cad9a608a776cb1	0	0	0	0	0	1	0	0	0	1	0	0	1	2	0	0	0	0	0	0	0	0	0	0	0	3	0	0	3	0
06fb55172f97b0a776b243ea52f4d9e2	0	0	0	0	0	1	0	1	0	0	0	0	0	0	0	3	0	6	0	0	0	0	0	0	0	0	0	2	3	0
a2931936a28c7a4615e4482dfd2cf7c2	0	0	0	0	0	1	0	0	3	0	0	0	0	0	0	0	0	0	1	0	5	0	0	1	0	0	10	0	5	12
9c737ea6e6fd70905eefc11081d5a25b	0	0	0	0	0	1	0	0	30	0	0	3	0	0	0	0	0	10	0	0	0	0	0	0	0	0	0	2	0	0
b46f0ca185af4f70ca74dcffbedc6fd9	0	0	0	0	0	1	5	0	5	3	0	29	0	0	0	5	0	0	0	0	0	0	0	0	9	0	0	17	5	0
06896699a6fbfc912a001208a8913e23	0	0	0	0	0	1	0	0	8	0	0	0	0	0	0	0	0	0	0	0	0	0	0	0	19	0	0	0	0	0
36857456a12f5f4683732819981c2b37	0	0	0	0	0	1	0	0	0	0	0	25	0	0	0	0	0	0	0	0	4	0	0	1	0	0	0	5	0	0
95bb404ce63633e6c2143581b8564c21	0	0	0	0	0	1	0	0	0	0	0	0	0	0	0	0	0	1	0	0	0	0	0	0	10	0	0	0	0	0
767f04a7be09cceb5ab1e191f8b22332	0	0	0	0	0	1	0	0	5	0	0	0	0	0	0	0	0	2	0	0	0	0	0	0	11	22	0	1	0	0
714af908a18147e1e5978b290df57278	0	0	0	0	0	1	4	0	0	15	0	5	2	0	0	1	0	0	0	0	0	0	0	12	0	0	8	14	10	5
6744a95e41df62865b11f7cc25b98cec	0	0	0	0	0	1	0	0	0	0	0	0	0	0	0	0	0	0	0	0	0	0	0	0	0	0	2	0	0	7
b63a28a2d9d94238363eb57684494f71	0	0	0	0	0	1	0	0	2	0	0	1	0	0	2	3	0	2	0	0	1	0	0	0	2	0	0	2	0	1
2971d76acd058332bacd271db046a841	0	0	0	0	0	1	0	0	1	0	0	0	0	0	0	0	0	0	1	0	0	0	0	0	0	0	8	0	0	6
1a2538f974a16b9892dec8432d88401d	0	0	0	0	0	1	1	0	1	0	1	1	0	0	0	0	0	0	0	0	1	0	0	0	1	0	0	1	1	1
1e58aacc33268eed76ad7a5b795b442f	0	0	0	0	0	1	0	0	3	0	0	1	0	0	0	0	0	0	0	0	0	0	0	0	8	0	0	0	0	0
a373b4ac8a3e8aa05799ddde37601875	0	0	0	0	0	1	0	0	0	3	0	1	0	0	0	0	0	6	0	0	0	0	0	2	1	0	1	4	9	1
a976b1b02c605fdb7b8363ece15c3dc9	0	0	0	0	0	1	0	0	1	0	0	0	0	0	0	0	0	0	0	0	0	0	0	0	0	0	2	0	8	0
464091cb84d82fc6adebc80fcd9c9640	0	0	0	0	0	1	0	3	4	0	0	0	0	1	0	1	0	3	0	0	0	0	0	0	4	0	0	0	0	0
fec9a79984cfe84405a55a03329bb743	0	0	0	0	0	1	0	0	0	21	0	38	0	0	0	1	0	0	0	0	0	0	0	1	0	0	0	24	3	1
be4f3f621d919b8dd21d981fdfe3d740	0	0	0	0	0	1	0	0	0	3	0	5	0	0	0	0	0	2	0	0	1	0	0	3	0	0	0	0	0	0
cc2647a0e68a47353769b7ca5cc0ae3e	0	0	0	0	0	1	0	0	1	0	0	6	0	0	0	0	0	0	0	0	0	0	0	3	4	36	1	5	3	0
bd3f27062de437de7739d1929a18121c	0	0	0	0	0	1	0	0	9	0	0	2	0	0	0	0	0	4	0	0	0	0	0	2	0	0	0	3	0	0
e5c557d9a1623e2f3a383bb736344e70	0	0	0	0	0	1	0	2	0	0	0	0	0	0	0	3	0	8	6	0	5	0	0	2	0	0	0	0	0	0
a2cdd85544765e146e8af8c515e33bfc	0	0	0	0	0	1	3	0	0	12	0	63	19	0	1	0	0	4	0	0	1	0	0	3	0	0	0	37	9	3
96a32727beadb23a3eff68dbdf73baf7	0	0	0	0	0	1	0	0	6	0	0	4	0	0	0	1	0	18	0	0	0	0	0	0	7	0	1	2	0	0
f8cbd40f3c57a16df59e2d134e971c63	0	0	0	0	0	1	0	0	0	1	0	0	0	0	0	0	0	0	0	0	0	0	0	1	0	0	1	3	1	3
6bb9cd23d311438e5afcc3468ba0ed2e	0	0	0	0	0	1	0	0	0	0	0	0	0	0	0	0	0	1	0	0	0	0	0	0	0	0	0	9	0	0
3eda7f979f41d6462eec2b14a28006cb	0	0	0	0	0	1	4	0	0	0	0	0	2	0	5	0	0	0	0	0	0	0	0	0	0	0	0	0	0	0
6e3c32a4a0d1156d3244e975e2298aa5	0	0	0	0	0	1	0	0	8	0	0	0	0	0	0	0	0	5	0	0	0	0	0	0	0	0	0	0	0	0
e5d4b9cdcb018030d538852932f06554	0	0	0	0	0	1	0	1	18	0	0	0	0	0	0	0	0	5	0	0	0	0	0	0	5	0	0	0	1	0
881ba716f0c3520aff2a8f2d4e9ef67f	0	0	0	0	0	1	0	5	4	2	5	5	0	1	0	1	0	29	0	0	0	0	0	2	8	0	1	0	1	0
ce8ff9e10cb8608a6b42bcde475d26ce	0	0	0	0	0	1	0	0	0	4	3	0	0	0	0	0	0	1	0	0	0	0	0	0	0	0	1	1	4	0
51d7538bf64ef57f1b427c28f3f96e8b	0	0	0	0	0	1	0	0	1	0	0	54	0	0	0	0	0	0	0	0	0	0	0	0	0	0	0	1	0	0
b9ca2cd019995842805afcb9a70b054b	0	0	0	0	0	1	0	0	0	0	2	0	0	0	0	0	0	0	0	0	0	0	0	0	22	20	0	0	0	0
8d4ea725e4fee18bafd2c8adc1bde86e	0	0	0	0	0	1	0	1	1	0	0	0	0	0	6	0	0	1	0	0	0	0	0	0	1	0	0	0	0	1
6737008cc5f7b1c91aab648c98c2bc51	0	0	0	0	0	1	0	0	6	0	0	0	0	0	1	0	0	0	0	0	0	0	0	0	5	0	0	0	0	0
4d1b918bfec93998eec1345c8f5d1ec3	0	0	0	0	0	1	0	1	0	0	0	0	0	20	1	1	0	2	0	0	0	0	0	0	0	0	0	1	0	0
297559faa7edfa7fb673389ce096b6a7	0	0	0	0	0	1	0	0	0	2	0	5	0	0	1	6	0	0	0	0	0	0	0	0	0	0	0	3	0	0
2a0e9764c15953ccf3838c40cab392fb	0	0	0	0	0	1	0	0	4	0	0	4	0	0	0	0	0	10	0	0	0	0	0	2	0	0	2	5	0	0
b748435988b4eb86668e1a277c55ca8f	0	0	0	0	0	1	0	0	0	2	0	0	0	0	0	0	0	4	0	0	0	0	0	2	1	0	0	1	0	0
c4d9e9b3d8f9357b11b1af06a88ae3e0	0	0	0	0	0	1	0	0	5	0	6	1	0	0	0	0	0	3	0	0	0	0	0	0	17	0	0	0	0	0
4e18987f656eeb207de18cc889a12a38	0	0	0	0	0	1	0	4	0	3	0	6	0	0	0	0	0	6	1	0	0	0	0	0	0	0	1	0	2	0
7bd28c425add7165dad177b036a0d628	0	0	0	0	0	1	0	0	0	0	0	1	0	0	0	1	0	1	0	0	0	0	0	0	0	12	0	0	3	0
f7b6d5c60731ca019342fc0f481775b3	0	0	0	0	0	1	0	0	0	7	0	0	0	0	0	0	0	4	0	0	0	0	0	2	1	0	2	2	11	0
7dbf0e76aee505a103973fad2d53b1af	0	0	0	0	0	1	0	0	4	2	2	5	0	0	0	3	0	7	0	0	0	0	0	0	11	0	0	2	0	0
1f25a3d55d8b92c572741ba5a70db326	0	0	0	0	0	1	0	1	0	7	0	19	7	0	0	8	0	0	0	0	0	0	0	0	0	0	1	6	8	0
860055868a79d1570ef45a3c7a3576af	0	0	0	0	0	1	1	5	0	0	0	0	2	0	5	4	0	0	0	0	0	0	0	0	0	0	0	3	0	1
8e0f06ebf57ba8a685adc2f1ea1aaec1	0	0	0	0	0	1	0	0	0	0	0	4	0	0	0	2	0	0	0	0	0	0	0	0	0	0	0	1	2	0
8cd36c9058e475df46f5f402303ec139	0	0	0	0	0	1	0	1	3	0	1	0	0	0	5	0	0	0	0	0	0	0	0	0	0	0	0	0	0	0
fa3fa6f0a4ecc9edd9fc6c2bb14b98c7	0	0	0	0	0	1	0	0	12	0	4	1	0	0	0	0	0	4	0	0	0	0	0	1	4	0	0	0	0	0
87d32a38850a63df4f5a269c411ecfff	0	0	0	0	0	1	0	1	4	1	1	2	0	0	0	0	0	3	0	0	0	0	0	0	2	0	1	1	1	1
57e8b46e1307e6c5754cd78bc4e5dc68	0	0	0	0	0	1	0	0	0	1	0	0	0	0	3	0	0	4	1	0	0	0	0	0	3	0	0	3	3	0
53f9ffd9a0879fc260a93a8f346f81b3	0	0	0	0	0	1	0	3	4	1	16	1	0	0	0	0	0	0	0	0	0	0	0	0	50	0	0	0	0	0
2dd60c3a4e6401dd7d35120b7b85f10d	0	0	0	0	0	1	0	2	2	0	1	0	0	0	0	2	0	5	0	0	0	0	0	0	3	0	0	0	0	0
17f490e6c37246c55e957f02a8453c55	0	0	0	0	0	1	0	0	0	1	0	1	19	0	0	1	0	1	1	0	5	0	0	6	0	0	1	2	0	0
91e14bad25cced66236d91589d9787d8	0	0	0	0	0	1	0	0	1	8	0	2	0	0	0	0	0	14	0	0	0	0	0	0	2	0	14	0	0	4
cde0db1e5079061ad6eadf22f2aa64c7	0	0	0	0	0	1	2	1	1	1	0	0	0	0	0	4	0	1	0	0	0	0	0	0	0	0	0	1	0	0
89b4d2f0d30b910e6405178f78aa02d3	0	0	0	0	0	1	4	0	0	0	0	5	15	0	5	3	0	1	0	0	0	0	0	0	0	0	0	2	0	0
0955f14c4f6b199e29a3b2ed34932005	0	0	0	0	0	1	0	1	0	0	0	0	0	0	3	3	0	0	3	0	1	0	0	0	55	0	1	10	0	0
ff48a5d570ddb726cde3562535f9224f	0	0	0	0	0	1	0	1	6	0	1	0	0	2	0	0	0	0	0	0	0	0	0	0	0	0	0	0	0	0
d06c5a2bb38e55017d4da675642435cb	0	0	0	0	0	1	0	0	1	12	0	30	0	0	0	0	0	1	0	0	1	0	0	4	1	0	2	5	24	0
0927538eada90b0bfe2279186bf8fbaa	0	0	0	0	0	1	0	0	1	1	0	2	0	1	0	0	0	0	5	0	8	0	0	1	0	0	7	2	0	3
498cc6dfa8de17995126fb6807600173	0	0	0	0	0	1	0	1	0	1	1	0	0	4	0	0	0	1	0	0	1	0	0	0	0	0	2	3	0	1
cde8535fc2909d8775044dda5c425b41	0	0	0	0	0	1	0	0	0	6	1	10	0	0	0	0	0	0	0	0	0	0	0	0	0	0	0	3	14	3
66fa217de283dba3c0327b9e070542c0	0	0	0	0	0	1	0	0	0	2	2	0	0	0	0	0	0	25	0	0	0	0	0	0	0	0	0	0	0	1
8a954d99d2dedfa0c974242577ba854e	0	0	0	0	0	1	0	4	0	0	0	0	0	0	0	0	0	26	0	0	0	0	0	0	0	0	0	0	0	0
4ec0db7c8b7bbf89855e249bfbc94b06	0	0	0	0	0	1	0	0	0	0	2	0	0	0	0	0	0	4	0	0	0	0	0	0	2	0	0	0	0	1
7ea1a4d7c4fb482ff799ffd2366020d2	0	0	0	0	0	1	1	0	0	0	0	0	0	0	0	9	0	0	0	0	0	0	0	0	0	0	0	0	0	0
86ff6e585de182f8d9d5808cfdf5930f	0	0	0	0	0	1	0	0	0	0	0	0	0	0	0	0	0	0	1	0	1	0	0	1	0	0	4	4	0	1
f04ea242d01e2fc80f117e9599b519b5	0	0	0	0	0	1	0	0	0	0	0	9	1	0	0	0	0	1	0	0	0	0	0	0	0	0	0	0	0	0
0d3fc8130e70c1ec285bfd07e905b772	0	0	0	0	0	1	0	0	0	1	1	0	0	0	0	0	0	14	0	0	0	0	0	0	0	0	0	0	0	0
4d518b810a8f09591aafc1276af7572b	0	0	0	0	0	1	0	0	0	1	3	0	0	0	0	0	0	0	0	0	0	0	0	0	17	0	0	0	0	0
6e7cbc8251a1d1a750c256f703d7f258	0	0	0	0	0	1	0	2	7	0	1	0	0	0	1	0	0	0	0	0	0	0	0	0	0	0	0	0	0	0
29263341d072d22340d063df1dd54ff2	0	0	0	0	0	1	0	0	9	0	2	0	0	0	0	0	0	0	0	0	0	0	0	0	37	0	0	0	0	1
85c95f2ed4d70ab53782a0d0c94c13b6	0	0	0	0	0	1	0	0	0	0	13	0	0	21	0	0	0	0	0	0	0	0	0	0	0	0	0	0	0	3
b45b0054029f67bf949161c7e96b2b8e	0	0	0	0	0	1	0	0	0	0	0	0	0	0	0	0	0	0	25	0	21	0	0	0	0	0	0	0	0	0
c49cb6e3d51d99272647be597d11b247	0	0	0	0	0	1	0	0	6	3	0	1	0	0	0	0	0	0	0	0	0	0	0	1	0	0	7	0	0	7
cff48d0309eed5b61d00f5544dc00ce7	0	0	0	0	0	1	0	3	11	0	5	0	0	0	0	1	0	5	0	0	0	0	0	0	25	0	0	0	2	0
2e619a2e7b2e64c9a698c9c23fd2dea9	0	0	0	0	0	1	0	2	1	2	0	0	0	0	0	4	0	1	1	0	0	0	0	0	0	0	0	1	0	1
bf8d4649f64c2074b5ecb03b04a68390	0	0	0	0	0	1	3	0	0	0	0	0	0	0	1	0	0	0	0	0	0	0	0	0	0	0	1	1	0	4
4ea9775828ccebed71dc896f51f632e1	0	0	0	0	0	1	0	0	22	1	0	8	0	0	0	0	0	5	0	0	0	0	0	2	0	0	0	3	0	0
7b973191300cc536ed0e864d139df732	0	0	0	0	0	1	0	0	0	13	0	19	21	0	0	1	0	1	0	0	0	0	0	7	1	0	1	15	9	12
5310a47e6fda778a343ebc1c3d88c6db	0	0	0	0	0	1	1	0	0	0	0	0	0	1	4	0	0	0	0	0	0	0	0	0	0	0	10	2	2	0
65b8c1c25af6b6b16d811d3ea56f5208	0	0	0	0	0	1	0	0	1	2	1	0	0	0	0	1	0	4	0	0	0	0	0	0	2	0	0	0	0	0
3ae2d7741112cc5202fd4866e493d19f	0	0	0	0	0	1	0	0	5	0	1	0	0	0	0	0	0	15	0	0	0	0	0	0	6	0	0	0	2	0
347b43d9adf25fce4cada542e68b6a52	0	0	0	0	0	1	0	0	0	0	0	2	0	0	0	0	0	2	0	0	0	0	0	1	6	0	0	0	2	0
c08567d49f1cfa8365bdf6b5663a12c4	0	0	0	0	0	1	0	1	0	9	0	0	0	0	0	6	0	15	1	0	0	0	0	0	0	0	4	3	11	7
20a1f11acb9e2680a4bc4b0e706b6e04	0	0	0	0	0	1	0	0	0	0	0	0	0	0	0	0	0	5	0	0	0	0	0	2	2	0	0	1	2	1
4082e6b5c8d3cbc8dda523d82b3b152d	0	0	0	0	0	1	0	0	0	1	0	1	0	0	0	0	0	0	2	0	1	0	0	0	0	0	0	3	2	5
f9b9ef6f484c7d2fbf92d855f116ccc2	0	0	0	0	0	1	0	0	0	3	0	0	1	0	0	0	0	1	0	0	0	0	0	0	0	0	2	0	3	1
41f0f3245e36272c21e8e1e2243bafd5	0	0	0	0	0	1	0	0	0	0	0	8	0	0	0	1	0	0	33	0	33	0	0	43	0	0	14	59	0	21
4786ebdffcae8a8053a5fc0cbce16bce	0	0	0	0	0	1	1	1	0	0	0	5	0	0	1	1	0	0	1	0	7	0	0	2	0	0	0	0	0	0
72b1d53f6b8a8b6c12db213795f40c80	0	0	0	0	0	1	0	1	7	0	0	0	0	0	1	0	0	8	0	0	0	0	0	0	0	0	0	0	2	0
619efdb2e13f2e9c117a6855c6c2568a	0	0	0	0	0	1	0	4	4	17	24	45	0	0	0	2	0	13	0	0	0	0	0	1	40	0	3	6	61	3
048cc0ae0efa44f6657f1f7461532375	0	0	0	0	0	1	0	0	5	0	0	0	0	0	1	5	0	2	0	0	0	0	0	0	12	1	0	0	0	0
d274c4ef38cc279de67950549898b2ca	0	0	0	0	0	1	0	0	0	0	0	0	0	0	0	0	0	0	0	0	0	0	0	0	6	14	0	0	0	0
bd0dcdf8877c0166902d9f6c3b8309b1	0	0	0	0	0	1	0	0	7	1	0	0	0	0	0	0	0	0	0	0	0	0	0	0	3	21	2	1	1	1
0a7a668d601a339b832922f3bdd4c9d5	0	0	0	0	0	1	0	3	2	2	0	0	0	0	1	1	0	1	0	0	0	0	0	0	1	0	0	0	0	0
39f61322444f590e240bc4e324ff40b3	0	0	0	0	0	1	0	0	2	4	0	3	0	0	0	0	0	0	0	0	0	0	0	1	1	0	0	5	6	2
33728cc4711bd81cd839f9f49f894bb6	0	0	0	0	0	1	0	2	2	8	0	11	1	0	1	8	0	2	0	0	0	0	0	2	0	7	3	5	12	0
50b64859e541f9d73924d1be0149a979	0	0	0	0	0	1	0	0	0	0	0	0	0	0	0	0	0	0	0	0	0	0	0	5	0	5	0	2	0	3
31d3ba01bc26426b5ea5e387bfc35cba	0	0	0	0	0	1	0	0	9	0	0	0	0	0	0	2	0	4	0	0	0	0	0	0	1	0	0	0	0	0
13e65a2db2ed98eebc0583a07217eba5	0	0	0	0	0	1	29	0	0	1	0	20	19	0	33	21	0	0	2	0	0	0	0	0	0	0	0	18	0	4
827e982817925a649ed522c85020f057	0	0	0	0	0	1	0	3	2	3	1	0	0	0	0	1	0	1	0	0	0	0	0	0	0	0	0	0	0	0
08f2553e22349fc4531a111e3ca7d274	0	0	0	0	0	1	1	1	0	0	0	3	16	4	0	0	0	0	0	0	0	0	0	0	0	2	0	2	0	1
254030388637758e93b5058bbbc176d6	0	0	0	0	0	1	0	0	0	0	0	0	0	0	0	0	0	0	0	0	1	0	0	0	6	0	1	0	0	2
8445d730edaac6c8081603091a99622e	0	0	0	0	0	1	5	2	0	0	0	7	0	0	0	0	0	0	0	0	1	0	0	0	0	0	0	9	1	1
7c90d8cf1d6487ce01ec1c4d231e9f30	0	0	0	0	0	1	0	0	3	0	2	0	0	0	0	0	0	2	0	0	0	0	0	0	9	0	0	0	0	0
5989bb916cd37f5207e13880a86fefc1	0	0	0	0	0	1	1	2	3	1	0	0	0	0	0	1	0	2	0	0	0	0	0	0	0	0	0	7	1	0
cb8383e5be51c6026635bd9607c2b658	0	0	0	0	0	1	0	0	1	0	0	0	0	0	0	0	0	0	7	0	5	0	0	4	0	0	0	5	0	0
d50c3ec89c409295c5de0dce011c2224	0	0	0	0	0	1	0	0	0	0	0	10	0	0	0	0	0	0	0	0	0	0	0	4	0	0	4	3	5	18
9b44e3848d3c63f882a7b5dbe8107c82	0	0	0	0	0	1	0	0	0	1	0	0	0	0	0	0	0	0	0	0	6	0	0	13	0	0	4	27	0	0
ba97874ec3a722d034ea70b4c19fec67	0	0	0	0	0	1	0	0	5	0	3	0	0	0	0	0	0	34	0	0	0	0	0	0	1	0	0	0	0	0
2b3488c1283a5bb87077f55b20a16419	0	0	0	0	0	1	0	0	3	1	2	0	2	2	0	0	0	0	0	0	0	0	0	0	0	0	0	0	0	0
636b545cb672f51a9c1b412db4ff2168	0	0	0	0	0	1	3	1	0	3	1	0	2	0	0	10	0	1	0	0	2	0	0	4	0	0	1	14	6	4
0eed1b8c3fa6d7d749dfe9805035f00f	0	0	0	0	0	1	0	0	0	0	0	0	0	0	0	1	0	0	63	0	54	0	0	92	0	0	2	84	0	4
7ca35cc3f1e7ed4f92319e24b2a3760a	0	0	0	0	0	1	0	0	0	0	0	2	0	0	0	1	0	4	0	0	0	0	0	0	0	0	0	1	3	0
4758285c673961e390d652bcb7b1b9af	0	0	0	0	0	1	0	0	0	0	0	0	0	0	0	0	0	0	0	0	0	0	0	3	5	24	0	0	1	0
7b2505e6dff1993d6c8c77def37bb381	0	0	0	0	0	1	0	0	7	0	0	1	0	0	0	0	0	4	0	0	0	0	0	0	0	0	0	0	0	0
ac5a2ddbc9a65c5051e65f6cd3e989fd	0	0	0	0	0	1	0	0	0	383	24	71	0	0	0	0	0	0	1	0	0	0	0	6	0	0	0	9	0	0
c0f6c386a1e9d87cafff9631b2419161	0	0	0	0	0	1	0	0	0	0	0	0	0	0	0	0	0	4	0	0	0	0	0	0	5	0	0	0	0	0
735cf23b894116962ca4efd604100079	0	0	0	0	0	1	0	1	0	0	0	1	0	0	0	0	0	2	0	0	1	0	0	3	1	0	0	0	0	0
3c26942dbf1aba5cf87be7fee8ce1e06	0	0	0	0	0	1	0	0	8	0	0	0	0	0	0	0	0	0	0	0	0	0	0	0	2	0	0	0	0	1
5e4d8bb4a48b0d20b7764b423fcb5cc6	0	0	0	0	0	1	0	1	0	0	2	0	0	3	0	0	0	4	0	0	0	0	0	0	0	0	0	0	0	0
d13db765531a550c30bf5a9ceefc0fa0	0	0	0	0	0	1	0	0	1	0	0	8	0	0	0	1	0	4	0	0	0	0	0	0	0	0	0	0	0	0
473701e6eef7c6d2fb2a94f131600566	0	0	0	0	0	1	0	0	0	1	0	0	12	0	0	9	0	0	0	0	0	0	0	0	0	0	2	4	0	0
542ec4b940b421b059e56d39a5b54382	0	0	0	0	0	1	1	0	0	5	0	0	2	0	3	2	0	20	3	0	0	0	0	10	0	0	4	44	16	16
27dc500f1c9f30d1ebe2d2fd304ccf1b	0	0	0	0	0	1	0	1	1	0	3	0	0	0	0	0	0	0	0	0	0	0	0	0	0	0	0	6	0	0
feb1b786c749f03144901a1abb1f39ab	0	0	0	0	0	1	0	0	0	0	0	0	0	0	1	1	0	0	0	0	2	0	0	0	0	11	0	0	0	0
d692936df51b86729b446eea62b41cdd	0	0	0	0	0	1	0	1	0	0	0	3	0	0	1	0	0	1	0	0	0	0	0	1	0	0	0	5	2	0
9d5ea3e81ed1db83c2eac5e73d3eb928	0	0	0	0	0	1	0	3	7	0	0	0	0	0	2	1	0	1	0	0	0	0	0	0	0	0	0	0	0	0
d612ff7daad2604bf6a40e7057f0da7e	0	0	0	0	0	1	0	0	10	0	0	0	0	0	0	0	0	3	0	0	0	0	0	0	0	0	0	0	1	0
907a2495016b47113b44dbed982ba449	0	0	0	0	0	1	0	0	0	0	0	0	0	0	0	0	0	0	1	0	0	0	0	8	0	0	5	0	9	8
482ce0c2f114693dfcdd52bec3f37d27	0	0	0	0	0	1	0	0	0	1	0	1	0	0	0	0	0	0	0	0	0	0	0	3	3	0	1	3	0	5
48c6e897a015f0217d2f6dc781f65777	0	0	0	0	0	1	0	0	0	2	0	1	0	0	0	0	0	2	0	0	0	0	0	2	0	0	0	2	0	4
4799ef6a3540d70b52049fe836d2b1c7	0	0	0	0	0	1	0	4	0	0	0	9	0	0	0	2	0	1	0	0	0	0	0	0	0	0	4	3	0	1
0fc9354f23921bb561b9eca6cb994ad3	0	0	0	0	0	1	3	1	0	1	0	0	0	9	1	1	0	0	0	0	0	0	0	0	0	10	0	3	0	0
0e2a9725322dbe8ca333e1390d3ffccc	0	0	0	0	0	1	3	2	0	0	0	0	3	0	5	7	2	0	1	0	0	0	0	0	0	0	2	0	7	0
a32ef1d6d8fb162d7b102e3ce3d5bce5	0	0	0	0	0	1	0	0	12	0	0	1	0	0	0	0	0	2	0	0	0	0	0	0	25	0	0	0	2	0
fa4148d9d86a18bdba979f2cf548fd30	0	0	0	0	0	1	0	0	0	1	0	0	0	1	0	1	0	2	0	0	2	0	0	1	0	0	3	1	5	8
7827ef65b2c30191e2be3a6ca2be4e89	0	0	0	0	0	1	0	0	0	0	0	0	0	0	0	0	0	0	2	0	0	0	0	4	0	0	2	1	0	0
7459a0704373b53f80903dedcaf5ea5a	0	0	0	0	0	1	0	0	4	0	0	0	0	2	0	0	0	0	0	0	0	0	0	0	2	3	0	1	0	0
dc929e81ebd08ee3aa497ea2bf767f53	0	0	0	0	0	1	0	0	0	1	0	2	0	0	0	0	0	4	0	0	0	0	0	0	0	0	0	1	1	0
cc67fa50d1c360b0e748e6de38f0179f	0	0	0	0	0	1	0	3	2	4	0	0	0	0	0	0	0	15	0	0	2	0	0	0	1	3	0	3	3	3
90f9baf71d3f4d2ae2de56fc1a989537	0	0	0	0	0	1	0	1	1	1	0	0	0	0	0	0	0	8	0	0	0	0	0	0	0	0	0	0	0	0
3be40f3a760a70c30be5fc5b7f0409f4	0	0	0	0	0	1	1	0	0	2	0	6	0	0	0	17	1	0	0	0	1	0	0	0	0	0	0	1	7	4
10cd09d8cecad0fde2d16f26adbf4d39	0	0	0	0	0	1	0	0	0	3	0	1	0	0	0	0	0	0	0	0	2	0	0	0	0	0	1	1	2	0
da0130644d39ebc60e25c886a0f73a97	0	0	0	0	0	1	0	0	0	0	0	0	0	0	0	0	0	0	0	0	0	0	0	0	0	0	4	0	5	0
c4547db019805af6a05022ac095b897e	0	0	0	0	0	1	0	0	0	25	0	1	0	0	0	4	0	0	0	0	0	0	0	0	0	0	0	2	0	0
edc8f49dd9e39c16b366d7c906803e9a	0	0	0	0	0	1	0	0	1	0	0	5	0	0	0	1	0	6	0	0	0	0	0	0	0	0	0	0	2	3
22476bab3e30d6a0dd4a1abc36ef8081	0	0	0	0	0	1	0	1	0	0	0	0	0	0	0	0	0	2	5	0	11	0	0	0	2	1	0	4	5	8
940d93dece0f08702b20b53866366311	0	0	0	0	0	1	0	0	0	0	0	5	0	0	0	0	0	0	0	0	0	0	0	0	0	1	0	6	3	0
f94c0c76b8c088020a07ceb7d82940a1	0	0	0	0	0	1	0	3	2	0	1	0	0	0	0	0	0	7	0	0	0	0	0	0	0	0	0	0	1	0
09166f48522c901a3e35888d0c9f4144	0	0	0	0	0	1	0	0	0	0	0	2	0	0	0	0	0	0	3	0	0	0	0	2	0	0	1	0	0	2
8e9de6733c4b05ec5446509590f8c997	0	0	0	0	0	1	0	0	6	0	0	0	0	0	2	21	0	2	0	0	0	0	0	0	4	0	1	0	0	0
7cc44187572191b78bd8ec329ea08606	0	0	0	0	0	1	0	1	0	0	2	5	0	0	1	0	0	1	0	0	0	0	0	0	7	0	0	2	0	0
d18152307ca901840a564a5e5c1ff800	0	0	0	0	0	1	0	1	0	0	0	2	0	1	0	0	0	6	0	0	0	0	0	0	0	0	1	0	0	0
4194281568abbe11445fee31e0c3f467	0	0	0	0	0	1	1	1	1	0	0	9	8	0	4	10	0	0	2	0	0	0	0	4	0	0	1	8	1	3
9ce8f09bf0eb4b98470b09efa9954d68	0	0	0	0	0	1	0	0	0	1	0	0	0	0	0	0	0	3	0	0	2	0	0	0	0	0	1	5	2	3
e26b0c9bd3b28a8b2bf5160c40edb64b	0	0	0	0	0	1	0	0	6	0	0	4	0	0	4	1	0	3	0	0	0	0	0	0	2	0	0	2	2	0
fe385375d78767426894861a92201c10	0	0	0	0	0	1	0	0	0	1	0	3	0	0	0	0	0	0	0	0	0	0	0	1	0	0	1	2	1	0
7784ef0039c8105c08ffadc642568b5e	0	0	0	0	0	1	0	0	5	0	0	0	0	0	0	0	0	1	0	0	0	0	0	0	7	0	0	0	0	0
005c9944307709e6381924b3604680e8	0	0	0	0	0	1	0	0	17	0	0	0	0	0	0	0	0	0	0	0	0	0	0	0	0	0	0	0	0	0
5e3f4ff2b8f191a73fcd364528f1bbf9	0	0	0	0	0	1	0	0	1	0	0	0	0	1	0	0	0	0	0	0	0	0	0	0	47	0	0	0	0	0
be4ebb94ff1fc7137a6b0de5f26f072e	0	0	0	0	0	1	0	0	0	1	0	1	0	0	0	0	0	6	0	0	0	0	0	6	0	0	1	0	3	0
e60623698c553f674c7af5fbfd2e260e	0	0	0	0	0	1	0	4	0	8	0	0	0	1	0	0	0	2	0	0	0	0	0	0	6	27	3	0	0	2
9849a2be3ec3d668695962349f1a2d80	0	0	0	0	0	1	0	0	1	2	0	0	0	0	0	5	0	3	0	0	0	0	0	0	2	0	5	1	4	6
d5583c316de8d57a4964d1ee4a3d0cf6	0	0	0	0	0	1	0	0	0	0	0	0	0	0	0	0	0	0	1	0	2	0	0	1	0	0	0	4	0	2
0d135d1300524a19308989b7433ecacb	0	0	0	0	0	1	0	0	0	0	0	0	0	0	0	1	0	0	0	0	3	0	0	2	0	0	1	3	3	0
4afb4d4c09b767e75405dd465434bde0	0	0	0	0	0	1	0	0	11	0	0	1	0	0	0	1	0	4	0	0	0	0	0	0	16	0	0	1	0	1
9d7bd3d9bfac693bdd59b197960b393a	0	0	0	0	0	1	0	0	1	2	0	7	0	0	0	0	0	0	0	0	0	0	0	0	0	0	0	6	0	0
fc7b1e01f35e0b07bf329ce279ca08ed	0	0	0	0	0	1	0	0	0	0	0	0	0	0	0	0	0	0	0	0	0	0	0	0	0	0	6	0	0	5
b228a173e074c114e5192fba7abc7d0f	0	0	0	0	0	1	1	8	0	0	0	0	0	1	1	0	0	0	0	0	1	0	0	0	0	0	0	0	0	0
2b97ba7f1e55aa831b1d9e451f795aa6	0	0	0	0	0	1	0	0	0	4	0	0	2	0	0	3	0	6	0	0	0	0	0	0	5	21	2	0	2	0
4ad84eb89079e020b88021bd547f6a41	0	0	0	0	0	1	0	0	1	0	0	0	0	0	0	0	0	4	0	0	0	0	0	0	0	0	2	0	3	0
b3036182f4782f4969322739e30b3f64	0	0	0	0	0	1	0	0	0	3	1	4	0	0	0	0	0	0	0	0	1	0	0	1	0	0	0	16	3	2
2ec50c2ae02325554a34b3118cc39fb6	0	0	0	0	0	1	0	0	0	1	0	1	0	0	0	0	0	0	0	0	1	0	0	2	0	0	0	16	0	0
012c091f0e5115262f5841d24aed9610	0	0	0	0	0	1	0	0	0	0	0	1	0	0	0	0	0	1	0	0	0	0	0	0	6	0	1	0	0	0
a4e54cd95f3ed48628ff1a9a11f009fb	0	0	0	0	0	1	0	0	0	0	2	0	0	0	0	0	0	0	0	0	0	0	0	0	1	18	1	0	0	0
1764f23a599589618de8bc0a463094c5	0	0	0	0	0	1	0	0	1	1	2	4	0	0	0	0	0	4	0	0	0	0	0	4	0	4	0	13	22	0
55e0f3ebf8a99fed776b0601783a8501	0	0	0	0	0	1	0	0	2	0	10	0	0	0	6	0	0	4	0	0	0	0	0	0	5	0	0	0	0	0
08776920fb419a76e455b35fbd2b85e9	0	0	0	0	0	1	0	0	9	0	4	0	0	0	0	0	0	0	0	0	0	0	0	0	11	0	0	0	0	0
e221b6fe82f49bdd71554d009c73cb24	0	0	0	0	0	1	1	2	4	0	0	0	0	0	11	1	0	0	0	0	0	0	0	0	0	0	0	0	0	0
8e4a1c70a8c13f5aafa5676936afcf04	0	0	0	0	0	1	0	0	1	0	0	2	0	0	0	0	0	0	0	0	0	0	0	1	0	0	0	0	6	1
ffe775b0ae6304c0ac3b42fdd8ded263	0	0	0	0	0	1	0	7	0	0	2	2	0	0	5	13	0	3	0	0	0	0	0	0	33	0	1	2	0	1
94be866589a814caca5ba099c3274cc2	0	0	0	0	0	1	0	0	0	5	0	1	0	0	0	0	0	0	0	0	0	0	0	0	0	0	2	1	4	0
259b660cf5626aa1d02b456ea3810417	0	0	0	0	0	1	0	0	0	2	0	5	0	0	0	0	0	6	0	0	2	0	0	0	0	0	1	0	0	0
2a31742d4fdc9602e36716f5f1470e76	0	0	0	0	0	1	5	0	1	2	3	5	1	2	0	3	0	1	0	0	0	0	0	0	0	0	1	1	1	0
95a02da4b7ae5a4ab00a0da692de284a	0	0	0	0	0	1	0	0	0	0	4	0	0	1	0	0	0	5	0	0	0	0	0	0	11	0	0	1	1	0
6609a8c29f97a3940a19fea2420910b7	0	0	0	0	0	1	0	0	0	5	1	0	0	0	0	0	0	0	1	0	0	0	0	0	0	1	2	0	0	0
5798515efe342c1e4e6cf12c0937b077	0	0	0	0	0	1	1	1	0	0	0	0	0	0	1	0	0	3	0	0	5	0	0	0	0	0	0	3	0	2
f0b8aad064ab89fd43b26d152adf3ca1	0	0	0	0	0	1	0	6	5	0	0	0	0	0	0	0	0	3	0	0	0	0	0	0	0	0	0	0	0	0
c77679a20b387f2a5c5ca8dd0d91d8af	0	0	0	0	0	1	0	3	0	0	0	3	0	0	0	18	0	0	0	0	0	0	0	0	0	4	0	0	1	0
9632618e050126b443a612d23f8b6eb6	0	0	0	0	0	1	0	3	16	0	0	0	0	0	7	0	0	3	0	0	3	0	0	1	1	0	0	0	0	2
d7ab9c0e2b715a65a658e47a5b59e4bc	0	0	0	0	0	1	0	0	2	0	0	0	0	0	0	7	0	2	0	0	0	0	0	0	0	0	0	2	4	0
f8550e180ce6d383fee8692870758435	0	0	0	0	0	1	0	0	9	0	0	7	0	0	0	0	0	3	0	0	0	0	0	0	8	0	0	0	0	0
cb2836bfdd3798b7a500392dd4397966	0	0	0	0	0	1	2	4	0	0	0	0	0	0	22	0	0	0	0	0	0	0	0	0	0	0	0	0	0	0
4997e0112d87cd561f2d0b3019f5bed5	0	0	0	0	0	1	0	4	0	1	6	0	0	2	1	0	0	11	0	0	0	0	0	0	0	0	0	0	0	0
2bf7fd56fc6d33a067e329330aabb938	0	0	0	0	0	1	0	0	3	0	4	0	0	0	0	0	0	2	0	0	0	0	0	2	0	9	0	0	0	0
aa54077bc01a5f0367fe28a79ad58398	0	0	0	0	0	1	0	0	2	0	2	0	1	0	0	0	0	2	0	0	0	0	0	0	3	0	0	1	0	0
e1d4d0d4a5aa0f3fd1ac38e3f59dcbac	0	0	0	0	0	1	7	2	0	0	0	2	0	1	4	4	0	1	0	0	0	0	0	2	1	0	1	0	2	1
c8c198b8acc0a2b819d3929e0c12bb8a	0	0	0	0	0	1	0	0	0	2	0	39	0	0	0	0	0	0	0	0	0	0	0	5	0	0	0	1	14	2
f6ecee6ae93e90368ebd52647d58aeab	0	0	0	0	0	1	0	0	5	2	4	0	0	0	0	2	0	6	0	0	1	0	0	0	47	0	0	2	2	2
1462162fdde9e5b6755820a1b9df137b	0	0	0	0	0	1	0	0	0	0	0	0	0	0	0	0	0	0	0	0	0	0	0	0	0	0	6	0	0	6
f73822405950016ecd0869ec95bb3e14	0	0	0	0	0	0	81	0	0	3	3	0	0	0	40	0	0	13	0	0	0	0	0	0	0	0	1	20	0	8
c74ef7feb72982289f167ab55ca6a2b3	0	0	0	0	0	0	80	19	0	5	0	1	117	0	53	71	0	0	0	0	0	0	0	0	0	0	0	3	0	0
79233d8c5b70d0b7dccc3fde1b3e2ccc	0	0	0	0	0	0	57	0	0	0	0	0	1	0	23	0	0	0	0	0	0	0	0	0	0	0	0	0	0	0
0add175bd492c70458b726d810ac4b71	0	0	0	0	0	0	52	0	0	2	0	0	0	0	34	5	0	0	0	0	0	0	0	0	0	0	1	2	0	0
ce98f3d01c09c9dcc0a1ccd1d9378daa	0	0	0	0	0	0	49	0	0	0	0	0	2	0	82	22	0	0	0	0	0	0	0	3	0	0	2	7	0	4
e8650960dcb41d438e8c8e1c20437e0b	0	0	0	0	0	0	47	0	0	12	0	21	0	0	18	5	0	0	0	0	0	0	0	11	0	0	0	2	0	7
0651352c95e45c7d8523271eb3ddae9f	0	0	0	0	0	0	44	0	0	0	0	8	24	0	0	20	10	0	0	0	0	0	0	0	0	0	0	0	0	0
8a95eb013b6e80c1913eedbc13d594c8	0	0	0	0	0	0	44	0	0	0	0	0	0	0	25	0	0	0	0	0	2	0	0	2	0	0	2	4	0	0
6026333c914bc3c1ecaaf12f8bc10e47	0	0	0	0	0	0	43	0	0	0	0	0	0	0	9	18	0	0	0	0	0	0	0	0	0	0	0	0	0	0
2b76f248599730293bfdeac7b688a48b	0	0	0	0	0	0	40	1	1	27	0	16	30	0	17	43	0	0	0	0	1	0	0	0	0	0	7	2	21	3
3e9fac301b9bc764d84017ed102f5803	0	0	0	0	0	0	40	0	1	0	0	0	0	0	13	0	0	0	1	0	0	0	0	0	0	0	1	0	0	15
fdb0cae02402160de21288c0b92600cd	0	0	0	0	0	0	37	3	0	0	2	0	0	0	102	68	0	0	0	0	0	0	0	0	0	0	0	0	0	0
65b41101fc46b81aa85b2e870c4f15f1	0	0	0	0	0	0	32	0	0	0	0	0	0	0	0	0	0	0	0	0	0	0	0	1	0	0	0	0	0	0
1f054035971cdbb6ab514840beb9bc32	0	0	0	0	0	0	31	0	0	1	0	0	56	0	32	3	0	0	0	0	0	0	0	1	0	0	0	11	0	0
44ad3d428e71ec4a1ad1be45243431d6	0	0	0	0	0	0	30	0	0	5	0	0	9	0	0	5	0	0	0	4	0	0	0	0	0	0	0	0	0	0
bcdd55a6c89145df3a9a23c53241e6ef	0	0	0	0	0	0	30	0	0	0	0	0	1	38	20	2	0	2	0	0	2	0	0	0	0	0	1	7	0	0
62e491ccd52a9395ce5664f458ca18e7	0	0	0	0	0	0	30	0	0	0	0	0	0	0	2	5	0	0	0	0	0	0	0	0	0	0	0	0	0	0
1033e875d1ff96520a0b62b393b0d751	0	0	0	0	0	0	28	0	0	0	0	0	0	0	21	0	1	0	0	0	0	0	0	0	0	0	0	0	0	0
b92bda9419f14ddda7ec9ad998bd6fa6	0	0	0	0	0	0	27	0	0	0	0	0	0	0	14	0	0	0	0	0	0	0	0	0	0	0	0	0	0	0
cc115bf3f3698c73b2ea932fd778263d	0	0	0	0	0	0	26	0	0	0	0	0	0	0	7	0	0	0	0	0	0	0	0	0	0	0	0	0	0	0
7a80404137175f5170e91af88b7618f6	0	0	0	0	0	0	25	0	0	0	0	0	0	1	26	8	0	0	0	0	0	0	0	0	0	0	0	3	0	0
a44656bab6697613e4f9377a306c4e7d	0	0	0	0	0	0	24	0	0	0	0	0	0	0	53	5	0	2	0	0	0	0	0	0	0	0	0	3	0	1
50f06aa2e4560dfa44c281d724eb058b	0	0	0	0	0	0	24	0	0	0	0	0	0	0	5	1	0	0	0	0	0	0	0	0	0	0	0	0	0	0
63bcf8dcab801548f7dd2154f8c05e93	0	0	0	0	0	0	23	106	0	0	4	0	0	0	28	128	0	0	0	0	0	0	0	2	6	0	0	0	0	1
b634ba40e1817065ed43bf5de93e95c2	0	0	0	0	0	0	23	2	0	0	0	2	3	0	21	4	0	0	0	0	0	0	0	1	0	1	0	1	0	2
3fc1674b5ad387f879be7eccae218a4a	0	0	0	0	0	0	23	0	0	0	0	0	0	0	14	0	0	0	0	0	0	0	0	0	0	0	0	0	0	0
50f3042b896522ae05281ba17673db43	0	0	0	0	0	0	22	0	0	0	0	0	3	0	0	0	0	0	0	0	0	0	0	0	0	0	0	0	0	0
be1f606f98f4171e3dfa1c906e3fd7fe	0	0	0	0	0	0	22	0	2	0	0	3	0	0	20	4	0	0	0	0	0	0	0	0	0	0	1	1	0	0
0f52d862af8b6a59d29cd5fd2ded66ba	0	0	0	0	0	0	22	0	0	0	0	0	5	0	1	0	0	0	0	0	0	0	0	0	0	0	0	1	0	0
cfea822cf93a5432f16a650aa31ff2ba	0	0	0	0	0	0	21	0	0	0	0	0	0	0	4	0	0	0	0	0	0	0	0	0	0	0	0	0	0	0
4c28c3a4fdaa9f6b63f8c7395f42247c	0	0	0	0	0	0	21	0	0	0	0	2	0	3	0	3	0	1	0	0	0	0	0	2	0	0	2	0	3	0
51e258ec1d5d20f6dfbcba706b92a649	0	0	0	0	0	0	20	0	0	0	0	0	0	0	22	2	0	0	0	0	1	0	0	0	0	0	0	0	0	1
d7e671ab1ba69833cb3db19401c1f14a	0	0	0	0	0	0	20	0	0	8	0	12	12	0	0	1	0	0	0	0	0	0	0	1	0	0	0	7	12	2
02e4b27cd06771c1fffea86aa584d9e0	0	0	0	0	0	0	19	0	0	0	0	0	5	4	6	7	0	2	0	0	0	0	0	0	19	3	0	0	0	2
03c7d58e11b93c802231eb62586c7a91	0	0	0	0	0	0	19	0	0	0	0	0	0	0	0	0	0	0	0	0	0	0	0	0	0	0	0	0	0	0
835cc1063597494152941605735994c2	0	0	0	0	0	0	18	0	0	0	0	0	0	0	4	0	0	0	0	0	0	0	0	0	0	0	0	0	0	0
f5a0a5aec238852f7bd1f9bd5fecad28	0	0	0	0	0	0	18	0	0	0	0	0	0	0	25	3	10	0	0	0	0	0	0	0	0	0	0	1	5	6
c4275bb03ecf358bdd150a5ae7660244	0	0	0	0	0	0	18	0	0	14	0	23	0	0	8	14	0	0	0	0	0	0	0	0	0	0	0	8	0	3
efa655bfb426641a284a4290a6853f17	0	0	0	0	0	0	17	0	0	0	0	0	0	0	6	0	0	0	0	0	0	0	0	0	0	0	0	0	0	0
9d0d41065b1173260de2bfb23ff4622d	0	0	0	0	0	0	16	0	1	1	0	0	0	0	7	0	0	0	0	0	0	0	0	0	0	0	0	2	0	0
663529ff3fbb89be52420eb60729a5a6	0	0	0	0	0	0	16	0	0	0	0	1	0	0	13	3	0	0	0	0	0	0	0	2	0	0	1	8	0	10
46c7cd2b390b990b38565b0d081c5265	0	0	0	0	0	0	16	2	0	0	0	3	0	1	17	12	1	0	0	0	7	0	0	2	0	4	0	2	0	1
7d899bd2899c1b21a9014655ab2a9826	0	0	0	0	0	0	16	0	2	4	0	11	4	0	11	4	0	0	0	0	0	0	0	1	0	0	0	7	0	0
7ff83eb9f7fbc043438c796706eed122	0	0	0	0	0	0	16	0	0	0	0	0	0	0	2	0	0	0	0	0	0	0	0	0	0	0	0	0	0	1
a87dc7e7720cceea89cafe262443c990	0	0	0	0	0	0	16	1	0	2	0	0	0	0	2	0	0	0	0	0	0	0	0	1	0	0	2	2	0	0
669a9e8bd015b6132ca108e2b08b3315	0	0	0	0	0	0	16	0	0	0	0	3	0	0	5	0	0	0	0	0	0	0	0	1	0	0	0	0	0	0
fc6e4d8e42607ad5635cdde58dd6b63b	0	0	0	0	0	0	15	0	0	0	0	0	0	0	14	0	0	0	0	0	0	0	0	0	0	0	0	0	0	0
2bac6ffa57e5358babc90a8216435be1	0	0	0	0	0	0	14	0	0	0	0	0	0	0	0	0	0	0	0	0	0	0	0	0	0	0	0	0	0	0
45eccc919ca6bd648dd4768115fc1b76	0	0	0	0	0	0	14	0	0	0	0	0	19	0	0	0	0	0	0	0	0	0	0	0	0	0	0	8	0	0
6e6d044ca54b2d1af6fa3d196604a8d0	0	0	0	0	0	0	14	0	0	0	0	0	0	0	0	0	0	0	0	0	0	0	0	0	0	0	0	0	0	1
3d1686495020ab5c673ded7b30c77537	0	0	0	0	0	0	14	0	0	0	0	0	0	0	63	0	0	0	0	0	0	0	0	0	0	0	0	0	0	2
20b7394f0f2b2bd77148bb6045d290d0	0	0	0	0	0	0	14	0	0	4	0	20	6	1	13	2	0	0	0	0	0	0	0	0	0	0	2	9	0	4
8c6ad2b52b74d11851398b48e8bc4aa6	0	0	0	0	0	0	13	0	0	0	0	0	0	0	11	0	0	0	0	0	0	0	0	0	0	0	0	2	0	4
4a1d4c4f01f432eae0a5bc241ac4acc4	0	0	0	0	0	0	13	0	0	0	0	0	0	0	3	7	0	0	0	0	0	0	0	1	0	0	0	0	0	0
42169896258d6a695eb3caa09f67d253	0	0	0	0	0	0	13	0	3	1	0	10	14	1	18	11	0	2	0	0	0	0	0	1	0	0	0	7	7	1
13caa15ac9a34be1e95ab9f14210d8a4	0	0	0	0	0	0	12	0	0	0	0	0	0	0	5	5	0	0	0	0	0	0	0	1	0	0	0	0	0	1
e4cd11d402777faf7226e7e972676613	0	0	0	0	0	0	12	0	0	0	0	0	0	0	0	0	0	0	0	0	0	0	0	0	0	0	0	0	0	0
75c593652730b777e7e969b9510892da	0	0	0	0	0	0	12	0	0	0	0	0	0	0	7	0	0	0	1	0	0	0	0	0	0	0	1	2	0	0
533c9171699c048d5e9774f89d73577d	0	0	0	0	0	0	12	0	0	0	0	0	0	19	0	0	0	0	0	0	0	0	0	0	0	0	0	0	0	0
de4049cd4fcddaa7e5ce9908d97b2985	0	0	0	0	0	0	12	0	0	0	0	0	0	0	7	3	0	0	0	0	0	0	0	0	0	0	0	0	0	0
b3ae36f562cbfc0595a1dd7acaac232f	0	0	0	0	0	0	12	0	0	0	0	0	0	0	0	0	0	0	0	0	0	0	0	0	0	0	0	0	0	0
f7d230a0d29e2750a9aad264ec2e3b2a	0	0	0	0	0	0	12	0	0	0	0	1	0	0	1	0	0	0	0	0	0	0	0	0	0	0	1	1	0	0
afc7f0012c90dd8b32d55a941c227227	0	0	0	0	0	0	11	0	5	1	9	41	4	0	2	0	0	0	0	0	0	0	0	0	0	119	0	6	35	6
f8cf7374a7e3487f44214a92f4c52620	0	0	0	0	0	0	11	0	0	0	0	0	0	0	2	0	0	0	0	0	0	0	0	0	0	0	0	0	0	0
fb22beb4e4a4ed3fcc7174a36b1417ae	0	0	0	0	0	0	11	0	0	0	0	4	2	0	1	0	0	0	0	0	0	0	0	0	0	0	0	3	0	2
493921f7027b07efbf8bb1abdeaf7b4d	0	0	0	0	0	0	11	0	0	0	0	0	0	0	22	0	0	0	3	0	4	0	0	0	0	0	1	0	0	0
5677f13be2746930be39dc4b4c891ba2	0	0	0	0	0	0	11	1	0	0	0	4	4	2	14	6	0	0	0	0	0	0	0	1	0	0	1	4	0	4
fcfe72c4fdf711bc3c719a3ff842636c	0	0	0	0	0	0	11	0	1	0	0	0	0	0	2	7	0	0	0	0	0	0	0	1	0	0	0	1	0	0
1be41abb0e2bb9d92558f21b304c433a	0	0	0	0	0	0	11	0	0	0	0	0	20	0	7	2	0	0	0	0	2	0	0	1	0	0	0	1	0	0
1705a290fd5e728c960081cd61fcb082	0	0	0	0	0	0	11	0	0	1	0	0	0	0	0	17	0	0	1	0	0	0	0	0	0	0	2	0	0	6
18a5d30a465876056d935064c6e70188	0	0	0	0	0	0	11	0	0	0	0	0	0	0	4	2	6	0	0	0	0	0	0	0	0	0	0	0	0	1
ca1f365032e166a249b1bc8d461a4695	0	0	0	0	0	0	11	0	0	0	1	0	0	0	6	0	0	0	0	0	0	0	0	0	0	0	0	0	0	0
26e5febe1866289da133ff0a5947f3ab	0	0	0	0	0	0	11	0	0	0	0	0	2	0	2	2	0	0	0	0	0	0	0	0	0	0	0	0	0	1
d304b94d1bdb931c277a7e4d285c78bf	0	0	0	0	0	0	10	0	0	0	0	0	0	0	11	0	0	0	0	0	0	0	0	0	0	0	0	0	0	0
36b3accea2b1cdc2dd7a4c7fce68005d	0	0	0	0	0	0	10	0	0	0	0	0	0	0	6	4	0	0	0	0	0	0	0	0	0	0	0	0	0	0
3c9c7fb67f636c25c70b3a6b2439e631	0	0	0	0	0	0	10	0	0	0	0	0	1	0	15	1	0	0	0	0	0	0	0	2	0	0	0	10	0	0
bddae569af5c53a3639fa3efcfa46e65	0	0	0	0	0	0	10	0	0	0	0	0	0	0	3	0	0	0	0	0	0	0	0	0	0	0	0	0	11	8
38ffd13dd03d1d24edc04478699427d8	0	0	0	0	0	0	10	0	0	0	0	0	0	0	3	0	0	0	0	0	0	0	0	1	0	0	0	0	0	1
e10f0f7cb37c4e6a07d20a21dbc0f205	0	0	0	0	0	0	10	0	0	0	0	0	0	0	0	15	0	0	0	0	0	0	0	0	0	0	0	0	0	0
8efdb2fad30a8c790d592124378d7e78	0	0	0	0	0	0	10	0	0	0	0	1	4	0	1	0	0	2	0	0	0	0	0	0	0	0	0	0	0	0
5891f2006f3eee0b4072d4f45de472e2	0	0	0	0	0	0	10	0	0	0	1	0	0	0	2	0	0	0	0	0	0	0	0	0	0	0	0	2	0	0
dffa2eccda2b1b44d9c1860314a894e9	0	0	0	0	0	0	10	0	0	0	0	0	0	1	8	0	0	0	0	0	0	0	0	4	0	0	4	0	2	0
e75ac6fb8e955b47bc3a3a32ac6bdf5d	0	0	0	0	0	0	10	1	0	0	13	0	0	45	6	2	0	3	1	0	0	0	0	0	5	0	1	2	2	1
4685017f8e54778bccd5a37cdbbf1b95	0	0	0	0	0	0	10	0	0	0	0	5	12	0	4	20	0	0	0	0	0	0	0	0	0	0	2	8	0	0
3e720210a9458b8eda8f4b3c1ca9949b	0	0	0	0	0	0	10	0	0	0	0	0	0	0	0	0	0	0	0	0	0	0	0	0	0	0	0	0	0	0
446ec373b546db9a2cf6facad154a133	0	0	0	0	0	0	10	0	0	0	0	0	0	0	0	0	0	0	0	0	0	0	0	0	0	0	0	0	0	0
6913b2addfaef81d2a935e0c86a95c28	0	0	0	0	0	0	10	0	0	0	0	0	0	0	0	0	0	0	0	0	0	0	0	0	0	0	0	0	0	0
8b7897fa300ec476c140d773a4bd85df	0	0	0	0	0	0	10	13	1	5	0	14	22	0	2	69	0	0	0	0	0	0	0	3	0	0	0	29	1	0
f7e3c91fb48d87ba14609ee3a0773e7c	0	0	0	0	0	0	10	0	0	0	0	0	0	0	0	0	0	0	0	0	0	0	0	0	0	0	0	0	0	0
c34d261ba18f5139e1aceb4f681c994b	0	0	0	0	0	0	9	0	0	1	0	8	0	0	5	40	0	0	0	0	0	0	0	3	0	0	0	12	0	0
f5f621cfefd9bc128b2e8b8c70f7164e	0	0	0	0	0	0	9	0	1	0	0	2	0	0	5	5	0	0	0	0	0	0	0	1	0	0	2	2	0	1
47236c10d27d7cd50677790f7def88fb	0	0	0	0	0	0	9	0	0	0	0	4	9	0	0	0	0	0	0	0	0	0	0	0	0	0	0	0	0	0
2091b7fbf718978dcbde580d3b90e0f4	0	0	0	0	0	0	9	0	0	0	0	4	0	0	5	40	0	0	0	0	0	0	0	0	0	0	0	1	0	0
38197e720fb232d7660b4788b4e9742d	0	0	0	0	0	0	9	11	3	1	0	0	6	23	38	0	0	0	0	0	0	0	0	0	0	17	1	0	0	0
053dd84afbc412565dc71b0f579c10a4	0	0	0	0	0	0	9	0	0	0	0	0	0	0	13	0	0	0	0	0	0	0	0	0	0	0	0	1	0	0
998291cadc522bf3d81c9d62e2a7f394	0	0	0	0	0	0	9	0	0	0	0	0	0	0	1	0	1	0	1	0	0	0	1	0	0	0	0	1	0	0
f0947d8af31d0440772c80ceb89ae4e9	0	0	0	0	0	0	9	0	0	0	0	0	1	0	5	7	0	0	0	0	0	0	0	4	0	0	2	1	0	3
6af0d85e4f1dc9bb5c330ea7801c7c4d	0	0	0	0	0	0	9	0	0	0	0	0	0	0	6	0	0	0	0	0	0	0	0	0	0	0	0	1	0	0
16ffee95a25106af9717b1b957503f94	0	0	0	0	0	0	9	0	2	0	0	4	1	0	6	6	0	0	0	0	0	0	0	0	0	0	4	0	2	6
acdc822408ef7a0a3548f7000f6b3bf5	0	0	0	0	0	0	9	6	0	3	0	9	0	0	0	0	0	0	0	0	0	0	0	0	0	0	0	0	80	23
b2c553d811594d9fce8aa5857884f599	0	0	0	0	0	0	9	0	0	0	0	0	0	0	0	0	0	0	0	0	0	0	0	0	0	0	0	0	0	2
1b2d5f9b255ea4d75ce60ef707dfc058	0	0	0	0	0	0	9	0	0	0	0	0	1	0	0	1	0	0	0	0	0	0	0	0	0	1	0	0	0	1
06a72fb48e7411107fcc97fb69f3e224	0	0	0	0	0	0	9	0	0	0	0	2	0	0	2	0	0	0	0	0	0	0	0	0	0	0	0	0	0	0
f7f1bc09336b833442f0e9ac35667dcd	0	0	0	0	0	0	9	0	0	10	0	0	1	0	7	12	0	0	0	0	0	0	0	0	0	0	0	0	28	1
6ae7e93ca2c60c927e022e714743727e	0	0	0	0	0	0	9	0	0	0	0	0	0	0	4	1	0	0	0	0	0	0	0	0	0	0	0	0	0	0
18a41b69e1377723e5c2b0706df3793d	0	0	0	0	0	0	8	0	0	0	0	0	0	0	4	1	0	0	0	0	0	0	0	0	0	0	0	0	0	0
bc01d8783a73c056211f0c8fd9efe97d	0	0	0	0	0	0	8	0	0	0	1	0	52	0	2	0	0	0	0	0	0	0	0	0	0	0	0	0	0	2
2b6f91965b592e673beec67c1f1b2bc8	0	0	0	0	0	0	8	0	0	0	0	0	0	0	0	10	0	0	0	0	0	0	0	0	0	0	0	0	0	0
3a901092232d07d5113f6e118b0a3651	0	0	0	0	0	0	8	0	0	0	0	0	0	0	6	0	0	0	0	0	0	0	0	0	0	1	0	0	0	1
44fa82fe317f0782352196bee5c2d36d	0	0	0	0	0	0	8	0	0	0	0	0	0	0	61	6	0	0	0	0	0	0	0	0	0	0	0	0	0	2
de9cc2011b9060b8bab0c47a52cbd2f3	0	0	0	0	0	0	8	0	0	0	0	1	0	0	2	2	0	0	0	0	0	0	0	1	0	0	1	1	0	0
6f4bd04733c7922fb1a923ea8df8c55d	0	0	0	0	0	0	8	0	0	0	0	0	0	0	5	5	0	0	0	0	0	0	0	0	0	0	0	0	0	0
a91625f8c16816004afd200eeb55e826	0	0	0	0	0	0	8	2	2	3	0	9	34	0	2	0	0	1	0	0	8	0	0	3	0	1	1	12	15	0
957858842ed3cb1718c764cdbbdddc08	0	0	0	0	0	0	8	1	0	0	7	3	0	0	34	18	0	0	0	0	0	0	0	1	0	0	1	0	0	1
41876e48acd4a52676301400affff711	0	0	0	0	0	0	8	0	0	0	0	0	0	0	1	0	0	0	0	0	3	0	0	0	0	0	0	0	0	1
1c45f8cb40d2bac12cc70d05eefb92d4	0	0	0	0	0	0	8	0	0	0	0	0	0	0	0	0	1	0	0	0	0	0	0	0	0	0	0	0	0	1
2c88aba2db1b069dc08d6fee3453c4cb	0	0	0	0	0	0	8	0	0	0	0	2	1	0	1	1	0	0	0	0	0	0	0	0	0	0	0	0	0	1
78819c00daefb22808762edc41fb0db3	0	0	0	0	0	0	8	0	0	0	0	0	0	0	5	0	0	0	0	0	0	0	0	0	0	0	0	2	0	0
748fe61dfd2c3e9033f04dfb23cd4ef3	0	0	0	0	0	0	8	0	1	0	0	2	0	0	11	4	0	0	0	0	0	0	0	0	0	0	0	2	1	3
1cdc8fa22fc9b2b341c5d2e067f10a4a	0	0	0	0	0	0	8	4	2	0	0	1	1	2	12	5	0	1	0	0	0	0	0	0	0	0	0	0	0	1
46f7fd61d9fc7e622feb790167a9ed47	0	0	0	0	0	0	8	0	0	26	12	35	17	0	3	53	0	0	0	0	0	0	0	5	0	0	0	7	3	0
286ed15c21f4209826f6fbca9d9240f0	0	0	0	0	0	0	8	0	0	0	0	0	0	0	4	1	0	0	0	0	0	0	0	0	0	0	0	1	0	1
c09a48c6e1cfbad1f7dfad1bed439cbf	0	0	0	0	0	0	7	0	0	0	0	0	1	0	7	5	0	0	0	0	0	0	0	0	0	0	0	0	0	0
88f5e1afaf1b21de51f7b278878a3891	0	0	0	0	0	0	7	0	0	0	0	0	0	0	24	0	0	0	0	0	0	0	0	0	0	0	0	0	0	0
2994f661231f8dd20c90fde97fdb86d2	0	0	0	0	0	0	7	3	0	0	0	0	60	0	19	38	0	0	0	0	0	0	0	0	0	0	0	1	0	0
a90771e0ec0fa54e4798bd3349109c2b	0	0	0	0	0	0	7	0	0	0	0	3	0	0	4	8	0	0	0	0	0	0	0	2	0	0	0	3	2	0
cc8d1ba12ebad0aad462c9b5c17f66b6	0	0	0	0	0	0	7	0	0	17	0	8	21	0	0	23	0	0	0	0	0	0	0	0	0	1	1	4	0	0
6e06b44dd63cd70a0114935e1b9598f7	0	0	0	0	0	0	7	0	0	0	0	0	7	0	2	7	0	0	0	0	0	0	0	1	0	0	2	2	1	2
a919bc059895a81689dbcfd2b5c9b711	0	0	0	0	0	0	7	0	0	0	0	0	6	0	4	10	0	0	0	0	0	0	0	0	0	0	0	3	1	0
7be84b4b3754e3ecc9fe872846999e43	0	0	0	0	0	0	7	0	0	0	0	0	0	0	1	0	0	0	0	0	0	0	0	0	0	0	0	0	0	3
48dbbeacef3093295e853a13ec73368a	0	0	0	0	0	0	7	0	0	0	0	0	0	0	11	0	0	0	0	0	0	0	0	0	0	0	0	0	0	0
e3d287f4bed4d0c6bf8771164ac2dad4	0	0	0	0	0	0	7	0	0	0	0	0	0	0	4	0	0	0	0	0	0	0	0	0	0	0	0	0	0	0
02112faaa502b76cf8efaf63749af0cc	0	0	0	0	0	0	7	3	0	0	0	0	0	0	2	15	0	0	0	0	0	0	0	0	0	0	0	2	0	0
77e7da996fbbd47a7e690763cf4c338f	0	0	0	0	0	0	7	0	0	0	0	2	0	0	10	7	0	0	0	0	0	0	0	1	0	0	0	0	0	0
566aceeb0821e8ca5a9b5d6aaafac1a8	0	0	0	0	0	0	7	0	0	1	0	0	0	0	2	2	1	0	0	0	0	0	0	0	0	0	0	1	0	0
527cf65718e5f3e9b1ffc8f457d2fc0b	0	0	0	0	0	0	7	0	0	0	2	0	0	0	4	0	0	0	0	0	0	0	0	0	0	0	1	0	0	0
de0fd07d0ded4b175c5449e5c432f516	0	0	0	0	0	0	7	0	0	0	0	2	0	0	2	0	0	3	0	0	1	0	0	0	0	0	0	6	0	3
9d6e5d7b9af57b81b3bf930acbc4d896	0	0	0	0	0	0	7	0	0	0	0	0	0	0	0	0	0	1	0	0	0	0	0	0	0	0	0	1	0	1
c77ea2b363be5314a922933f08e1222c	0	0	0	0	0	0	7	0	0	0	1	0	0	2	0	0	0	0	0	0	0	0	0	0	0	0	0	0	0	0
a26bb608ee6b2f4cbaf0a38bcc6abc68	0	0	0	0	0	0	6	0	0	0	0	0	1	3	9	0	0	1	0	0	1	0	0	0	1	0	2	0	0	1
aedb5cc7e3a0b5b064efeb25afa2efca	0	0	0	0	0	0	6	0	0	0	0	0	2	0	10	12	0	0	0	0	0	0	0	0	0	0	0	1	0	0
8320daed92339157280843b96d694aa9	0	0	0	0	0	0	6	0	0	0	0	0	0	0	4	0	0	0	0	0	0	0	0	0	0	0	0	0	0	0
b3114ad4ef2eaf7e60959e5e901b20ca	0	0	0	0	0	0	6	0	5	0	0	0	0	0	0	1	0	0	0	0	0	0	0	0	0	0	0	0	0	0
e3c64bd8d32c8f8d6eba1f9de9e8346f	0	0	0	0	0	0	6	0	0	0	0	2	0	0	10	5	0	0	0	0	0	0	0	0	0	0	0	1	0	0
4af0e04ebe30246b11d413c9f7e3b5e3	0	0	0	0	0	0	6	0	0	3	3	3	0	1	18	13	0	0	1	0	1	0	0	1	2	2	0	2	1	0
6f990414611c415a988ca736328c3bb9	0	0	0	0	0	0	6	0	0	0	0	0	0	0	6	7	0	0	0	0	0	0	0	0	0	0	0	0	0	0
1bfc4f23a6cc2aca7dca50dcea22ef98	0	0	0	0	0	0	6	0	0	0	0	1	0	0	1	3	0	0	0	0	0	0	0	0	0	0	0	3	0	1
1da9321deab886415eabf77ef8c7c405	0	0	0	0	0	0	6	0	0	0	1	0	0	9	8	4	1	0	0	0	0	0	0	4	0	0	1	7	0	0
114ef86413498272c83d8892663599d5	0	0	0	0	0	0	6	2	0	0	0	0	0	0	3	1	0	0	0	0	0	0	0	0	0	0	1	4	0	5
aac739acc8e487e92b1394bcef760219	0	0	0	0	0	0	6	0	0	5	0	6	36	0	5	7	0	0	0	0	0	0	0	0	0	0	1	4	0	0
e231857db6042dc76eeff9b88c6ac574	0	0	0	0	0	0	6	0	0	1	0	0	0	0	4	0	0	0	0	0	0	0	0	0	0	0	0	0	0	0
26ed73f37dda9599af318f7857928df1	0	0	0	0	0	0	6	0	0	0	0	4	38	0	0	21	0	0	0	0	0	0	0	0	0	0	0	0	0	0
0ee5a9720dfa24f0dbabe5f08ffee4ff	0	0	0	0	0	0	6	1	0	6	2	8	95	0	9	11	0	4	1	0	4	0	0	2	0	0	2	18	3	1
2d81ad99ce02d9b1e41a58275d996236	0	0	0	0	0	0	6	0	0	1	0	2	1	0	6	3	0	0	0	0	0	0	0	0	0	0	0	4	0	2
85d5ae8f127e77fcc6c50b354521fd94	0	0	0	0	0	0	6	1	0	1	0	1	0	0	2	3	0	0	0	0	0	0	0	0	0	0	0	0	0	0
5c3c95ab5e6797d2ee31a6eb18b12f9e	0	0	0	0	0	0	6	0	1	0	0	3	0	0	5	19	0	0	0	0	0	0	0	0	0	0	0	0	0	0
88ed5b45541c69e87a1b490fb360b84f	0	0	0	0	0	0	6	0	0	0	0	0	0	0	4	0	0	0	0	0	0	0	0	0	0	0	0	0	0	0
889dbe3fac9661f22e6da754bd7f9efd	0	0	0	0	0	0	6	0	0	0	0	0	0	0	5	30	0	0	0	0	0	0	0	0	0	0	0	1	0	0
f9d1586dc8bad9f082a1872290c81d1a	0	0	0	0	0	0	6	0	0	0	0	0	0	0	4	0	0	0	0	0	0	0	0	0	0	0	3	0	0	1
376b980aff87b1a7fe90a4489433245a	0	0	0	0	0	0	6	44	0	0	0	0	0	0	113	0	0	0	0	0	0	0	0	0	0	0	0	0	0	0
8133bd05be478fdee6f0699bebef925a	0	0	0	0	0	0	6	0	0	0	0	0	0	0	7	0	0	0	0	0	0	0	0	0	0	0	0	3	0	1
2b0c7529895407eca936cde6594ac364	0	0	0	0	0	0	5	0	0	0	0	6	0	0	4	3	0	0	0	0	0	0	0	1	0	0	0	2	1	2
8cff06208e463ada5bf841b958d70958	0	0	0	0	0	0	5	0	0	2	0	1	3	0	1	1	0	1	0	0	0	0	0	0	0	0	0	2	1	1
25a1455371f2079f527f46351496ede1	0	0	0	0	0	0	5	0	0	0	0	0	0	0	5	0	0	0	0	0	0	0	0	0	0	0	0	0	0	0
0dd7a686183b0556de4107f3f29bffa2	0	0	0	0	0	0	5	0	0	0	0	0	0	0	31	0	0	0	0	0	0	0	0	0	0	0	0	0	0	0
fd3333012f24a2cf2ff54870bbcdc2c8	0	0	0	0	0	0	5	0	0	0	0	1	0	0	1	1	0	0	0	0	0	0	0	0	0	0	0	2	0	0
816a47d7c642da10ffa16729c6d46c37	0	0	0	0	0	0	5	0	0	5	0	0	0	0	3	2	0	0	0	0	0	0	0	0	0	0	0	0	0	0
34dba29b9e68d69f40f7c16b0059e8f0	0	0	0	0	0	0	5	0	0	0	0	0	0	0	30	0	0	0	0	0	0	0	0	0	0	0	0	0	0	3
4d9890e676b0d6762dd53c31bc062ccb	0	0	0	0	0	0	5	0	0	0	0	0	0	0	8	0	0	0	0	0	0	0	0	0	0	0	0	0	0	0
e15a1468518d42343157385786c6c4e2	0	0	0	0	0	0	5	0	0	0	0	0	1	0	3	1	0	0	0	0	0	0	0	0	0	0	0	0	0	0
2809a9c7dc28231e8e82b3d11e5f4039	0	0	0	0	0	0	5	1	0	1	0	3	0	1	8	1	0	0	0	0	0	0	0	0	0	0	0	1	0	0
a9903b03228799f16bcd8b3be7b22167	0	0	0	0	0	0	5	0	0	0	0	0	2	0	3	0	0	0	0	0	0	0	0	0	0	0	0	2	0	2
fdf282d4d7dbb31b32050653cfac269b	0	0	0	0	0	0	5	0	0	0	0	4	0	0	5	0	0	0	0	0	0	0	0	0	0	0	0	2	4	0
b8a8e49b84052dbbd77d7067268c560a	0	0	0	0	0	0	5	5	0	0	0	2	0	1	4	2	0	8	489	0	377	0	0	365	0	0	58	299	0	59
07781c2af804626cc507bcbca425afa9	0	0	0	0	0	0	5	6	0	0	0	1	0	0	7	6	0	0	1	0	0	0	0	0	0	0	0	0	0	1
ae60b32221af8b7a3a5f74322978bae1	0	0	0	0	0	0	5	0	0	0	0	3	11	0	0	0	0	0	0	0	0	0	0	0	0	0	0	0	0	0
f2fe3fc603e582b27f65f9fbba987155	0	0	0	0	0	0	5	0	0	0	0	0	0	0	4	0	0	0	0	0	0	0	0	0	0	0	0	1	0	0
444c69ae6ba107911b1eba854fd447b3	0	0	0	0	0	0	5	1	0	0	0	1	0	0	6	3	0	0	0	0	0	0	0	0	0	0	0	0	0	0
b8c9323dbe2fed8e776d224dab3274b9	0	0	0	0	0	0	5	5	0	0	1	0	0	0	4	0	0	0	0	0	0	0	0	0	0	0	0	0	0	0
d2b13d8da6226c64a9d2bf4b55bb7d2d	0	0	0	0	0	0	5	0	0	0	0	2	0	0	1	1	0	0	0	0	1	0	0	0	0	0	0	0	0	1
83857ee7574ae93e418d187d22909024	0	0	0	0	0	0	5	0	0	0	0	1	0	0	4	0	0	0	1	0	0	0	0	2	0	0	0	4	0	2
ac587a45363b6fbe53f1d5e4c155173e	0	0	0	0	0	0	5	0	0	0	6	0	0	0	0	0	0	0	0	0	0	0	0	0	0	0	0	0	0	0
54aac8c1b527dd6ab68cffd9ba4e5db5	0	0	0	0	0	0	5	1	0	0	0	0	1	0	15	2	0	3	0	0	0	0	0	0	0	0	0	2	0	0
c1de2542c026de102dfada967783479b	0	0	0	0	0	0	5	0	0	0	0	0	0	0	3	2	0	0	1	0	0	0	0	0	0	0	0	0	0	0
3e88f21deb0d2491ef782d68a11a4305	0	0	0	0	0	0	5	0	0	0	0	1	0	0	3	1	0	0	0	0	0	0	0	0	0	0	1	0	0	0
bade2bb824db8d06c1d6343abd3696cf	0	0	0	0	0	0	5	0	0	0	0	0	0	1	0	0	0	0	0	0	0	0	0	0	3	2	0	1	0	0
9e4979786198f91e7539a8fc03e13bc4	0	0	0	0	0	0	5	0	0	0	0	1	0	0	2	2	0	0	0	0	0	0	0	0	0	0	0	0	0	0
fa17e3445e40ffaf6f24cab6a3a1e965	0	0	0	0	0	0	5	0	0	0	0	0	0	0	16	0	0	0	0	0	0	0	0	0	0	0	0	3	0	2
615c5690603a45cbefba075b1ef5a598	0	0	0	0	0	0	5	17	3	0	4	0	0	0	11	5	0	8	0	0	0	0	0	0	0	0	0	0	0	0
d31caac4e77eefaa4fab365bf1277fa3	0	0	0	0	0	0	5	0	0	0	0	0	0	0	0	0	0	0	0	0	0	0	0	0	0	0	0	0	0	5
5f65f02d4d3a12d577aa6fd44b539915	0	0	0	0	0	0	5	0	0	2	0	6	0	0	2	3	0	0	0	0	0	0	0	0	0	0	0	0	0	0
010ad7f5ab6add0e7aaaf0d661216b28	0	0	0	0	0	0	5	0	0	0	0	1	0	0	6	2	0	0	0	0	0	0	0	0	0	0	0	0	0	0
ef49fd2fffcc1de03dcf0a12fe699408	0	0	0	0	0	0	5	0	0	0	0	0	0	0	6	1	0	0	0	0	0	0	0	0	0	0	0	0	0	0
4f32baadad941ea4f43a7d59a97da22f	0	0	0	0	0	0	5	1	0	0	0	0	0	4	0	0	0	7	0	0	0	0	0	0	0	0	0	0	0	0
7c4cd1d9e53c54535452244b011ccc14	0	0	0	0	0	0	5	0	1	5	0	3	0	2	0	0	0	0	0	0	4	0	0	0	1	0	0	5	3	0
c3ba8cb64642909e8a5e0738ba920b19	0	0	0	0	0	0	5	0	0	1	0	1	8	0	0	2	0	0	0	0	0	0	0	0	0	0	0	7	1	4
5231c7cb87d5eeedfb7bd34ba34da048	0	0	0	0	0	0	4	0	0	0	0	0	6	0	0	0	0	0	0	0	0	0	0	0	0	0	0	0	0	0
72f42bbe50018f26ad4d88ff2019e535	0	0	0	0	0	0	4	0	0	1	0	6	32	0	18	64	0	0	0	0	0	0	0	0	0	0	1	26	0	0
5a0ad49ec07c7241a7344116e06e40c7	0	0	0	0	0	0	4	2	0	0	0	0	0	0	0	3	0	0	0	0	0	0	0	1	0	0	2	7	0	2
d1fb489dcc5d28868f35fcfb5ce1294b	0	0	0	0	0	0	4	0	0	0	0	0	0	0	10	2	0	0	0	0	0	0	0	0	0	0	0	0	0	0
99b050025f4850ddbf2250446b7fcd28	0	0	0	0	0	0	4	0	0	1	1	0	6	0	4	6	0	0	0	0	0	0	0	0	0	0	0	0	0	0
b06f67dd1ebb6efc60002852f8dc9b2e	0	0	0	0	0	0	4	0	0	0	0	0	1	0	5	0	0	0	0	0	0	0	0	0	0	27	0	0	0	0
8d2c962de55b5cb1d6c1f373d59b8a21	0	0	0	0	0	0	4	1	2	0	0	0	0	0	2	0	0	0	0	0	0	0	0	2	0	0	0	1	0	1
a44a48f59168386d1e45b98142c1ee0f	0	0	0	0	0	0	4	1	2	0	1	0	0	6	5	0	0	23	0	0	0	0	0	0	3	1	0	1	0	3
b61740095d5bbb9951c6e345c7dc44e9	0	0	0	0	0	0	4	0	0	1	1	1	0	0	0	0	0	0	0	0	0	0	0	0	0	4	0	0	0	0
512bbc505df93df058d1eb2476889b59	0	0	0	0	0	0	4	0	1	0	1	0	0	0	9	0	0	0	0	0	0	0	0	0	0	0	0	0	0	2
95dad00687614e24d340aa4baa868b30	0	0	0	0	0	0	4	1	0	2	0	0	0	0	0	3	0	0	0	0	0	0	0	0	0	0	0	0	0	0
2ed0eff537dce645fb4e61406d9da65c	0	0	0	0	0	0	4	2	1	0	0	0	0	0	2	4	0	1	0	0	0	0	0	0	0	0	1	2	0	3
9e1c6193f052e6fc1f92adc99071a1d7	0	0	0	0	0	0	4	0	0	0	0	2	0	0	8	0	0	0	0	0	0	0	0	0	0	0	0	0	1	0
04073d8063394fb024ed82f8d02410fe	0	0	0	0	0	0	4	0	0	0	0	0	0	0	7	0	0	0	0	0	0	0	0	0	0	0	1	5	0	0
2dd504987e5c5cba4e54c83f91a6b134	0	0	0	0	0	0	4	0	0	1	0	1	0	0	39	13	0	0	0	0	0	0	0	0	0	0	0	1	3	0
9517188f46b74b97ded5eb526dc237d2	0	0	0	0	0	0	4	0	0	0	0	0	0	0	1	2	0	0	0	0	0	0	0	0	0	4	0	2	0	0
1f79d419fb96a7133ed6f3b04d146ecd	0	0	0	0	0	0	4	0	0	0	0	2	0	0	0	0	0	0	0	0	0	0	0	0	0	0	4	0	0	0
9117fad3566e46931e06726b6e4a9441	0	0	0	0	0	0	4	0	0	0	0	0	5	0	0	1	0	1	0	0	0	0	0	0	0	0	0	2	0	0
5043be26abd4627237e72dfcb7b4e4cc	0	0	0	0	0	0	4	0	0	1	0	0	7	0	0	0	0	0	0	0	0	0	0	0	0	0	1	0	5	1
1bcc3df97b542e195d27878fbb3b6660	0	0	0	0	0	0	4	0	0	0	0	0	0	1	0	1	0	1	0	0	0	0	0	0	0	12	1	0	0	0
cb75d8a4bb6ff2c3bce374d9a25d7550	0	0	0	0	0	0	4	0	0	0	0	0	0	0	3	7	0	2	0	0	0	0	0	0	0	0	0	1	0	0
038dc08b51585c2f936a913a4a216ccc	0	0	0	0	0	0	4	0	0	3	0	4	2	0	0	1	0	0	0	0	0	0	0	0	0	0	0	1	0	0
929f95524d6489d538353a466f036350	0	0	0	0	0	0	4	1	0	0	0	1	0	1	2	0	0	0	0	0	0	0	0	0	0	0	0	1	0	0
b0b441a1a028a9e08dcd9ea62d0ce0e9	0	0	0	0	0	0	4	0	0	0	0	0	12	0	2	0	0	0	0	0	0	0	0	0	1	0	0	1	0	0
86ed1a0879203d7700e5660738ccafa5	0	0	0	0	0	0	4	2	0	0	0	0	0	0	7	0	0	0	0	0	0	0	0	0	0	0	0	0	0	0
83a8c7e919853f1820f69bb5e4b414f6	0	0	0	0	0	0	4	0	0	1	0	0	0	0	4	0	0	0	0	0	0	0	0	0	0	0	1	0	0	0
a3e1e70ef9dbe5426ef3b1beb72b5b90	0	0	0	0	0	0	4	0	0	0	0	2	0	1	0	5	0	0	0	0	0	0	0	0	0	0	0	1	3	0
ce42f3d838c35b64e6a569880a32ec30	0	0	0	0	0	0	4	0	0	1	0	2	0	0	0	0	0	0	0	0	0	0	0	0	0	0	1	7	1	1
a6bd44ebaf2c0e7756a0371d2e41af86	0	0	0	0	0	0	4	0	0	0	0	3	0	0	1	0	0	0	0	0	6	0	0	6	0	0	1	15	0	6
48ed2df442c974cf241e303e1cd5aab7	0	0	0	0	0	0	4	1	0	1	0	0	1	0	8	10	0	2	0	0	0	0	0	0	0	0	0	0	1	0
6f8513770f130f21f584263f67726adc	0	0	0	0	0	0	4	0	0	1	0	0	0	0	3	3	0	0	0	0	0	0	0	0	0	0	0	0	0	0
70087ab255a5753e885c7c918209e8af	0	0	0	0	0	0	4	0	0	0	0	0	0	0	2	3	0	1	0	0	0	0	0	0	0	0	0	0	0	2
431367746f69a80c5e2a451ebcb46145	0	0	0	0	0	0	4	0	0	0	0	0	0	0	2	1	0	0	0	0	0	0	0	0	0	0	0	3	0	0
57474c7b39db326dde8d61f544cffb59	0	0	0	0	0	0	4	1	0	0	0	0	0	0	5	2	0	0	0	0	0	0	0	0	0	0	0	2	0	0
e6bf6e005a718cf3fe2db50403ba7d45	0	0	0	0	0	0	4	0	0	0	0	3	1	0	0	0	0	0	1	0	0	0	0	1	0	0	0	7	0	2
8f3a06dc6ae3a6d2c8233992f0ff7abd	0	0	0	0	0	0	3	1	0	0	0	1	3	0	0	1	0	0	0	0	0	0	0	1	0	0	0	1	0	0
2d40ea913a75fbb93df59af961d5bf55	0	0	0	0	0	0	3	3	0	0	3	9	11	0	31	15	0	0	0	0	0	0	0	0	0	0	0	0	0	0
818cbaaf647faa93f321f3ea962da042	0	0	0	0	0	0	3	0	0	36	0	17	27	0	2	63	0	1	0	0	0	0	0	0	0	0	0	12	85	9
c5b69070e066381844fdbbd90a944839	0	0	0	0	0	0	3	0	0	0	0	6	0	0	0	0	0	0	0	0	0	0	0	0	0	0	0	0	5	4
a16a7bcbbd1c692594faa626915892e3	0	0	0	0	0	0	3	0	0	0	0	0	32	0	0	0	0	0	0	0	0	0	0	0	0	0	0	0	0	0
976015ded92899abfd4aefe174fc5c80	0	0	0	0	0	0	3	0	0	1	0	0	4	0	35	0	0	0	0	0	0	0	0	1	0	1	0	0	0	0
07348149e6eeadf5b45d925649489e79	0	0	0	0	0	0	3	0	1	0	0	1	0	0	2	1	3	0	0	0	0	0	0	0	0	0	1	0	0	0
702f7556da79e91e57c3ec3d5d5c0c4e	0	0	0	0	0	0	3	0	0	1	0	0	0	6	0	0	0	0	0	0	0	0	0	0	0	0	6	3	0	6
f2aa004eee6e8d889efa4dc9470c3ed4	0	0	0	0	0	0	3	0	0	0	0	0	0	1	0	0	2	0	0	1	0	0	0	0	0	0	1	0	0	2
d6962461068b8472a771d35125a42e8e	0	0	0	0	0	0	3	3	0	0	1	0	0	4	11	11	0	0	0	0	0	0	0	0	0	0	0	0	0	0
0a8e0cd2a04ac108424ea57fe25f3c0c	0	0	0	0	0	0	3	0	0	0	0	5	0	0	0	0	0	0	16	0	62	0	0	3	0	0	3	3	0	38
ac6a676188681a037ef2d7e701688243	0	0	0	0	0	0	3	0	0	0	0	6	29	0	0	0	0	0	0	0	0	0	0	0	0	7	0	2	0	0
2cc251656cdf24069051d2a64d308d01	0	0	0	0	0	0	3	0	0	4	0	0	0	0	0	8	0	0	0	0	0	0	0	0	0	0	0	1	1	0
83c75b71d83f58ca2531a0198bce7b72	0	0	0	0	0	0	3	0	0	0	0	0	2	0	2	3	0	0	0	0	0	0	0	0	0	0	0	0	0	0
24a65f60412c7bc76e7c284029c26669	0	0	0	0	0	0	3	0	0	0	0	2	10	0	1	7	0	0	0	0	0	0	0	0	0	0	0	0	2	0
ec2313d6cb31277eaf00edd4e0fff68c	0	0	0	0	0	0	3	0	0	0	0	0	3	0	3	1	0	3	0	0	0	0	0	0	0	0	0	0	6	0
15354eba34b5331b8fcc2ceecbc96245	0	0	0	0	0	0	3	0	0	0	0	0	0	0	0	0	0	0	0	3	0	17	3	0	0	0	0	0	0	0
49a83f35a26bd4009526585017a750b8	0	0	0	0	0	0	3	0	0	0	0	0	0	0	5	7	0	0	0	0	0	0	0	0	0	0	0	0	0	0
957e2aa3ebc487671513aa9faf17985f	0	0	0	0	0	0	3	1	0	2	2	6	3	0	2	19	0	0	0	0	0	0	0	1	0	0	6	3	2	8
d3912e6f57238029774e976e012ae2c6	0	0	0	0	0	0	3	1	0	1	4	3	0	0	6	0	0	1	0	0	1	0	0	0	0	0	0	5	6	0
71678f6f2c55bd958be8b7effc6c7d0d	0	0	0	0	0	0	3	0	0	0	0	0	0	0	9	0	0	1	0	0	0	0	0	0	0	0	0	0	0	0
bfb4ebc8063f229c9ee852df59c22d17	0	0	0	0	0	0	3	0	0	1	0	0	1	1	5	0	0	0	0	0	0	0	0	0	0	0	0	0	0	0
52181950f330092f94f451cbd5948fb5	0	0	0	0	0	0	3	0	0	0	0	0	0	0	0	0	0	0	2	0	0	0	0	0	0	0	0	0	4	1
381ff94b836e341764853eb99a4c7160	0	0	0	0	0	0	3	0	0	0	0	0	0	0	2	1	0	0	0	0	0	0	0	0	0	0	0	8	0	0
0b8985518bdb5829d9eb174c25797a3d	0	0	0	0	0	0	3	0	0	0	0	0	5	0	1	0	0	0	0	0	0	0	0	0	0	0	0	3	0	0
a6e8e286bfa61af3577380b1eb0d45f3	0	0	0	0	0	0	3	0	0	0	0	2	7	0	0	5	0	7	0	0	0	0	0	0	0	0	0	4	0	0
828cf6251262dc91c683b6e79c6b3c41	0	0	0	0	0	0	3	0	0	0	0	0	0	0	0	0	0	0	0	0	0	0	0	0	0	0	0	0	6	1
c415f94429a64455908d1aee95d0bd58	0	0	0	0	0	0	3	0	0	0	0	0	0	0	0	1	0	0	0	0	0	0	0	0	0	2	6	0	2	15
dcbc938a7a609a1d40049747848b4c07	0	0	0	0	0	0	3	1	0	0	0	0	0	0	0	5	0	0	0	0	0	0	0	0	0	0	0	1	6	0
70844b719ff30bc02723fc9b7543c0f0	0	0	0	0	0	0	3	0	3	1	0	0	5	0	0	2	0	0	0	0	3	0	0	0	0	0	0	1	9	0
43b5d82b290183f30a7b7aa87d84f3d8	0	0	0	0	0	0	3	0	0	0	0	0	0	0	1	6	0	0	0	0	0	0	0	0	0	0	0	1	0	0
55443600dd32bd7245a4ee8bbbce994d	0	0	0	0	0	0	3	0	0	0	0	2	0	1	0	0	0	0	0	0	0	0	0	0	0	0	4	1	1	0
174c07767763bd9a8357a28e119017ef	0	0	0	0	0	0	3	0	0	0	4	0	0	0	5	17	0	0	0	0	0	0	0	0	2	0	0	0	0	0
7a06ab74442fbc6f13cc646942178995	0	0	0	0	0	0	3	1	0	0	0	2	2	0	0	2	0	0	2	0	0	0	0	0	0	0	0	4	1	1
754bcb2b85a4a6b38e35badbc193e95c	0	0	0	0	0	0	3	0	0	8	0	7	0	0	0	1	0	0	0	0	0	0	0	0	0	0	0	1	3	0
db8cec7e9a0e67bb5d4844b09a499dc6	0	0	0	0	0	0	3	0	0	0	0	0	5	0	0	0	0	0	0	0	1	0	0	0	0	0	0	1	0	0
13cc16759506fdfde6b7b60da2cb0028	0	0	0	0	0	0	3	4	0	2	0	5	0	0	2	0	0	0	0	0	0	0	0	0	0	1	0	3	0	1
f0716000d1e5b91f765e471c0288479c	0	0	0	0	0	0	3	0	0	1	0	1	0	0	2	0	0	0	0	0	0	0	0	0	0	0	0	4	0	0
88e991b417effc6921cf38928cfda80f	0	0	0	0	0	0	3	0	0	6	0	0	0	0	2	0	0	0	0	0	0	0	0	0	0	2	0	0	0	1
f970cb92208976aa6baeedfb8b175c0d	0	0	0	0	0	0	3	1	0	0	0	0	0	0	4	6	0	0	0	0	0	0	0	0	0	0	0	0	0	0
ae3ff487d7f1849d7d2659221e916f23	0	0	0	0	0	0	3	0	0	0	0	0	2	0	1	0	0	0	0	0	0	0	0	0	0	8	0	0	0	0
972f0ee30f2fc16410a2bdd5a014f607	0	0	0	0	0	0	3	0	0	0	4	3	0	3	6	1	0	0	0	0	0	0	0	0	0	0	0	2	0	0
7bc31582f8ec9e209e7f676bd0140749	0	0	0	0	0	0	3	0	0	0	2	0	5	4	6	7	0	0	0	0	0	0	0	0	0	0	1	0	0	0
4d7b87f538e5c41752887bd1409aa573	0	0	0	0	0	0	3	1	0	0	0	0	0	0	0	0	0	3	0	0	0	0	0	0	1	0	2	0	0	0
19a89ed18854cbc310a3e5f9aa23e16c	0	0	0	0	0	0	3	0	0	0	0	4	0	1	2	0	0	0	0	0	0	0	0	0	0	0	1	0	0	0
26aad08b7f7c40a17252bff93f4af695	0	0	0	0	0	0	3	0	0	0	0	0	0	0	0	0	0	0	0	0	0	0	0	16	0	0	0	17	0	0
41a5a1a5b56955540dd1d586e20a53e0	0	0	0	0	0	0	3	1	0	0	0	0	0	0	2	2	0	3	0	0	0	0	0	0	0	0	0	0	0	0
d16669e1f8b413f039ddb0e4d855bcd4	0	0	0	0	0	0	3	0	0	0	0	3	0	0	0	0	0	6	5	0	94	0	0	8	0	0	0	10	0	0
075761f12bde18c5ea085b6ede318bec	0	0	0	0	0	0	3	0	0	8	1	2	7	0	2	5	0	0	1	0	2	0	0	1	0	18	5	3	10	6
5fa473c8290420fa86090bb400f3bf9c	0	0	0	0	0	0	2	0	0	3	0	5	5	0	2	8	0	0	0	0	0	0	0	0	0	0	0	0	2	0
b201e7d1eb330f050944e5e76de4020b	0	0	0	0	0	0	2	0	0	0	0	0	22	0	1	0	0	0	0	0	0	0	0	0	0	0	0	0	0	0
b45187c12afa33826e45e04a6e4a0eb4	0	0	0	0	0	0	2	1	0	0	2	0	0	0	2	1	0	1	0	0	0	0	0	0	2	0	0	0	0	0
136f334ad867b6c121be8793500d5e50	0	0	0	0	0	0	2	0	0	0	0	0	0	0	0	2	0	7	0	0	0	0	0	1	0	0	0	3	3	0
1ddf089a67425dfdd813ae38a997ec51	0	0	0	0	0	0	2	1	0	1	0	0	7	0	6	0	0	0	0	0	0	0	0	1	0	0	0	1	0	0
105c40f1b8ad3c79d2f8a2470a703b4e	0	0	0	0	0	0	2	2	0	0	0	0	0	0	2	3	0	0	0	0	0	0	0	0	0	0	1	0	0	0
62bc6bbd1d9b6c9e28136ec2e903f8db	0	0	0	0	0	0	2	2	0	2	0	2	1	0	1	1	0	0	0	0	0	0	0	0	0	0	0	0	0	0
6c478ffaf43e644e8dcd1af3de683d60	0	0	0	0	0	0	2	0	0	0	0	0	6	0	0	9	0	0	0	0	0	0	0	1	0	0	0	0	5	0
557172d48df2af1639abf769ee5a6ac6	0	0	0	0	0	0	2	0	0	0	0	0	0	0	2	0	0	0	0	0	0	0	0	0	0	0	0	0	60	0
39d88e5bd1b1a2485ad5c96ac731381a	0	0	0	0	0	0	2	0	0	6	0	13	0	0	34	0	0	0	0	0	0	0	0	0	0	12	0	13	16	0
f8d4c6a8a53d95d49bd6d0a2cf405eb4	0	0	0	0	0	0	2	1	0	0	0	0	1	1	2	4	0	0	0	0	0	0	0	0	0	0	0	0	0	1
f416729832f1073c8e22f45c3ba20fde	0	0	0	0	0	0	2	0	1	4	0	47	0	0	6	1	0	9	0	0	0	0	0	0	0	0	0	0	3	1
a07e3937c4fcc055a261dedafcbf2c2b	0	0	0	0	0	0	2	0	1	0	0	0	0	0	6	1	0	0	0	0	0	0	0	0	0	0	0	0	0	1
2b90c7321a99816795250b19a01c1dc9	0	0	0	0	0	0	2	0	0	0	0	0	0	0	4	0	0	0	0	0	8	0	0	4	0	0	0	5	1	1
3f18992193792533a7c99168ae12210e	0	0	0	0	0	0	2	0	0	0	0	0	0	0	3	0	0	1	0	0	0	0	0	3	0	0	0	2	0	0
d80a6e06480f73a7ff74556fa49c5f0d	0	0	0	0	0	0	2	1	0	0	0	0	0	0	8	0	0	0	0	0	0	0	0	0	0	0	0	0	0	1
f3d74df785c05f584ba0fbf79d93c8bb	0	0	0	0	0	0	2	0	0	0	0	1	0	0	5	12	0	0	0	0	0	0	0	1	0	0	0	0	0	0
99f6ed5e1a1abc097ebea4b891da3d2b	0	0	0	0	0	0	2	0	0	1	0	4	0	0	0	2	0	0	0	0	0	0	0	5	0	0	2	10	0	3
0604eab7e98dc0b9ba91d8a584b6551b	0	0	0	0	0	0	2	0	0	0	0	0	0	0	0	1	0	0	0	0	0	0	0	0	0	0	0	2	9	3
fea1ce583daeb6aee2c8cb9e5ceaa811	0	0	0	0	0	0	2	1	0	2	1	0	0	0	1	1	0	0	0	0	0	0	0	1	1	0	0	0	1	0
8697150da32c12981d52f72a41fd517c	0	0	0	0	0	0	2	1	1	1	0	0	4	1	0	2	0	7	0	0	0	0	0	0	0	0	0	3	0	1
2c51ef0f25f1ac91bbb535ca0ca53f8c	0	0	0	0	0	0	2	0	0	5	0	2	2	0	1	1	0	1	0	0	0	0	0	1	0	1	0	4	3	0
838b4a9276943c9c56b3b6f96bafc759	0	0	0	0	0	0	2	11	0	0	0	0	1	1	0	0	0	0	0	0	0	0	0	0	0	0	0	2	0	0
982000fe23f56925df7a5610cd01ac09	0	0	0	0	0	0	2	0	0	0	0	0	0	0	5	0	0	0	0	0	0	0	0	0	0	0	0	0	0	3
4c1413a6f870d8fad50779fe2a709ab3	0	0	0	0	0	0	2	0	0	0	0	0	0	0	0	9	0	0	0	0	0	0	0	0	0	0	0	0	0	1
0abec2bf057f6eb3e83b9f8f73c75760	0	0	0	0	0	0	2	0	0	0	0	0	4	0	2	2	1	0	0	0	0	0	0	0	0	0	0	0	0	0
17ef5398aef7d8dfb85a4d4a2b6668db	0	0	0	0	0	0	2	9	3	0	0	0	0	0	0	0	0	7	0	0	0	0	0	2	0	0	0	0	0	0
ca6141c17bb692fba579f950bb00cf54	0	0	0	0	0	0	2	0	0	2	0	0	21	0	4	3	0	0	0	0	0	0	0	0	0	0	0	4	0	1
675b33ff7844948366d3770035cedbeb	0	0	0	0	0	0	2	16	32	34	14	8	0	0	1	0	6	44	0	0	0	0	0	0	130	68	0	4	4	0
b81d2def57bef98a2e1f23b5850090d3	0	0	0	0	0	0	2	0	0	0	0	0	0	0	0	11	0	0	0	0	0	0	0	0	0	0	0	0	0	1
0c00c418678e58e1f6691ba974c78c88	0	0	0	0	0	0	2	0	0	0	0	3	1	0	0	3	0	0	0	0	2	0	0	0	0	0	0	1	0	0
593b2be6b6459b53b08cb7e60dec7351	0	0	0	0	0	0	2	1	3	1	0	0	0	0	0	2	0	4	0	0	0	0	0	1	2	0	0	0	0	0
3198ab650f9eec2065dde7514a9946c9	0	0	0	0	0	0	2	0	4	0	1	0	0	0	0	1	0	0	0	0	0	0	0	0	1	0	0	0	1	0
896c7de0ce3b4ee8160e5b0039b264d2	0	0	0	0	0	0	2	0	11	5	10	7	4	0	1	0	0	4	0	0	0	0	0	0	6	0	2	5	7	1
a6a9c4fbe8562752912220e243e6694e	0	0	0	0	0	0	2	0	0	0	0	0	0	0	0	0	0	0	13	0	8	0	0	0	0	0	2	0	0	0
8f1aa9fffb30511978d33a4eeb66a55e	0	0	0	0	0	0	2	0	0	0	0	0	1	4	0	0	0	3	0	0	0	0	0	0	1	0	0	1	0	2
e443876e49054b5e7b812cdb8a6d1e3b	0	0	0	0	0	0	2	4	0	0	0	0	0	5	1	1	0	0	0	0	0	0	0	0	0	0	0	0	0	0
fa664ae587f760aad45200de1e7b4192	0	0	0	0	0	0	2	3	0	0	1	0	1	0	0	5	0	0	0	0	0	0	0	0	0	0	1	0	0	0
b159a6a6abaea197e576605932e7ee14	0	0	0	0	0	0	2	5	0	0	0	0	2	6	2	0	0	1	0	0	0	0	0	1	5	0	2	0	0	0
d12fa79d3c1f093c5a5b6e03d1bf90ec	0	0	0	0	0	0	2	1	0	0	0	0	0	8	2	1	0	0	0	0	0	0	0	0	0	25	1	0	0	1
d0d055c9d0df9f7d4aec538a3c3cb796	0	0	0	0	0	0	2	0	0	16	0	6	5	0	0	0	0	0	0	0	0	0	0	2	0	0	5	9	11	7
9b9750a675920088717c89c21e999584	0	0	0	0	0	0	2	1	0	5	0	1	0	0	0	2	0	4	0	0	3	0	0	1	0	0	0	0	2	0
1acebce703316a9bd57654138dd61827	0	0	0	0	0	0	2	0	0	0	0	0	4	0	0	0	0	0	0	0	0	0	0	0	0	0	0	0	0	6
986ce09b85408958e81d8c7eb41775dc	0	0	0	0	0	0	2	2	0	0	0	0	0	0	1	4	0	0	0	0	0	0	0	0	0	0	0	0	0	1
6c3adaa5bd3c662e4c026837c59dc402	0	0	0	0	0	0	2	3	1	0	0	0	0	0	3	18	1	0	0	0	0	0	0	0	0	0	0	0	0	0
e407e636cca45f0cf70c4d3bd98d85a0	0	0	0	0	0	0	2	8	0	0	0	4	0	0	0	0	0	1	0	0	0	0	0	1	1	0	2	1	8	2
d1e70726c62435cba1e66e639a30a56a	0	0	0	0	0	0	2	4	0	1	3	3	4	4	2	2	0	7	0	0	1	0	0	0	1	1	0	0	0	1
180122fa06aec5c4d1f2847bf840fb5a	0	0	0	0	0	0	2	0	0	0	0	0	0	0	1	1	0	0	0	0	0	0	0	1	0	0	3	2	0	0
53a0a055c1c9f42cceef285b029c50e5	0	0	0	0	0	0	2	0	0	0	0	0	0	0	1	0	0	2	0	0	0	0	0	0	7	0	0	0	0	1
4ec54450eb7595cb515958fd0b744c85	0	0	0	0	0	0	2	0	0	0	0	0	0	1	5	3	0	0	0	0	1	0	0	0	0	0	0	0	0	1
3ac9c32b9da348bff0c30b97098df255	0	0	0	0	0	0	2	0	0	0	1	2	1	0	0	4	0	4	0	0	0	0	0	0	0	0	0	0	1	0
9a99cb0460996588f183f7183ea31200	0	0	0	0	0	0	2	0	0	5	0	0	0	0	1	1	0	0	0	0	0	0	0	0	0	0	0	6	1	1
2525dac419d9d0e0caddc5c21ecbdd4d	0	0	0	0	0	0	2	0	0	0	0	1	15	0	1	1	0	0	0	0	0	0	0	0	0	3	0	0	0	0
06150871540a3c0b34ed747796567144	0	0	0	0	0	0	2	0	0	1	1	1	0	0	0	0	0	4	1	0	1	0	0	2	0	0	0	0	0	0
cfcebef7fce0c3f9e74c96dd7f24883c	0	0	0	0	0	0	2	0	0	0	1	0	0	0	0	0	0	1	0	0	0	0	0	0	1	5	2	2	0	0
f223ebc3e52c338dbb6d14f1bc7886e0	0	0	0	0	0	0	2	0	0	0	0	7	0	0	0	0	0	0	0	0	0	0	0	0	0	0	0	0	0	1
811c702068b7c131c42b2b7aefa58faa	0	0	0	0	0	0	2	0	0	3	0	7	1	0	0	0	0	0	0	0	0	0	0	0	0	0	0	0	0	0
6e53a14f335644d0554252bce699480b	0	0	0	0	0	0	2	0	0	3	0	0	4	0	3	2	0	0	0	0	0	0	0	0	11	0	1	0	2	0
c9fe2f7690f801cedfdd5e28153e8a6b	0	0	0	0	0	0	2	0	0	0	0	0	0	0	0	2	0	0	0	0	0	0	0	0	0	0	31	0	1	36
e724af6604bac9114ea893652c3a1f80	0	0	0	0	0	0	2	0	0	0	0	7	0	0	2	0	0	0	0	0	0	0	0	0	0	0	0	0	0	0
7ccd87a1d8d3de9a1a4090cea8c22f3c	0	0	0	0	0	0	2	1	2	5	6	18	0	0	2	3	0	34	1	0	1	0	0	4	1	0	0	14	1	1
48127567f093374ded7c44f10abe5db7	0	0	0	0	0	0	2	0	2	2	0	0	1	1	2	2	0	1	0	0	0	5	3	0	0	0	0	4	0	0
b51137b5992cf7d8187bd07ca6d6f7b7	0	0	0	0	0	0	2	0	0	0	0	7	0	0	1	0	0	0	0	0	0	0	0	0	0	0	0	0	3	0
ebfe9f19a96819db886394439959cac4	0	0	0	0	0	0	2	0	0	0	0	2	1	0	3	5	0	0	0	0	0	0	0	0	0	0	0	3	0	0
cf8809b24f4c6b7473c1f62c2f65930a	0	0	0	0	0	0	2	1	0	0	0	0	0	0	3	0	0	0	0	0	0	0	0	0	0	0	0	1	1	2
48d3df1c8c87428a5ef19a3ea0a4c6d1	0	0	0	0	0	0	2	5	5	0	0	1	0	4	1	5	0	15	1	0	8	0	0	6	1	0	0	7	2	3
1cc0711409fee20c1607e40fe510deed	0	0	0	0	0	0	2	1	0	0	0	0	1	0	1	2	0	0	0	0	0	0	0	0	0	0	0	4	1	2
9cf0ae4ee77311d89e538d4615121ae2	0	0	0	0	0	0	2	0	0	12	0	0	0	0	1	3	0	0	0	0	0	0	0	0	0	0	0	0	0	0
66f3ee36ad44bb4742f5de90caa393fd	0	0	0	0	0	0	2	0	3	1	2	0	0	0	6	1	0	0	0	0	0	0	0	0	0	0	0	0	1	0
00232079bac716cf141f656c66b14363	0	0	0	0	0	0	2	0	0	0	0	0	0	0	0	0	0	0	0	0	0	0	0	2	0	0	17	0	0	6
04a28828a0f378a61415fbfafa91db0c	0	0	0	0	0	0	2	0	0	1	0	0	2	0	0	0	0	1	0	0	0	0	0	0	0	0	3	1	0	5
71bf34efbede995b8b32a90af9bef799	0	0	0	0	0	0	2	0	0	2	0	1	0	1	0	3	0	0	0	0	0	0	0	0	0	0	0	0	0	1
ea3ebbe45ee7ca5ae50ee70f2e1f391e	0	0	0	0	0	0	2	0	1	0	0	2	0	0	1	1	0	0	0	0	2	0	0	0	71	3	1	5	0	1
b902c66f1a20e404a0ba699c978e62ab	0	0	0	0	0	0	2	0	0	0	0	0	0	0	0	0	0	0	6	0	20	0	0	0	0	0	0	4	0	3
4b44c2ab9d5b6f3f7ed5ace96d141ec8	0	0	0	0	0	0	2	0	1	2	0	0	0	0	1	2	0	0	0	0	0	0	0	0	0	0	2	1	1	2
4732ac92198279283fe8b11d88e12c77	0	0	0	0	0	0	2	0	5	1	2	0	0	3	0	2	0	9	0	0	0	0	0	0	0	4	0	0	0	0
bce061c771b2ff52fa4a21baf3a54903	0	0	0	0	0	0	2	0	0	1	0	0	0	0	0	2	0	1	5	0	7	0	0	12	0	0	2	21	0	0
754c7b70e2c315ccfa94d6bbf1c795eb	0	0	0	0	0	0	1	3	0	5	0	1	0	0	4	0	0	0	0	0	0	0	0	0	1	0	2	4	4	0
12f501e65d996e800c9611e381c1d1ea	0	0	0	0	0	0	1	0	0	0	0	0	0	0	0	0	13	0	0	0	0	0	0	0	0	0	0	0	0	0
a9a3a0048ae797fedb28b3b40c994c7d	0	0	0	0	0	0	1	1	0	0	0	0	2	1	0	0	2	0	0	12	0	0	0	0	0	0	1	0	0	1
3460ff2a1a4d40974f748f8c0460b9fe	0	0	0	0	0	0	1	0	0	0	0	0	10	0	0	0	0	0	0	0	0	0	0	0	0	0	0	0	0	0
c569706f6cded19aa512ec1aa9013388	0	0	0	0	0	0	1	0	0	21	0	1	0	0	1	7	0	1	0	0	0	0	0	0	0	0	0	0	0	0
ff19a039cde7ecbf754c7a27c64d2212	0	0	0	0	0	0	1	0	0	0	0	0	0	0	0	0	0	0	0	0	0	0	0	0	0	0	0	0	7	2
56ca92bab7e58a4f87a69e37f127aa25	0	0	0	0	0	0	1	1	2	0	1	0	0	0	3	2	0	0	0	0	1	0	0	0	1	2	0	0	0	0
fe68ad5119cd366581815eee2bf0e46c	0	0	0	0	0	0	1	3	0	0	0	0	0	9	0	1	0	0	0	0	0	0	0	0	0	0	0	3	0	0
559e2eafb88c0c16b624b8f045100844	0	0	0	0	0	0	1	0	0	2	0	2	0	0	0	1	0	0	0	0	0	0	0	0	0	0	3	1	3	9
83273c2dfffdce05704fe428b8b6621d	0	0	0	0	0	0	1	1	2	0	0	2	0	0	4	16	0	0	0	0	0	0	0	0	0	0	1	3	0	1
e47e3cc6eca35535a65e13c125ecbed0	0	0	0	0	0	0	1	0	1	0	0	4	1	0	0	0	2	0	0	0	0	0	0	1	0	0	0	2	0	0
9a338033d087d0915629cdd7bc6a52d5	0	0	0	0	0	0	1	0	0	0	0	1	0	0	1	1	0	0	2	0	2	0	0	0	1	0	3	0	0	8
9da1b75c8692284abf449d02be50b4c5	0	0	0	0	0	0	1	0	0	0	0	0	0	0	0	1	0	0	0	0	0	0	0	1	1	0	0	0	4	3
7659b2b1570816a35cd5e63198b6c02e	0	0	0	0	0	0	1	0	0	0	0	0	0	0	1	0	0	0	0	0	0	0	0	0	0	0	0	0	1	10
a0092bb12883e93a2a63466aeac2fa6f	0	0	0	0	0	0	1	0	0	0	0	0	0	0	0	0	0	0	7	0	5	0	0	0	0	0	3	1	0	0
4a275a0cbd7a4b20ec9f0df3faa33b56	0	0	0	0	0	0	1	0	0	0	0	0	0	0	8	0	0	37	10	0	31	0	0	0	0	0	0	5	0	0
44c9c16b5112ab03109889181409644d	0	0	0	0	0	0	1	0	0	2	0	0	0	0	0	0	0	0	0	0	0	0	0	0	0	0	0	6	2	1
73589f033fe515052666e8cdd7fbc287	0	0	0	0	0	0	1	0	1	1	1	0	0	0	1	3	0	35	1	0	0	0	0	0	0	0	0	2	0	0
69cc6bc8a4da25456c4796cd42a12d9d	0	0	0	0	0	0	1	0	0	0	0	0	0	0	3	0	0	0	0	0	0	0	0	0	0	0	1	0	4	22
489bf42cb3f2297439ce4842e780c9e0	0	0	0	0	0	0	1	0	0	0	0	0	0	0	0	0	0	0	0	0	4	0	0	0	0	0	0	1	0	4
d6c4c5ab22fe5a09f5ff109a477d9834	0	0	0	0	0	0	1	0	0	2	0	4	3	0	0	0	0	13	0	0	1	0	0	0	0	0	0	2	1	0
c8fb2c328c04f3f529190584d5f81cea	0	0	0	0	0	0	1	0	0	0	0	0	0	0	1	0	0	0	0	0	0	0	0	0	0	19	0	0	0	0
87dff92d6ed98066c4cd7813530e9062	0	0	0	0	0	0	1	0	0	4	0	2	7	0	4	4	1	0	0	0	0	0	0	0	0	0	0	0	0	0
f621025511bb4ed6e1eadaf0dbb19939	0	0	0	0	0	0	1	0	1	16	0	1	0	0	0	15	0	0	0	0	0	0	0	1	0	0	0	10	0	0
6c22929f88698bf1d45f0e189758e598	0	0	0	0	0	0	1	3	3	0	2	1	0	0	5	7	0	6	0	0	0	0	0	0	0	0	0	0	0	0
5106e06af2fe7440fc529aa4231c1fc7	0	0	0	0	0	0	1	0	0	0	0	0	0	0	0	0	0	0	22	0	14	0	0	12	0	0	0	4	0	0
7cbc811c07a4ac078d3af7063cca36cf	0	0	0	0	0	0	1	0	0	1	0	0	0	0	0	1	0	8	0	0	0	0	0	0	0	3	1	3	0	0
ff3c64fc4628b4e2b186c13004be388b	0	0	0	0	0	0	1	0	1	0	0	2	0	0	8	0	2	0	0	0	0	0	0	0	0	0	0	0	0	2
8ed8d627e5c296007e7a5e20773d66ca	0	0	0	0	0	0	1	0	0	0	0	0	0	0	0	0	0	1	45	0	16	0	0	40	0	0	67	21	0	27
6719773b3f0633b0c18a1542852428fe	0	0	0	0	0	0	1	1	0	0	1	0	0	0	1	1	0	3	0	0	0	0	0	0	0	0	1	1	0	3
c283e9ad6c85171c555f146aad74f579	0	0	0	0	0	0	1	0	1	0	0	0	1	0	0	19	0	0	0	0	0	0	0	0	0	0	0	0	0	1
e78a37be5a6b7afcadb2603a1e9d4ac8	0	0	0	0	0	0	1	0	0	4	0	2	8	0	2	34	0	0	0	0	0	0	0	0	0	0	0	0	0	0
474253ff7b6c061c366eddad0c6e5bd3	0	0	0	0	0	0	1	0	0	0	0	6	0	0	2	0	0	0	0	0	0	0	0	0	0	0	1	2	0	3
9603f68241a9b5c9532d37867d5820f8	0	0	0	0	0	0	1	0	0	0	0	0	0	0	0	33	0	0	0	0	0	0	0	0	0	0	0	0	0	0
1b0a2162ee487a77211de7bc746a9376	0	0	0	0	0	0	1	0	0	0	0	0	2	0	0	2	0	0	0	0	0	0	0	0	0	0	0	3	1	2
dd2584057d1ced80a6296748f6d1dbe5	0	0	0	0	0	0	1	0	0	0	0	0	10	0	2	2	0	0	0	0	0	0	0	0	0	0	0	0	0	0
f4f2b6037178531b0451350657ad86ff	0	0	0	0	0	0	1	0	0	1	0	0	0	0	0	0	0	0	0	0	0	0	0	0	0	0	3	0	2	8
e751e468e2a6174c6d23bb0998adf469	0	0	0	0	0	0	1	0	0	0	0	1	0	0	0	0	0	22	0	0	0	0	1	0	0	0	0	0	1	0
fdbe44d90975e9665c7dc7e594aaed4a	0	0	0	0	0	0	1	0	0	4	0	7	0	0	0	0	0	2	0	0	0	0	0	1	0	0	0	2	1	3
811db86cd5f48d9afa88abc0b991f0bf	0	0	0	0	0	0	1	0	0	0	0	0	1	2	0	2	0	0	0	0	3	0	0	0	0	1	0	0	3	0
833a92cec1f39add023967296462d4d4	0	0	0	0	0	0	1	0	2	1	0	0	8	0	0	0	0	0	0	0	0	0	0	0	0	0	0	4	0	0
dda32598524f4b04aada4c64f2d9ffbc	0	0	0	0	0	0	1	0	0	0	0	0	1	0	0	6	0	0	0	0	0	0	0	0	0	0	1	1	0	1
8e746f5ec4be761bdda68e2960e9f470	0	0	0	0	0	0	1	3	0	0	0	0	0	0	0	5	0	0	0	0	0	0	0	0	0	0	0	0	0	1
ccacd9605d3e691865e5bc99235729e9	0	0	0	0	0	0	1	0	0	10	1	0	0	0	0	0	0	0	0	0	0	0	0	0	0	0	2	0	7	0
4d51c965e2ab51372c6bd9880068d9ba	0	0	0	0	0	0	1	17	0	0	0	0	0	0	0	2	1	0	0	0	2	0	0	0	0	0	1	0	0	2
6323ce120f6d82d3c3019fd567c53980	0	0	0	0	0	0	1	0	0	0	1	0	0	0	5	2	0	0	0	0	0	0	0	2	0	0	3	1	2	19
c4c34ceab5f3c0ebe4d8fb4609b3558d	0	0	0	0	0	0	1	0	0	2	0	10	0	0	0	0	0	0	0	0	0	0	0	2	0	0	0	0	0	0
d1cbdf8453f539b6c9a0555250f2b3db	0	0	0	0	0	0	1	11	0	1	0	0	0	0	1	1	0	2	0	0	0	0	0	0	0	0	0	1	0	0
7648b46262390fd031157e6d30d75d8e	0	0	0	0	0	0	1	0	0	0	0	0	0	3	4	0	0	0	0	0	0	0	0	2	0	0	0	0	0	0
9696921c9a0af685cd56e5071649efe6	0	0	0	0	0	0	1	3	0	0	0	0	0	0	1	1	0	1	0	0	0	0	0	1	0	0	0	1	2	0
cbf0f1e632b778e3eb30cea6d9c486ec	0	0	0	0	0	0	1	0	0	0	0	0	0	0	0	0	1	0	0	0	0	0	0	0	0	0	6	0	0	3
bf07d6d69b662eadcb3a4c018a35a679	0	0	0	0	0	0	1	0	0	0	0	2	0	0	2	19	0	0	2	0	0	0	0	0	0	0	0	0	0	0
a11aea8dcb452b5b2eb6cdb9a7e2c404	0	0	0	0	0	0	1	0	4	1	0	0	0	0	2	0	0	1	0	0	0	0	0	0	0	0	0	0	0	1
5f1950a5ab4628adf271301ff4023694	0	0	0	0	0	0	1	0	0	2	0	3	17	0	0	2	0	0	0	0	0	0	0	1	0	0	0	6	0	0
6ac0495d7c381a38c765091b8ef47c2c	0	0	0	0	0	0	1	0	0	0	0	0	1	0	0	0	0	0	0	0	0	0	0	0	0	0	0	0	1	9
3a29b77e24aa438152a147646915e679	0	0	0	0	0	0	1	0	0	1	0	0	3	0	3	0	1	0	0	0	0	0	0	0	0	0	0	3	2	0
f79336f475685724e9f7f4f93b970c99	0	0	0	0	0	0	1	0	1	0	0	0	13	0	5	4	0	1	0	0	2	0	0	0	0	1	1	3	0	0
85dae941247a6c8962c4a6286d29f149	0	0	0	0	0	0	1	0	0	0	4	0	0	0	1	7	0	0	0	0	0	0	0	0	1	44	0	1	0	0
ac38ede0371825e9b0b15e26d79346d7	0	0	0	0	0	0	1	0	0	0	0	0	0	0	0	0	0	0	0	0	1	0	0	1	0	0	7	1	9	4
981321d889bfadfd0bdf841c89c3c99d	0	0	0	0	0	0	1	0	0	0	0	0	0	0	0	0	0	0	0	0	0	0	0	0	0	0	0	0	12	0
5d296b765a37a441805b04a572454c39	0	0	0	0	0	0	1	1	0	0	0	0	0	10	0	3	0	0	0	0	0	0	0	0	0	0	0	1	0	2
9c50d57dc8aa4f68462dbeb3e66e1a4e	0	0	0	0	0	0	1	1	0	0	0	1	1	5	0	1	0	0	0	0	2	0	0	2	0	0	1	2	0	0
86df1cc05691571e5827fff46999bab9	0	0	0	0	0	0	1	1	0	0	0	0	0	0	0	0	0	1	4	0	3	0	0	2	2	0	6	0	0	5
895df91d29752fd903908ebb4a03cc20	0	0	0	0	0	0	1	0	0	0	0	0	0	0	5	1	0	0	0	0	0	0	0	0	0	0	0	2	0	1
ac4f690be06b9e09006584629f5d00c3	0	0	0	0	0	0	1	0	0	0	0	3	0	0	0	0	0	1	254	0	187	0	0	342	0	0	142	204	0	68
f7151e67ed6ba542f867f0455d3c38c8	0	0	0	0	0	0	1	2	1	2	2	3	0	0	2	0	0	0	0	0	0	0	0	1	0	0	0	3	0	2
7e7c171941261693534b02e8b39f936d	0	0	0	0	0	0	1	0	0	0	0	0	0	0	0	0	0	0	0	0	0	0	0	0	0	0	9	0	0	9
2b760cb0d2fefa1574d074b92239d63c	0	0	0	0	0	0	1	3	0	3	3	9	0	0	1	5	0	0	3	0	2	0	0	6	0	0	6	10	6	6
1a66689206199c5a7344846806ace734	0	0	0	0	0	0	1	0	0	0	0	0	0	0	1	0	0	0	0	0	0	1	0	0	0	0	11	0	3	7
220bb6322861a83f5788dbd6116050fe	0	0	0	0	0	0	1	0	1	0	0	4	0	0	1	0	0	0	0	0	0	0	0	1	0	0	1	1	8	0
03ed4eb42c2ebd490c6d13ab5e7d9602	0	0	0	0	0	0	1	0	3	0	0	1	1	0	1	4	0	0	0	0	0	0	0	0	0	0	0	2	0	0
6cfc4449e502e4a15b1464d74f0604f8	0	0	0	0	0	0	1	0	3	1	0	0	0	1	0	0	0	1	1	1	0	1	1	0	2	0	3	1	1	0
80dc2214bc26b653a198b76f33e528fc	0	0	0	0	0	0	1	1	0	0	0	1	19	0	2	0	0	0	0	0	0	0	0	0	0	0	0	7	0	1
238ea5d9bff0ac05de5df2d4017599af	0	0	0	0	0	0	1	4	0	0	0	0	0	12	0	0	0	0	0	0	0	0	0	0	0	0	0	0	0	1
2a675a51ee057321c932e183f18963bb	0	0	0	0	0	0	1	2	1	3	0	7	46	0	0	0	0	2	1	0	2	0	0	0	1	0	0	9	0	1
cf9970b36ac6e537e06ef45277fd9d10	0	0	0	0	0	0	1	6	0	0	0	0	0	0	6	3	0	4	0	0	0	0	0	0	0	0	0	1	0	0
8bf7bd4daee1a13d48edaa8a6da0a58e	0	0	0	0	0	0	1	0	0	1	0	0	0	0	0	0	0	0	9	0	3	0	0	2	1	0	12	0	0	3
7a7ea7844ba815cbdb9e4899ae589729	0	0	0	0	0	0	1	7	0	0	0	0	0	0	7	1	0	0	0	0	0	0	0	0	0	0	0	1	1	0
acf85f838aea4ae7e3c1932c96714da3	0	0	0	0	0	0	1	0	0	0	0	1	3	0	2	1	0	0	0	0	0	0	0	0	0	0	0	3	0	1
35c1f4f95e11ba361114b5a0935e3222	0	0	0	0	0	0	1	0	0	1	0	6	0	0	0	0	0	0	2	0	12	0	0	2	0	0	1	16	0	1
752a4c80f89d9ce77c12f6df3491c2e6	0	0	0	0	0	0	1	0	0	0	0	0	1	0	6	16	0	0	0	0	0	0	0	0	0	0	0	0	0	1
9ab898a0ee89ddebd08ea65a98c8f165	0	0	0	0	0	0	1	0	0	0	0	0	0	0	1	0	0	0	0	0	0	0	0	0	0	17	0	0	13	0
d45dedb70117e4e63c0f7c56e233fdd4	0	0	0	0	0	0	1	0	0	0	0	0	24	0	0	0	0	0	0	0	0	0	0	0	0	0	0	0	0	0
e1d926f97781a2fc7104855d22bb09e4	0	0	0	0	0	0	1	0	0	6	0	0	0	0	0	1	0	6	0	0	0	0	0	0	0	0	1	0	0	0
f57bb6912d9adc10ef85af283b53a5f4	0	0	0	0	0	0	1	0	0	0	0	0	0	0	0	10	0	0	0	0	0	0	0	0	0	0	0	0	0	0
d729c9b5f85fc1407d13ded1405ee7db	0	0	0	0	0	0	1	2	0	0	0	0	0	0	1	0	0	1	0	0	1	0	0	0	0	0	6	1	5	4
fdd3fc7cfe7d0b303d62b1646a108811	0	0	0	0	0	0	1	3	0	0	0	0	0	5	0	0	0	0	0	0	0	0	0	0	0	0	0	4	0	0
ceaff25fa30881985f31d681deebf969	0	0	0	0	0	0	1	2	0	0	3	0	0	0	4	0	0	0	0	0	0	0	0	0	0	0	0	0	0	0
ec31484fb055415fd1411461965083c9	0	0	0	0	0	0	1	2	0	8	0	4	1	0	3	2	0	2	0	0	0	0	0	0	0	1	1	2	7	0
30c8b2e580442cc51bd11ec135abcf23	0	0	0	0	0	0	1	3	0	5	2	0	2	0	20	11	0	9	2	0	0	0	0	0	1	0	2	16	5	2
673a9464baf3cae9e5c5cd986e1d79cf	0	0	0	0	0	0	1	1	0	0	0	0	0	2	0	0	0	0	0	0	0	0	0	0	0	6	0	0	1	0
7383877e1818707acd910843f3a18a9c	0	0	0	0	0	0	1	0	0	1	1	0	1	0	0	17	0	0	0	0	0	0	0	0	0	0	0	4	0	0
519cf6d4e127ceb910936cd300283f7e	0	0	0	0	0	0	1	0	0	0	0	0	0	0	0	0	0	0	1	0	1	0	0	3	0	0	46	1	0	29
5d7465ba918d2f477b75ad01dbfd6645	0	0	0	0	0	0	1	2	0	0	0	0	0	0	36	10	0	1	0	0	0	0	0	2	0	0	0	0	0	0
592be56b654e125ccde81063fa56718f	0	0	0	0	0	0	1	0	0	0	0	0	0	0	0	0	0	0	0	0	0	0	0	0	0	0	0	0	0	15
2255f5b8fe541290b692597985970cd1	0	0	0	0	0	0	1	0	0	0	0	2	0	0	0	2	0	3	0	0	0	0	0	0	0	0	0	0	1	1
92d07b6c996ed72505a026953de35603	0	0	0	0	0	0	1	3	0	2	1	0	2	0	2	7	0	0	0	0	0	0	0	0	0	0	0	1	3	2
237b1a19d3b5abda4a0ef3350ea26b13	0	0	0	0	0	0	1	1	0	0	0	0	0	0	0	0	0	0	0	0	0	0	0	2	0	0	8	1	0	5
5f8eeba6c1ae1e4bf4f4d171b3968fae	0	0	0	0	0	0	1	3	0	1	0	1	2	0	2	2	0	0	0	0	0	0	0	0	1	0	0	0	4	3
994e3c5d2a61f76720d2dffe03b399d1	0	0	0	0	0	0	1	0	0	0	1	0	0	0	0	9	0	0	0	0	0	0	0	0	0	0	1	0	0	1
0267884eb8048e104cd8e37760be3075	0	0	0	0	0	0	1	0	0	0	0	0	0	1	34	4	0	0	0	0	0	0	0	0	0	0	0	0	0	0
c42b3afed98346cffea1dd5b32d60bba	0	0	0	0	0	0	1	0	0	0	0	0	0	0	7	0	0	0	0	0	0	0	0	1	0	0	1	2	0	2
028649ad087fd0b51784a7a787092cb7	0	0	0	0	0	0	1	0	1	0	0	1	0	0	0	0	0	5	0	0	0	0	0	0	1	0	0	0	1	2
f40c2acbd1f275cbcc9281915ee1d251	0	0	0	0	0	0	1	0	0	1	0	0	0	2	2	3	0	0	0	0	0	0	0	0	0	0	0	2	0	0
836343a1643c0b2bf5e6057caf2f06cd	0	0	0	0	0	0	1	0	0	0	1	0	0	0	0	2	0	1	0	0	0	0	0	0	13	0	0	0	0	0
1da82ac9612aa348f04e086af32d2b3b	0	0	0	0	0	0	1	10	2	0	0	6	0	0	0	0	0	0	0	0	0	0	0	1	0	0	0	0	0	0
1699f01e5f3ba1d576e06cd5b4209ac8	0	0	0	0	0	0	1	13	0	0	6	0	0	2	2	4	0	1	0	0	0	0	0	0	0	0	3	1	0	1
c3fc6d455f4d9e2cd69f9c4149643b7c	0	0	0	0	0	0	1	0	0	0	0	0	0	0	1	11	0	2	0	0	0	0	0	0	0	0	0	0	0	0
8c305adb5c843cd67c5e030febfacbbf	0	0	0	0	0	0	1	0	2	0	4	1	1	1	1	6	0	2	0	0	0	0	0	0	22	0	0	3	0	0
e9109321d7bf4aa450a0b4e561d9e9c3	0	0	0	0	0	0	1	0	0	0	0	0	1	0	0	0	0	0	0	0	0	0	0	0	0	0	2	1	1	40
ec7eab4f0799dfe137cb370bff846da5	0	0	0	0	0	0	1	0	0	0	0	0	0	0	0	0	0	0	0	0	0	0	0	0	0	20	0	0	0	0
c6fbd85fd55ce63729d2896d7980bb5d	0	0	0	0	0	0	1	0	0	0	0	1	0	1	0	1	0	0	0	0	3	0	0	2	0	0	1	1	0	2
c55574e1d54b98c9441a8a47bbe996cc	0	0	0	0	0	0	1	0	0	0	1	5	0	0	0	0	0	4	0	0	2	0	0	1	0	0	0	2	1	0
697d2178e281651d757fd5afda1aca6e	0	0	0	0	0	0	1	0	0	0	1	1	1	0	4	2	0	0	0	0	0	0	0	0	0	0	0	0	4	0
a8df19b4b4c3dc3ffe2d95f06a0c3c18	0	0	0	0	0	0	1	0	0	0	0	0	0	0	2	0	0	0	2	0	17	0	0	0	0	0	0	0	0	7
d791716b685e99a3ed7e35ae543b2f1f	0	0	0	0	0	0	1	0	2	0	0	0	0	0	4	3	0	6	0	0	0	0	0	0	0	8	0	0	0	1
9f33a862f65cbc91aa2e03b99a17c119	0	0	0	0	0	0	1	0	0	4	0	1	5	0	0	8	0	0	0	0	0	0	0	1	0	0	0	2	2	2
f0480ba2828f63278c0e3e86fa99d96d	0	0	0	0	0	0	1	1	0	0	0	0	0	0	9	0	0	0	0	0	0	0	0	1	0	0	0	0	0	0
3bfd4a0fa93ef69763cdf27ae6f2dfde	0	0	0	0	0	0	1	0	0	1	0	0	0	0	0	0	0	0	17	0	0	0	0	7	0	0	4	8	0	3
c07306e8abf81d9724e78e95afb6e846	0	0	0	0	0	0	1	0	0	2	0	0	0	0	0	1	0	0	0	0	0	0	0	0	0	0	2	1	0	5
5a69b31cabb383b2c9075ca741d6fd45	0	0	0	0	0	0	1	0	0	0	0	0	0	5	0	3	0	1	0	0	0	0	0	0	0	0	0	1	0	0
f025ebae649aa922f5b83c6d9bac4c85	0	0	0	0	0	0	1	0	0	0	0	0	21	0	0	0	0	0	0	0	0	0	0	0	0	0	0	0	0	0
f3b7e201186f0813ab2eecfeb73c84ec	0	0	0	0	0	0	1	0	0	2	5	2	1	0	0	0	0	0	0	0	0	0	0	0	0	0	0	6	0	0
648952025006ab53b9cc4303eb47af0b	0	0	0	0	0	0	1	0	1	5	4	19	0	3	0	0	0	0	0	0	0	0	0	1	59	66	0	4	0	0
2378f09cae34aa8b7fea57d97310f6ee	0	0	0	0	0	0	1	7	7	1	0	2	0	0	0	1	0	4	5	0	1	0	0	0	2	7	0	7	0	3
3dbdf2ea4a2bf3ed1c9ab3f32c122c0a	0	0	0	0	0	0	1	0	0	0	0	0	0	0	1	1	0	0	0	0	2	0	0	0	0	0	3	0	2	1
fb4f92fc11e1cdd371fd3dd288c5c1e2	0	0	0	0	0	0	1	1	0	0	0	0	0	1	0	0	0	11	0	0	0	0	0	0	0	0	3	1	2	0
2deac1a8173db82d7d508ce51d93a931	0	0	0	0	0	0	1	0	0	0	0	0	0	0	0	0	0	0	0	0	0	0	0	0	0	0	9	0	0	1
40c63fb15cd47be398966e78441b2689	0	0	0	0	0	0	1	1	0	3	0	0	0	0	1	0	0	7	0	0	0	0	0	0	0	0	0	1	0	0
19d9a8f0eccbf1ee3847897166dda3a9	0	0	0	0	0	0	1	0	0	1	0	2	1	0	1	0	0	1	0	0	2	0	0	4	0	1	8	5	6	9
4762d5ec955fba98d5f212727f9f8d75	0	0	0	0	0	0	1	0	0	0	0	4	0	0	0	0	0	0	235	0	117	0	0	163	0	0	54	114	0	27
dc8f58657993563d8bc53172c8adb80b	0	0	0	0	0	0	1	3	0	0	0	7	0	0	0	0	0	0	13	0	56	0	0	0	0	0	0	0	0	2
15f416ba1a993d19b1c3dcce33cf187d	0	0	0	0	0	0	1	0	0	2	0	0	0	0	0	1	0	2	0	0	0	0	0	0	2	1	0	0	0	2
62f0e88442988f72be6a02ef2d1d16f5	0	0	0	0	0	0	1	0	0	0	0	0	0	0	0	0	0	0	3	0	1	0	0	2	0	0	3	2	2	3
d86831fe00da443d992ef09b1170d89b	0	0	0	0	0	0	1	0	0	1	0	0	0	0	2	2	0	0	0	0	0	0	0	1	2	2	0	1	0	0
c50d30898260d38cb8de0e6c342b6ba4	0	0	0	0	0	0	1	0	0	0	0	0	0	0	4	0	0	0	0	0	0	0	0	0	0	4	0	1	0	0
5e82b82ae82cae585de25870daea3d0c	0	0	0	0	0	0	1	9	0	1	0	2	0	0	1	2	0	2	1	0	0	0	0	1	2	0	0	2	0	0
2643b972a7066afe58f9bd469c450a9d	0	0	0	0	0	0	1	0	0	2	0	0	0	1	1	0	0	5	1	0	3	0	0	0	0	0	0	1	0	0
1c6743a1b83eebeab1fe38072fd3c4f5	0	0	0	0	0	0	1	2	1	5	6	9	54	0	2	11	2	3	0	0	0	0	0	0	0	0	2	9	0	0
3edfe6615ea882e64b4c9aad90c434cf	0	0	0	0	0	0	1	3	0	1	1	0	0	0	0	0	0	5	0	0	0	0	0	0	1	0	0	0	1	0
eb2a11d9439254b1f9167c41884f4cc1	0	0	0	0	0	0	1	0	0	0	0	0	0	0	10	0	0	0	0	0	0	0	0	0	0	0	0	0	0	0
2e875a16e9e1db105113c24f2443aa74	0	0	0	0	0	0	1	3	0	0	0	2	0	0	0	0	0	0	1	0	1	0	0	1	0	0	0	4	0	0
2a20f8758b3cc8697a04e606c9631eb8	0	0	0	0	0	0	1	2	0	0	11	0	0	0	1	0	0	0	0	0	0	0	0	0	0	0	0	0	0	0
4bb87029057fa3c9d936d073ba1cef25	0	0	0	0	0	0	1	0	1	31	6	14	0	3	1	1	0	9	0	0	0	0	0	0	0	0	0	5	7	1
ea58727314838793f893f5b6ea802464	0	0	0	0	0	0	1	0	0	0	0	0	0	0	0	0	0	2	17	0	5	0	0	7	0	0	0	11	0	0
14dfc3256ad83f7097c750d4b1e808f1	0	0	0	0	0	0	1	0	0	3	0	0	7	0	0	1	0	0	0	0	0	0	0	0	0	0	0	0	2	0
d78da30077db7b465946fd2afe7963b5	0	0	0	0	0	0	1	2	4	0	1	4	1	0	2	1	0	0	0	0	0	0	0	0	13	0	0	0	0	2
cc9fc183d62cd3f51d0c2fb82489a07d	0	0	0	0	0	0	1	0	0	0	0	0	0	0	0	3	0	0	5	0	0	0	0	11	0	0	0	0	0	0
ace6679bf2987d8ce7a96b85ebc670bc	0	0	0	0	0	0	1	0	0	8	0	6	0	0	0	4	0	3	7	0	4	0	0	13	0	0	10	20	6	11
13f3ddc6ff2666f5160aa275d343e050	0	0	0	0	0	0	1	0	0	0	1	0	0	0	1	1	0	0	0	0	0	0	0	0	4	2	0	0	0	0
b5a15e0d76dbfe92ccff50237cc7fcdf	0	0	0	0	0	0	1	0	0	0	1	1	0	0	2	2	0	3	0	0	0	0	0	4	0	0	2	1	0	0
6659bec5d837d7edb4c460ede4711d5d	0	0	0	0	0	0	1	0	0	0	0	0	0	0	0	0	0	0	0	0	0	0	0	0	28	0	0	0	0	0
3808fdae9bfa60e9edd22e99e4bdd452	0	0	0	0	0	0	1	1	1	0	0	0	0	0	1	2	0	0	0	0	0	0	0	0	0	0	0	6	2	0
5021442fcbaa59fbd07ac8b450a7ab65	0	0	0	0	0	0	1	2	0	0	0	0	0	0	2	3	0	0	0	0	0	0	0	0	0	0	0	0	1	2
1489340cc06d09f721c41e20c0fc746b	0	0	0	0	0	0	1	0	0	2	0	0	0	6	0	0	0	0	0	0	0	0	0	0	9	0	0	0	0	0
cb53c66434910ed82c3c17dcf25c3f27	0	0	0	0	0	0	1	0	0	0	0	0	0	0	0	0	0	0	8	0	0	0	0	71	0	0	3	78	0	5
59a3b354d03fdfb3665fb7d6f0eef4f7	0	0	0	0	0	0	1	0	1	2	0	2	0	0	1	2	0	0	0	0	0	0	0	0	1	0	0	0	0	0
85513c98fd775a3cfc4d981dfff31cfd	0	0	0	0	0	0	1	0	0	0	0	0	0	0	0	0	0	1	125	0	72	0	0	4	0	0	10	7	0	4
91467ccc1818ce768ecc8ae1f68a01d1	0	0	0	0	0	0	1	0	0	0	0	0	3	0	0	39	0	0	0	0	0	0	0	0	0	0	0	0	0	0
20c42ce73675f4b1e9e3c319c6cb9ef0	0	0	0	0	0	0	1	1	0	0	2	0	0	0	4	4	0	0	0	0	0	0	0	0	1	0	0	1	1	0
535f14ca86370f248485afc20f73e4e3	0	0	0	0	0	0	1	0	0	0	0	4	0	0	0	8	0	0	0	0	0	1	0	0	0	0	0	0	7	0
36c782fd7cfd24cab665267698f1819b	0	0	0	0	0	0	1	0	0	0	0	6	0	0	5	2	0	0	0	0	0	0	0	0	0	0	3	0	0	2
e596b3cd177be78be4559297529528e3	0	0	0	0	0	0	1	0	0	0	0	0	0	0	5	2	0	0	0	0	0	0	0	0	1	0	0	1	0	0
a7597367a940ff29c5ccf1d777b5f79b	0	0	0	0	0	0	1	0	0	2	0	3	1	0	0	1	0	0	0	0	0	0	0	0	0	0	0	2	3	0
a6dc1752f0e06eacf12c18e7156729fc	0	0	0	0	0	0	1	3	0	0	0	0	0	5	0	0	0	0	0	0	0	0	0	0	0	0	0	1	0	0
c42b8436e303100f396d39fce1a467f4	0	0	0	0	0	0	1	4	0	14	1	0	0	27	0	2	0	5	0	0	0	0	0	0	0	0	0	1	0	3
31a9854e0e56a93505063ac1923ea7d4	0	0	0	0	0	0	1	0	0	0	0	0	0	0	0	2	0	0	0	0	0	0	0	0	0	0	9	5	0	9
4dcf2865d192273cb85d121d58aead25	0	0	0	0	0	0	1	0	0	0	0	0	0	4	0	0	0	0	0	0	0	0	0	0	0	5	0	0	0	0
69119e2b090d544676c5fecf8eddab72	0	0	0	0	0	0	1	0	0	0	0	0	1	0	2	1	0	2	0	0	0	0	0	0	0	7	0	0	0	0
6fe9d332d05e1095775cec0a2b557ac7	0	0	0	0	0	0	1	4	0	0	0	0	0	0	0	1	0	0	1	0	1	0	0	0	0	0	0	2	0	0
22dd678483d2dcede20aa7fb7cda22a0	0	0	0	0	0	0	1	0	0	2	0	3	4	1	0	0	0	0	0	0	0	0	0	0	0	0	0	0	2	2
402c2e5d81100ea3783f0a2df57a36cc	0	0	0	0	0	0	1	0	0	2	0	9	7	0	1	3	0	1	0	0	0	0	0	1	0	0	0	1	0	0
fbf2fb4f78a8c2afb9090d15b9af670a	0	0	0	0	0	0	1	4	1	0	0	1	0	0	0	1	0	0	0	0	1	0	0	0	0	0	0	2	0	1
a9c4eb337d8aeb6cb800fef220d3e620	0	0	0	0	0	0	1	0	3	2	0	4	0	0	0	3	0	5	0	0	0	0	0	1	0	0	0	1	11	3
0d559b50d2473fe9ab2724f3a94c1d93	0	0	0	0	0	0	0	113	0	0	0	0	0	0	0	0	0	0	0	0	0	0	0	0	0	0	0	0	0	0
8288ccc49533b1ff5fce289f1a7e94ca	0	0	0	0	0	0	0	53	11	44	1644	0	0	0	0	0	0	271	0	0	0	0	0	0	29	0	0	0	0	0
26df98f51657fd0f2dd7a2f027449291	0	0	0	0	0	0	0	47	3	0	17	1	0	39	0	0	0	16	0	0	0	0	0	0	0	1	1	3	1	0
808ca92c1e53b3fb1cead56ec3d9a7d8	0	0	0	0	0	0	0	34	8	0	0	1	0	0	0	0	0	1	0	0	0	0	0	0	0	0	0	0	0	0
81f1c43d0db8f0478d122ba84596d452	0	0	0	0	0	0	0	33	0	0	0	0	0	0	152	0	0	0	0	0	0	0	0	0	0	0	0	0	0	0
be99bb5858932c132c415970c9090aec	0	0	0	0	0	0	0	30	2	0	4	0	0	0	0	0	0	0	0	0	0	0	0	0	0	0	0	0	0	0
900cd82fedb39b6edd82c7ef5074bf98	0	0	0	0	0	0	0	29	0	0	4	0	0	0	0	0	0	0	0	0	0	0	0	0	0	0	0	0	0	0
070c32b716361ab6c646d25105714449	0	0	0	0	0	0	0	27	0	0	0	0	1	0	6	6	0	0	0	0	0	0	0	0	0	0	0	0	0	0
3804018939d5d5910da5791550a799e7	0	0	0	0	0	0	0	26	0	0	0	0	0	1	2	4	0	7	0	0	0	0	0	0	0	0	0	0	0	0
2769ef172d7c5a499207549c0e9a3de9	0	0	0	0	0	0	0	26	3	11	10	2	1	0	5	2	0	19	0	0	1	0	0	4	19	32	0	6	4	1
2294b63232ed4c9517a6a552a22a9014	0	0	0	0	0	0	0	24	0	0	0	0	0	0	0	0	0	0	0	0	0	0	0	0	0	0	0	0	0	0
8ecbf9d6d566d16a2ce96624a45e0add	0	0	0	0	0	0	0	24	0	0	1	0	0	0	0	0	0	0	0	0	0	0	0	0	0	0	0	0	0	0
c7589cb3191e1192319489324d88abc5	0	0	0	0	0	0	0	23	1	0	1	0	32	0	0	0	0	6	0	0	0	0	0	0	70	0	0	0	0	0
3c71a6c177f61ea07f3f4df2974c9753	0	0	0	0	0	0	0	17	0	0	0	0	0	21	0	0	0	0	0	0	0	0	0	0	0	0	0	0	0	0
fc5cbecf07ba6b1f26854a8da96bbc5a	0	0	0	0	0	0	0	17	0	0	0	0	0	0	2	2	0	2	0	0	0	0	0	0	0	0	0	0	0	0
2e1286e1246dd5585f6a25a4f30c82c8	0	0	0	0	0	0	0	17	3	1	5	0	0	0	0	6	0	1	0	0	0	0	0	0	39	0	0	0	2	6
c7b69f0a2f4d993988bdf317a161ff90	0	0	0	0	0	0	0	16	10	0	31	0	0	0	0	0	0	16	0	0	0	0	0	0	3	0	0	0	0	0
59c78d650e3aa3449ed41642f6f84161	0	0	0	0	0	0	0	15	0	0	0	0	0	0	0	0	0	1	0	0	0	0	0	2	0	0	0	1	2	0
2a210583bc5866906154d1d33f16e782	0	0	0	0	0	0	0	15	0	5	0	0	0	86	0	0	0	0	0	0	0	0	0	0	0	0	0	4	0	0
5947164c7f1abdf748b13cd1a09b3641	0	0	0	0	0	0	0	15	0	4	1	0	0	0	6	3	0	0	0	0	0	0	0	0	0	0	0	0	0	0
2f245bd530204131c22b1f8b50ea553f	0	0	0	0	0	0	0	14	0	0	1	2	4	0	8	9	0	2	0	0	0	0	0	0	0	9	0	3	0	0
91a4ee08906426667e135ab5419edf89	0	0	0	0	0	0	0	14	0	0	0	0	0	49	0	0	0	0	0	0	0	0	0	0	0	0	0	0	0	1
d92e7cbb7b1f7e91aacfb398894260db	0	0	0	0	0	0	0	13	2	0	0	0	0	0	0	0	0	0	0	0	0	0	0	0	0	0	0	0	0	0
fdc71aae80d6014b2226d2a54e42ca29	0	0	0	0	0	0	0	13	1	12	1	0	8	1	0	6	0	66	0	0	0	0	0	3	0	11	1	16	9	1
62f0364fc8c919e2ceaa640dcddd8aa3	0	0	0	0	0	0	0	13	3	0	6	0	6	0	10	8	0	0	0	0	0	0	0	0	0	1	0	7	3	1
3908acb14ba1258df8888a53e93f6529	0	0	0	0	0	0	0	13	1	0	4	0	0	0	0	7	0	3	0	0	0	0	0	0	0	0	0	2	2	1
8f17990b148c14f2a03041c2f5049fc4	0	0	0	0	0	0	0	13	2	0	0	0	0	0	1	10	2	0	0	0	0	0	0	0	0	0	0	0	0	0
49d39df4e5d7207fdff224f81483fb54	0	0	0	0	0	0	0	13	0	0	2	0	0	0	0	0	0	0	0	0	0	0	0	0	0	0	0	0	2	0
092256fe0e5e2f464c87c8198d49f144	0	0	0	0	0	0	0	13	0	6	0	6	0	0	0	3	0	12	0	0	0	0	0	3	0	0	1	12	14	6
1d941aeb9b89244645eb02485e00d91e	0	0	0	0	0	0	0	12	0	0	0	0	0	13	0	0	0	0	0	0	0	0	0	0	0	0	0	0	0	4
9156ddc54eddfd4564ff3c0a138553db	0	0	0	0	0	0	0	12	0	0	2	0	0	0	0	0	0	0	0	0	0	0	0	0	12	0	0	0	0	0
f260e8e801259f90b6214718f8235fda	0	0	0	0	0	0	0	12	0	1	0	0	0	0	0	0	0	2	0	0	2	0	0	3	1	0	2	0	1	5
9b4476170b9a8a08cb243aef8cfa86ee	0	0	0	0	0	0	0	12	0	0	5	0	0	0	0	0	0	0	0	0	0	0	0	0	0	0	0	0	0	0
4f7712df02f46a3196f7ec8ab7791568	0	0	0	0	0	0	0	12	0	2	10	1	0	0	0	4	0	0	0	0	0	0	0	0	0	0	0	0	0	0
500ce95e34ddec5f0e3ed6b2e20776f1	0	0	0	0	0	0	0	12	0	0	0	0	0	0	0	0	0	0	1	0	0	0	0	0	0	0	1	1	0	1
4678f217efbc1b873ad7dd9f697baa38	0	0	0	0	0	0	0	11	0	1	1	0	0	0	0	0	0	0	0	0	0	0	0	0	0	0	3	0	0	0
ab12c14c2f11404d25c1a85081d4eb9e	0	0	0	0	0	0	0	11	0	11	0	2	0	0	0	2	0	0	0	0	0	0	0	0	0	0	0	0	4	1
51d259a4b2b87757b1467a12ec5c8fa6	0	0	0	0	0	0	0	10	0	0	0	0	0	0	0	0	0	0	0	0	0	0	0	0	0	0	0	0	0	0
b0dfb231d8582dcb7523414d8bc7026b	0	0	0	0	0	0	0	10	17	17	6	8	0	0	19	27	0	13	0	0	0	0	0	0	0	6	0	13	0	0
d7f1dd9f41a2cc19d3e96625416ac695	0	0	0	0	0	0	0	10	7	0	0	0	0	0	0	0	0	6	0	0	0	0	0	1	0	4	0	2	0	0
b90587dd1e85cff7620262a68a05d3cf	0	0	0	0	0	0	0	10	0	0	0	0	0	0	0	6	0	0	0	0	0	0	0	0	0	0	0	0	0	0
425487816b117f601ac13ecc85c6568d	0	0	0	0	0	0	0	10	3	1	5	0	0	0	2	0	0	0	0	0	0	0	0	0	0	0	0	4	0	0
67131c950cb8c6ba17edc06ed78a6b6c	0	0	0	0	0	0	0	10	0	0	0	0	0	0	0	0	0	0	0	0	0	0	0	0	0	0	0	0	0	0
6c2229b5b2b68f153e460661844b7b90	0	0	0	0	0	0	0	10	3	0	1	0	0	0	0	0	0	2	0	0	0	0	0	0	0	0	0	0	0	0
2777a6fe6de78bc0b9f790823c3adb69	0	0	0	0	0	0	0	10	0	3	4	2	4	0	1	4	0	2	0	0	0	0	0	2	1	0	0	1	0	2
c372be458c6037001ed7fcb301db3f2f	0	0	0	0	0	0	0	9	1	2	5	4	0	0	0	0	0	21	0	0	0	0	0	0	0	27	0	3	0	1
fd5275d8459b2e3a2dc62cc9e1d35fd3	0	0	0	0	0	0	0	9	0	0	0	0	0	0	46	0	0	0	0	0	0	0	0	0	0	0	0	0	0	0
7106a9ab879443cb6f51039234229fe3	0	0	0	0	0	0	0	9	2	0	2	2	0	0	1	7	0	1	0	0	0	0	0	0	0	0	0	1	1	0
4b279b390293eeaca640effa9ad74bed	0	0	0	0	0	0	0	9	0	0	1	0	0	0	0	9	0	0	0	0	0	0	0	0	0	0	0	0	0	0
b48f11fe09d3718f2b15deafb49c6116	0	0	0	0	0	0	0	9	0	0	0	1	0	0	0	0	0	1	0	0	0	0	0	0	0	0	0	0	0	2
8cee9c9e704a1b68d08b5b4b1549ba36	0	0	0	0	0	0	0	9	0	0	0	0	2	1	0	0	0	0	0	0	0	0	0	0	0	0	0	0	0	0
ea690f80f0e0c54de1e1840bf02692b3	0	0	0	0	0	0	0	8	0	0	1	0	0	0	1	0	0	0	0	0	0	0	0	0	0	0	0	0	0	0
ca238c454c6711aaff820181dd448d56	0	0	0	0	0	0	0	8	3	15	4	1	0	0	0	0	0	6	0	0	0	0	0	0	9	0	0	0	0	0
cda867740c491a91c36b0b255879a4ad	0	0	0	0	0	0	0	8	0	0	0	0	0	0	20	0	0	0	0	0	0	0	0	0	0	0	0	0	0	0
5b37372b1a1978a1921356b143d736a4	0	0	0	0	0	0	0	8	2	1	0	0	0	0	0	0	0	11	0	0	0	0	0	0	0	0	0	0	0	0
11dfcce71048737def2152d5a0740096	0	0	0	0	0	0	0	8	0	0	10	0	0	0	0	0	0	0	0	0	0	0	0	0	0	0	0	0	0	0
7b7dbd9457825b2fa997c5532c877eca	0	0	0	0	0	0	0	8	1	3	0	0	2	0	0	1	0	7	0	0	0	0	0	0	0	0	1	3	7	1
b21c2841e8cd711e970528592fbcb29a	0	0	0	0	0	0	0	8	0	0	0	0	0	0	3	3	0	0	0	0	0	0	0	0	0	0	0	0	0	0
1908ab224eabe348b990b35ddeab5c4b	0	0	0	0	0	0	0	8	1	1	0	3	0	0	0	0	0	1	0	0	0	0	0	0	0	0	0	0	0	0
e0fee8d77814246cbf8d92f2a20e3796	0	0	0	0	0	0	0	8	2	4	1	0	0	0	0	0	0	0	0	0	0	0	0	0	1	0	0	0	1	0
a90d7bf47680dd76f19ad82d39dd552d	0	0	0	0	0	0	0	8	0	0	1	0	0	3	0	0	0	0	0	0	0	0	0	0	0	0	0	1	0	0
3b1aba2c0ef4cbd435400514ec419b21	0	0	0	0	0	0	0	7	0	0	0	1	0	0	0	0	0	0	0	0	1	0	0	2	0	0	5	0	0	2
5835d850968d415905efdce182aa4cda	0	0	0	0	0	0	0	7	3	0	0	0	0	0	0	0	0	0	0	0	0	0	0	0	0	2	0	2	0	2
3097e572ae790033a46d7bb758ded814	0	0	0	0	0	0	0	7	0	0	1	0	0	0	0	0	0	0	0	0	0	0	0	0	0	6	0	0	0	0
8e722d0b2f15f25c35965186f3e7fa73	0	0	0	0	0	0	0	7	0	1	1	0	0	0	1	1	0	1	1	0	2	0	0	0	4	0	0	1	1	2
22113f46c318bfd47678dd89081c792e	0	0	0	0	0	0	0	7	0	0	0	0	0	7	0	0	1	0	0	0	2	0	0	0	0	0	1	0	0	0
d07abac46554cd206647a4875f6ff5d7	0	0	0	0	0	0	0	7	0	0	0	0	0	11	0	0	0	0	0	0	0	0	0	1	0	54	0	0	0	0
b165988168e6096be0d60b9bd48852d5	0	0	0	0	0	0	0	7	0	2	1	2	1	11	1	2	0	13	0	0	0	0	0	1	4	1	0	5	0	3
c0cae6209d3ef4f26a2d56f98ef938c5	0	0	0	0	0	0	0	7	0	3	0	2	0	0	0	0	0	4	0	0	0	0	0	0	0	0	0	0	0	1
071079a799bc32e17ac79b8af5907c45	0	0	0	0	0	0	0	7	0	7	0	1	0	0	0	1	0	16	0	0	0	0	0	0	0	0	2	9	0	1
d977c2bb74083eb39df6bf69cd184595	0	0	0	0	0	0	0	7	0	0	0	0	0	0	19	1	0	0	0	0	0	0	0	0	0	0	0	0	0	0
c958ed6a009d5143f1236453bf789552	0	0	0	0	0	0	0	7	0	0	0	0	0	0	28	2	0	0	0	0	0	0	0	1	0	0	0	1	0	2
2bb4b8b1f6d50aba407c4ae926fe2908	0	0	0	0	0	0	0	7	0	6	7	0	2	0	0	0	0	4	0	0	1	0	0	0	1	0	0	0	1	0
8f5be7a3e768d553e3eaea641db933b4	0	0	0	0	0	0	0	6	13	0	2	5	0	0	0	0	0	3	0	0	0	0	0	0	72	87	0	0	2	0
ad1a01a976829e7a576835151eda340f	0	0	0	0	0	0	0	6	3	2	0	2	0	0	7	25	0	7	0	0	0	0	0	0	17	0	0	5	8	0
77f763c490b4b726d2227e540c8e35b9	0	0	0	0	0	0	0	6	0	0	0	0	0	0	2	5	0	0	0	0	0	0	0	0	0	0	0	0	0	1
e3eb14fd068307a762b1b2c780a2ca2c	0	0	0	0	0	0	0	6	0	0	0	3	0	1	3	0	0	0	0	0	0	0	0	0	0	0	0	0	0	0
63ae262755a81440bdec34eb1642f9ae	0	0	0	0	0	0	0	6	0	1	0	0	0	9	9	2	0	1	0	0	0	0	0	0	0	0	0	2	0	0
a80d6db99fb9ad93f69095e3dc1e9801	0	0	0	0	0	0	0	6	0	0	0	2	0	0	0	0	0	0	0	0	0	0	0	0	0	0	0	2	0	0
927b30813b10f6fa85ccd91887af4666	0	0	0	0	0	0	0	6	0	0	0	0	0	0	13	0	0	0	0	0	0	0	0	0	0	0	0	0	0	0
bf2b11658b1d1fc2473e97cfa1aa7dd3	0	0	0	0	0	0	0	6	0	0	4	0	0	1	2	0	0	0	0	0	0	0	0	0	0	0	0	0	0	0
94d62e42e6e31761594a364b717ebe07	0	0	0	0	0	0	0	6	1	0	1	5	1	0	3	1	0	4	0	0	0	0	0	0	5	10	1	3	2	0
5e3f4974407ee60826343893a09707d7	0	0	0	0	0	0	0	6	0	3	5	0	0	1	0	1	0	0	0	0	0	0	0	0	0	2	0	0	0	0
efea8c5c9d9fe23a1ab034f573acc73c	0	0	0	0	0	0	0	6	0	0	0	2	0	0	0	0	0	0	0	0	0	0	0	0	0	0	0	0	0	2
5b1302cbdacd8ee8165fc3375d240431	0	0	0	0	0	0	0	6	1	0	0	0	0	0	0	3	0	6	0	0	0	0	0	0	0	0	0	0	0	0
fc059c4c864b19271c60544541c2bb8b	0	0	0	0	0	0	0	6	0	0	0	0	0	0	5	1	0	0	0	0	0	0	0	0	0	0	0	0	0	0
1992d6570b5c298ce0535d0c1db0c21e	0	0	0	0	0	0	0	6	0	0	0	0	0	0	3	1	1	0	0	0	0	0	0	0	0	0	0	0	0	0
08a5dc9a308259f865c98b8e3d165ba6	0	0	0	0	0	0	0	6	0	0	0	0	0	0	0	0	0	2	1	0	0	0	0	0	0	0	0	1	0	1
21ab1824382d0ab70aed0d4d9621ff09	0	0	0	0	0	0	0	6	3	0	4	0	0	0	0	0	0	6	0	0	0	0	0	0	4	0	1	0	0	0
74248a1ceeec1b1ac685474a2a333b3c	0	0	0	0	0	0	0	6	1	0	0	2	0	0	4	0	0	30	1	0	2	0	0	1	0	0	0	2	0	0
3e01857874eb64f7c1b0732895c4826a	0	0	0	0	0	0	0	6	0	1	0	0	0	2	0	0	0	2	0	0	0	0	0	0	0	1	0	0	0	0
663b36b859103107faa751faac0894c0	0	0	0	0	0	0	0	6	4	7	22	0	2	0	1	0	0	19	0	0	0	0	0	0	32	69	0	4	0	0
97bbf25d2664bf5cb53865c70c2acd02	0	0	0	0	0	0	0	6	0	0	0	0	0	29	0	0	0	0	0	0	0	0	0	0	0	0	0	0	0	0
3dbeb7fad19bd17c04076f980b4cb2cf	0	0	0	0	0	0	0	5	7	2	0	0	0	42	0	1	0	0	1	0	2	0	0	3	0	1	0	6	0	0
103d61ac1a6d3d31f6c41cc00cb3ddcb	0	0	0	0	0	0	0	5	0	0	0	0	0	3	2	0	0	0	0	0	4	0	0	0	0	0	0	1	0	0
7f8b5b4b7233365b472204917266ca2b	0	0	0	0	0	0	0	5	0	0	0	0	0	0	0	0	0	5	0	0	0	0	0	0	0	0	0	0	0	0
cff74ce28e5edae7310ce0b7fa8340f1	0	0	0	0	0	0	0	5	0	1	4	0	0	0	0	0	0	4	0	0	0	0	0	0	0	9	0	3	0	0
3cd0b7811176ae8b204fdb0a4064f459	0	0	0	0	0	0	0	5	0	0	0	1	0	2	0	1	0	3	0	0	0	0	0	0	0	0	0	1	0	0
1c0445df23360981068822920661192d	0	0	0	0	0	0	0	5	1	0	0	0	0	0	0	2	0	3	0	0	0	0	0	0	0	0	0	0	0	0
3804b498971053460d72fc3d1ece13aa	0	0	0	0	0	0	0	5	0	0	0	0	0	0	9	9	0	0	0	0	0	0	0	0	0	0	0	2	0	0
773e7e452df0bbd1184e79c38727b371	0	0	0	0	0	0	0	5	4	0	0	0	0	0	0	0	0	5	0	0	0	0	0	0	1	0	0	0	1	0
5268fcbc0069012a73d3e49ff11dffbe	0	0	0	0	0	0	0	5	0	0	0	0	4	8	0	12	0	6	0	0	2	0	0	1	13	0	0	0	0	0
bcee3bc1334ed73019a8271f6678546e	0	0	0	0	0	0	0	5	0	0	7	0	0	0	0	20	0	0	0	0	1	0	0	1	0	0	0	0	0	0
8c76556ac948c4c6020af08ebf1193bc	0	0	0	0	0	0	0	5	0	0	0	0	0	0	9	3	0	2	0	0	0	0	0	0	1	0	0	0	0	0
10f39b812dd649108587f34cbad020b4	0	0	0	0	0	0	0	5	2	0	0	0	0	0	0	0	0	9	0	0	0	0	0	0	6	30	0	0	0	0
7038b2083db09ce525a2c6fa047d5827	0	0	0	0	0	0	0	5	4	0	0	0	0	0	0	0	0	2	0	0	0	0	0	0	0	0	0	0	0	0
cc7d4edb21af7b2bcd13dec645ef61e2	0	0	0	0	0	0	0	5	1	3	0	0	0	10	0	12	0	14	0	0	0	0	0	1	1	0	0	0	0	0
7140e558f6d788689aff9ad2c5f4a59a	0	0	0	0	0	0	0	5	2	1	0	0	0	0	0	0	0	2	0	0	0	0	0	0	0	0	0	0	0	0
5380f0a6824b6a29d39d6d1874cf9e13	0	0	0	0	0	0	0	5	0	0	7	2	0	0	0	1	0	1	0	0	0	0	0	0	5	0	0	1	0	0
36cf7711c4d33a3fa7fa4c9d35f23b23	0	0	0	0	0	0	0	5	4	2	0	4	0	0	0	2	0	0	0	0	0	0	0	0	0	0	0	14	0	0
e7338fc3abb31b94b7af346d27b1766f	0	0	0	0	0	0	0	5	1	1	0	0	0	0	0	0	0	0	0	0	0	0	0	0	1	0	0	2	0	0
7bc65aae419aaef3d130410c6cf00587	0	0	0	0	0	0	0	5	2	11	0	0	0	0	0	0	0	24	0	0	0	0	0	0	0	0	0	0	0	0
77c406683147103014d585633b5563e2	0	0	0	0	0	0	0	5	13	0	0	0	0	0	0	0	0	1	0	0	0	0	0	0	0	0	0	0	0	0
644839e6e2f3f0af09a461484addfd2f	0	0	0	0	0	0	0	5	0	0	0	0	0	0	0	3	0	4	0	0	0	0	0	0	1	0	0	0	0	0
ab5a1ef0b973d09edf5fe00f4f74ccde	0	0	0	0	0	0	0	5	0	0	0	0	1	0	0	0	0	9	0	0	0	0	0	0	1	0	0	0	0	0
ea5a99516d203eb7519d0800b041dde0	0	0	0	0	0	0	0	5	2	0	0	0	0	0	0	0	0	1	0	0	0	0	0	0	2	3	0	0	0	0
d757977f07ea37364b4099ad3e433226	0	0	0	0	0	0	0	5	0	0	0	0	0	0	12	0	0	0	0	0	0	0	0	0	0	0	2	0	0	0
82f49385af2c3f73a656c0d239de7fbe	0	0	0	0	0	0	0	5	0	0	11	0	0	0	18	0	0	0	0	0	0	0	0	0	0	0	0	0	0	0
f0a2c2ef9fbd743e80b033ef6d968911	0	0	0	0	0	0	0	5	0	0	0	0	0	0	1	12	0	0	0	0	0	0	0	0	0	0	0	0	0	0
65a53f559da76beea4d046e9a5d03ef5	0	0	0	0	0	0	0	5	0	0	0	0	0	4	5	11	0	0	0	0	0	0	0	0	0	0	0	0	0	0
99685abcf0e1eda00d8b5ea3d1c90830	0	0	0	0	0	0	0	5	0	3	4	0	0	0	0	3	0	2	0	0	0	0	0	2	0	0	0	0	0	0
57c0b4b1deda6c5a9519926b3187716d	0	0	0	0	0	0	0	4	0	3	1	2	0	0	0	0	0	0	0	0	1	0	0	0	1	0	0	6	5	0
4871c68860ec13f7b8a19c92627a135d	0	0	0	0	0	0	0	4	0	0	0	0	0	28	39	0	0	0	0	0	0	0	0	0	0	0	0	0	0	0
4dc0cc9ba5189932cbfbcd668761518a	0	0	0	0	0	0	0	4	1	0	0	0	0	0	0	0	0	0	0	0	0	0	0	0	8	0	0	0	0	0
68312fc18f50632df4e6c56f790caa90	0	0	0	0	0	0	0	4	1	0	0	0	0	0	1	0	0	2	2	0	0	0	0	1	1	0	0	0	1	0
f9185be8441d633d7b03d8557fee39fb	0	0	0	0	0	0	0	4	0	1	12	0	0	2	27	10	0	0	0	0	0	0	0	0	0	0	0	0	0	0
36c2c8da23e74b2de45723f82beed7b8	0	0	0	0	0	0	0	4	0	0	0	0	0	13	0	1	0	0	0	0	0	0	0	0	0	0	0	0	0	1
6c87b187a5d3fb0595523ba60c0e5fb4	0	0	0	0	0	0	0	4	1	1	0	1	0	2	1	0	0	3	0	0	0	0	0	0	1	0	0	1	0	0
eb46222067b7a4708e5ae7becbf94ce6	0	0	0	0	0	0	0	4	0	0	0	0	0	0	52	0	0	0	0	0	0	0	0	0	0	0	0	0	0	0
1d7eb3220108d95de08c64bf6b632853	0	0	0	0	0	0	0	4	1	0	0	0	1	5	0	0	0	7	0	0	0	0	0	0	0	0	0	0	0	0
c8aedec1b6df729db70a4abb06068ac9	0	0	0	0	0	0	0	4	1	0	6	0	0	0	3	0	0	0	0	0	0	0	0	0	0	0	0	3	0	0
1376f2fa94278ecfac7adaf6e33ef8bf	0	0	0	0	0	0	0	4	4	0	0	0	0	0	0	0	0	2	0	0	0	0	0	0	0	0	0	0	0	0
c41bfc1e5d3c28d1e744cebb22ce357f	0	0	0	0	0	0	0	4	5	0	0	0	0	0	0	0	0	4	0	0	0	0	0	0	7	0	0	1	1	0
082e8dd6893614504b83bc42419ef502	0	0	0	0	0	0	0	4	0	0	0	0	0	0	25	0	0	0	0	0	0	0	0	0	0	0	0	0	0	0
d1b872eae7712b072372dba57ff3e177	0	0	0	0	0	0	0	4	2	1	0	0	0	0	0	2	0	0	0	0	0	0	0	0	1	0	0	0	0	0
b800899ba8c2e39477e722196f9900c3	0	0	0	0	0	0	0	4	0	0	0	0	0	0	0	0	0	11	0	0	0	0	0	0	0	0	0	0	0	0
7937a28a12d1089c0d1a5ff0d3b2cf65	0	0	0	0	0	0	0	4	4	3	0	0	0	0	0	2	0	2	0	0	1	0	0	3	0	0	0	0	0	0
9a5e2df2add3240fb15afa570258f7f8	0	0	0	0	0	0	0	4	0	0	2	0	0	3	0	0	0	0	0	0	0	0	0	0	3	0	0	0	0	0
92214b717b2fdce87d30312d79063136	0	0	0	0	0	0	0	4	0	0	0	0	0	0	0	0	0	7	0	0	0	0	0	0	0	0	0	0	0	0
58326eadc5060b589724758404dd2ae8	0	0	0	0	0	0	0	4	0	0	0	4	0	0	4	2	0	0	0	0	0	0	0	3	2	0	0	1	2	0
ec3597e7f91360f80b4c5218834b1cdb	0	0	0	0	0	0	0	4	3	0	4	0	0	0	8	1	0	25	1	0	0	0	0	0	0	0	0	0	0	0
6f58c72a5eac3f2dfdd42e668820d453	0	0	0	0	0	0	0	4	10	0	1	1	0	0	0	0	0	1	0	0	0	0	0	0	1	0	0	0	0	0
1eb3ccc54e31ce3a783c3cefe1659a51	0	0	0	0	0	0	0	4	0	0	0	0	0	0	0	0	0	9	0	0	0	0	0	0	0	0	0	0	0	0
949a17854aa8bcdbad782eb2021bfe5f	0	0	0	0	0	0	0	4	2	0	0	0	0	0	0	1	0	9	0	0	0	0	0	0	0	0	0	0	0	0
ea47aabce05e40b7d06bbfcb5f83842e	0	0	0	0	0	0	0	4	1	2	0	3	0	0	0	4	0	0	0	0	1	0	0	2	0	0	0	0	1	0
0e620d644cb01ee10c2f532ea237c1dd	0	0	0	0	0	0	0	4	0	0	0	0	0	8	0	0	0	0	0	0	0	0	0	0	0	0	0	0	0	0
8a89d82cbefeeda9dc0135a055c91aa0	0	0	0	0	0	0	0	4	0	1	0	1	6	0	0	2	0	31	0	0	0	0	0	0	0	3	0	1	0	0
853bcdd9377e34f76448cbbd7052e183	0	0	0	0	0	0	0	4	0	1	0	0	0	1	1	0	0	8	0	0	0	0	0	0	0	0	0	0	0	0
139631c4e20f3662eafa0262a29da004	0	0	0	0	0	0	0	4	0	0	0	0	0	6	0	0	0	0	0	0	0	0	0	0	0	0	1	0	0	0
d4732be986f7145b4b3b5845f9b73b82	0	0	0	0	0	0	0	4	0	0	0	0	0	0	2	4	0	6	0	0	0	0	0	0	0	0	0	0	0	2
cf1ef2ea52454c7d9f10ba12b27cec24	0	0	0	0	0	0	0	4	0	2	0	0	0	0	0	0	0	5	0	0	0	0	0	1	1	0	1	0	0	1
0a1b9089b082fa26014d0515612d50a1	0	0	0	0	0	0	0	4	0	1	0	4	0	0	0	0	0	0	2	0	1	0	0	1	0	0	0	1	0	1
c0ec732ede0caeae8e01d7be273a19d6	0	0	0	0	0	0	0	4	2	0	3	8	0	0	1	4	0	3	0	0	2	0	0	1	0	0	0	0	0	2
20c72b1c939dd5e49857ae3cc67112ae	0	0	0	0	0	0	0	4	1	2	3	0	0	0	0	0	0	7	0	0	0	0	0	0	0	0	0	0	0	0
5e9b396b1d4ed5d6f4f04611ab2b2dbe	0	0	0	0	0	0	0	4	0	0	0	0	0	7	0	0	0	0	0	0	0	0	0	0	0	0	0	0	0	0
68a9dbb7c8c9fce470165245d52f6d60	0	0	0	0	0	0	0	4	1	1	0	0	0	0	0	1	0	2	0	0	0	0	0	0	0	0	0	1	6	7
d887d68b2bac3b6af34f155d311a8007	0	0	0	0	0	0	0	4	0	1	4	0	0	0	0	8	0	3	0	0	0	0	0	4	0	0	0	5	1	0
0599f6076435d8e1a4c8a0c31574285f	0	0	0	0	0	0	0	4	4	0	0	0	0	0	0	1	0	1	0	0	0	0	0	0	0	0	0	0	0	0
e852cbc4ff0b2d16732793a38f7d4f28	0	0	0	0	0	0	0	4	0	0	0	0	0	0	0	2	0	0	1	0	1	0	0	0	0	0	0	0	1	1
b47d54d27dea962bcff62760eff475af	0	0	0	0	0	0	0	4	0	0	0	0	0	1	1	2	0	1	0	0	0	0	0	0	0	0	0	2	0	0
3b3514988dcdfd05dbd02d13ed9eb9d8	0	0	0	0	0	0	0	4	2	1	2	2	0	4	0	0	0	3	0	0	0	0	0	0	0	0	0	0	0	0
1c71edb4be0b76a0956f805b54eb62e2	0	0	0	0	0	0	0	4	0	0	0	0	0	0	0	9	0	1	0	0	0	0	0	0	0	0	0	1	0	1
ba02ee37949a00f3f38a27dbde54bc7f	0	0	0	0	0	0	0	4	0	2	0	0	0	0	0	2	0	0	0	0	0	0	0	0	0	2	0	1	0	0
de8f8a29466e1671b0efe1d94e42dc1c	0	0	0	0	0	0	0	3	0	0	6	0	0	0	0	0	0	1	0	0	0	0	0	0	0	0	0	0	0	0
ae5874fed6ddbde2db884eb550e1ced2	0	0	0	0	0	0	0	3	0	3	1	1	0	0	0	0	0	5	0	0	0	0	0	0	1	0	0	1	0	0
841cee495880434fcf8ffa8ffda5bf9c	0	0	0	0	0	0	0	3	0	0	0	0	0	6	0	0	0	0	0	0	0	0	0	1	0	0	12	1	0	34
997761dfda87865a3e93ba64c52d53dd	0	0	0	0	0	0	0	3	0	0	0	0	0	0	0	0	0	0	0	0	0	0	0	0	6	0	0	0	1	0
0d1e1a5525ab624c13ea8aa8bb723a3e	0	0	0	0	0	0	0	3	4	0	5	0	0	0	0	8	0	0	0	0	0	0	0	0	2	0	0	1	0	0
f8fd010fbba254538a997f5b13e6099a	0	0	0	0	0	0	0	3	0	0	2	0	0	0	0	1	0	1	0	0	0	0	0	2	1	0	0	2	0	0
5272413a381a81d311b6b31abfd4d497	0	0	0	0	0	0	0	3	1	3	4	2	3	4	8	5	0	9	0	0	27	0	0	0	17	7	4	6	1	2
6c11b162e3e904cf62b936306daa7e2a	0	0	0	0	0	0	0	3	1	1	0	0	0	0	1	0	0	0	0	0	0	0	0	0	11	0	0	0	0	0
1d920408dcd9efc776538a06c3116534	0	0	0	0	0	0	0	3	6	0	7	1	0	0	5	2	0	3	0	0	0	0	0	0	20	0	0	0	1	0
0be517966094b9f8751966806ca108fa	0	0	0	0	0	0	0	3	0	0	0	0	0	0	2	13	0	0	0	0	0	0	0	0	0	0	0	0	0	0
05bc54c9b78c650b29960583c524b6e9	0	0	0	0	0	0	0	3	0	0	0	0	0	0	1	2	0	7	0	0	0	0	0	0	0	0	0	0	0	0
9a7229d5b05c6911e862829485083b63	0	0	0	0	0	0	0	3	7	0	0	0	0	0	1	0	0	4	0	0	1	0	0	0	1	0	0	0	0	0
024c72218341ce8e6c247681392ccd36	0	0	0	0	0	0	0	3	5	0	0	3	0	0	0	0	0	7	0	0	1	0	0	1	2	0	0	2	4	1
dfe9335859bc7e8b2d5ac131369b3e15	0	0	0	0	0	0	0	3	3	0	1	0	0	0	0	6	0	14	0	0	0	0	0	0	0	0	1	0	0	0
64a7cdfb7ffea82f1a1a63a56a300c4b	0	0	0	0	0	0	0	3	5	0	0	0	0	0	0	0	0	7	0	0	0	0	0	0	0	0	0	0	0	0
78ca4aa1fde7c978e54d484446992949	0	0	0	0	0	0	0	3	0	1	2	3	1	0	1	4	0	1	0	0	0	0	0	1	0	0	0	3	3	0
b472786b855a72cd464834a2ab2cebaa	0	0	0	0	0	0	0	3	18	0	0	0	0	0	0	0	0	6	0	0	0	0	0	0	0	0	0	0	0	0
269488dc9425f6a4e9f498e63afb364f	0	0	0	0	0	0	0	3	0	0	6	0	0	1	0	0	0	0	0	0	0	0	0	0	0	0	0	0	0	0
4d71624509a4a21f6733076b9daa73ad	0	0	0	0	0	0	0	3	0	0	0	0	0	9	0	0	0	0	0	0	0	0	0	0	0	0	0	0	0	0
c3fed16d4805c5dcda4f19a8ae8d57f0	0	0	0	0	0	0	0	3	0	0	0	0	0	0	3	1	0	1	0	0	0	0	0	0	0	0	0	2	0	2
4cd80b758ec66ef9065289136593d3fd	0	0	0	0	0	0	0	3	0	0	0	0	0	34	0	0	0	1	0	0	0	0	0	0	0	0	0	0	0	0
44ee5ec659b40735e0f83e9fc31941fd	0	0	0	0	0	0	0	3	0	0	0	0	1	0	3	0	0	26	0	0	0	0	0	4	0	0	2	0	0	0
aeb899f44adbd9fdb4022c15a174188c	0	0	0	0	0	0	0	3	0	0	0	1	0	24	0	0	0	0	0	0	0	0	0	0	0	0	4	0	0	3
46a94c206733ed2bd93983321507cbfa	0	0	0	0	0	0	0	3	1	2	1	0	0	0	0	0	1	6	33	0	78	0	1	0	0	0	2	4	7	5
d1aa57dd6948bdb060ac484b7446d79b	0	0	0	0	0	0	0	3	4	4	4	0	0	0	0	0	0	0	3	0	11	0	0	6	1	0	5	11	30	31
a0c23a6d414f7b08e7315800a66df05a	0	0	0	0	0	0	0	3	0	0	1	0	0	0	0	0	0	5	0	0	0	0	0	0	6	0	0	0	0	0
712f6dcb7b682b70758a4ade33b66fc5	0	0	0	0	0	0	0	3	0	0	0	0	0	10	0	0	0	0	0	0	0	0	0	0	0	0	0	0	0	0
abab8c1c944e4b66f910823b922fbc48	0	0	0	0	0	0	0	3	1	2	1	0	0	0	0	3	0	5	0	0	0	0	0	0	3	0	0	2	0	1
820f38921f4d03c846870aaff95fc38a	0	0	0	0	0	0	0	3	1	0	0	2	0	0	2	3	0	0	0	0	0	0	0	1	3	0	2	1	1	0
0c814f60942c66356c891718e2c354b7	0	0	0	0	0	0	0	3	0	0	0	0	0	10	0	0	0	0	0	0	0	0	0	0	0	0	0	0	0	0
6c8bdba445e2228b47085c2b781cff38	0	0	0	0	0	0	0	3	0	2	0	0	0	0	0	5	0	0	0	0	0	0	0	0	0	0	0	0	0	0
e2326d594748396adee3639dac7648e0	0	0	0	0	0	0	0	3	0	0	1	0	0	0	0	0	0	2	0	0	0	0	0	0	8	0	0	0	0	0
07c9ed5c5bfbcd3cbe0a67963471c875	0	0	0	0	0	0	0	3	0	0	2	0	0	0	7	3	0	0	0	0	0	0	0	0	0	0	0	1	0	0
6adf46a129d36317d7e4a9f37e5ee80b	0	0	0	0	0	0	0	3	0	0	1	0	0	0	0	0	0	7	0	0	0	0	0	0	0	0	0	0	0	0
d733b7857bfe92cb7dca280ee570b712	0	0	0	0	0	0	0	3	1	0	1	0	0	0	1	1	0	4	0	0	0	0	0	0	1	0	0	0	0	0
76dd5c38105a9574b3a1b69435c2d948	0	0	0	0	0	0	0	3	6	0	0	0	0	0	4	0	0	2	0	0	0	0	0	0	0	0	0	0	0	0
004de4e3b222e90cec92b4327fd9e28d	0	0	0	0	0	0	0	3	1	0	0	2	0	0	1	4	0	0	0	0	0	0	0	0	0	0	2	0	9	2
3ffd0f30fb507aac3d5fb2e84bf76716	0	0	0	0	0	0	0	3	0	3	0	0	1	0	3	0	0	0	0	0	2	0	0	1	3	0	0	9	2	0
67597e1386f46031b034f96b96e6d29e	0	0	0	0	0	0	0	3	0	0	0	0	0	2	0	0	0	0	2	0	0	0	0	0	0	3	0	0	0	0
60d2bc679cf6534314a569c0c27d1c3a	0	0	0	0	0	0	0	3	0	0	1	1	1	0	2	1	0	0	0	0	0	0	0	0	0	0	0	3	0	0
5ab36a0770e11a324a538e5c5695f801	0	0	0	0	0	0	0	3	0	1	0	4	0	0	0	2	0	0	0	0	0	0	0	2	0	0	0	7	2	0
0ada79ce6856dc33d64aa3012c8796b8	0	0	0	0	0	0	0	3	0	0	0	0	0	0	0	0	0	0	0	0	0	0	0	0	0	16	0	0	0	0
3786f637b7f6a68e121b0b213122427e	0	0	0	0	0	0	0	3	0	0	2	0	0	0	1	0	0	0	0	0	0	0	0	0	2	0	0	0	2	0
3e724478428c73fb0ed353f5d20f5df0	0	0	0	0	0	0	0	3	5	0	0	0	0	0	8	0	0	0	0	0	0	0	0	0	0	0	0	1	1	0
e7ad7e250cbaaeabb43861d940fc9d45	0	0	0	0	0	0	0	3	6	0	0	0	0	0	0	2	0	3	0	0	0	0	0	0	0	32	0	1	0	0
c177df817cf00ce497d6825e4bc3c94b	0	0	0	0	0	0	0	3	0	0	0	0	0	25	0	0	0	0	0	0	0	0	0	0	0	0	0	0	0	0
47ec9d2946567ebbdcfd7f2219f1eafa	0	0	0	0	0	0	0	3	0	5	1	2	0	0	0	0	0	3	0	0	0	0	0	0	6	0	2	3	6	3
ea0816ba39bb6b8025765f9a9fbf3ab7	0	0	0	0	0	0	0	3	0	2	0	1	0	0	0	5	0	0	0	0	0	0	0	0	0	0	1	0	0	2
52fe1f752e8ad6d6192bdd12bad21ea1	0	0	0	0	0	0	0	3	2	0	0	0	0	0	5	0	0	0	0	0	0	0	0	0	0	17	0	0	0	0
de4d53a9d8fcabed8bd6d4c81a209ee3	0	0	0	0	0	0	0	3	0	3	0	0	0	0	0	16	0	0	0	0	0	0	0	2	0	0	1	1	0	0
dce03684cb12e55d81976ba09b95450b	0	0	0	0	0	0	0	3	1	4	9	16	1	0	0	3	0	4	0	0	0	0	0	1	0	0	0	12	1	1
7122669efa74e0c14f5e7cd53ae8eb73	0	0	0	0	0	0	0	3	0	0	0	0	0	0	1	0	0	1	0	0	0	0	0	0	1	0	0	4	0	0
2867d0862a80053686fab0c3185995e7	0	0	0	0	0	0	0	3	0	0	0	0	0	0	8	16	0	0	0	0	0	0	0	0	1	0	0	0	0	0
e18eeada637d735dcc6d76d25caad9cc	0	0	0	0	0	0	0	3	0	4	1	0	0	0	3	18	0	1	0	0	0	0	0	0	0	0	0	0	0	0
54a793eabaafd71c2321f3e4161341ae	0	0	0	0	0	0	0	3	0	0	0	0	0	0	1	1	0	0	0	0	1	0	0	0	0	1	0	2	0	1
c49b06e6d86ae3dc3eb83b552463403c	0	0	0	0	0	0	0	3	0	0	5	0	0	0	0	0	0	0	0	0	0	0	0	0	0	0	0	0	0	2
3cc96084b8fdb5b7d1c16b39f1a19564	0	0	0	0	0	0	0	3	1	1	4	0	0	0	1	0	0	0	2	0	2	0	0	0	0	1	0	7	2	1
65b573272d1ca03e4cce9eb3b5b7ec70	0	0	0	0	0	0	0	3	1	3	4	0	0	0	0	0	0	11	0	0	0	0	0	0	10	1	0	1	0	0
77b57acafd284dfeb3418ca186b2b847	0	0	0	0	0	0	0	2	4	0	0	2	0	0	0	2	0	0	0	0	0	0	0	0	0	0	0	0	0	0
7fa089df8ed4233fa2f378c81b7f7fc4	0	0	0	0	0	0	0	2	0	3	0	0	0	6	0	0	0	0	0	0	0	0	0	0	0	1	0	5	0	0
b48e825cdf421f7a0175141a31d70b0a	0	0	0	0	0	0	0	2	0	0	0	2	0	0	0	0	0	0	2	0	4	0	0	3	0	0	0	3	0	2
9f044d55ebe696916556f219af9351d5	0	0	0	0	0	0	0	2	0	0	1	4	0	0	3	0	0	0	0	0	0	0	0	0	0	0	0	5	0	0
1f663f1163586cb14721d34a5b12781f	0	0	0	0	0	0	0	2	1	0	2	0	0	0	0	0	0	0	0	0	0	0	0	0	6	0	0	0	0	0
c13e1b60c801044adf1fea36dd02850b	0	0	0	0	0	0	0	2	4	1	0	0	0	1	0	0	0	32	0	0	0	0	0	1	0	0	0	2	0	1
5df8074a3c2d90dd830fbfb387590ca2	0	0	0	0	0	0	0	2	0	2	0	1	0	0	0	0	0	6	0	0	0	0	0	0	0	0	0	0	0	0
abd021870a9caa96219c4548648226e1	0	0	0	0	0	0	0	2	0	0	0	0	0	0	0	0	0	0	0	0	0	0	0	0	34	0	0	0	0	2
09bdb4a75f532a322ab18cc56e434f90	0	0	0	0	0	0	0	2	0	6	1	5	0	0	0	2	0	12	0	0	0	0	0	0	3	0	0	4	1	0
6991637da72fbe8d537220ab1b087425	0	0	0	0	0	0	0	2	0	0	0	0	0	0	8	0	0	0	0	0	0	0	0	0	0	0	0	0	0	0
ed8db68c0c84b7ad052c83502db4a720	0	0	0	0	0	0	0	2	5	3	1	0	0	0	0	0	0	15	0	0	0	0	0	0	0	0	0	1	0	0
7d86be243e914579aff23eba6de9a58a	0	0	0	0	0	0	0	2	8	1	0	0	0	0	0	0	0	10	0	0	0	0	0	0	0	0	0	0	0	0
9e7d23d5419e268674e508fdfe6bb820	0	0	0	0	0	0	0	2	0	0	1	0	0	2	0	2	0	3	0	0	0	0	0	0	0	0	0	0	1	0
bae0f952ea9c63a62b0afa36162dc88c	0	0	0	0	0	0	0	2	1	3	1	0	0	0	0	0	0	3	0	0	0	0	0	0	1	0	0	0	0	0
3e44f85ddf962af202b830c0a2f3827b	0	0	0	0	0	0	0	2	0	0	2	0	0	1	0	0	0	0	0	0	0	0	0	0	0	11	0	0	0	0
dab951e9fc0b5c4c8acc06592ef4609b	0	0	0	0	0	0	0	2	0	0	0	0	0	0	0	0	0	1	0	0	0	0	0	0	0	0	6	0	0	7
06cdcc34671a755d6eef4a2b96cf44cd	0	0	0	0	0	0	0	2	4	1	2	0	0	0	0	0	0	2	0	0	0	0	0	0	5	0	0	0	0	1
4b9c8bbe7f9b6546623aeb6a17285f6a	0	0	0	0	0	0	0	2	0	0	0	0	0	8	0	0	0	0	0	0	0	0	0	0	0	0	0	0	0	0
ee5fdeb0e5dca14867b05a084aa54c2f	0	0	0	0	0	0	0	2	9	0	5	3	0	0	1	2	0	2	0	0	0	0	0	0	21	0	0	1	0	5
cf0f9e8f006d5cd72c3c3d084fbd0280	0	0	0	0	0	0	0	2	8	0	2	0	0	0	1	0	0	2	0	0	0	0	0	0	0	0	0	0	0	0
47197ecb44a2b8a3a21be564b7343b29	0	0	0	0	0	0	0	2	0	0	0	0	0	1	0	24	0	0	0	0	0	0	0	0	1	0	0	0	0	0
868eae776fd2cb9197fc1470107e89fa	0	0	0	0	0	0	0	2	0	0	0	0	0	0	0	1	0	0	0	0	2	0	0	0	0	0	1	0	6	1
1f8e0776dcb17c50430e323981b6202b	0	0	0	0	0	0	0	2	0	0	0	0	0	1	6	0	0	0	0	0	0	0	0	0	7	0	0	0	0	0
2abf5aafabf09ef42411db0569197c9e	0	0	0	0	0	0	0	2	28	0	21	0	0	0	0	0	0	2	0	0	0	0	0	0	43	1	0	0	1	0
2f78ab399c7e25d02c7cff0e545c4570	0	0	0	0	0	0	0	2	1	0	0	0	0	0	0	0	0	7	0	0	0	0	0	0	0	0	0	0	0	0
268b3995ca5e223db247074b289ebb7e	0	0	0	0	0	0	0	2	0	0	0	0	0	1	0	0	0	0	1	0	0	0	0	2	1	0	6	4	0	3
b6eeba70c35c1a8a5c210c3518ce2e44	0	0	0	0	0	0	0	2	0	0	1	0	0	1	4	2	0	0	0	0	0	0	0	0	0	0	0	0	2	1
59890a4489ee6f51d3d3446f30b6a086	0	0	0	0	0	0	0	2	0	0	0	0	6	1	0	15	0	10	0	0	0	0	0	1	1	1	0	1	0	0
eea9acea513728bfe75b104904f03386	0	0	0	0	0	0	0	2	1	1	3	0	0	0	2	0	0	8	0	0	0	0	0	0	0	0	0	0	3	0
9aaf9ce0f7a53354d250cd5ed64419ef	0	0	0	0	0	0	0	2	6	0	0	0	0	0	1	0	0	6	0	0	0	0	0	0	2	0	0	0	0	0
bfb0f45d703f39578acc3870f2feb057	0	0	0	0	0	0	0	2	3	0	0	0	0	0	2	1	0	3	0	0	0	0	0	0	1	0	0	0	1	0
d9135fd8d9698dcf8f13b51b1e1c52ec	0	0	0	0	0	0	0	2	1	0	1	0	0	0	3	0	0	5	0	0	0	0	0	0	1	0	0	0	0	0
e14099e4d7bccf35233c35ccd7c5d08e	0	0	0	0	0	0	0	2	0	1	1	0	0	0	0	0	0	4	0	0	0	0	0	0	1	0	0	1	0	0
1facab0b29f5250ce47054b87472ae95	0	0	0	0	0	0	0	2	0	0	0	0	0	0	0	0	0	0	41	0	110	0	0	33	0	0	4	38	0	33
91f9410ef3d6f12ff801c55412cbeb1f	0	0	0	0	0	0	0	2	0	0	0	0	0	1	0	0	0	0	0	0	0	0	0	0	5	0	2	0	0	0
341fdafc33821a32a80e8a90a5954898	0	0	0	0	0	0	0	2	14	0	0	0	0	0	0	1	0	0	0	0	0	0	0	0	18	0	0	0	0	0
a61b1e36456b2de249863e466663814f	0	0	0	0	0	0	0	2	4	0	0	0	0	0	0	0	0	1	1	0	2	0	0	4	0	0	0	0	0	0
e1f5db874b5c5613c379ac6c7baf1006	0	0	0	0	0	0	0	2	0	1	0	0	0	2	0	0	0	3	0	0	0	0	0	0	1	0	0	1	0	0
ae422348c2d90a6e9f51f6cb215dc9a4	0	0	0	0	0	0	0	2	2	5	4	4	0	0	0	0	0	1	0	0	0	0	0	0	2	44	0	0	6	0
a91b5fec630680b1407ce8e586ac2933	0	0	0	0	0	0	0	2	1	3	3	0	0	0	0	9	0	5	0	0	0	0	0	0	0	0	0	1	0	0
6edffe21ebc16b90b5771c719c151883	0	0	0	0	0	0	0	2	0	0	3	0	0	0	0	2	0	0	0	0	1	0	0	2	0	0	0	6	6	2
11ca73566b8cba15a645b7ffe0332ccf	0	0	0	0	0	0	0	2	2	0	0	2	1	0	1	0	0	4	0	0	0	0	0	0	0	0	0	0	0	0
a9fa307501dd57fac4d0c769df3e5963	0	0	0	0	0	0	0	2	0	0	0	1	0	0	10	0	0	0	0	0	0	0	0	0	0	0	0	0	0	0
4631a811bc65c72e535055b233aa8677	0	0	0	0	0	0	0	2	1	0	1	0	0	3	0	2	0	0	0	0	0	0	0	0	0	0	0	1	0	0
80a10863fb1144b4173259a4520f1515	0	0	0	0	0	0	0	2	1	0	1	0	0	63	0	5	0	3	0	0	0	0	0	2	0	0	1	1	0	0
f0e889854600e17e48601bc6e691e7a5	0	0	0	0	0	0	0	2	0	0	0	0	0	0	13	0	0	0	0	0	0	0	0	0	0	0	0	0	0	0
215359b58cfd2ac48cd6e73cd7281090	0	0	0	0	0	0	0	2	0	0	0	0	0	0	0	0	0	0	5	0	2	0	0	0	0	0	4	2	0	7
5f738b7f381ece37fac559a01971cdb0	0	0	0	0	0	0	0	2	1	0	0	1	0	0	0	4	0	8	0	0	0	0	0	0	0	0	0	0	0	0
43781b15c3378ce47739979d066aefcb	0	0	0	0	0	0	0	2	2	9	0	7	2	0	0	0	3	0	3	0	0	0	0	7	1	6	4	17	17	3
d1f27afcdaf3ec767186f8ccd58e69c8	0	0	0	0	0	0	0	2	0	0	0	1	0	3	0	0	0	2	0	0	0	0	0	11	0	0	0	6	0	0
803de0d3182f4c5327bc7b2252cd156e	0	0	0	0	0	0	0	2	0	2	0	5	0	0	0	0	0	5	0	0	0	0	0	0	0	0	0	0	0	0
d4e5aeb16c1f90740465563317d322e8	0	0	0	0	0	0	0	2	1	0	1	0	0	0	0	0	0	12	0	0	0	0	0	0	38	0	0	0	0	0
5316cd170390e9e3f1c7107fb80f7429	0	0	0	0	0	0	0	2	0	0	0	0	0	0	0	4	0	1	0	0	0	0	0	0	1	0	2	0	0	0
9674ec064376c0b31268ce4e926e69b6	0	0	0	0	0	0	0	2	4	0	14	0	0	0	0	0	0	2	0	0	0	0	0	0	0	31	0	0	0	0
af842ccfb3d550757071a446b046d497	0	0	0	0	0	0	0	2	0	5	19	0	0	0	0	4	0	0	0	0	0	0	0	2	0	0	0	0	2	5
33f7cfd13527b2ad1236b4baa64358b3	0	0	0	0	0	0	0	2	0	2	0	2	1	0	0	7	0	0	0	0	0	0	0	1	0	0	0	1	2	2
5670c1ae6463badc57d1d1b1a62c95ad	0	0	0	0	0	0	0	2	0	0	0	0	0	0	0	0	0	8	1	0	4	0	0	0	3	0	3	0	2	2
20103101963b622bab56ef163bced9a9	0	0	0	0	0	0	0	2	1	0	0	0	5	0	0	1	0	0	2	0	0	0	0	0	0	0	0	0	0	0
307367f46242b5cf37891eba87f60348	0	0	0	0	0	0	0	2	0	1	0	0	0	0	0	0	0	1	20	0	78	0	0	7	0	0	56	17	0	27
80647843aff84156f3b4fe0c39f81518	0	0	0	0	0	0	0	2	0	0	0	3	0	0	0	0	0	0	3	0	11	0	0	0	0	0	0	3	0	4
519a00ff22feef9de2e765fc29a6b39f	0	0	0	0	0	0	0	2	0	0	0	3	0	0	4	8	0	0	0	0	0	0	0	1	0	0	0	1	0	1
e6c1fce1b36ebfaa7a3cac7c00378182	0	0	0	0	0	0	0	2	2	1	0	4	0	0	0	0	0	3	0	0	0	0	0	0	0	0	0	0	0	0
09ca47f51495d609f8d4401dd1e4670b	0	0	0	0	0	0	0	2	0	6	0	0	0	1	0	0	0	2	0	0	0	0	0	0	0	0	0	1	0	0
c9de4b9b96097cc530ff663541449079	0	0	0	0	0	0	0	2	0	0	0	0	0	0	0	0	0	2	0	0	1	0	0	2	3	0	0	2	1	0
51842cfb48ae9acd5c211526e47ae88d	0	0	0	0	0	0	0	2	0	0	0	0	0	0	4	11	0	0	0	0	0	0	0	0	0	0	0	0	0	0
8c29172dd7e652a6e920e17baa4d9b4e	0	0	0	0	0	0	0	2	3	0	0	2	0	0	0	1	0	0	0	0	0	0	0	2	2	0	3	2	6	0
7ef2b1ac205a9565aeda02bdbc079acd	0	0	0	0	0	0	0	2	8	15	2	20	0	1	1	2	0	9	0	0	0	0	0	12	0	0	0	21	1	2
319f0e7f148a3c0c56117ee34bc2bb68	0	0	0	0	0	0	0	2	0	1	0	0	0	0	0	0	0	0	3	0	16	0	0	0	0	0	0	0	0	1
cee41a20538970ec5cd58a0dcf0606cb	0	0	0	0	0	0	0	2	0	0	0	0	0	0	0	0	0	0	0	0	0	0	0	0	0	16	0	0	0	0
43d68ae05805788c3b3564cba011c02c	0	0	0	0	0	0	0	2	1	0	3	0	0	0	0	3	0	7	0	0	0	0	0	0	0	6	0	1	3	0
e575057a53686ac2ae238b13a26d5466	0	0	0	0	0	0	0	2	5	0	7	1	0	1	0	0	0	1	0	0	0	0	0	0	2	0	0	0	0	0
7b484c2d818fb90ca429f5b1e4fdfdad	0	0	0	0	0	0	0	2	0	0	0	2	1	0	0	3	0	0	0	0	0	0	0	0	0	0	0	2	0	0
93e0ad4b8c9db6b882e42054afbf63a2	0	0	0	0	0	0	0	2	0	0	1	0	0	6	0	3	0	0	0	0	0	0	0	0	0	0	0	0	0	1
25bfff1b751707f196262dde5292113c	0	0	0	0	0	0	0	2	0	0	1	1	0	7	0	0	0	3	0	0	0	0	0	0	0	0	0	2	0	1
51f202157deee2353bf0ceee42d2844a	0	0	0	0	0	0	0	2	1	4	2	1	0	0	1	4	0	2	0	0	0	0	0	0	0	0	1	2	4	0
8162bebc2fc0b5977424fbcc1726e19f	0	0	0	0	0	0	0	2	1	0	0	0	8	0	4	0	0	0	0	0	0	0	0	0	0	0	0	7	0	1
27e71b3ab242ebf06c35327730b083f2	0	0	0	0	0	0	0	2	2	1	0	0	2	0	0	0	0	0	0	0	0	0	0	0	1	3	0	0	0	0
18875423f711964196aa4c6a6525bfe0	0	0	0	0	0	0	0	2	0	0	0	0	1	0	0	0	0	6	0	0	0	0	0	0	0	0	0	0	3	1
d957f08e982fe04ac6af5d5069f3e8e2	0	0	0	0	0	0	0	2	0	8	0	0	0	0	0	0	0	1	0	0	0	0	0	0	0	0	0	0	0	0
99722d84696bb728ff13bc4f812e31ff	0	0	0	0	0	0	0	2	0	1	0	0	0	2	4	1	0	0	0	0	0	0	0	0	0	0	0	0	0	0
38388341ff8bf3733a2c280e4fe63d44	0	0	0	0	0	0	0	2	0	0	0	0	0	0	5	9	0	0	0	0	0	0	0	2	0	0	0	0	0	0
bf0f1160a0b08fe40977ce06f522907e	0	0	0	0	0	0	0	2	0	0	3	0	0	0	11	0	0	0	0	0	0	0	0	0	0	0	0	0	0	0
621ec3592fb84fe87f7d032bdabf220a	0	0	0	0	0	0	0	2	0	4	0	0	0	0	0	0	0	0	0	0	0	0	0	0	0	0	6	0	6	1
4ba1d213e4832ab6a1b7ff196f6f5ac7	0	0	0	0	0	0	0	1	0	1	0	0	0	0	20	2	0	0	0	0	0	0	0	0	0	0	1	0	0	1
fc1b43e4e01e29bab0019ae536b3db8a	0	0	0	0	0	0	0	1	0	0	0	0	0	0	3	2	0	0	0	0	0	0	0	0	0	0	0	0	9	2
40a5723f00630aa52666a5deaa9170b0	0	0	0	0	0	0	0	1	6	23	13	4	4	1	0	1	0	8	0	0	0	0	0	0	25	12	0	0	0	0
25e87ae13897361e832457402be87a78	0	0	0	0	0	0	0	1	0	0	1	1	0	0	0	2	0	1	0	0	0	0	0	0	2	0	0	1	2	0
b94ec361fda000502ff49d0003b39f70	0	0	0	0	0	0	0	1	0	0	0	1	0	0	0	0	0	0	0	0	0	0	0	2	0	0	9	1	0	8
7fdbd8f4a519fc5d13399eafbca0992e	0	0	0	0	0	0	0	1	0	0	0	0	0	0	0	0	0	2	0	0	3	0	0	2	0	0	0	1	0	1
00b23fa709ba095fa874d4b41d59f58e	0	0	0	0	0	0	0	1	0	0	0	1	1	0	0	0	0	0	0	0	0	0	0	0	0	0	0	0	10	3
f73b88c60ff03c422c76689ee1974d59	0	0	0	0	0	0	0	1	0	14	0	2	0	0	0	13	0	31	0	0	0	0	0	0	0	0	3	5	15	0
f60db53e9541fc545deccb46c0dd7d3c	0	0	0	0	0	0	0	1	0	0	0	0	0	6	4	0	0	1	0	0	0	0	0	0	0	0	0	0	0	0
632a9355d00c1eeb6b758b4d5cd710f3	0	0	0	0	0	0	0	1	0	1	2	0	0	0	0	0	0	5	0	0	0	0	0	0	0	1	0	0	0	0
b6c8441353bac3398a436af846384b83	0	0	0	0	0	0	0	1	0	0	0	0	0	0	1	2	0	9	3	0	0	0	0	2	0	0	0	1	0	2
e046fa4d42fd6130f0187bfc93e3c813	0	0	0	0	0	0	0	1	6	0	0	0	0	0	0	18	0	37	0	0	0	0	0	1	33	2	3	0	0	0
355246f7dfa57daf04bd9662d15bb2a9	0	0	0	0	0	0	0	1	1	1	0	0	0	0	1	0	0	0	9	0	13	0	0	4	0	0	0	5	0	3
5bd16326eef35c1d1d6d3faaec162c64	0	0	0	0	0	0	0	1	1	2	6	2	0	0	0	11	0	3	0	0	0	0	0	0	1	0	0	1	0	0
34d958cd52d6215eb954d0b89f8b0738	0	0	0	0	0	0	0	1	0	0	0	0	0	0	0	0	0	48	0	0	0	0	0	0	0	0	0	0	0	0
aa8b3ad7ba54817e552bc976f4c61ec7	0	0	0	0	0	0	0	1	0	0	0	0	0	4	0	1	1	0	0	0	0	0	0	0	0	1	0	1	2	3
523b1fa4eb439f5d2f308acac9ba7655	0	0	0	0	0	0	0	1	1	3	0	0	0	0	0	0	0	2	0	0	1	0	0	3	0	0	0	5	0	0
3d4dc49d5b3942e9a41716c28422ff8a	0	0	0	0	0	0	0	1	0	0	0	0	0	0	0	0	0	0	1	0	4	0	0	0	0	0	2	2	0	0
30c9675192fe4642f2b8469188fa56fb	0	0	0	0	0	0	0	1	0	2	0	0	0	0	0	0	0	7	0	0	0	0	0	0	0	0	1	0	0	1
a8e1f22402e9383158e9988f5932e234	0	0	0	0	0	0	0	1	0	0	0	1	0	1	1	0	0	3	0	0	0	0	0	0	0	2	0	0	1	0
2851fad229112a45a804221613aca6dd	0	0	0	0	0	0	0	1	0	1	0	0	0	0	2	1	0	7	0	0	0	0	0	0	0	0	4	0	9	3
ba1993931929934fe55553a83b374a29	0	0	0	0	0	0	0	1	0	0	5	0	0	0	0	0	0	2	0	0	0	0	0	0	2	0	0	0	0	0
7e774cc9faa6ab0869fb84f7e69358f9	0	0	0	0	0	0	0	1	0	0	2	0	0	0	0	3	0	2	0	0	1	0	0	0	0	6	0	0	0	0
52673c834fcd577d0503ff628983561d	0	0	0	0	0	0	0	1	0	0	0	0	0	1	0	0	0	0	3	0	2	0	0	6	0	0	1	0	0	1
7c6bdfe6ffc5f5c72e703a4e515a4361	0	0	0	0	0	0	0	1	0	0	0	0	0	0	0	0	0	0	6	0	4	0	0	9	0	0	0	0	0	0
5fce426cb15ed1296f47f68b082ff194	0	0	0	0	0	0	0	1	0	0	0	0	0	6	0	2	0	19	0	0	0	0	0	0	0	1	0	0	0	0
bd6f995b9e1f8d5780b9e9c05a35570d	0	0	0	0	0	0	0	1	1	6	2	1	2	0	0	1	0	5	1	0	0	0	0	3	0	0	0	0	1	0
5e21f4e843d20720dd90e90572564e1b	0	0	0	0	0	0	0	1	0	2	0	0	0	0	0	0	0	17	113	0	128	0	0	127	2	0	42	267	6	40
987957b27d1e1139aed1f5bf99c3d932	0	0	0	0	0	0	0	1	0	0	0	0	0	0	0	0	0	0	0	0	0	0	0	0	0	0	0	8	32	3
bbbc8601c89e6f852ca2769d66ae1f53	0	0	0	0	0	0	0	1	0	0	0	0	0	28	0	0	0	0	0	0	0	0	0	0	0	1	1	1	0	0
87af6b9bf8fa195ebc31c3d6904eaf4f	0	0	0	0	0	0	0	1	0	1	0	0	0	0	0	0	0	7	0	0	0	0	0	0	1	0	0	0	0	0
a0bb45d207f103cddc7af73190d71589	0	0	0	0	0	0	0	1	0	7	0	22	0	0	0	0	0	0	7	0	3	0	0	11	0	0	1	18	2	1
eb2d4b84edd3314f5ee15761743cd18b	0	0	0	0	0	0	0	1	3	0	6	0	0	0	0	0	0	1	0	0	0	0	0	0	0	0	1	0	1	0
b4deeac79ea58113a7321404ac4cc880	0	0	0	0	0	0	0	1	0	0	0	0	0	0	1	0	0	1	14	0	7	0	0	10	0	0	0	3	0	1
34c7fe9f8f7038dc61b6968a3be3e7db	0	0	0	0	0	0	0	1	0	0	0	8	72	1	0	2	0	2	0	0	0	0	0	0	0	0	0	15	0	0
75a4322d94b3aa48d924a298e22a0d59	0	0	0	0	0	0	0	1	0	0	0	0	0	20	0	1	0	0	0	0	0	0	0	0	0	0	5	0	0	5
e4bd2ad3c99179df5ae0210bda54df2e	0	0	0	0	0	0	0	1	1	0	0	0	0	0	0	0	0	9	0	0	0	0	0	0	0	0	0	1	0	0
dec5e59ace062abde524b8128a64cf78	0	0	0	0	0	0	0	1	0	0	0	0	0	8	0	0	0	0	0	0	0	0	0	0	0	0	0	1	0	0
bb132feb28692924e23c96d90ac4a75b	0	0	0	0	0	0	0	1	0	0	0	0	0	0	0	0	0	0	0	0	0	0	0	0	0	112	1	3	0	3
0c300996e5e1e984c1fd3890302ffea3	0	0	0	0	0	0	0	1	0	0	0	0	0	0	2	6	0	1	0	0	0	0	0	0	0	7	1	0	0	0
5db7f8ea3d3820e6f216bcc4cbcf7e59	0	0	0	0	0	0	0	1	0	0	0	0	0	0	0	6	0	2	0	0	0	0	0	0	0	0	0	2	0	1
375ee74e57e05d15907c0016279bedc8	0	0	0	0	0	0	0	1	10	2	8	5	0	0	0	0	0	3	0	0	0	0	0	2	19	28	0	4	1	0
41b5890f9ff2ee0e214dafb16140defd	0	0	0	0	0	0	0	1	8	0	0	1	0	0	0	0	0	0	0	0	0	0	0	0	36	0	0	0	0	1
4453f38b8dca4efdac20eb077df9c792	0	0	0	0	0	0	0	1	0	0	2	0	0	0	3	0	0	0	0	0	0	1	2	0	0	0	0	1	0	0
a981f56013eb2d8a015c96bb5a5e68e8	0	0	0	0	0	0	0	1	0	2	0	12	0	0	0	0	0	72	0	0	0	0	0	0	0	0	0	2	0	0
3e7e37505782ffcd80999fcfed93ae38	0	0	0	0	0	0	0	1	0	0	0	0	0	0	5	2	0	0	0	0	1	0	0	1	0	1	0	0	0	2
9329dc44c4fe696af73be9931d05fd5a	0	0	0	0	0	0	0	1	0	1	4	0	0	3	0	0	0	3	0	0	0	0	0	0	3	0	0	0	1	0
f391880ea0f839c64960285fc2848e30	0	0	0	0	0	0	0	1	7	0	0	0	0	2	1	1	0	5	0	0	0	0	0	0	3	1	0	0	0	0
cade0f92bdecc30a73adde19095757ba	0	0	0	0	0	0	0	1	0	0	2	1	0	1	1	1	0	0	0	0	0	0	0	1	0	6	0	4	0	0
590e75f1c19cc192e34b9f03a98f1f26	0	0	0	0	0	0	0	1	0	0	0	0	0	0	0	4	0	2	0	0	0	0	0	1	1	0	0	1	0	0
6b4fb5f2ee5cfbbc55f8f7a98bcdc75b	0	0	0	0	0	0	0	1	0	2	0	7	0	0	0	0	0	1	8	0	9	0	0	38	0	0	1	62	0	2
4384623f689b2589104c99aa94bbfcc1	0	0	0	0	0	0	0	1	0	0	0	0	0	18	0	0	0	0	0	0	0	0	0	0	1	6	0	0	0	0
45af6c6dc608642311b8ec5080cda550	0	0	0	0	0	0	0	1	0	0	0	0	0	10	0	0	1	0	0	0	0	0	0	0	8	5	0	0	0	1
d7c4e10388b382677dadb4fb9756f06d	0	0	0	0	0	0	0	1	1	0	2	0	0	0	0	5	0	5	0	0	0	0	0	0	3	0	0	1	0	0
f5e5b77534540e9ec582281ec8f64d47	0	0	0	0	0	0	0	1	0	0	0	0	0	0	29	0	3	0	0	1	0	1	3	0	0	0	0	0	0	0
370596d18db817e50ca94d36fd3af07d	0	0	0	0	0	0	0	1	0	0	0	0	0	0	12	0	0	0	0	0	0	0	0	0	0	0	0	0	0	0
0c44f8c57ff3d917352d3547c8ade40b	0	0	0	0	0	0	0	1	0	0	0	0	0	0	0	0	0	0	0	0	0	0	28	2	0	0	0	0	0	0
4058b04cc824bb3a301acb3e192b3717	0	0	0	0	0	0	0	1	0	0	0	0	0	0	0	0	0	0	67	0	10	0	0	42	0	0	32	21	0	6
f3ad6a8b5698896d0e853a370e29c1f4	0	0	0	0	0	0	0	1	0	0	0	0	0	0	0	0	0	0	2	0	0	0	0	4	0	0	0	0	11	1
8aa34959c26cd866fa28b7eece1f9062	0	0	0	0	0	0	0	1	2	0	0	0	0	0	1	2	0	3	0	0	0	0	0	0	0	1	0	0	0	0
445748d72f7e061a1b330096b46087e3	0	0	0	0	0	0	0	1	0	0	0	0	0	0	0	10	0	0	0	0	0	0	0	0	0	0	0	0	0	0
ba501cf40fdb6db69b09348c6fb26212	0	0	0	0	0	0	0	1	7	0	1	0	0	0	0	0	0	0	0	0	0	0	0	0	1	0	0	0	0	0
bdf6adad0e3ef9ee7219bc76a424683f	0	0	0	0	0	0	0	1	0	0	0	0	1	0	0	0	0	0	3	0	3	0	0	3	0	0	3	1	0	2
b0c95d1eca02a7d1d93a62037adc5040	0	0	0	0	0	0	0	1	0	2	1	0	0	6	0	0	0	0	0	0	0	0	0	0	0	8	0	0	0	2
f8b8478760852a95f4328f3235a9217b	0	0	0	0	0	0	0	1	2	0	0	0	1	0	0	1	0	0	4	0	2	0	0	0	0	1	2	2	6	0
61c5c9d31e2972689b9c6a94cdcf66b9	0	0	0	0	0	0	0	1	0	2	1	2	0	0	0	1	0	3	0	0	0	0	0	3	0	0	6	1	5	9
a3f59f6317649a68556885dbc2b99d07	0	0	0	0	0	0	0	1	0	1	0	6	3	0	0	4	0	0	0	0	0	0	0	0	0	0	0	0	0	0
32d49705e0f0e37050c647004b84e14c	0	0	0	0	0	0	0	1	0	0	4	2	0	0	0	0	0	4	0	0	0	0	0	0	0	133	2	0	0	1
31b5a63980950abc0ede49c005b0f802	0	0	0	0	0	0	0	1	0	0	1	1	7	0	0	0	0	0	1	0	1	0	0	0	0	0	0	0	0	0
04caa8abf1b88929cb62b17d5fdb6bc6	0	0	0	0	0	0	0	1	0	0	1	3	0	3	0	0	0	0	0	0	0	0	0	1	0	0	0	0	2	0
1d0874d25a24fe428e12d565e9fd1d71	0	0	0	0	0	0	0	1	5	0	1	0	0	0	0	0	0	1	0	0	0	0	0	0	1	0	0	1	1	0
400ab72fd32d7c041f49a8a9930a9a57	0	0	0	0	0	0	0	1	0	0	0	1	0	0	1	5	0	56	0	0	0	0	0	0	0	0	0	0	0	0
95912e8a08d9e8f51dd4f2d33ab8a7ed	0	0	0	0	0	0	0	1	0	0	0	0	0	3	5	0	0	0	0	0	0	0	0	1	0	0	0	2	1	0
3802596a5810c26b9ef2d074999a74f0	0	0	0	0	0	0	0	1	1	4	0	4	1	0	3	0	0	1	0	0	2	0	0	0	0	0	0	3	2	0
8db0c4d7fa5b3fd914769a3adf38fb63	0	0	0	0	0	0	0	1	0	0	0	1	0	0	0	0	0	0	4	0	8	0	0	5	0	0	0	3	0	0
cec5dfac15747251517094ada132f22b	0	0	0	0	0	0	0	1	0	0	0	0	0	0	0	0	0	0	19	0	6	0	0	0	0	0	28	0	0	17
e8a76bf2035e1669339fe5e649affd81	0	0	0	0	0	0	0	1	0	0	0	0	0	0	0	0	0	0	0	0	0	0	0	0	0	0	0	1	14	2
4908c34b5bcbdebd169aab641545819f	0	0	0	0	0	0	0	1	3	2	2	0	1	0	0	0	0	7	0	0	0	0	0	0	22	2	0	0	0	0
b811e4f0c50a57abf719b0ff6ac0dee3	0	0	0	0	0	0	0	1	0	0	13	0	0	0	0	0	0	0	0	0	0	0	0	0	0	0	0	0	0	0
21b0b371126bc08888a7afef280a37af	0	0	0	0	0	0	0	1	0	0	10	0	0	5	0	0	0	0	0	0	0	0	0	0	0	1	0	0	0	1
8e3379a25e76d8ed966876ad72d35119	0	0	0	0	0	0	0	1	0	0	0	0	0	0	12	1	0	0	0	0	0	0	0	0	0	0	1	0	0	0
10100d5f60a0304c05a9ec4c2ac46e5a	0	0	0	0	0	0	0	1	0	0	2	0	0	1	1	3	0	0	0	0	0	0	0	0	0	0	0	3	0	1
569c3f8c7c2dd2fafaf55f85b6736287	0	0	0	0	0	0	0	1	1	4	0	4	0	0	0	1	0	0	0	0	0	0	0	0	0	0	1	0	1	0
bddf2f706131410c8578efa82de24fd8	0	0	0	0	0	0	0	1	0	3	0	13	0	0	0	0	0	0	1	0	0	0	0	5	0	0	1	9	15	2
7e2147a3d55e6ca3eb1ca3c1db2dd387	0	0	0	0	0	0	0	1	2	0	1	1	0	0	0	1	0	2	0	0	0	0	0	0	4	0	0	2	0	0
9f50de447347e96663ad6ae13c115822	0	0	0	0	0	0	0	1	0	0	0	0	0	16	0	0	0	0	0	0	0	0	0	0	0	0	0	0	0	0
acb0f37bb12270f44ef6f0fb044db8ac	0	0	0	0	0	0	0	1	0	0	0	0	0	4	0	0	0	3	0	0	0	0	0	0	0	0	0	0	1	2
1d1ff6fdd533f01c81fcfdd616563a28	0	0	0	0	0	0	0	1	0	0	9	0	0	0	1	0	0	2	0	0	0	0	0	0	4	49	0	1	0	0
5e2dc0b2bd3da0d115d0e88ac99233dd	0	0	0	0	0	0	0	1	0	0	2	0	0	0	0	0	0	2	0	0	0	0	0	0	1	0	2	0	4	0
cefe683bf2502227db24978ce740fd8c	0	0	0	0	0	0	0	1	0	1	1	0	0	0	0	0	0	3	0	0	0	0	0	2	1	0	0	1	0	0
7c8e4750d24c4850234dc6937af3841e	0	0	0	0	0	0	0	1	0	4	0	3	0	0	0	0	0	6	0	0	0	0	0	0	1	0	0	2	0	0
6f60d58dcf289b30fd93d4efedb7d3ad	0	0	0	0	0	0	0	1	0	1	0	7	0	0	1	0	0	0	0	0	0	0	0	0	0	0	1	1	2	0
d92d56878bbb7a1875297bdaed021226	0	0	0	0	0	0	0	1	0	0	0	0	0	0	0	0	0	0	0	0	0	0	0	0	0	0	0	0	9	0
b097fd48a92ea930c50b5e8b85c830ec	0	0	0	0	0	0	0	1	0	3	0	1	0	0	0	1	0	0	1	0	2	0	0	1	0	0	0	1	0	0
9bfe41acf6c06d49a90c9fd7505bb1f5	0	0	0	0	0	0	0	1	0	0	0	0	0	0	1	12	0	0	0	0	0	0	0	0	0	0	0	0	1	0
ba78701128cc46f6e3e452a3968e544c	0	0	0	0	0	0	0	1	0	0	0	0	0	0	0	0	0	2	30	0	5	0	0	10	0	0	3	3	0	3
7f761d99588da21bd77d0cb1b5dbbf66	0	0	0	0	0	0	0	1	4	0	0	2	0	0	0	0	0	0	0	0	0	0	0	0	8	0	0	1	0	0
d57acd3fb792f5334eacd591a85d29cf	0	0	0	0	0	0	0	1	1	0	0	0	0	0	0	0	0	4	0	0	0	0	0	3	0	0	1	6	0	2
d970b587fd7000ee7f804ad9459742b9	0	0	0	0	0	0	0	1	2	2	0	0	0	0	0	0	0	0	0	0	0	0	0	0	2	2	0	2	0	0
ad50629fdc57c6acfbf998e7f7c56b26	0	0	0	0	0	0	0	1	3	0	14	7	0	0	0	0	0	8	0	0	0	0	0	0	0	0	0	4	3	2
1967bf0c07d067b4488e1eb7158690c4	0	0	0	0	0	0	0	1	0	9	0	3	0	0	0	0	0	31	0	0	0	0	0	0	0	0	0	0	0	0
819d0a996aa8bc3fe27d8a8542f3f7d2	0	0	0	0	0	0	0	1	0	8	0	23	53	0	0	5	0	0	0	0	0	0	0	1	0	0	1	12	0	0
27ff8a763405a419297a38fa781c1526	0	0	0	0	0	0	0	1	0	0	0	0	0	0	0	0	0	0	2	0	7	0	0	0	0	0	0	1	0	0
c387a3eecec493fe916bd657215b6ea7	0	0	0	0	0	0	0	1	0	0	0	0	0	0	0	1	0	0	36	0	46	0	0	0	0	0	3	5	0	10
33dbe613406ed614c7813aa66b5ab2da	0	0	0	0	0	0	0	1	0	4	0	0	0	0	0	0	0	7	0	0	0	0	0	2	3	0	0	3	0	0
5954875587c3ca06f086bd8a0a73b8a2	0	0	0	0	0	0	0	1	0	0	0	0	0	4	0	3	0	0	7	0	33	0	0	1	6	0	4	9	0	20
95b1f18df647f6792ec3d3e5016602ef	0	0	0	0	0	0	0	1	0	0	1	0	0	0	0	3	0	4	0	0	0	0	0	0	0	0	0	1	0	0
bebfecc20b946440adcff379fd91e318	0	0	0	0	0	0	0	1	3	2	0	0	0	0	0	0	0	25	0	0	5	0	0	0	2	0	1	0	0	0
b3bbcbe5614195f4e5a2a97745b40fe7	0	0	0	0	0	0	0	1	0	1	0	0	0	3	0	0	0	4	2	0	2	0	0	1	0	0	1	4	0	0
ec69e6e6bb8291abd04c148307d7dd4e	0	0	0	0	0	0	0	1	1	1	10	0	0	0	3	0	0	1	0	0	0	0	0	0	0	0	0	0	0	0
5d404b698e7937ca6bb00f0c99c74fb8	0	0	0	0	0	0	0	1	5	0	0	1	0	0	0	3	0	5	0	0	0	0	0	1	0	0	0	1	1	0
cc41fc008b4ff8cf3301aa5519e63e52	0	0	0	0	0	0	0	1	0	1	0	0	0	0	0	3	0	0	0	0	0	0	0	0	0	0	0	1	0	6
49fc21bf7fca2b80519a5b68d2610e27	0	0	0	0	0	0	0	1	0	0	0	0	1	0	0	0	0	0	0	0	0	0	0	0	0	0	8	1	0	12
113b9f67e9f04be9315b3ed536b7c75d	0	0	0	0	0	0	0	1	2	3	0	21	0	0	0	4	0	0	0	0	2	0	0	9	9	0	0	7	5	0
9c09f9d93c4b752b8466a20291f5005a	0	0	0	0	0	0	0	1	0	0	0	6	0	0	0	0	0	0	0	0	0	0	0	0	0	0	0	3	5	0
a2152d9b3f9984ac2aee91b437313ef9	0	0	0	0	0	0	0	1	0	0	0	0	0	0	0	0	0	0	3	0	1	0	0	3	0	0	2	1	0	2
19510f4f0f4f9399239c5f27f7d994b6	0	0	0	0	0	0	0	1	1	2	2	0	0	0	0	1	0	1	0	0	0	0	0	0	1	0	0	1	0	0
2ab4557f9c6abfafa3d5bfe68197cb96	0	0	0	0	0	0	0	1	0	0	0	0	0	0	0	0	0	9	0	0	0	0	0	1	2	0	0	0	0	0
77af274776585e0bab50b5c5a9ace788	0	0	0	0	0	0	0	1	0	0	0	0	0	0	0	1	0	2	0	0	0	0	0	7	0	0	0	3	0	0
8911f629ff6f7312d3a5d412baca467f	0	0	0	0	0	0	0	1	0	0	8	0	0	0	0	0	0	0	0	0	0	0	0	0	0	2	1	2	2	0
6b2c44034a9e3eb9a4cbd3646f374ff0	0	0	0	0	0	0	0	1	0	2	0	1	0	0	0	0	0	0	24	0	34	0	0	36	0	0	14	19	0	10
737586c20cb07889348e621b1673d7c5	0	0	0	0	0	0	0	1	0	0	0	0	2	0	0	7	0	1	0	0	0	0	0	0	0	0	0	0	0	0
eca998c6d8ab7702ec5f723a88a61c5e	0	0	0	0	0	0	0	1	0	0	0	0	0	0	0	0	0	2	0	0	0	0	0	0	3	0	2	0	0	3
f67e1c90127061dd99530bc3fd7f67c1	0	0	0	0	0	0	0	1	0	0	0	0	0	2	3	5	0	1	0	0	0	0	0	0	0	0	0	0	0	0
c2f29ce4bfcced1777e2837a8772f986	0	0	0	0	0	0	0	1	6	1	0	0	0	1	0	0	0	0	0	0	0	0	0	1	39	0	1	2	0	0
117f6fb23658d9fbef2eb7416b4dd1b0	0	0	0	0	0	0	0	1	1	2	0	0	0	0	0	1	0	1	0	0	0	0	0	2	0	0	0	3	0	0
49d2e1d0a359cf1a79cb6c6256112b13	0	0	0	0	0	0	0	1	0	0	0	2	0	0	0	0	0	0	0	0	0	0	0	0	0	0	5	3	0	9
2fe76d44f301d19603882250417fa8be	0	0	0	0	0	0	0	1	0	0	0	0	0	0	0	0	0	0	0	0	0	0	0	0	0	0	2	0	1	8
d1c014df636c7b34d1ccbdc1f15a0d1b	0	0	0	0	0	0	0	1	0	0	0	2	0	0	0	1	0	0	0	0	0	0	0	1	0	21	1	2	0	0
e217214c9101cba2e534d41a6664ad51	0	0	0	0	0	0	0	1	0	2	1	0	5	0	0	0	0	6	0	0	0	0	0	0	0	0	2	0	0	0
abe9fdbc18888a171043ab6a8ea4bbfb	0	0	0	0	0	0	0	1	0	9	2	2	0	0	0	12	0	71	0	0	0	0	0	2	0	0	0	4	38	1
5c2c3dcd7ff0a40f96251a25bc3ab571	0	0	0	0	0	0	0	1	1	0	2	5	0	0	3	1	0	0	0	0	0	0	0	0	1	0	0	0	0	0
7896ecea909aff2caee338b296a4e431	0	0	0	0	0	0	0	1	0	0	0	0	0	0	0	0	0	0	0	0	0	0	0	0	0	0	4	0	0	14
f4ceddfcd99c42cee1b073eaf2423c03	0	0	0	0	0	0	0	1	0	0	0	0	0	0	0	18	0	0	0	0	0	0	0	2	0	0	0	0	0	0
7c7a13321fb84aad8b79c1e854025580	0	0	0	0	0	0	0	1	0	0	0	0	0	0	1	1	0	2	0	0	1	0	0	0	0	0	3	1	0	5
d1734bd12158dd7e0255eef8d36c586f	0	0	0	0	0	0	0	1	0	4	0	3	0	0	0	0	0	10	0	0	0	0	0	0	0	0	0	0	0	0
5bd6a976013f1bba3f671a7edfb96f24	0	0	0	0	0	0	0	1	0	0	0	0	0	1	4	5	0	0	0	0	0	0	0	0	0	0	0	0	0	0
e4b55b35fd013c594b8df36b2d486011	0	0	0	0	0	0	0	1	1	1	0	1	0	21	1	0	0	2	0	0	0	0	0	0	0	3	0	0	0	1
d87713eb68a79c76c94f5288fb73da36	0	0	0	0	0	0	0	1	1	0	3	2	0	0	0	6	0	7	0	0	0	0	0	0	0	0	0	1	0	0
43950301e4b0ba3f625005f279040482	0	0	0	0	0	0	0	1	2	0	3	3	1	1	1	0	0	0	0	0	0	0	0	4	0	0	0	1	0	1
a16c06830b88cafddbaf410126ea293e	0	0	0	0	0	0	0	1	5	1	1	0	0	0	1	0	0	0	0	0	0	0	0	1	1	0	0	4	0	0
bd47815048a0bf712a87564aabee1fc0	0	0	0	0	0	0	0	1	11	2	0	6	5	0	5	7	0	0	0	0	0	0	0	1	0	0	0	3	4	0
4a101dac883bde56e6f790608922ba67	0	0	0	0	0	0	0	1	0	10	0	3	0	0	0	1	0	0	0	0	0	0	0	0	0	0	0	0	0	0
a4796793b62af2bc6e6cc267e8f64a67	0	0	0	0	0	0	0	1	0	0	2	3	2	0	0	3	0	1	0	0	0	0	0	0	0	5	0	6	2	4
7381277c1531fb46ba7fedf31cc970c1	0	0	0	0	0	0	0	1	0	1	0	0	0	0	0	0	0	0	7	0	6	0	0	2	0	0	2	0	0	5
a00b9a65b22e2c3f6364590b414a2a8a	0	0	0	0	0	0	0	1	0	3	0	1	3	0	0	0	0	2	0	0	3	0	0	2	0	2	3	7	0	1
398c1a5ddefc8e4bd71bcf9883c57e75	0	0	0	0	0	0	0	1	1	0	3	0	0	19	0	0	0	0	1	0	0	0	0	0	1	0	0	0	0	0
7348e8d8a0ece42f7df3afa45caa4b88	0	0	0	0	0	0	0	1	0	0	0	0	0	0	0	0	0	11	0	0	0	0	0	0	0	0	0	0	0	0
ecb03d9a2380052e749af13a1bece723	0	0	0	0	0	0	0	1	0	1	0	1	0	0	0	1	0	5	0	0	0	0	0	1	3	0	0	1	1	0
83072ebe78c959e64d0e4402e857cf40	0	0	0	0	0	0	0	1	9	0	1	0	0	0	0	0	0	7	0	0	0	0	0	0	8	0	0	0	0	2
f5859da7402e027fea2a6f197f40e5b4	0	0	0	0	0	0	0	1	0	0	1	0	0	4	0	0	0	2	0	0	0	0	0	0	7	0	0	0	0	0
f78845f6bb26a2d37a0e48708f9e57fe	0	0	0	0	0	0	0	1	0	0	2	0	0	0	0	0	0	0	1	0	8	0	0	1	0	0	0	8	0	1
3858e76f679c9477f5f4bd20d178951f	0	0	0	0	0	0	0	1	6	0	0	0	0	0	1	0	0	2	0	0	0	0	0	0	0	0	0	0	0	0
6f179d70985faeaa15d65d518d29acf8	0	0	0	0	0	0	0	1	0	0	2	0	0	0	0	0	0	2	6	0	1	0	0	8	0	0	71	2	0	39
4ea43fbae536f1dd0149699cf768f9fc	0	0	0	0	0	0	0	1	0	0	0	0	0	0	0	1	0	0	0	0	12	0	0	2	0	0	1	8	0	0
606114935f3ca416bea9cbbccb82a575	0	0	0	0	0	0	0	1	0	0	0	0	0	0	0	6	0	0	0	0	0	0	0	0	4	0	0	0	0	0
f87093d8f1bac648fe164adb17b381c4	0	0	0	0	0	0	0	1	5	5	0	0	0	0	0	0	0	3	0	0	0	0	0	0	0	0	2	0	0	0
3b27b99521323905c1cd1a7f46d815e2	0	0	0	0	0	0	0	1	0	0	0	0	0	0	2	0	0	0	0	0	0	0	0	1	4	0	3	0	0	0
bdd33d46cc62bbcdc169b38cbe4486aa	0	0	0	0	0	0	0	1	0	0	0	0	0	0	8	17	0	1	0	0	0	0	0	0	0	0	0	0	4	1
8cb428c38e0f1ba37feb114f483ae94e	0	0	0	0	0	0	0	1	0	1	0	1	0	0	1	4	0	2	0	0	2	0	0	0	0	0	0	1	0	0
59ee82eee35f8ed9a56a7196bd1875b0	0	0	0	0	0	0	0	1	1	0	1	7	0	0	7	2	0	0	0	0	0	0	0	1	0	0	0	0	0	1
a42431e6887f1ff3a14b351b203f08f6	0	0	0	0	0	0	0	1	0	0	0	0	15	0	0	0	0	0	0	0	0	0	0	0	0	0	0	0	0	0
94a75ecb9faa6b3738a0c63d778e8cb3	0	0	0	0	0	0	0	1	0	1	0	0	0	0	0	0	0	0	1	0	3	0	0	3	0	16	0	4	1	0
49b7abae6cc971b55f07bc1de236bf07	0	0	0	0	0	0	0	1	0	2	0	0	0	0	6	0	0	0	0	0	0	0	0	0	0	0	0	4	0	0
a9ad02896239d970e40a3952b58d8fdf	0	0	0	0	0	0	0	1	0	0	0	1	7	0	1	4	0	0	0	0	0	0	0	0	0	0	0	0	0	0
81073038266ee1e0e512624e530a15b1	0	0	0	0	0	0	0	1	0	2	0	0	0	2	0	1	0	3	0	0	0	0	0	0	5	0	0	0	0	0
8afa9ef3cb2ea600e75f1282cf951f42	0	0	0	0	0	0	0	1	0	2	0	0	0	0	0	0	1	1	0	0	6	0	0	0	0	0	0	1	0	0
3e2d5a9cfc779af2f93f7328f3cc6232	0	0	0	0	0	0	0	1	0	0	0	1	0	0	0	0	0	0	0	0	0	0	0	0	1	0	1	6	3	2
c382988d500e3095cd708a1951239c78	0	0	0	0	0	0	0	1	1	0	0	0	0	0	0	27	0	0	0	0	0	0	0	0	0	0	0	0	0	0
c15129b2a2b5b9b2ddac794673d357b5	0	0	0	0	0	0	0	1	0	0	0	0	0	11	0	1	0	0	0	0	0	0	0	0	0	0	0	0	0	0
cb9c64d8ac4116d1284a3df29f8e31ac	0	0	0	0	0	0	0	1	0	0	0	0	5	0	0	0	0	0	0	0	0	0	0	0	0	0	0	2	2	1
b33e923a7a7f193802def7b7411358cc	0	0	0	0	0	0	0	1	0	0	0	0	0	0	0	0	0	0	0	0	0	0	0	0	0	0	7	0	0	3
f186d04eb0bd83f7e35aaf68a08db35c	0	0	0	0	0	0	0	1	0	5	0	7	0	0	0	0	0	0	0	0	0	0	0	1	0	0	0	2	3	3
5f1ffae3468bccf96d283fa435a0ac26	0	0	0	0	0	0	0	1	0	3	1	0	1	0	0	0	1	0	0	0	0	0	0	0	0	0	0	6	1	2
ce0e8940da8d3b09ca7199ab0fe3976a	0	0	0	0	0	0	0	1	0	0	1	4	0	0	2	2	0	0	0	0	0	0	0	0	0	0	0	0	0	0
48586f23a2ad507a80deb79ac8da8e1f	0	0	0	0	0	0	0	1	0	0	0	1	0	0	0	0	0	0	5	0	4	0	0	0	0	0	0	0	0	0
8183b40ae9e3fe827b013592f6463910	0	0	0	0	0	0	0	1	0	3	0	2	0	0	0	0	0	8	0	0	0	0	0	2	0	0	0	1	1	0
b79e034420354876305010edac42808f	0	0	0	0	0	0	0	1	0	0	0	0	0	18	0	0	0	0	0	0	0	0	0	0	0	0	0	0	0	0
291ed54f885c1288c7f95461acdaed57	0	0	0	0	0	0	0	1	1	2	0	8	0	0	0	17	0	6	2	0	0	0	0	0	0	0	0	2	0	0
53d2b3bbb3fb2e5225635c30bc3b6d0b	0	0	0	0	0	0	0	1	0	0	0	0	1	0	1	1	0	1	1	0	1	0	0	1	0	0	0	5	5	0
abefee0935017ed736b8d0ec8650b448	0	0	0	0	0	0	0	1	0	0	0	0	0	0	16	1	0	0	0	0	0	0	0	0	0	0	0	0	0	0
0c5a7fbc3007092577b45eb4caf0a4be	0	0	0	0	0	0	0	1	0	0	0	0	0	0	0	1	0	0	7	0	11	0	0	3	0	0	8	1	0	1
cbe4bdeefedb1ee04ce03c16164475bf	0	0	0	0	0	0	0	1	0	0	0	7	0	0	0	0	0	1	0	0	0	0	0	0	0	0	2	0	0	1
63c9bf85bdc61e34107485e380eaed6d	0	0	0	0	0	0	0	1	1	0	0	0	0	0	1	2	0	5	0	0	0	0	0	0	0	0	0	2	0	0
01aae0492b5c9e792dd642ac4ce77319	0	0	0	0	0	0	0	1	1	1	0	0	0	0	0	1	0	5	0	0	0	0	0	0	0	0	1	0	3	0
2f73ec552253e54d4e380bb7fa54680e	0	0	0	0	0	0	0	1	4	8	9	0	0	1	0	0	0	4	0	0	0	0	0	0	29	6	0	0	0	0
b6b4216657e665c1f350695bd088758b	0	0	0	0	0	0	0	0	60	0	0	0	0	17	0	0	0	0	0	0	0	0	0	0	0	0	1	0	0	0
f0923f78ab678bb600174596526b725b	0	0	0	0	0	0	0	0	49	0	0	0	0	0	0	0	3	0	0	0	0	0	1	0	0	0	0	0	0	0
c8e5b679f2fe1b9f8dbffb7c27fb6598	0	0	0	0	0	0	0	0	33	0	0	0	0	0	0	0	0	0	0	0	0	0	0	0	1	3	0	0	0	0
9d525e77fa24fef4b8f304ebca8979c2	0	0	0	0	0	0	0	0	31	0	0	0	0	0	0	0	0	0	0	0	0	0	0	0	96	0	0	0	0	0
e4e80cd6e8c6e18605f1bd09408129ca	0	0	0	0	0	0	0	0	29	0	0	0	0	0	0	0	0	0	0	0	0	0	0	0	0	0	0	0	0	0
2232f4f8b6ef6eeb80c528480265c97a	0	0	0	0	0	0	0	0	25	0	0	0	0	0	0	0	0	0	0	0	0	0	0	0	76	0	0	0	0	0
64eb0b1f6221ec2037907e8ff374f849	0	0	0	0	0	0	0	0	21	0	0	0	0	0	0	0	0	0	0	0	0	0	0	0	0	0	0	0	0	0
ee57eb7520e86008b26ac26a9a2295b3	0	0	0	0	0	0	0	0	19	0	0	0	0	0	0	0	0	0	0	0	0	0	0	1	2	0	2	0	0	0
8b21a0b54d21c1a710f7f1b1926798df	0	0	0	0	0	0	0	0	19	1	0	0	0	0	0	0	0	0	0	0	0	0	0	0	0	0	0	0	3	0
3ebed257add3303d0e886cd040b010c1	0	0	0	0	0	0	0	0	17	0	0	0	0	0	0	0	0	0	0	0	0	0	0	0	2	0	0	0	0	0
ca71b83c5942ef69be24e0f26c510466	0	0	0	0	0	0	0	0	16	0	0	4	0	0	1	0	0	3	2	0	0	0	0	0	10	14	0	1	4	0
b139be88350e5dcc05b2519af1f3348f	0	0	0	0	0	0	0	0	16	0	0	1	0	0	0	0	0	3	0	0	0	0	0	0	0	0	0	1	0	2
7d8cd64f415a89df5333b788f313fee2	0	0	0	0	0	0	0	0	15	0	0	0	0	0	0	0	0	10	0	0	0	0	0	0	1	0	1	2	0	0
7f04a6cc4bebee2b1aa187533a62640a	0	0	0	0	0	0	0	0	15	3	0	2	0	0	0	0	0	0	0	0	0	0	0	0	0	0	0	0	0	0
b603adf07dbd5922c5a34c777d040ec5	0	0	0	0	0	0	0	0	15	0	0	0	0	0	0	0	0	0	0	0	0	0	0	0	0	0	0	1	1	0
3204837d357f9917062305a5bb8daf87	0	0	0	0	0	0	0	0	14	0	0	0	0	0	0	0	0	0	0	0	0	0	0	0	0	0	0	0	0	0
d2ff3cd51f105b8ea9a61ebf0a90f711	0	0	0	0	0	0	0	0	14	0	0	0	0	0	0	0	0	1	0	0	0	0	0	0	3	0	0	0	0	0
7f371b54a471c958cddeef825a886f0c	0	0	0	0	0	0	0	0	14	1	0	0	0	0	0	0	0	28	0	0	0	0	0	0	11	0	0	0	0	0
2a29a3858e2cf4b7d64bd883d40b059b	0	0	0	0	0	0	0	0	14	0	8	0	0	0	0	0	0	3	0	0	0	0	0	0	0	0	0	0	0	0
4a69b417ac21cfb0d9b7555f2e2d521c	0	0	0	0	0	0	0	0	13	0	3	0	0	0	1	0	0	4	0	0	0	0	0	0	77	19	0	0	0	0
9a7166bf962d1d0473558da751bd23ea	0	0	0	0	0	0	0	0	12	0	3	0	0	0	37	8	0	0	0	0	0	0	0	0	0	0	0	0	0	0
d3b260caaaab669134e3904b2dc565d4	0	0	0	0	0	0	0	0	12	10	0	26	1	0	0	0	0	0	0	0	0	0	0	0	24	0	0	17	0	1
89c38a0c1ee9d07823aee69242aaf628	0	0	0	0	0	0	0	0	12	0	0	0	0	0	0	0	0	2	0	0	0	0	0	0	0	0	0	1	0	0
3ac15ad21bef02b00b74b6f892ac28da	0	0	0	0	0	0	0	0	11	1	0	0	0	0	0	0	0	5	0	0	0	0	0	0	0	0	0	0	0	0
aed63f657a1e471076ac98b79364d123	0	0	0	0	0	0	0	0	11	0	0	0	0	0	0	0	0	0	0	0	0	0	0	0	0	0	0	5	0	0
36eb3710ca49bf598937dfd30edbe113	0	0	0	0	0	0	0	0	11	0	1	0	0	0	0	0	0	0	0	0	0	0	0	0	67	0	0	0	0	0
fc5a80d6fa437a6f74b6c557f76d4579	0	0	0	0	0	0	0	0	11	0	1	0	0	0	0	3	0	1	0	0	0	0	0	0	9	0	1	0	0	0
7b1124bcd6f12bf499ad29d77e5c0bdb	0	0	0	0	0	0	0	0	10	0	0	0	0	0	0	2	0	0	0	1	0	0	0	0	0	2	0	0	1	0
0d25e8f2433645fd4a8bfb63daaf1be0	0	0	0	0	0	0	0	0	10	0	0	0	0	0	0	0	0	0	0	0	0	0	0	0	0	0	0	0	0	0
f3ee3219906fb5166ffd255f461a00e8	0	0	0	0	0	0	0	0	10	0	0	0	0	0	0	0	0	28	0	0	0	0	0	0	0	0	0	0	0	0
82081d9e2d53b3269f57903d3655fd8e	0	0	0	0	0	0	0	0	10	0	0	0	0	0	0	0	0	0	0	0	0	0	0	2	0	0	0	0	0	0
6a7f25c88f86f059ad97867491644f26	0	0	0	0	0	0	0	0	10	0	0	0	0	0	0	0	0	0	0	0	0	0	0	0	0	0	0	0	0	0
2bb52f16a723fd505c2e1d60f013e06e	0	0	0	0	0	0	0	0	10	13	8	10	51	0	0	0	0	103	2	0	0	0	0	0	10	0	0	0	0	0
bcd18993795e1a94fcee1bdb96391e4b	0	0	0	0	0	0	0	0	10	0	0	0	0	0	0	0	0	2	0	0	0	0	0	0	0	0	0	0	0	0
823e8eb1b5cd76ae3e60f565210523db	0	0	0	0	0	0	0	0	10	0	0	0	0	0	0	0	0	0	0	0	0	0	0	1	0	0	0	0	0	0
283f920d11153bd953ff2fb2d0aac2e8	0	0	0	0	0	0	0	0	9	0	0	0	0	0	0	0	0	5	0	0	0	0	0	0	0	0	0	0	0	0
ee8a01cec0b2d28e9701b6d6d0f0df32	0	0	0	0	0	0	0	0	9	1	0	0	0	0	0	0	0	0	0	0	0	0	0	1	32	0	0	5	0	0
30f3e110ba26a9117930ff1ea23e81c5	0	0	0	0	0	0	0	0	9	0	0	0	0	0	0	0	0	0	0	0	0	0	0	0	3	0	0	0	0	0
775b87bcc0706d7df604ba7107367dc0	0	0	0	0	0	0	0	0	9	0	0	0	1	0	0	0	0	2	1	0	0	0	0	0	1	0	0	0	5	2
ba482c1b148367010f9812036a117422	0	0	0	0	0	0	0	0	9	3	0	0	0	0	0	0	0	11	0	0	0	0	0	0	0	0	1	0	0	0
4079449b18df321cbf87d0782f1b0cd3	0	0	0	0	0	0	0	0	9	0	5	0	0	0	0	0	0	2	0	0	0	0	0	0	0	0	0	0	0	0
00f791b9d07995213d5c4a03216544d4	0	0	0	0	0	0	0	0	9	0	0	0	0	0	0	0	0	1	0	0	0	0	0	0	0	0	0	0	0	0
57319da69e203918af384baaaf1bf64b	0	0	0	0	0	0	0	0	9	0	0	8	0	0	0	0	0	10	0	0	0	0	0	0	6	0	0	0	0	0
606ba8e31411e04493195942eaef6395	0	0	0	0	0	0	0	0	9	0	0	0	0	0	0	0	0	0	0	0	0	0	0	0	3	0	0	0	0	0
c538239a3ddd35c0ce28873ae91a1157	0	0	0	0	0	0	0	0	9	2	0	0	0	0	0	1	0	4	0	0	0	0	0	0	0	0	1	0	0	0
a4ea34c87e892bd0432b5b2e533e9401	0	0	0	0	0	0	0	0	9	0	0	0	0	0	0	5	0	0	0	0	0	0	0	0	0	0	0	0	0	0
4fda1f41384a2f7794097ebb38d22877	0	0	0	0	0	0	0	0	8	0	0	0	0	0	0	0	0	0	0	0	0	0	0	0	0	0	0	0	2	0
db92385e45485c0c07dcc8ea4322af25	0	0	0	0	0	0	0	0	8	0	0	0	0	0	0	0	0	3	0	0	0	0	0	0	0	0	0	0	1	0
e13947120efff4603349ae9e9a940b6f	0	0	0	0	0	0	0	0	8	0	0	0	0	0	0	0	0	0	0	0	0	0	0	0	5	0	0	0	0	0
dd541bc7e65d3ed8afb3c6bcacb0a6c1	0	0	0	0	0	0	0	0	8	0	1	0	0	0	0	0	0	3	0	0	0	0	0	0	0	0	0	0	0	0
a389d691b1e899c63e17f5dd9af35cab	0	0	0	0	0	0	0	0	8	0	1	0	0	0	0	0	0	0	0	0	0	0	0	0	15	0	0	0	0	0
4590e9a40cc9687d5086efccacabeb44	0	0	0	0	0	0	0	0	8	0	0	2	0	0	0	0	0	3	0	0	0	0	0	1	6	0	0	3	2	1
7261dce220c35fd3900755362b607758	0	0	0	0	0	0	0	0	8	0	2	1	0	0	0	0	0	1	0	0	0	0	0	0	0	0	0	0	0	1
9577c7cec3a02a127d757443faabebe6	0	0	0	0	0	0	0	0	7	1	0	5	0	0	0	0	0	12	0	0	0	0	0	0	0	0	0	0	0	0
0b5ec1c84d43b28846705b168c005d50	0	0	0	0	0	0	0	0	7	0	0	4	0	0	0	0	0	2	0	0	0	0	0	0	0	0	0	0	0	0
934821dcb621e5a93f6bfd4051fe14d7	0	0	0	0	0	0	0	0	7	0	0	0	0	0	0	3	0	4	0	0	1	0	0	4	0	0	0	1	0	0
b290b46c4be388fb9c84b358690f09eb	0	0	0	0	0	0	0	0	7	0	3	1	0	0	0	1	0	4	0	0	0	0	0	0	0	0	0	0	0	0
623faf20dca32d72ecdaa672e0d4df53	0	0	0	0	0	0	0	0	7	3	5	2	0	0	3	0	0	3	0	0	1	0	0	2	0	4	1	3	0	1
5b574e3229f46249f012751c57c0e3e8	0	0	0	0	0	0	0	0	7	0	2	1	0	0	0	0	0	1	0	0	0	0	0	1	6	0	0	0	0	0
0f9427e5323c35b9b2686f9d5ee3183a	0	0	0	0	0	0	0	0	7	0	0	0	0	0	0	0	0	0	0	0	0	0	0	0	19	0	0	0	0	0
83c45af2302aaf4877f6c1c5639295f7	0	0	0	0	0	0	0	0	7	12	0	0	0	0	0	0	0	0	4	0	8	0	0	16	0	0	6	16	29	40
90d887040460accc807e586c340d56ec	0	0	0	0	0	0	0	0	7	0	0	0	0	0	0	0	0	0	1	0	0	0	0	2	0	0	5	0	2	0
503c5ca0f2ba58f90de252081e540113	0	0	0	0	0	0	0	0	7	0	4	0	0	1	2	8	0	1	0	0	0	0	0	0	6	0	0	1	0	0
3bf7ea6484e87f37edef4e525c98d68d	0	0	0	0	0	0	0	0	7	0	2	0	0	0	0	0	0	0	0	0	0	0	0	0	1	0	0	0	0	0
da233fdda5d682cd7ed73d119c3fca82	0	0	0	0	0	0	0	0	7	0	8	0	0	0	0	0	0	2	0	0	0	0	0	1	3	0	0	0	0	0
152d7ab47563af6dd54d61bb5e429466	0	0	0	0	0	0	0	0	7	1	0	0	0	0	0	1	0	0	0	0	0	0	0	0	3	0	6	6	1	2
667d20d824d04bae23eac7e34564c44d	0	0	0	0	0	0	0	0	7	0	0	0	0	0	0	0	0	3	0	0	0	0	0	0	0	0	0	0	0	0
e87374caa68d228af9eadde1f96e5d67	0	0	0	0	0	0	0	0	7	3	0	6	0	0	0	0	0	0	0	0	0	0	0	0	32	0	0	0	0	0
61e7e7128a5b084dea17b4b85ed71373	0	0	0	0	0	0	0	0	7	11	3	43	67	0	0	0	0	6	0	0	0	0	0	3	2	0	0	12	49	2
2abab4fd9047e314a2dc9ef41b4aafd2	0	0	0	0	0	0	0	0	6	1	8	1	0	0	0	0	0	0	0	0	0	0	0	0	0	0	0	3	0	0
f51cde78bf5b23eab707b77beff5780e	0	0	0	0	0	0	0	0	6	1	0	0	0	0	0	0	0	0	0	0	0	0	0	0	2	0	1	0	0	0
0bc7ba925a8f5b6cfff7b26c0608e56f	0	0	0	0	0	0	0	0	6	0	0	0	0	0	0	0	0	21	0	0	0	0	0	0	4	0	0	0	3	1
4a9125e21487fb2abd5aa15c400100fd	0	0	0	0	0	0	0	0	6	0	0	1	0	0	0	0	0	6	0	0	0	0	0	0	5	0	0	0	0	0
06d9fa68b579b1b360ffd5ee64f0d3e5	0	0	0	0	0	0	0	0	6	11	0	0	1	0	1	3	0	3	0	0	0	0	0	0	0	0	0	0	1	0
1d20da1aa05b6424572fe73e9b2fbaff	0	0	0	0	0	0	0	0	6	0	0	1	0	0	0	14	0	0	0	0	0	0	0	0	0	0	0	0	2	0
6738466524735d43a1bab8a81e6a5224	0	0	0	0	0	0	0	0	6	0	0	2	0	0	0	0	0	0	0	0	1	0	0	1	1	0	0	0	0	0
fef6650697dbdf4e65a2f2eb935e9f4d	0	0	0	0	0	0	0	0	6	0	0	0	0	0	0	0	0	4	0	0	0	0	0	0	0	0	0	0	2	0
b3eabcd7320d7c9e6e511f892bdb9196	0	0	0	0	0	0	0	0	6	0	2	0	0	0	1	0	0	1	0	0	0	0	0	0	0	0	0	0	0	0
8a2a72ef02a9569bbca7b7d119380baf	0	0	0	0	0	0	0	0	6	0	0	0	0	0	0	0	0	7	0	0	0	0	0	0	10	0	0	0	1	2
81df5ff4c49129f0823278a16584d45a	0	0	0	0	0	0	0	0	6	0	0	4	0	0	0	3	0	3	0	0	0	0	0	0	0	26	0	0	3	0
184b250a1f8191fe6b1ab307689abfd7	0	0	0	0	0	0	0	0	6	0	2	0	0	0	0	0	0	9	0	0	0	0	0	0	2	0	0	0	0	0
85126b2cb84fddebd3ee56932343b391	0	0	0	0	0	0	0	0	6	2	0	8	0	0	0	0	0	2	0	0	0	0	0	0	0	0	1	1	0	0
90d6804bcc6f9162ea898174119acea6	0	0	0	0	0	0	0	0	6	1	0	0	0	0	0	8	0	3	0	0	0	0	0	0	0	0	0	0	0	0
d5f7711f2eb38a2d4fe434b7b064d370	0	0	0	0	0	0	0	0	5	0	0	1	0	0	0	1	0	0	0	0	0	0	0	0	6	0	0	0	0	0
51d7ca95a9ab7b6d4d587247a14cb677	0	0	0	0	0	0	0	0	5	1	3	0	0	0	3	2	0	0	0	0	0	0	0	0	1	0	0	0	0	0
b6ea46de038e1bba84d2ca3d7ea2bcf4	0	0	0	0	0	0	0	0	5	0	1	0	0	0	0	3	0	0	0	0	0	0	0	0	3	0	0	0	0	0
db4a50cb07b85762b05463814a627871	0	0	0	0	0	0	0	0	5	3	3	14	0	0	0	0	0	14	0	0	7	0	0	5	2	0	0	7	0	1
075e0f1ff4ce10e29571af2a18328f85	0	0	0	0	0	0	0	0	5	0	0	6	0	0	0	1	0	2	0	0	4	0	0	6	0	0	0	11	0	4
6e2fbd1f448d2cc4c8f777234126ca0a	0	0	0	0	0	0	0	0	5	0	0	0	0	0	0	0	0	3	0	0	0	0	0	0	0	4	0	1	0	0
47838dee2d273a71c04c1acb0d761bef	0	0	0	0	0	0	0	0	5	0	5	0	0	0	0	0	0	0	0	0	0	0	0	0	4	0	0	1	1	0
4cf47384edc341146144372529e999e3	0	0	0	0	0	0	0	0	5	0	1	0	0	0	0	0	0	1	0	0	0	0	0	0	4	0	0	0	0	0
08b91dd8673837fbf157d1141ad05d7e	0	0	0	0	0	0	0	0	5	0	0	1	0	0	0	0	0	11	0	0	0	0	0	0	1	0	0	0	0	0
661e5bbc224ce5e2a5fc46227abf5d3d	0	0	0	0	0	0	0	0	5	0	0	3	0	0	0	0	0	0	0	0	0	0	0	6	0	0	0	12	0	0
55a4e00b441889e2298289e4cf25725a	0	0	0	0	0	0	0	0	5	0	13	0	0	0	0	0	0	0	0	0	0	0	0	0	0	0	0	0	0	0
369d1600ac2b9e3c5f70fda7dc8e9e2f	0	0	0	0	0	0	0	0	5	0	0	0	0	0	0	0	0	5	0	0	0	0	0	0	1	0	2	1	2	0
df468a521509db9f19e5a41e647ccea7	0	0	0	0	0	0	0	0	5	0	0	0	0	0	0	0	0	0	0	0	0	0	0	0	6	0	0	0	0	0
3df28600192f744de4230f13e645e0fb	0	0	0	0	0	0	0	0	5	0	0	0	0	0	0	2	0	5	0	0	0	0	0	0	13	0	0	0	0	0
1a4b493bf6fd0d39007d569ad9bf4e2a	0	0	0	0	0	0	0	0	5	0	1	0	0	0	0	0	0	1	0	0	0	0	0	0	3	0	1	0	0	0
7dc515726576fe7d718bef8084998bf4	0	0	0	0	0	0	0	0	5	0	0	2	0	0	0	0	0	2	0	0	0	0	0	0	6	0	0	0	1	0
f85277671799f70df459e63e6c3d5982	0	0	0	0	0	0	0	0	5	0	2	0	0	0	0	2	0	0	0	0	0	0	0	0	9	0	0	0	0	1
a48e65d96c61ebdf9d15959c7f37e33c	0	0	0	0	0	0	0	0	5	9	2	0	0	0	0	0	0	29	0	0	0	0	0	1	0	0	0	1	0	0
3171f58525a8d14ac37b5eaa152a7e78	0	0	0	0	0	0	0	0	5	0	0	9	0	0	0	0	0	0	0	0	0	0	0	3	11	0	0	9	0	0
075e20679c939c9655879b8a42e922de	0	0	0	0	0	0	0	0	5	0	1	1	0	0	0	1	0	2	0	0	0	0	0	0	1	0	0	0	0	0
dc536350c6d153a9542571b37b67f0c6	0	0	0	0	0	0	0	0	5	0	9	0	0	0	0	0	0	0	0	0	0	0	0	0	3	17	0	0	0	0
49d99f9406c2705a255eb180186d7e6a	0	0	0	0	0	0	0	0	5	0	0	2	0	0	0	0	0	10	0	0	0	0	0	0	0	0	0	0	0	0
ec4274a03d27719a1384ab4dc234a8b0	0	0	0	0	0	0	0	0	5	0	0	0	0	0	1	1	0	0	0	0	0	0	0	0	0	0	1	0	2	1
f551fd9f543245a7858511b4a4f9a773	0	0	0	0	0	0	0	0	5	0	0	1	0	0	0	2	0	2	0	0	0	0	0	0	0	0	0	2	0	1
f73ed6b83fd45603c8aed303a5ad9475	0	0	0	0	0	0	0	0	5	3	0	2	0	0	0	0	0	6	0	0	0	0	0	0	0	0	0	0	1	0
bb4a3de1eddcc09b2400cc8b87e900f7	0	0	0	0	0	0	0	0	5	2	0	0	0	0	2	3	0	1	0	0	0	0	0	0	6	0	0	5	0	0
3d298293a10e3b0c4b9c8d39633f79b7	0	0	0	0	0	0	0	0	5	1	1	0	0	0	0	0	0	1	0	0	0	0	0	0	0	10	0	0	0	0
3d827e7e7e4cf5df882613bcd587e25b	0	0	0	0	0	0	0	0	5	17	0	35	0	0	0	0	0	0	0	0	0	0	0	3	0	0	6	5	23	0
0a96ab70d704cefa40376383556ad1d8	0	0	0	0	0	0	0	0	5	2	0	0	0	0	0	3	0	2	0	0	0	0	0	0	0	0	0	1	1	1
53709f7a6ebf637ecdda67274f445031	0	0	0	0	0	0	0	0	4	0	4	0	0	0	0	1	0	2	2	0	3	0	0	2	12	0	0	0	0	0
8beee811c7d0492b6f92023181f451cd	0	0	0	0	0	0	0	0	4	3	0	0	0	0	0	0	0	0	1	0	4	0	0	0	0	0	0	0	5	0
49d8459b826cd532d901fc87de022ef6	0	0	0	0	0	0	0	0	4	0	1	12	8	0	0	0	0	13	2	0	0	0	0	0	1	0	0	0	0	2
0bc48ded8863899b8a870dbdb5a0f0a5	0	0	0	0	0	0	0	0	4	0	0	0	0	0	10	0	0	0	0	0	0	0	0	0	0	0	0	0	0	0
a4b4ab5d2f00a5766aa6c51463168638	0	0	0	0	0	0	0	0	4	0	1	3	0	0	0	5	0	2	0	0	0	0	0	0	2	0	0	0	0	0
939d8ac02bbd9c3ef06139a483a79cd0	0	0	0	0	0	0	0	0	4	0	0	0	0	0	0	0	0	2	0	0	0	0	0	0	4	4	1	2	1	0
2f77b71b78745960063999505809525e	0	0	0	0	0	0	0	0	4	0	3	0	0	0	0	0	0	0	0	0	0	0	0	0	4	2	0	0	0	0
5f93b88f912618ec33d1517206d7ea83	0	0	0	0	0	0	0	0	4	0	0	21	0	0	0	0	0	0	2	0	1	0	0	0	0	2	1	0	0	1
47c0333c2f25dec7de415a96f027ef22	0	0	0	0	0	0	0	0	4	0	0	0	0	0	0	0	0	0	6	0	11	0	0	4	0	0	0	0	0	1
f28a0021033c3f58c2e063e9824d3c61	0	0	0	0	0	0	0	0	4	1	0	0	0	0	0	0	0	0	0	0	0	0	0	0	16	0	0	1	0	0
46e654fed1fcaa9c7ec05e738433ddcb	0	0	0	0	0	0	0	0	4	6	17	3	0	0	0	0	0	19	0	0	0	0	0	0	26	0	0	11	0	0
af78046aceed6ae0729fe9866cd2901e	0	0	0	0	0	0	0	0	4	0	0	2	0	0	0	0	0	0	0	0	4	0	0	1	0	0	0	0	0	9
9c17aa714a71c34b1fbb2886e61044d1	0	0	0	0	0	0	0	0	4	0	0	0	0	0	2	2	0	2	0	0	0	0	0	0	2	0	0	2	0	0
81c36366e703072d53838ec58c0e3a15	0	0	0	0	0	0	0	0	4	3	3	12	0	0	0	0	0	1	0	0	0	0	0	0	5	0	0	0	3	0
ff71dc2d6461d18b609f8307c908eeb7	0	0	0	0	0	0	0	0	4	13	0	117	0	0	0	1	0	0	0	0	1	0	0	27	0	0	0	24	14	0
c8d8a91a132448492c5e68eb6c936490	0	0	0	0	0	0	0	0	4	0	1	0	0	0	0	6	0	25	0	0	1	0	0	1	8	0	0	1	0	0
a21a26933a2d1b24ba3bfa7978b81814	0	0	0	0	0	0	0	0	4	0	1	1	1	0	0	1	0	5	0	0	0	0	0	2	0	0	0	0	0	0
734473ee23158e24eae12e246346e430	0	0	0	0	0	0	0	0	4	0	1	0	0	0	0	0	0	0	0	0	0	0	0	0	5	0	0	1	0	0
5297bb44377ec0c6b1cc26839cf63d5d	0	0	0	0	0	0	0	0	4	0	0	1	0	0	0	0	0	6	0	0	0	0	0	0	0	0	0	0	0	0
1a572bf0dcbca347f442cd7cf0b86385	0	0	0	0	0	0	0	0	4	0	0	0	0	0	0	0	0	1	0	0	0	0	0	0	8	0	0	0	0	0
d8b37ec15769840feb8b65436e77fcf4	0	0	0	0	0	0	0	0	4	0	0	0	0	0	0	1	0	0	0	0	0	0	0	0	0	9	0	2	0	0
b2f2eee4d491128bbf229fba7e8c1df8	0	0	0	0	0	0	0	0	4	0	0	0	0	0	0	0	0	0	0	0	0	0	0	0	0	15	0	0	0	0
09dd3de6dfc31046ad32426e8c0e4ed1	0	0	0	0	0	0	0	0	4	0	0	1	0	0	0	0	0	6	0	0	0	0	0	6	0	0	2	0	7	2
0b24b4cc686f02a3d7082988cb6a14c8	0	0	0	0	0	0	0	0	4	0	1	0	0	0	0	0	0	0	0	0	2	0	0	0	0	0	3	1	3	1
af160ae207ed363a6e46208e1936347a	0	0	0	0	0	0	0	0	4	2	0	1	0	0	0	0	0	0	0	0	5	0	0	5	0	0	0	21	2	0
80c8e36eb5eaa618820ead7c27132cc8	0	0	0	0	0	0	0	0	4	0	0	0	0	0	0	0	0	0	0	0	0	0	0	0	0	9	0	0	0	0
71dda3c797f5f1b09c097732e3927a18	0	0	0	0	0	0	0	0	4	0	0	3	0	0	0	0	0	0	0	0	0	0	0	0	0	12	0	0	0	0
2f3f1beae262e92819a9a4c1c2797879	0	0	0	0	0	0	0	0	3	0	1	0	0	0	0	0	0	7	0	0	0	0	0	0	11	0	0	0	0	0
b14826cff4c89bb906f6f38e5d5cb546	0	0	0	0	0	0	0	0	3	0	3	0	0	0	0	0	0	0	0	0	0	0	0	0	10	1	1	0	0	0
cb2322a34d58da2dc0cd8c0ecdbf6b58	0	0	0	0	0	0	0	0	3	1	0	3	0	0	0	0	0	0	3	0	0	0	0	21	0	0	6	9	3	5
20b8400b7db86c88a70e05dc3b3fa17b	0	0	0	0	0	0	0	0	3	9	3	1	0	0	0	0	0	5	0	0	0	0	0	0	0	0	0	0	1	0
82ac166a7d819e0e34eef2d2b22ed929	0	0	0	0	0	0	0	0	3	1	1	3	0	0	0	0	0	0	2	0	1	0	0	0	1	0	0	3	0	0
caf81375b32910face86652f802057d6	0	0	0	0	0	0	0	0	3	2	0	1	0	0	0	1	0	7	0	0	0	0	0	0	0	0	0	1	0	0
59f37592a15bb9560470a634ae4bc984	0	0	0	0	0	0	0	0	3	0	0	4	0	0	0	0	0	0	49	0	28	0	0	0	0	0	0	0	0	4
6fbd5b09322e2380c2f7a131a82c6b91	0	0	0	0	0	0	0	0	3	0	0	0	0	0	2	0	0	8	0	0	0	0	0	0	0	0	0	2	3	0
960e8103a9fe95f0d205f6517731f830	0	0	0	0	0	0	0	0	3	0	1	0	0	0	0	0	0	0	0	0	0	0	0	0	10	0	0	0	0	0
40d7da731dbe3a2ee0056feb2985700b	0	0	0	0	0	0	0	0	3	1	0	2	0	0	0	0	0	2	0	0	1	0	0	0	4	0	0	0	0	0
441027258ef745701e1345cf7ad571e7	0	0	0	0	0	0	0	0	3	0	0	0	0	0	0	0	0	0	1	0	2	0	0	5	0	0	0	11	7	1
fa3bdb822af198ade80ad937a8f3f610	0	0	0	0	0	0	0	0	3	0	0	2	0	0	0	0	0	0	0	0	0	0	0	0	0	0	1	4	0	0
7fd864d1e663b52b3e10b54caba281bc	0	0	0	0	0	0	0	0	3	0	0	0	0	0	1	0	0	0	2	0	2	0	0	0	0	0	0	1	0	3
53a6a3ea642fb5b6cff3eeaf2585c1fa	0	0	0	0	0	0	0	0	3	2	0	0	0	0	0	0	0	0	0	0	0	0	0	0	11	0	0	0	0	0
6781075138c2cd0e27b64a40ce9c870f	0	0	0	0	0	0	0	0	3	0	11	0	0	0	0	0	0	0	0	0	0	0	0	0	0	0	0	0	0	0
d37e424122197a85c80f3cffabbe3c0f	0	0	0	0	0	0	0	0	3	0	0	2	0	0	1	0	0	0	0	0	0	0	0	0	7	43	0	0	0	2
a33ad496cd35304c0d8027758abf2df9	0	0	0	0	0	0	0	0	3	0	0	0	0	0	0	0	0	0	0	0	0	0	0	0	0	0	1	0	6	0
a1033831cae75a832485f72023ee41d3	0	0	0	0	0	0	0	0	3	2	0	0	0	0	0	1	0	0	0	0	2	0	0	0	0	0	0	0	3	0
50e6c0a5e417a24e46d5283be4a10486	0	0	0	0	0	0	0	0	3	0	1	0	0	0	0	0	0	7	0	0	0	0	0	0	0	0	0	0	0	0
79654c9223eaa8ae06120023b8284acd	0	0	0	0	0	0	0	0	3	0	4	0	0	0	0	0	0	0	0	0	0	0	0	0	35	0	0	0	0	0
93ea17ec9ba6ff4bea5462610a1bbe97	0	0	0	0	0	0	0	0	3	0	0	0	0	0	0	12	0	0	0	0	0	0	0	0	0	0	0	0	0	0
b36e83f8098af79d02b08600b19ed075	0	0	0	0	0	0	0	0	3	0	0	0	0	0	0	0	0	0	13	0	8	0	0	27	1	0	0	7	0	0
fd652cb9fff9bfbb0c79059ad497e240	0	0	0	0	0	0	0	0	3	0	0	2	0	0	0	0	0	4	0	0	0	0	0	0	0	0	1	1	0	0
24770e2aa388b4d33d8607963bc4b02f	0	0	0	0	0	0	0	0	3	0	0	1	0	0	0	5	0	0	0	0	0	0	0	1	1	0	4	0	0	1
7b1d5c7680f3e0b0fe1ded6b296f2bae	0	0	0	0	0	0	0	0	3	17	0	5	0	0	0	0	0	0	5	0	4	0	0	6	0	0	3	8	20	12
ff3312c77085a24db43fa2e1a2ab3307	0	0	0	0	0	0	0	0	3	1	0	0	0	0	0	0	0	5	0	0	0	0	0	0	0	0	0	0	1	2
286af21200e02bd1e5f35348bfea0490	0	0	0	0	0	0	0	0	3	0	2	0	0	0	0	0	0	6	0	0	0	0	0	0	2	4	2	0	0	0
119b160a57ae66c1b0f320c768e2d12f	0	0	0	0	0	0	0	0	3	1	0	1	0	0	0	0	0	4	0	0	0	0	0	0	4	0	0	0	0	0
859d2d06ec74ab1a268e4fa02ea5a3f7	0	0	0	0	0	0	0	0	3	0	0	0	0	4	0	0	0	0	0	0	0	0	0	0	53	0	0	0	0	0
35a3458aa7a406df3080dc2194cb4eaf	0	0	0	0	0	0	0	0	3	2	2	0	0	0	0	0	0	6	0	0	0	0	0	0	11	0	1	2	0	0
8933a4005d02d04a6ea413ddef532833	0	0	0	0	0	0	0	0	3	1	0	3	0	0	0	1	0	3	0	0	0	0	0	1	0	0	1	2	8	3
fdd05f128abbcd4beb53a892512b8603	0	0	0	0	0	0	0	0	3	2	0	6	0	0	0	0	0	2	0	0	0	0	0	0	0	0	0	3	1	3
69921c0a72b6bdd1af033e3ca1ce839e	0	0	0	0	0	0	0	0	3	23	1	8	2	0	0	2	0	1	0	0	0	0	0	1	0	0	0	6	0	0
92dbf81f9d98e446ff16f3b3100b5167	0	0	0	0	0	0	0	0	3	0	1	0	0	0	0	3	0	1	0	0	0	0	0	1	8	2	0	0	1	0
958a96c63153f7de4af8905818dc581a	0	0	0	0	0	0	0	0	3	0	0	2	0	0	0	0	0	0	0	0	0	0	0	3	0	0	0	3	0	0
86dee1538f84075adca3f9a7447ccd8b	0	0	0	0	0	0	0	0	3	0	0	0	0	0	0	0	0	0	0	0	0	0	0	0	1	0	2	0	25	0
32ee39c866a5a1814bb2192ef0b6e422	0	0	0	0	0	0	0	0	3	0	1	0	0	0	0	0	0	3	0	0	0	0	0	0	20	0	0	0	0	0
84946345dd2037575af9f3abc17652e2	0	0	0	0	0	0	0	0	3	0	0	0	0	1	3	3	0	3	0	0	0	0	0	0	0	0	0	0	0	0
15949eaffe65f69c2b2c18b4ac51f634	0	0	0	0	0	0	0	0	3	0	0	5	0	0	0	0	0	0	0	0	0	0	0	2	0	0	0	0	0	0
1702467d57f2180460a576a4ea9a2b68	0	0	0	0	0	0	0	0	3	3	1	0	0	0	0	0	0	36	0	0	0	0	0	0	23	0	0	1	0	0
b9cdc4ca966d0dddeaf374565c34057f	0	0	0	0	0	0	0	0	3	0	0	1	0	0	0	3	0	0	0	0	0	0	0	2	2	0	1	0	2	2
da2ede6fa84364f7cd6e7ce3bd2f667a	0	0	0	0	0	0	0	0	3	1	0	1	0	0	0	0	0	0	0	0	0	0	0	0	3	0	0	2	0	0
228b77baaf800c6217523a5a248270b6	0	0	0	0	0	0	0	0	3	1	0	0	0	0	0	0	0	1	0	0	0	0	0	1	1	2	4	0	9	0
f452babd7155ad42024de8416dc08248	0	0	0	0	0	0	0	0	2	4	0	0	0	0	0	20	0	0	2	0	0	0	0	4	0	0	0	15	1	11
c78e328cbbef9424eae69396dfe1acb9	0	0	0	0	0	0	0	0	2	0	0	2	0	0	0	7	0	0	0	0	0	0	0	0	0	0	0	2	0	0
20b9f3588f65d1d0b83b81b6ae135e85	0	0	0	0	0	0	0	0	2	1	1	2	0	0	0	1	0	0	0	0	0	0	0	6	7	0	0	6	6	0
47b6f192c838b884ec51c4cf2459698c	0	0	0	0	0	0	0	0	2	0	3	0	0	0	0	0	0	8	0	0	0	0	0	0	2	0	0	0	0	0
7e95a1630d5344b97c318ce782021291	0	0	0	0	0	0	0	0	2	2	0	0	0	0	0	0	0	5	0	0	0	0	0	0	0	0	0	0	1	0
7b2922e9932571c8c8ddf347c2c3b775	0	0	0	0	0	0	0	0	2	2	1	3	0	0	0	2	0	3	0	0	0	0	0	0	1	0	0	8	1	0
d1f86a5bbe779ef999a74988b7e8284e	0	0	0	0	0	0	0	0	2	0	0	35	0	0	0	0	0	6	0	0	2	0	0	14	0	0	19	19	50	28
090248fd7d1a9268eb1518ca8ea86299	0	0	0	0	0	0	0	0	2	0	0	0	0	0	0	0	0	0	0	0	0	0	0	0	0	0	3	0	9	0
7cf514ff8eaa5a01275d7d278d359f82	0	0	0	0	0	0	0	0	2	0	0	1	0	0	23	0	0	0	0	0	0	0	0	0	0	0	0	0	0	2
6c13c3fa5681598fd234d7c09e6caa4c	0	0	0	0	0	0	0	0	2	0	0	1	0	0	0	0	0	0	0	0	0	0	0	1	4	0	1	1	1	0
7040b6b98370f8488f7b9884b08a11ad	0	0	0	0	0	0	0	0	2	0	0	1	0	0	0	14	0	7	0	0	0	0	0	0	0	0	0	0	0	0
acdef532658c50f9da21fabc2c11ccba	0	0	0	0	0	0	0	0	2	3	0	0	0	0	0	0	0	7	0	0	0	0	0	1	3	0	0	0	0	0
696c996bd1722d13d02e136f0cef1767	0	0	0	0	0	0	0	0	2	0	5	0	0	0	0	0	0	3	0	0	0	0	0	0	0	0	0	0	0	0
cdc3c1884613b0a907cc29f94d1268bc	0	0	0	0	0	0	0	0	2	2	0	0	0	0	0	0	0	5	0	0	0	0	0	0	1	0	0	0	0	0
187b7beeeb50dd73f98a1802edf69d39	0	0	0	0	0	0	0	0	2	2	0	5	0	0	0	0	0	0	0	0	0	0	0	1	0	0	0	4	1	0
a9dfd66550319bb0d844cedbfd770269	0	0	0	0	0	0	0	0	2	0	0	8	0	0	1	0	0	2	0	0	1	0	0	2	0	0	0	0	0	0
59180367cab203f780c5ec83c2d1fd30	0	0	0	0	0	0	0	0	2	0	1	0	0	0	0	0	0	2	2	0	3	0	0	0	0	0	0	2	0	0
02041e31c6f7f1297516c941fe9ff99b	0	0	0	0	0	0	0	0	2	0	2	0	0	0	0	0	0	0	0	0	0	0	0	0	14	0	0	0	0	0
d792c6906cedd2632e16393ef84654d5	0	0	0	0	0	0	0	0	2	0	1	2	0	7	0	0	0	1	0	0	0	0	0	0	8	0	0	1	0	0
fad514bcd214fea24ab51722af60b044	0	0	0	0	0	0	0	0	2	0	0	0	2	0	0	0	1	0	0	0	1	0	0	0	0	0	9	0	0	7
84ebbe04f509e78c22dd214bf34baae4	0	0	0	0	0	0	0	0	2	0	1	1	0	0	0	0	0	10	0	0	1	0	0	1	3	0	0	3	2	1
b455ada88809048d4e44ca6ca1b8bb18	0	0	0	0	0	0	0	0	2	0	83	0	0	0	0	0	0	20	0	0	0	0	0	0	150	7	0	1	0	0
59ee82eb5e9e262853075e1c9948212a	0	0	0	0	0	0	0	0	2	3	5	0	0	0	1	2	0	1	0	0	0	0	0	0	1	0	0	0	3	1
9c26bccbedb1e81ef2e5c551060315af	0	0	0	0	0	0	0	0	2	8	0	33	0	0	0	0	0	16	0	0	0	0	0	0	0	0	10	14	27	8
c6209ad3a382785ca48dc2611ac4802b	0	0	0	0	0	0	0	0	2	0	0	0	0	0	0	0	0	3	2	0	0	0	0	3	0	0	0	0	0	2
cbdc9111371a9440f529c104cedfb4be	0	0	0	0	0	0	0	0	2	3	0	2	0	0	0	3	0	0	0	0	0	0	0	0	0	0	0	0	0	0
bc5d68b84179db6181bba34b6aee5a84	0	0	0	0	0	0	0	0	2	2	0	3	0	0	0	4	0	1	0	0	0	0	0	0	0	0	0	4	0	0
3da27101d79bcd899ae52348816acf88	0	0	0	0	0	0	0	0	2	0	0	1	0	0	8	1	0	21	0	0	0	0	0	0	0	0	1	0	0	2
6d31c7b30dc9e7409714b155db18ad62	0	0	0	0	0	0	0	0	2	1	4	0	0	1	0	0	0	7	0	0	0	0	0	1	8	14	0	0	0	0
db16795184876ddc122925940383cd12	0	0	0	0	0	0	0	0	2	6	1	0	0	0	0	0	0	1	0	0	0	0	0	1	0	0	0	0	1	0
138728cf17df0a413f686e4515f01135	0	0	0	0	0	0	0	0	2	5	0	2	0	0	0	0	0	0	5	0	5	0	0	2	0	0	4	0	5	2
fafa515a31ad445c507b5e9225941baf	0	0	0	0	0	0	0	0	2	1	0	0	0	0	0	1	0	5	0	0	0	0	0	0	0	0	0	0	1	0
3e41c5c81c346136b46bcfad0e85c18a	0	0	0	0	0	0	0	0	2	0	0	11	0	0	0	0	0	0	0	0	0	0	0	3	1	0	0	13	0	0
8eb3b6609a76aa6f2312cf588555b12d	0	0	0	0	0	0	0	0	2	3	0	0	0	0	0	0	0	7	0	0	0	0	0	0	0	0	0	0	0	0
9a248f560a63c471af3ec6aff4586d2a	0	0	0	0	0	0	0	0	2	1	0	0	0	0	0	1	0	11	0	0	0	0	0	0	0	2	0	5	4	2
7abff47109d310a15968342107b7459b	0	0	0	0	0	0	0	0	2	6	0	0	0	0	0	0	0	0	0	0	2	0	0	14	0	0	0	10	0	0
4fc3160631c283824a2fd530f3930fec	0	0	0	0	0	0	0	0	2	0	2	1	0	0	0	0	0	1	0	0	0	0	0	0	6	0	0	0	0	0
e709c2fb052b344b2bc6ae9b4f6c9f6a	0	0	0	0	0	0	0	0	2	9	0	12	0	0	0	0	0	0	0	0	3	0	0	1	0	0	1	0	12	1
a84f6b09c9f75b5501840a8aeb8e6741	0	0	0	0	0	0	0	0	2	1	0	0	0	0	0	1	0	4	0	0	0	0	0	3	2	0	0	0	2	0
82000ea4568c7567782e5ef17b96c910	0	0	0	0	0	0	0	0	2	0	1	0	0	0	2	5	0	0	0	0	0	0	0	2	6	0	0	0	0	0
ba4dcee47ccd63e88912dd82e45ac36f	0	0	0	0	0	0	0	0	2	1	0	1	0	0	0	6	0	8	0	0	0	0	0	0	6	0	3	2	0	1
70134132f70f44d81edaaa41d599739e	0	0	0	0	0	0	0	0	2	1	0	2	0	0	0	0	1	3	13	0	15	0	0	15	0	0	0	9	0	1
3683fd5d561c643749e7ea61b4df9e49	0	0	0	0	0	0	0	0	2	1	0	0	0	0	1	0	0	11	0	0	0	0	0	0	0	0	1	1	3	0
6d00509fa7e30f62402ca750728bfdf1	0	0	0	0	0	0	0	0	2	0	0	2	0	0	0	0	0	4	0	0	0	0	0	0	0	0	2	1	0	1
176c7ecb08b01db37be6337d9d86ab87	0	0	0	0	0	0	0	0	2	0	0	0	0	0	0	0	0	1	2	0	0	0	0	2	0	0	1	1	18	1
f06262f9fd55ba6879f5a4c614b1a44d	0	0	0	0	0	0	0	0	2	0	0	0	0	0	0	0	0	3	0	0	0	0	0	0	6	0	0	0	0	0
cc2fc4fd14300d787a952dd84aa20154	0	0	0	0	0	0	0	0	2	0	0	0	0	0	0	0	0	0	0	0	0	0	0	1	0	0	0	4	6	0
25e01245fc473bd18ff8a0b2eae5c3d0	0	0	0	0	0	0	0	0	2	0	0	0	0	0	0	0	0	0	0	0	0	0	0	0	10	0	0	0	0	0
e95ddc9ac6225a8dfa0a880864e52c0c	0	0	0	0	0	0	0	0	2	1	0	0	0	0	0	3	0	0	0	0	0	0	0	0	1	6	0	0	0	0
6d1414e1d85a959ceb698118484c9dea	0	0	0	0	0	0	0	0	2	0	0	28	0	0	0	0	0	0	4	0	4	0	0	11	1	0	2	12	12	13
9907e88dcc209745d32146dd1313ee93	0	0	0	0	0	0	0	0	2	0	1	0	0	0	4	0	0	5	0	0	0	0	0	0	0	0	0	0	1	0
236949df34774ad3a561eb409502ed07	0	0	0	0	0	0	0	0	2	4	0	0	0	0	0	0	0	2	0	0	0	0	0	3	0	0	2	4	2	4
91e3cfbcd95a7c26299f83c2b89db693	0	0	0	0	0	0	0	0	2	0	5	1	0	0	0	2	0	0	0	0	0	0	0	0	0	0	0	0	0	0
77f66212349df5584f37a0dbdbbcd300	0	0	0	0	0	0	0	0	2	2	0	1	0	0	0	0	0	5	0	0	0	0	0	0	0	0	0	0	3	0
729da3fff593e3a87b760025b8c1e4d6	0	0	0	0	0	0	0	0	2	0	1	0	0	0	0	0	0	6	0	0	1	0	0	0	6	0	0	1	0	0
9a152cd31fddfa2accc1fb0c7080b1fe	0	0	0	0	0	0	0	0	2	6	2	0	0	0	0	0	0	6	0	0	0	0	0	1	0	0	0	3	0	0
d3f387664781ed03b75fb8f562b19919	0	0	0	0	0	0	0	0	2	0	0	0	1	0	0	0	0	0	0	0	0	0	0	0	0	27	0	0	0	0
282c32bb13c1ac26aabb7c60792b2e31	0	0	0	0	0	0	0	0	2	0	0	0	0	0	0	0	0	9	0	0	0	0	0	0	0	0	0	0	0	0
a22d3ed22aabef2e61d1ff00c75dff38	0	0	0	0	0	0	0	0	2	1	0	2	0	0	0	0	0	4	1	0	0	0	0	0	1	0	0	1	0	0
0a9d8bd555cd9d9506017c67eedc910a	0	0	0	0	0	0	0	0	2	0	0	3	0	0	0	0	0	3	1	0	0	0	0	2	1	2	0	3	0	0
79127376a4782f278ad2d613963f97e5	0	0	0	0	0	0	0	0	2	2	0	13	0	0	0	0	0	1	0	0	0	0	0	0	0	0	0	5	4	0
210ae5d62e112d93bb778f438352c40e	0	0	0	0	0	0	0	0	2	0	0	0	0	0	0	0	0	5	0	0	0	0	0	2	0	0	0	1	1	0
47b6b68a63943754322a0f138ae75464	0	0	0	0	0	0	0	0	2	0	0	0	0	0	0	8	0	1	0	0	0	0	0	0	3	0	0	0	0	0
5d2585142f6699061eefec5e9f771d94	0	0	0	0	0	0	0	0	2	4	0	3	0	0	0	0	0	0	0	0	0	0	0	1	0	0	0	0	0	0
88157053744b0141f99954b1a88f9bd3	0	0	0	0	0	0	0	0	2	0	11	6	0	0	0	2	0	0	0	0	0	0	0	0	12	0	0	1	7	3
0c581d5f9c3190b2454d7133afa3a777	0	0	0	0	0	0	0	0	2	0	3	0	0	0	0	0	0	0	0	0	0	0	0	0	9	1	0	1	0	0
3fcd2c079ca686ef3b7c8f49e5525951	0	0	0	0	0	0	0	0	2	1	6	0	0	0	0	0	0	1	0	0	0	0	0	1	1	0	0	5	0	0
26bcec661a272d75787517f4e42bb21c	0	0	0	0	0	0	0	0	2	0	0	1	0	0	0	1	0	27	0	0	1	0	0	0	0	0	0	1	0	0
b7c7bfd59dc9eb3c67f7f03c8e773e2e	0	0	0	0	0	0	0	0	1	6	0	0	0	0	0	0	0	0	1	0	0	0	0	0	0	0	10	0	19	13
55bc7c3c0406bf5dfb5c2fd35a6cf07d	0	0	0	0	0	0	0	0	1	1	0	2	1	0	0	0	0	0	0	0	0	0	0	0	0	0	0	0	4	1
ddcbcf05050ef27a8a3bd0a4ebf8c64f	0	0	0	0	0	0	0	0	1	0	0	22	0	38	0	0	0	0	0	0	0	0	0	0	0	0	2	0	0	0
3e3550747fe5228d57d4cbc09cc5b8aa	0	0	0	0	0	0	0	0	1	2	0	0	0	0	3	5	0	0	0	0	0	0	0	5	0	0	0	2	0	0
323f845332f78783768360b8be512f1b	0	0	0	0	0	0	0	0	1	0	1	0	0	0	0	3	0	3	0	0	0	0	0	2	0	0	1	0	2	1
384bf88e9f2b9b277d968b27ed81d514	0	0	0	0	0	0	0	0	1	0	0	1	0	0	2	0	0	0	0	0	0	0	0	0	1	0	0	4	1	0
3177dacc93d6649795ff197579eaba2a	0	0	0	0	0	0	0	0	1	2	0	0	3	0	0	0	0	0	0	0	0	0	0	0	0	0	0	1	3	0
6172a66b4a32310372a0107d72bc86e8	0	0	0	0	0	0	0	0	1	1	0	0	0	0	0	0	0	0	0	0	0	0	0	0	0	0	1	1	9	1
d021053f52f066eabbe01174ad0e77e8	0	0	0	0	0	0	0	0	1	3	0	11	0	0	0	0	0	8	1	0	3	0	0	2	0	0	0	9	11	0
f2ea59bc7d6e236e1f419f1f6ca34107	0	0	0	0	0	0	0	0	1	0	3	0	0	0	0	0	0	8	0	0	0	0	0	4	1	0	0	3	1	0
3c65d93ad097d73774dc0073a24065f8	0	0	0	0	0	0	0	0	1	0	0	0	0	0	0	18	0	0	0	0	0	0	0	0	0	0	0	0	0	0
83aa7db97707eaeb93876975e47e212f	0	0	0	0	0	0	0	0	1	2	0	0	0	3	0	0	0	0	0	0	0	0	0	0	0	0	0	1	2	5
b8c367fae185bf776b2046723f4202b8	0	0	0	0	0	0	0	0	1	0	0	0	0	0	0	0	0	0	2	0	0	0	0	3	0	0	12	0	0	5
adf86024e9dc0455fed10ec8ab171ee7	0	0	0	0	0	0	0	0	1	1	0	0	0	0	0	0	0	15	0	0	1	0	0	0	0	0	0	0	1	0
5cdd40ed9b07dd16e29f8b3fea74d6e5	0	0	0	0	0	0	0	0	1	0	0	4	0	0	0	0	0	0	1	0	0	0	0	6	0	0	4	12	6	3
a76efd99c9bab23232293b9eece5f21e	0	0	0	0	0	0	0	0	1	1	0	0	0	0	0	4	0	3	0	0	0	0	0	1	0	0	0	3	0	0
929319ce61db02380d2bdba273e421bb	0	0	0	0	0	0	0	0	1	2	0	3	0	0	0	0	0	2	0	0	0	0	0	0	0	0	0	2	0	0
6181486226fd98e9cfd11bc7d9e6672f	0	0	0	0	0	0	0	0	1	0	23	0	0	0	0	0	0	1	0	0	0	0	0	0	0	0	0	0	0	2
4aca0a90d849a45367cf4c6e2884cac0	0	0	0	0	0	0	0	0	1	0	0	0	3	0	0	0	0	0	0	0	0	0	0	0	0	7	0	0	1	0
ba177b4186d0fa9215084c46420e499d	0	0	0	0	0	0	0	0	1	7	0	2	0	0	0	0	0	0	0	0	0	0	0	0	0	0	0	1	0	0
8e6dfdba79142a9ccaaf8ca3e6c3828d	0	0	0	0	0	0	0	0	1	7	0	18	0	0	0	4	0	0	0	0	0	0	0	0	0	0	0	3	4	0
523999f689255ab00bb2fc9c75f3f515	0	0	0	0	0	0	0	0	1	0	1	0	0	0	0	0	0	11	0	0	0	0	0	0	0	0	0	0	0	0
b2dccb0d8607a46e6c3ef0672b991d94	0	0	0	0	0	0	0	0	1	0	0	0	0	0	0	0	0	0	1	0	0	0	0	0	0	0	5	0	9	2
7915c9be32594a468ebc6e18f35469f8	0	0	0	0	0	0	0	0	1	1	0	8	0	0	0	0	0	1	0	0	0	0	0	0	0	0	0	0	0	0
51604b2e295bf91b9e40aec0102d7803	0	0	0	0	0	0	0	0	1	0	0	2	0	0	0	5	0	0	0	0	0	0	0	1	0	0	0	1	0	0
6cf343d74b982e008df77a9d4919810d	0	0	0	0	0	0	0	0	1	2	0	11	0	0	0	0	0	0	0	0	0	0	0	0	0	0	0	0	5	0
a335480b3b0cbe5a8bcc707d47e63054	0	0	0	0	0	0	0	0	1	0	0	0	0	0	0	0	0	0	10	0	7	0	0	3	0	0	1	4	0	4
984103c1c00610dfd82e435b9f5167b3	0	0	0	0	0	0	0	0	1	0	0	1	0	0	0	2	0	0	0	0	0	0	0	13	0	0	3	2	4	0
6e9ed62876c9ebae8fe372b276e65cae	0	0	0	0	0	0	0	0	1	0	0	0	0	0	0	1	0	0	0	0	0	0	0	0	7	0	0	2	0	0
2724ea3d5f0387553c1413ae5d468601	0	0	0	0	0	0	0	0	1	0	0	0	0	0	0	0	0	0	2	0	0	0	0	1	0	0	3	0	2	2
6d3340a2c0f98ff474189a5376c6e7e4	0	0	0	0	0	0	0	0	1	0	0	5	3	0	0	0	0	0	0	0	0	0	0	0	0	0	2	7	2	4
0aeb53cf58ecfa6faefa72fcb4da8b0d	0	0	0	0	0	0	0	0	1	2	1	1	0	0	0	4	0	3	0	0	0	0	0	0	1	0	2	0	5	1
e586da4f2670f884ccd4c4eb9032fd16	0	0	0	0	0	0	0	0	1	1	0	52	0	0	0	0	0	0	257	0	85	0	0	43	0	0	18	54	0	12
2cd39e253cf8cc70d1c918fd739d70fa	0	0	0	0	0	0	0	0	1	0	0	0	0	0	9	0	0	0	0	0	0	0	0	0	0	0	0	2	0	0
c0140c1a5e6b58c07120e51cbaf4836d	0	0	0	0	0	0	0	0	1	0	0	1	0	0	0	0	0	0	0	0	0	0	0	2	0	0	0	0	7	1
b28e376282e66c800dec8766e88e83b8	0	0	0	0	0	0	0	0	1	4	0	2	3	0	0	0	0	0	0	0	9	0	0	0	7	0	1	2	0	8
2f8ce7e3e58432a24962bf860129619f	0	0	0	0	0	0	0	0	1	0	0	0	0	0	0	0	0	0	0	0	0	0	0	3	7	0	0	1	0	0
36ace0cd3cf041b6a8b02449257c8e76	0	0	0	0	0	0	0	0	1	1	0	0	0	0	0	0	0	7	0	0	0	0	0	1	0	0	0	0	0	0
386f755c2219a9cee83fc67d69c51164	0	0	0	0	0	0	0	0	1	0	0	0	0	0	0	0	0	1	0	0	0	0	0	0	9	0	0	0	0	0
af623277e54caae982a3136ec3c0c05f	0	0	0	0	0	0	0	0	1	10	0	6	0	0	0	0	0	20	0	0	0	0	0	12	0	0	3	11	10	2
57534533082e97bd689cd268d29aa5b2	0	0	0	0	0	0	0	0	1	0	0	0	0	8	0	0	0	3	0	0	1	0	0	0	0	0	0	0	0	0
7caef1787f1f37efdf2a3ebb4efb9d55	0	0	0	0	0	0	0	0	1	0	0	0	0	0	0	0	0	8	0	0	0	0	0	0	0	0	0	0	1	1
0c92825d6f4169d291fbae8df22fd576	0	0	0	0	0	0	0	0	1	5	0	0	0	0	0	0	0	0	0	0	0	0	0	0	0	0	0	1	3	0
70bcdfc03e0b66705e11fea7e5534aac	0	0	0	0	0	0	0	0	1	0	0	0	0	0	0	0	0	10	0	0	0	0	0	0	0	0	0	0	0	0
4ef01ff547f8d362b578c8ed56407c3a	0	0	0	0	0	0	0	0	1	0	0	0	2	0	1	0	0	0	0	0	2	0	0	1	0	1	1	2	0	0
c7941df22ad1ac419a3973f2cb4c139e	0	0	0	0	0	0	0	0	1	0	0	5	0	0	0	0	0	0	0	0	0	0	0	4	0	0	0	1	0	0
01cea8d72b91368c871eb7c688fcc838	0	0	0	0	0	0	0	0	1	1	0	3	5	0	0	0	0	0	0	0	0	0	0	0	0	0	0	3	0	0
2c39934ed2f65e48ecea34a7555cda1f	0	0	0	0	0	0	0	0	1	2	0	15	0	0	0	0	0	0	5	0	0	0	0	1	0	0	0	6	0	0
0158aabfc8bca500f815d7f73ac93f13	0	0	0	0	0	0	0	0	1	0	1	6	0	0	0	0	0	0	1	0	0	0	0	0	0	0	0	1	0	0
18cad813f88c439222364509959526d0	0	0	0	0	0	0	0	0	1	2	0	9	0	0	0	0	0	1	0	0	0	0	0	0	0	0	0	2	0	1
6fd56b94ab3ba06c88eb751ce3beb925	0	0	0	0	0	0	0	0	1	1	0	3	0	0	0	0	0	12	0	0	3	0	0	1	4	0	0	4	0	0
421b8515bed7ee1c0e383f3e06d40bb9	0	0	0	0	0	0	0	0	1	0	0	2	0	0	0	0	0	6	0	0	0	0	0	2	0	0	0	0	2	0
4f9d77e9a5666699d6a2fbae28c44176	0	0	0	0	0	0	0	0	1	0	3	7	0	0	0	6	0	1	1	0	1	0	0	0	0	0	0	0	0	0
faf79c616b269c35ee3e8effe6bcb067	0	0	0	0	0	0	0	0	1	0	0	0	0	0	0	0	0	0	0	0	3	0	0	9	4	0	1	4	1	0
7ea18f0ee11b9ee27491b822b8f0ecf5	0	0	0	0	0	0	0	0	1	3	0	1	0	0	0	0	0	9	0	0	0	0	0	0	0	0	0	0	2	1
50974af348e469a952e11a215aa61358	0	0	0	0	0	0	0	0	1	3	0	3	0	1	0	0	0	5	0	0	0	0	0	0	0	3	0	0	0	0
2bd665cfee34c4a807d612a8a0465d26	0	0	0	0	0	0	0	0	1	1	0	0	0	0	6	2	0	0	0	0	0	0	0	0	0	0	0	0	0	0
291135d7b2035cfd10a56e261878ea5b	0	0	0	0	0	0	0	0	1	3	0	0	0	0	0	0	0	0	6	0	0	0	0	3	0	0	6	5	1	0
e3458562384a27c85cea430dfd276307	0	0	0	0	0	0	0	0	1	2	0	0	4	0	0	0	0	6	0	0	0	0	0	0	1	0	0	1	1	0
c29a6fd5a949edff9c5b76c004fecbb1	0	0	0	0	0	0	0	0	1	0	0	0	0	0	0	0	0	0	1	0	1	0	0	0	60	0	0	0	0	0
e6eba0fdbfe4643ceceb2ab8d057a3d1	0	0	0	0	0	0	0	0	1	1	0	0	0	0	0	0	0	0	0	0	1	0	0	1	0	5	0	1	0	0
fa75b2333d2a22d1ddab389473f2cb2b	0	0	0	0	0	0	0	0	1	1	0	0	0	0	0	0	0	0	0	0	0	0	0	1	0	0	0	2	3	2
9a5312c1e33b1eee03820020b093f595	0	0	0	0	0	0	0	0	1	0	0	7	0	0	0	0	0	0	0	0	0	0	0	1	0	0	0	0	1	0
22a40a01684289af3aa177dad2a31259	0	0	0	0	0	0	0	0	1	0	0	0	0	0	0	0	0	0	0	0	0	0	0	0	0	0	14	0	0	8
1ba38e4c18ba36d47ed3ae92feca9c1c	0	0	0	0	0	0	0	0	1	0	5	0	0	0	0	0	0	0	0	0	0	0	0	0	9	0	0	1	0	0
bfe20cf43d05eb686792a5898f900126	0	0	0	0	0	0	0	0	1	0	0	0	0	0	0	0	0	0	0	0	0	0	0	0	0	0	5	1	0	16
edd9b7940962178ce0cf17a8b75e9833	0	0	0	0	0	0	0	0	1	8	0	46	0	0	0	1	0	0	3	0	5	0	0	8	0	0	0	54	1	0
3d617f4b9b407e9c77a9be1530bfb206	0	0	0	0	0	0	0	0	1	2	0	0	0	0	3	2	0	0	0	0	0	0	0	1	1	0	3	0	0	0
30dd6faee74eea7fe171aade3ba5dbc1	0	0	0	0	0	0	0	0	1	3	0	0	0	0	4	0	0	7	0	0	0	0	0	0	0	0	0	8	7	1
0f385bce0aa26857ff8a106372236ccd	0	0	0	0	0	0	0	0	1	0	0	3	0	0	0	0	0	8	2	0	3	0	0	1	2	5	0	2	0	0
608eab52224682e0633445f8cdb6082d	0	0	0	0	0	0	0	0	1	1	1	0	0	0	0	0	0	0	0	0	0	0	0	0	0	6	1	0	0	0
76d4741eb0245dfc78808ce1d165e519	0	0	0	0	0	0	0	0	1	5	0	0	0	0	0	0	0	1	1	0	0	0	0	7	0	0	3	6	1	5
cdde8864d2868a6d76225cd035b0caa7	0	0	0	0	0	0	0	0	1	0	0	0	0	0	0	0	0	1	0	0	1	0	0	2	3	0	1	1	5	3
37d713dd3873a2e53555f4c0da7fbeda	0	0	0	0	0	0	0	0	1	0	0	5	0	0	0	1	0	0	0	0	0	0	0	0	0	0	0	5	2	0
45048a5014b48e19a1bfa2bff0b3acfc	0	0	0	0	0	0	0	0	1	0	2	0	0	0	0	0	0	0	0	0	0	0	0	0	17	0	0	0	0	0
7341c9039bb537bf2fdb531562d830ea	0	0	0	0	0	0	0	0	1	1	1	0	0	0	1	0	0	4	0	0	0	0	0	0	0	0	0	3	0	0
d8256372e3da1d34b771b0cc56091cf8	0	0	0	0	0	0	0	0	1	0	0	0	0	0	0	0	0	1	0	0	0	0	0	0	0	25	0	1	0	0
730e563598804644f9c0ad580ac5b83f	0	0	0	0	0	0	0	0	1	1	0	5	0	0	0	0	0	0	1	0	1	0	0	9	1	0	0	6	1	0
60307906f2b98f6dde03affaa44b9283	0	0	0	0	0	0	0	0	1	4	0	7	0	0	0	9	0	0	0	0	0	0	0	2	0	0	2	8	13	5
27b87a6dec7150b5fb6d7f896bda840f	0	0	0	0	0	0	0	0	1	0	0	0	0	0	0	0	0	2	1	0	3	0	0	9	0	0	4	3	0	1
887c45c29d085250408477663c09b40e	0	0	0	0	0	0	0	0	1	3	1	0	0	0	0	0	0	2	11	0	1	0	0	1	0	9	4	0	2	6
c88af97d27ef4728a12b95ec4db7cf9d	0	0	0	0	0	0	0	0	1	1	0	4	0	0	0	0	0	0	0	0	1	0	0	1	0	0	6	5	22	5
4cc353b16ae7b45ef41aeead6028fcd0	0	0	0	0	0	0	0	0	1	0	0	0	1	4	0	0	0	0	0	0	0	0	0	0	0	7	1	0	0	0
7939d6227693e93a5e6ced72cfd424bd	0	0	0	0	0	0	0	0	1	0	0	0	0	0	0	0	0	1	0	0	0	0	0	0	0	0	3	0	0	5
bf103ef8673d9f7bdf089b49a92515e2	0	0	0	0	0	0	0	0	1	1	0	1	0	0	1	0	0	4	0	0	0	0	0	0	2	1	0	0	0	0
71a345fbc2c5c372da0d39ff67a9423d	0	0	0	0	0	0	0	0	1	1	0	0	0	0	0	0	0	0	0	0	0	0	0	2	0	0	0	7	3	9
07da3691b81eb3c286801d96dd489388	0	0	0	0	0	0	0	0	1	0	0	0	0	0	0	0	0	0	4	0	1	0	0	2	0	0	2	1	0	2
cd633ad4de764c70c7acedd50fb9e7c2	0	0	0	0	0	0	0	0	1	1	0	0	0	0	0	0	0	14	0	0	0	0	0	0	0	0	0	0	1	0
aa3aa826feee57682e7c00242f1675d7	0	0	0	0	0	0	0	0	1	2	0	3	0	0	0	0	0	0	4	0	3	0	0	6	0	0	1	7	0	0
108d6566d4a158718bb930bc69f61027	0	0	0	0	0	0	0	0	1	0	0	0	0	16	0	0	0	0	0	0	1	0	0	0	0	0	0	0	0	0
fcf9f05dbb8d7cda6d45c6c1e65b895a	0	0	0	0	0	0	0	0	1	1	0	0	0	0	0	0	0	0	0	0	0	0	0	4	0	0	0	5	0	0
bd4424e12753854d7152be4db36d6592	0	0	0	0	0	0	0	0	1	30	0	28	0	0	0	0	0	0	0	0	0	0	0	0	0	0	0	0	0	0
8efc65f3b84b1362ec6990e945df190d	0	0	0	0	0	0	0	0	1	0	1	1	0	0	0	0	0	0	0	0	0	0	0	0	0	0	0	1	13	0
14a0fa91ac956f6bebdbf6865b67a32a	0	0	0	0	0	0	0	0	1	0	3	0	0	0	0	0	0	2	0	0	0	0	0	0	4	0	0	0	0	0
398582deeb0130241ffe1702bb3b4600	0	0	0	0	0	0	0	0	1	0	0	0	0	0	10	0	0	1	0	0	0	0	0	0	0	0	0	0	0	0
ded6b91632e10b80e3ce4b7e04591360	0	0	0	0	0	0	0	0	1	1	4	0	0	0	0	1	0	2	0	0	0	0	0	0	0	0	0	0	1	0
bc9ed6a528a0e52a42e1739b370aabe4	0	0	0	0	0	0	0	0	1	1	0	1	35	0	0	0	0	0	0	0	0	0	0	0	0	0	0	0	0	0
86af4d1776ab691990fee5fd7bd5812e	0	0	0	0	0	0	0	0	1	2	0	0	0	0	0	0	0	2	0	0	0	0	0	5	1	0	0	1	8	1
cc62ee98779929f25a1ca7098a69091a	0	0	0	0	0	0	0	0	1	5	0	0	0	0	0	0	0	0	0	0	0	0	0	0	0	0	0	5	2	0
a9ca8fe8832dd530878f8ea8c785b66c	0	0	0	0	0	0	0	0	1	2	0	1	0	0	0	0	0	14	0	0	0	0	0	1	1	0	0	2	0	2
8dc2f5c63d8251cc9a2b5408b57293e9	0	0	0	0	0	0	0	0	1	0	0	0	0	0	0	0	0	0	0	0	1	0	0	2	0	0	8	0	7	3
164be70a663a71c676f9a1b66be9a6a4	0	0	0	0	0	0	0	0	1	0	0	0	0	0	0	0	0	0	0	0	0	0	0	0	20	0	0	2	0	0
adde7d6f7d3fde6bb6ab7741531e41f0	0	0	0	0	0	0	0	0	1	6	2	9	11	0	0	3	0	0	0	0	0	0	0	4	0	0	1	13	2	1
293362758b838219567d8b9ac8709070	0	0	0	0	0	0	0	0	1	0	0	1	0	0	2	1	0	0	0	0	0	0	0	0	8	0	1	1	1	1
e1516d483f210b2120cfc2ad3de2c1a0	0	0	0	0	0	0	0	0	1	0	0	9	0	0	0	0	0	0	1	0	0	0	0	0	0	6	0	0	0	0
4326a0f087d6436c6111eef432f83aa7	0	0	0	0	0	0	0	0	1	0	0	3	0	0	0	1	0	3	0	0	0	0	0	0	0	0	0	0	5	0
3b1549fc8a39c943f9f6a8c8daa48032	0	0	0	0	0	0	0	0	1	2	0	0	0	0	0	0	0	5	0	0	0	0	0	0	0	0	0	3	0	0
9e18dac73d8075ba7ed038b389a7f214	0	0	0	0	0	0	0	0	1	0	0	2	0	0	0	0	0	3	0	0	0	0	0	0	0	61	0	0	0	1
6895bca8233ba56790c7c597ff00c978	0	0	0	0	0	0	0	0	1	4	1	0	0	0	0	0	0	0	0	0	0	0	0	0	0	0	1	4	3	1
849930b419236e740f277d164dea8846	0	0	0	0	0	0	0	0	1	2	0	2	0	0	0	1	0	11	0	0	0	0	0	2	0	0	0	5	1	0
4332473d5a15b06eaac74cbe764e09d1	0	0	0	0	0	0	0	0	1	0	0	0	0	0	0	0	0	0	0	0	0	0	0	0	4	24	1	0	1	1
2334c97d9b78a341ceee402ad683bfb8	0	0	0	0	0	0	0	0	1	5	1	3	0	0	0	0	0	2	0	0	0	0	0	1	0	0	0	2	0	0
e022cf8247b2c448a220485d317f59fb	0	0	0	0	0	0	0	0	1	0	0	0	2	0	0	0	0	4	0	0	0	0	0	0	4	0	1	0	0	6
e582aef91307cc2e74630490c8ba035b	0	0	0	0	0	0	0	0	1	0	0	0	0	0	0	0	0	1	5	0	0	0	0	3	0	0	8	1	0	0
198d35c67e3be9bb83c5332999e95311	0	0	0	0	0	0	0	0	1	0	0	0	0	0	0	0	0	10	0	0	0	0	0	0	0	0	0	0	0	0
dffce5fe0b9a1d77c283afd063af9b9a	0	0	0	0	0	0	0	0	1	0	2	3	0	0	0	0	0	22	0	0	0	0	0	0	10	0	0	0	0	0
8388045eb69514f8ab611d5be43cda01	0	0	0	0	0	0	0	0	1	4	0	2	0	0	0	0	0	0	0	0	0	0	0	0	0	0	0	4	1	0
c6fddd833d5d641e447d5c0bb14f1fa2	0	0	0	0	0	0	0	0	1	0	1	0	0	0	0	0	0	1	0	0	0	0	0	0	5	4	0	0	0	0
734fd7d8f9e0336bb95faa2c316fe046	0	0	0	0	0	0	0	0	1	3	0	4	0	0	0	0	0	10	2	0	3	0	0	4	0	0	2	12	0	0
0b50dd1e95c4e3945d9d6551f2783131	0	0	0	0	0	0	0	0	1	0	0	0	0	0	0	0	0	0	0	0	0	0	0	0	0	7	0	0	14	1
c402bb57c45bc09cab21c6ce9547045b	0	0	0	0	0	0	0	0	1	0	0	0	0	0	0	0	0	0	0	0	0	0	0	0	14	0	0	0	1	1
4d7d3de4454ab40e4ec19870bd08965b	0	0	0	0	0	0	0	0	1	4	0	4	0	0	0	0	0	0	0	0	0	0	0	0	0	7	0	1	0	0
20e2e794256435755d6f74a7a4ab549a	0	0	0	0	0	0	0	0	1	0	0	0	0	0	0	0	0	0	0	0	0	0	0	0	16	0	0	1	0	0
3b1ca1f8ffda49e6f7cd05654dd98339	0	0	0	0	0	0	0	0	1	14	0	29	0	0	0	0	0	0	0	0	1	0	0	3	0	0	0	6	0	1
2334644c3cb23647ccbda403671068cb	0	0	0	0	0	0	0	0	1	0	0	4	0	0	0	0	0	6	1	0	0	0	0	2	0	0	0	4	0	0
4574a0a584048e2ee2691e2b3f6b64f2	0	0	0	0	0	0	0	0	1	4	0	3	0	0	0	0	0	12	0	0	0	0	0	0	0	0	0	1	0	0
17470d8cb5e31da8ec2ff81d7534aa45	0	0	0	0	0	0	0	0	1	1	3	4	0	0	0	2	0	0	0	0	0	0	0	1	11	95	0	4	1	0
1abf010ae72fc746e58400cac2afd782	0	0	0	0	0	0	0	0	1	9	9	0	0	0	1	0	0	0	0	0	0	0	0	0	0	0	1	3	13	1
756945970cd48d7cd1805ca2455a2926	0	0	0	0	0	0	0	0	1	11	5	0	0	0	0	0	0	6	0	0	0	0	0	0	0	0	0	0	0	0
c73daa82d480df4dec24f28415edbf39	0	0	0	0	0	0	0	0	1	0	0	0	0	0	0	6	0	0	0	0	0	0	0	1	3	0	1	3	12	2
51492917cbe45d4d0554b7706d59bcff	0	0	0	0	0	0	0	0	1	0	0	4	0	0	0	0	0	0	0	0	0	0	0	7	0	0	1	3	0	0
3e4df7fa2ff743c849794e69828898da	0	0	0	0	0	0	0	0	1	1	0	0	0	0	0	0	0	0	0	0	0	0	0	0	0	0	7	0	1	8
cc67054515c4666372a6e1835cbadf3a	0	0	0	0	0	0	0	0	1	2	0	3	0	0	0	0	0	1	0	0	0	0	0	0	0	0	0	3	0	0
2e1f8a453b6b5defb5ac9272efc2c56a	0	0	0	0	0	0	0	0	1	0	0	0	0	0	0	0	0	9	0	0	0	0	0	0	0	0	0	0	0	0
a92115816b5e1b0673f4338fec7f2a25	0	0	0	0	0	0	0	0	1	0	0	0	0	0	0	1	0	7	0	0	0	0	0	0	4	0	0	1	0	0
6d2293ecf30ea42d5cad8b0abdedf886	0	0	0	0	0	0	0	0	1	3	1	2	0	4	0	0	0	0	0	0	0	0	0	0	0	2	1	2	0	0
7d054f4976101a4cbfd28896e9ed693f	0	0	0	0	0	0	0	0	1	0	0	0	0	0	2	16	0	1	2	0	0	0	0	0	0	0	0	0	1	0
606344f35e6bd3fc0be2ed3c22398a73	0	0	0	0	0	0	0	0	1	4	0	0	0	0	0	0	0	14	0	0	0	0	0	0	0	0	0	1	0	0
5519104261ef6978324dfcc981b9f079	0	0	0	0	0	0	0	0	1	3	0	2	0	4	0	0	0	9	0	0	0	0	0	0	0	0	0	0	0	0
7855255d174a86f04d14353c589f9c0f	0	0	0	0	0	0	0	0	1	0	0	0	0	0	0	0	0	4	0	0	0	0	0	0	5	0	0	0	0	0
0e9003206d7e48bb5ad56904c63372d1	0	0	0	0	0	0	0	0	1	0	1	0	0	0	0	0	0	1	0	0	0	0	0	0	7	0	0	0	0	0
903237788122fc74709d8f057c139e49	0	0	0	0	0	0	0	0	1	0	1	0	0	0	0	0	0	4	0	0	0	0	0	0	11	0	0	0	0	0
975b944b0ea4c4a402afd846bede11f4	0	0	0	0	0	0	0	0	1	4	0	10	0	0	0	0	0	1	0	0	0	0	0	0	0	0	0	5	0	0
c70abea9c7cd959e7a3dd99bda8bd2c1	0	0	0	0	0	0	0	0	1	0	0	6	0	0	0	1	0	0	0	0	0	0	0	0	0	0	0	1	10	0
54ffb33b6544751fd724b668b4a72655	0	0	0	0	0	0	0	0	1	0	0	0	0	0	0	1	0	1	4	0	3	0	0	4	0	0	10	7	3	8
98eb6502f34952527d7f40f34b5e2e14	0	0	0	0	0	0	0	0	1	0	0	0	0	0	0	0	0	0	0	0	0	0	0	0	0	0	31	0	56	60
a54b3fdac7bb42d753684be7199f4983	0	0	0	0	0	0	0	0	1	0	1	0	0	0	0	1	0	6	0	0	0	0	0	0	0	0	0	0	1	0
2ddbbf7a52d16063d4b9c108957b9384	0	0	0	0	0	0	0	0	1	0	1	2	0	0	0	0	0	0	1	0	0	0	0	4	0	0	0	0	1	0
898d900eb824d3ce4bfbbe45d4cc1e1b	0	0	0	0	0	0	0	0	1	2	0	1	0	0	0	1	0	2	0	0	0	0	0	0	42	0	0	3	0	0
bfafdcb0b7053117fccec834bece75b8	0	0	0	0	0	0	0	0	1	2	0	3	0	0	0	0	0	0	0	0	0	0	0	0	0	0	0	9	4	2
371469df02dc54ececd46dce7f85904d	0	0	0	0	0	0	0	0	1	0	0	0	0	9	0	0	0	0	0	0	0	0	0	0	0	0	0	0	0	0
11b155496223f809bb1653309c5a352f	0	0	0	0	0	0	0	0	1	1	0	0	0	0	0	0	0	0	4	0	1	0	0	0	0	0	0	1	4	3
e5be24bde5d707628595972d50ccedc9	0	0	0	0	0	0	0	0	1	0	0	3	0	0	0	1	0	5	0	0	0	0	0	0	0	0	0	0	0	0
15b3812b8f8c0ce17e8b94aa8cfce21a	0	0	0	0	0	0	0	0	1	0	0	0	0	0	0	0	0	0	27	0	14	0	0	0	0	0	0	0	0	0
299f5f2bde1254316459efa815f0d7e2	0	0	0	0	0	0	0	0	1	12	0	1	0	0	0	0	0	0	0	0	0	0	0	0	0	0	0	1	2	0
4ad1d601efd919e6a82d01f4169088f9	0	0	0	0	0	0	0	0	1	1	0	4	0	0	0	0	0	0	0	0	0	0	0	3	1	84	0	2	2	2
12389177b5e65e1a70f1b5f901b4971e	0	0	0	0	0	0	0	0	1	0	0	0	0	0	0	0	0	0	1	0	0	0	0	3	0	0	18	2	0	17
4f071b7dbcaa542f6d562c6dd2f39e5e	0	0	0	0	0	0	0	0	1	2	0	1	0	0	1	3	0	2	0	0	0	0	0	0	0	0	0	3	0	0
a0287f0b1888307a8d5530bfebdd2f9f	0	0	0	0	0	0	0	0	1	0	7	0	0	0	0	0	0	0	0	0	0	0	0	0	1	0	0	0	0	2
1276da6a72ab48c95412eb0e2541a826	0	0	0	0	0	0	0	0	1	3	0	4	0	0	0	0	0	0	0	0	2	0	0	1	0	0	0	1	1	0
927fcbd40285f31a2eeb3332ecb49322	0	0	0	0	0	0	0	0	1	0	2	0	0	0	0	0	0	0	0	0	0	0	0	1	17	0	0	0	0	0
7994eb5f2d66c82eef8ac5d9a17301f0	0	0	0	0	0	0	0	0	1	0	0	2	0	0	1	1	0	0	0	0	0	0	0	0	0	0	0	0	15	0
47b018ffbb441d6f6ed76998c4423d50	0	0	0	0	0	0	0	0	0	184	0	81	7	0	0	0	0	0	0	0	0	1	0	2	0	0	2	30	8	3
46208aed0d17cfc196ab555327a55f8c	0	0	0	0	0	0	0	0	0	52	10	14	0	0	0	1	0	0	0	0	0	0	0	0	0	1	2	28	1	1
a1e855127a9462fc1f07e57b4aef6da1	0	0	0	0	0	0	0	0	0	50	0	14	0	0	0	0	0	0	0	0	0	0	0	0	0	0	0	0	0	0
38612429fe84f502ad048458c335b58a	0	0	0	0	0	0	0	0	0	48	0	20	9	0	1	0	3	0	0	0	0	0	0	2	0	0	1	10	29	0
fce413269dfd3cdb6c527e510229b68f	0	0	0	0	0	0	0	0	0	47	0	334	0	0	0	0	0	0	1	0	0	0	0	13	0	0	0	49	292	2
2a1e039aeae042ab9dcdd6ca394a1fed	0	0	0	0	0	0	0	0	0	43	1	25	0	0	0	0	0	0	0	0	2	0	0	4	0	0	3	0	46	7
147bfaf016fd52f91dbdd9c37bf44597	0	0	0	0	0	0	0	0	0	43	0	5	0	0	0	0	0	0	0	0	0	0	0	0	0	0	0	0	0	0
eb893393a06fcb13c3aeb993df4ece72	0	0	0	0	0	0	0	0	0	40	0	27	0	0	0	0	0	0	0	0	0	0	0	5	0	0	0	20	15	0
cc22da2d6d9baa93890c1b85c0235f63	0	0	0	0	0	0	0	0	0	39	0	40	0	0	0	0	0	0	0	0	0	0	0	9	0	0	14	17	62	11
20a50abdb89fd1d05ba9c1d1ccf642ca	0	0	0	0	0	0	0	0	0	39	3	2	0	0	0	0	0	0	0	0	0	0	0	4	0	0	0	6	0	0
a93ffd70b970b0f8efa2b814b400b1ca	0	0	0	0	0	0	0	0	0	39	0	1	0	0	0	0	0	0	0	0	0	0	0	0	0	0	0	11	0	0
a0af7e42a7f82ff406c7ef37cd09fce7	0	0	0	0	0	0	0	0	0	37	1	7	0	0	0	0	0	0	0	0	0	0	0	0	0	0	0	0	0	0
d35ff562a83568a6cf6bbd8f558c3367	0	0	0	0	0	0	0	0	0	36	1	13	1	0	0	0	0	0	0	0	0	0	0	0	0	0	0	7	0	0
15407c1ef08fcdb47d3cb8de7a1c19f0	0	0	0	0	0	0	0	0	0	35	0	12	44	0	0	16	0	0	0	0	0	0	0	0	0	0	0	1	0	0
f6e2b76d6506af622d26dba2ed1f3be1	0	0	0	0	0	0	0	0	0	32	0	102	0	16	9	0	0	0	0	0	0	0	0	6	0	0	0	17	49	0
cee0edfb4fd7b2790c94020ffb1bf01a	0	0	0	0	0	0	0	0	0	31	0	40	0	0	0	0	0	0	5	0	0	0	0	6	5	0	16	7	62	23
b85ac1f52630f233005a428dc1bc9f16	0	0	0	0	0	0	0	0	0	30	0	6	0	0	0	0	0	0	0	0	0	0	0	22	0	0	0	30	5	0
027456f2f73368fc57702d24dfdcd1b9	0	0	0	0	0	0	0	0	0	30	3	6	0	0	1	0	0	0	0	0	0	0	0	0	0	0	0	0	0	0
7150b66044e19510c9ad6b761c6fec7c	0	0	0	0	0	0	0	0	0	30	0	13	0	0	0	0	0	0	4	0	4	0	0	2	0	0	3	0	56	9
827ad1a2da962a8b8b0ebee0e21c0f26	0	0	0	0	0	0	0	0	0	29	0	1	7	0	0	5	0	0	0	0	0	0	0	0	0	0	0	2	1	0
46b05a1aade6de5a6850e7290169caf7	0	0	0	0	0	0	0	0	0	29	0	8	3	0	0	0	0	0	0	0	0	0	0	1	0	0	0	7	10	1
72a4505aa4970cbd2be6d8e18176983f	0	0	0	0	0	0	0	0	0	29	0	8	0	0	0	0	0	0	0	0	0	0	0	0	0	0	0	2	0	0
dbaaf040981c48b67c69126d2904a460	0	0	0	0	0	0	0	0	0	24	2	18	0	0	0	0	0	7	0	0	1	0	0	2	6	0	0	4	0	0
13467e7e70d7dd3c4792232d1b839a94	0	0	0	0	0	0	0	0	0	24	1	15	0	0	0	0	0	0	0	0	0	0	0	4	0	0	0	20	0	0
b49ad753a4009bea54392fd9bf71cda2	0	0	0	0	0	0	0	0	0	21	0	8	0	0	0	0	0	0	0	0	2	0	0	7	0	0	0	11	0	0
f052de67a96ee5a06044c74f2a07ccc5	0	0	0	0	0	0	0	0	0	21	0	0	0	0	0	0	0	0	0	0	0	0	0	0	0	0	0	2	0	0
7346c2993543523922d177bbf5ad3574	0	0	0	0	0	0	0	0	0	21	2	16	0	0	0	0	0	0	0	0	0	0	0	0	0	0	0	1	0	0
4e09e4129c7aa257fb3b224c30c271cc	0	0	0	0	0	0	0	0	0	19	0	34	97	0	0	0	0	0	0	0	0	0	0	1	0	0	1	25	1	1
6172dc7d0656b562be13871d2a987987	0	0	0	0	0	0	0	0	0	19	0	0	0	0	0	0	0	0	0	0	0	0	0	0	0	0	1	3	0	0
2902bc250f87f78c46d1fdea75c37efd	0	0	0	0	0	0	0	0	0	16	0	12	0	0	0	0	0	0	0	0	0	0	0	0	0	0	1	3	15	2
12d647eea847f740beb5f76394c7c85f	0	0	0	0	0	0	0	0	0	16	0	1	0	0	0	0	0	0	0	0	0	0	0	0	0	0	9	0	9	16
3b19454cf2a17b863fe0f5f0c7ddcd2e	0	0	0	0	0	0	0	0	0	16	0	0	0	0	0	0	0	0	2	0	15	0	0	16	0	0	0	31	0	0
d89dc5b419d43003ba1d2c9a2063ba0e	0	0	0	0	0	0	0	0	0	16	0	21	0	0	0	0	0	0	0	0	0	0	0	0	0	0	1	2	7	0
3511cd757dfa06e8a74d47242f40ac3b	0	0	0	0	0	0	0	0	0	15	0	25	0	0	0	0	0	0	1	0	10	0	0	1	0	0	0	8	35	2
d4aa24d436c28002c892f8c4a868d851	0	0	0	0	0	0	0	0	0	15	0	2	0	0	0	0	0	0	0	0	0	0	0	0	0	0	0	0	1	0
5e16fb48fd049ccdcf64c304469ef3b8	0	0	0	0	0	0	0	0	0	15	0	8	0	0	1	0	0	0	0	0	0	0	0	0	0	0	0	4	13	0
8129a9a83939362bd8babfd7d38c6efb	0	0	0	0	0	0	0	0	0	15	0	2	0	0	0	0	0	0	0	0	0	0	0	1	0	0	2	2	0	1
ae8c258cf3612d6006d61fe41faadc23	0	0	0	0	0	0	0	0	0	14	0	50	0	0	0	0	0	0	0	0	0	0	0	5	0	0	3	82	2	0
f7e48f93fd04212bc2bb33bd5edb854e	0	0	0	0	0	0	0	0	0	14	0	2	0	0	0	0	0	0	0	0	0	0	0	0	0	0	0	4	0	0
fce56e28fd8a7e7f5f00e47a0d4400a0	0	0	0	0	0	0	0	0	0	14	0	0	0	0	0	0	0	0	0	0	0	0	0	0	0	0	0	0	0	0
e2f6bba3e17fa8ff8a110e5c0d17c337	0	0	0	0	0	0	0	0	0	14	0	0	0	0	0	0	0	0	0	0	0	0	0	0	0	0	0	0	0	0
b4f529c51ac8a884878f9641e343d34b	0	0	0	0	0	0	0	0	0	14	0	23	0	0	0	0	0	0	0	0	0	0	0	2	0	0	0	4	1	2
796aa963235d850a751f89566b4edc55	0	0	0	0	0	0	0	0	0	13	0	5	0	0	0	0	0	0	0	0	1	0	0	3	0	0	1	0	0	0
394c4064cf0af872cd5245600a677551	0	0	0	0	0	0	0	0	0	13	0	2	0	0	0	0	0	0	0	0	0	0	0	1	0	0	0	2	0	0
454eac450e69fab706c413ec40b0550b	0	0	0	0	0	0	0	0	0	13	0	0	24	0	0	0	0	0	0	0	0	0	0	0	0	0	0	0	0	0
4aac555cc49e5f3731f3731d72109cdc	0	0	0	0	0	0	0	0	0	13	0	6	0	0	0	0	0	31	0	0	0	0	0	0	0	0	0	9	0	0
c1f4e0500b8d6c4928c69377e3300cd0	0	0	0	0	0	0	0	0	0	12	0	0	6	0	1	1	0	11	0	0	0	0	0	0	0	17	0	0	0	0
cdc9f885d499c62e3e6b7a2efb6b3410	0	0	0	0	0	0	0	0	0	12	0	6	0	0	0	0	0	0	4	0	1	0	0	4	0	0	2	8	33	8
fbe9eecdd8071730a2ef36e4bf1b8d51	0	0	0	0	0	0	0	0	0	12	1	0	0	0	0	0	0	0	0	0	0	0	0	0	0	0	0	0	0	0
32bc4f23316f69376a7834277f857ea5	0	0	0	0	0	0	0	0	0	12	0	18	0	0	0	0	0	0	0	0	2	0	0	1	0	0	2	1	13	1
14c519d9a02962770a71f0e44e0b2496	0	0	0	0	0	0	0	0	0	12	0	0	0	0	0	0	0	0	0	0	0	0	0	0	0	0	0	0	0	0
ad556b99ec744714ebe69ed2a5eccf01	0	0	0	0	0	0	0	0	0	12	0	0	0	0	0	0	0	0	0	0	0	0	0	0	0	0	0	0	0	0
8da156d9f4190eaf107c06f268e13736	0	0	0	0	0	0	0	0	0	11	0	15	0	0	0	0	0	0	2	0	0	0	0	0	0	0	1	0	5	0
1643e4a82d9743e631b4f96a550dcfe2	0	0	0	0	0	0	0	0	0	11	0	0	0	0	0	0	0	0	0	0	0	0	0	0	0	0	2	0	12	1
af1f239c5fa894686256fb13399a8964	0	0	0	0	0	0	0	0	0	11	0	13	0	0	0	0	0	0	0	0	0	0	0	0	0	0	0	1	5	0
dd4ef61a623b833bd34a91de0c7651ec	0	0	0	0	0	0	0	0	0	11	0	4	0	0	0	0	0	0	0	0	0	0	0	10	0	0	1	12	0	1
969750bd70c987fba6fbb19b92716392	0	0	0	0	0	0	0	0	0	11	0	7	0	0	0	0	0	0	0	0	0	0	0	0	0	0	5	7	3	0
dcfd86ebdc7ceb7a2497dc0883aa5d5e	0	0	0	0	0	0	0	0	0	11	0	1	0	0	0	0	0	0	0	0	0	0	0	0	0	0	0	1	0	0
9e4e4c97d3aad9694b8cf6b496efb15e	0	0	0	0	0	0	0	0	0	11	0	31	99	0	2	0	0	1	1	0	0	0	0	0	0	0	1	38	0	1
ea536a6ca856df178d255b58a33dda65	0	0	0	0	0	0	0	0	0	11	0	0	0	0	0	0	0	0	0	0	0	0	0	0	0	0	0	1	0	0
2961f340c1c3d83deb76eb8857c22ff9	0	0	0	0	0	0	0	0	0	11	0	0	0	0	0	0	0	0	0	0	0	0	0	0	0	0	0	0	0	0
267ab25c568b1de7dad0558bcb00005c	0	0	0	0	0	0	0	0	0	11	0	0	0	0	0	0	0	0	0	0	0	0	0	0	0	0	0	0	0	0
fc8940784823866c2740fc2563369ddc	0	0	0	0	0	0	0	0	0	11	0	2	0	0	0	0	0	0	2	0	0	0	0	0	0	0	0	0	0	0
27f17287b53d727164d32fafbc9ecabb	0	0	0	0	0	0	0	0	0	10	0	1	1	0	0	0	0	0	0	0	0	0	0	0	0	0	0	0	0	0
9811638fae42e5a41f488101442eaf86	0	0	0	0	0	0	0	0	0	10	0	0	0	0	0	0	0	0	0	0	0	0	0	0	0	0	0	0	0	0
8117bff706a5faee860e114aeaefb359	0	0	0	0	0	0	0	0	0	10	0	0	0	0	0	0	0	0	0	0	0	0	0	0	0	0	0	0	0	0
eb31ca4df947cfe6e086de3977870299	0	0	0	0	0	0	0	0	0	10	0	0	0	0	0	0	0	0	0	0	0	0	0	1	0	0	0	0	0	0
3b448196488739898d305733a9d48905	0	0	0	0	0	0	0	0	0	10	0	0	0	0	0	0	0	0	0	0	0	0	0	0	0	0	0	0	0	0
8b89aaee5e675994138eb53e8b40d41c	0	0	0	0	0	0	0	0	0	10	0	3	21	0	0	0	0	0	0	0	0	0	0	0	0	0	0	11	1	1
ef869c3347b1ae5d2f54074912d655fc	0	0	0	0	0	0	0	0	0	10	9	22	0	0	0	12	0	0	0	0	0	0	0	0	92	0	0	0	3	0
0f137dc653337f08e3f77a4613ddefcc	0	0	0	0	0	0	0	0	0	10	0	19	0	0	0	0	0	0	0	0	0	0	0	0	0	0	0	13	0	0
5b3295560b78b0d0c7d5fa91fd77ed21	0	0	0	0	0	0	0	0	0	10	0	14	0	0	0	29	0	0	0	0	0	0	0	3	0	0	6	0	18	0
774b6e71e8504f750215e16ee82ab382	0	0	0	0	0	0	0	0	0	10	0	8	0	0	0	4	0	0	0	0	0	0	0	0	0	0	0	0	0	0
843d70b65e5d13d9079c7c6e90bc7496	0	0	0	0	0	0	0	0	0	10	0	26	0	0	0	0	0	0	4	0	1	0	0	3	0	0	9	1	16	8
f36f453ce2a74dd37adabd0452d6ba2a	0	0	0	0	0	0	0	0	0	10	0	0	0	0	0	0	0	0	0	0	0	0	0	0	0	0	0	0	0	0
fcc5140553e9b0ed8abae04d7e718748	0	0	0	0	0	0	0	0	0	10	0	9	120	0	0	182	0	0	0	0	0	0	0	0	0	0	0	4	0	0
64c40456f21905f55e233de2ed9ea462	0	0	0	0	0	0	0	0	0	10	0	22	23	0	0	0	0	2	0	0	2	0	0	3	0	10	1	11	26	0
69437ae6afb65fab0eccb2a38931e5b7	0	0	0	0	0	0	0	0	0	10	0	0	0	0	0	0	0	0	0	0	4	0	0	1	0	0	0	0	0	1
11cd2296b5a544059812765197ca2e28	0	0	0	0	0	0	0	0	0	10	0	0	0	0	0	0	0	0	0	0	0	0	0	0	0	0	0	0	0	0
e992e58230995d31fe13029bcecd201e	0	0	0	0	0	0	0	0	0	10	0	3	0	0	0	0	0	0	0	0	0	0	0	0	2	0	0	3	1	1
dcc5d7fb0d5f8d64ca466891e894e287	0	0	0	0	0	0	0	0	0	10	0	0	0	0	0	0	0	0	4	0	3	0	0	2	0	0	0	2	8	4
d66f249d3343638fe1d4da19c2565bfc	0	0	0	0	0	0	0	0	0	10	0	0	0	0	0	0	0	0	0	0	0	0	0	0	0	1	0	0	0	0
cf61f86cec4de4c1ffae85e9e992cd84	0	0	0	0	0	0	0	0	0	10	0	0	0	0	0	0	0	0	0	0	0	0	0	0	0	0	0	0	0	0
1e7846cb2c79606d6978a6b4105f6757	0	0	0	0	0	0	0	0	0	10	0	10	0	0	0	0	0	0	0	0	0	0	0	0	0	1	0	0	6	0
b1cf94be716b35e3f214cb7cc3300b33	0	0	0	0	0	0	0	0	0	9	0	2	0	0	0	0	0	0	0	0	0	0	0	0	0	0	0	0	0	0
bd9d66dd4dcdaf116caa48fd5792a800	0	0	0	0	0	0	0	0	0	9	0	44	0	7	0	0	0	0	0	0	0	0	0	0	0	0	0	0	0	0
9434312036bd03ee89eb79f39644d1ea	0	0	0	0	0	0	0	0	0	9	0	1	0	0	0	0	0	0	0	0	0	0	0	0	0	0	0	5	0	0
a05c72bbcc29152eee5ca0f45c493604	0	0	0	0	0	0	0	0	0	9	0	0	0	0	0	0	0	0	0	0	0	0	0	0	0	0	2	0	0	2
6703cec066fe5170e7e5f6ac1c158401	0	0	0	0	0	0	0	0	0	9	0	11	0	0	0	0	0	12	0	0	0	0	0	1	28	0	0	6	17	1
b752947f8369ca4f2b75c2238e2702ae	0	0	0	0	0	0	0	0	0	9	1	7	0	0	0	0	0	0	0	0	0	0	0	0	0	0	0	2	0	0
da5c1010f070b45f5d375ade579a41a4	0	0	0	0	0	0	0	0	0	9	0	7	0	0	0	0	0	0	0	0	0	0	0	0	0	0	0	6	0	0
b39a4a7d25340f56df94e2d3f0593cae	0	0	0	0	0	0	0	0	0	9	0	0	2	0	0	0	0	1	0	0	0	0	0	0	0	0	0	0	0	6
faa17012568dc2db014184aeceb03c5e	0	0	0	0	0	0	0	0	0	9	0	0	1	0	2	1	0	0	0	0	0	0	0	0	0	0	0	0	1	0
1e9e150b8ddaf88f2b9eb585d7cf5061	0	0	0	0	0	0	0	0	0	9	0	0	0	0	0	1	0	0	1	0	0	0	0	1	0	0	8	2	17	0
5da1289b403e01fd5007e0288bd70cc8	0	0	0	0	0	0	0	0	0	9	2	0	0	0	0	0	0	1	0	0	0	0	0	0	0	0	0	0	0	0
eea74d3ef50bdf288fd64989b0576f22	0	0	0	0	0	0	0	0	0	9	0	10	0	0	0	0	0	0	0	0	0	0	0	0	0	0	0	0	4	0
713777079fa7a36325fe7768a1f1aa22	0	0	0	0	0	0	0	0	0	9	0	1	0	0	0	1	0	0	1	0	2	0	0	0	0	0	0	1	3	0
0e76b975d9e93be79a2b94821008cb81	0	0	0	0	0	0	0	0	0	9	0	7	0	0	0	0	0	0	0	0	0	0	0	1	0	0	0	2	0	0
f482640c5ec184473a9d0f8f2b20455d	0	0	0	0	0	0	0	0	0	9	0	0	0	0	0	0	0	0	0	0	2	0	0	0	0	0	2	0	11	0
f65e4924f51b61b90db9891719bb26a6	0	0	0	0	0	0	0	0	0	9	0	2	5	0	0	0	0	0	0	0	0	0	0	0	0	0	0	0	0	0
8cb60b74cdfb252aa25121d80a09a9bf	0	0	0	0	0	0	0	0	0	9	0	0	0	0	0	0	0	0	0	0	0	0	0	0	0	0	0	0	1	0
d39bb1d8ebb8ddc819d7a0da94cc1057	0	0	0	0	0	0	0	0	0	9	0	0	0	0	0	0	0	11	2	0	1	0	0	1	2	0	2	0	0	0
9b54d6352ce8638d6574c4ba3156855b	0	0	0	0	0	0	0	0	0	9	0	0	0	0	0	0	0	0	0	0	0	0	0	0	0	0	0	1	0	0
1be2d18cb07b21abf803c8a3babcdfcf	0	0	0	0	0	0	0	0	0	8	0	0	0	0	0	0	0	0	0	0	0	0	0	0	0	0	0	0	2	0
cf2e5c63c2568d31d3ae9e35a2a72d01	0	0	0	0	0	0	0	0	0	8	0	9	0	0	0	0	0	4	0	0	0	0	0	0	0	0	0	8	2	1
56ad1829fb7f79b2f2d219e7952c0a11	0	0	0	0	0	0	0	0	0	8	0	7	0	0	0	0	0	0	2	0	0	0	0	0	0	0	3	0	2	0
164c15eb9eb2e806d97e3952760e694f	0	0	0	0	0	0	0	0	0	8	0	0	0	1	0	0	0	2	0	0	0	0	0	0	0	0	0	0	0	0
0c5474b82af018dfd057c20e2502d257	0	0	0	0	0	0	0	0	0	8	0	0	0	0	0	0	0	0	0	0	0	0	0	0	0	0	0	0	2	0
fcceccc90bdd93ee4b62772e01073208	0	0	0	0	0	0	0	0	0	8	0	6	0	0	0	0	0	0	0	0	0	0	0	0	0	0	0	3	0	0
f6fd1fec555f97a6b655618215229269	0	0	0	0	0	0	0	0	0	8	0	3	14	0	0	0	0	1	0	0	0	0	0	0	0	83	0	0	0	0
e90f16fbad592e37dff0668f2798a56d	0	0	0	0	0	0	0	0	0	8	0	12	1	0	0	3	0	0	0	0	0	0	0	0	0	0	0	0	0	0
9410484fb2b72f00073b04ac22bbaaae	0	0	0	0	0	0	0	0	0	8	0	2	0	0	0	0	1	0	0	0	0	0	0	0	0	0	0	0	3	0
22cbf25c2029efd21dae09005a714d13	0	0	0	0	0	0	0	0	0	8	0	0	0	0	0	3	0	0	0	0	0	0	0	0	0	0	0	3	0	0
78fb727bce8256631c1487e42d1c0254	0	0	0	0	0	0	0	0	0	7	0	0	0	0	0	3	0	0	0	0	0	0	0	0	0	0	0	0	0	3
16e3a3972fb4aa9c45b21c4091b43929	0	0	0	0	0	0	0	0	0	7	0	11	0	0	0	0	0	0	0	0	0	0	0	0	0	0	1	2	13	0
6916f3670f7fd9fc47dea8bd17c47581	0	0	0	0	0	0	0	0	0	7	0	8	0	0	0	0	0	0	0	0	0	0	0	0	0	0	0	0	0	0
d3fc7fea1de1fda4aac8db6ca900bb0a	0	0	0	0	0	0	0	0	0	7	0	4	0	0	0	0	0	0	0	0	0	0	0	0	0	0	0	0	9	0
433b399d5a24cbd04d54e4d8267746cc	0	0	0	0	0	0	0	0	0	7	0	2	0	0	0	0	0	0	1	0	0	0	0	0	0	0	0	0	0	0
55e59916320e55cb93d6690a9accaee2	0	0	0	0	0	0	0	0	0	7	1	8	0	0	0	0	0	0	0	0	0	0	0	0	0	0	0	0	0	0
d7f92bda95d57588446443061137148d	0	0	0	0	0	0	0	0	0	7	0	0	0	0	0	0	0	0	2	0	1	0	0	3	0	0	0	1	7	0
d7faf8e5164d75418019a9a7d4b58c31	0	0	0	0	0	0	0	0	0	7	0	4	0	0	0	0	0	0	0	0	2	0	0	1	0	0	0	0	14	0
5061c47365566ac2f70f5b61c23c51c4	0	0	0	0	0	0	0	0	0	7	0	9	0	0	0	1	0	0	0	0	0	0	0	0	0	0	0	4	0	1
b520245b715d12bf1c30f201d4ab389d	0	0	0	0	0	0	0	0	0	7	0	1	0	0	0	0	0	0	0	0	0	0	0	0	0	0	1	1	0	1
06c40d6d58e34be0b8435b6dbff9c94d	0	0	0	0	0	0	0	0	0	7	0	2	0	0	0	0	0	0	0	0	0	0	0	0	0	0	0	1	0	0
ad510bbd4e7ad666ab0eb758721ebfc1	0	0	0	0	0	0	0	0	0	7	0	0	0	0	0	0	0	0	0	0	0	0	0	1	0	0	0	0	3	3
6d21069758c00e5e2834e3f2e15e7328	0	0	0	0	0	0	0	0	0	7	0	1	0	5	0	0	0	4	0	0	0	0	0	1	0	0	0	0	0	0
cf865ca2db9ea54e927e2e08b27b4f03	0	0	0	0	0	0	0	0	0	7	0	6	2	0	0	0	0	0	0	0	0	0	0	0	0	0	0	3	0	0
74ec0bfa4460749d7cc02bdf6bf66e9a	0	0	0	0	0	0	0	0	0	7	0	2	0	0	0	0	0	0	0	0	9	0	0	0	0	0	1	4	5	3
43894847e5253d417cc69c71cfdb6efc	0	0	0	0	0	0	0	0	0	7	0	8	4	0	0	0	0	14	0	0	0	0	0	1	0	0	10	10	11	8
ccfa32811491b8b595608aeb3522d499	0	0	0	0	0	0	0	0	0	7	0	3	0	0	0	0	0	0	0	0	1	0	0	0	0	0	0	2	3	0
61a72beaa868c4bff1b04b25ccc730bf	0	0	0	0	0	0	0	0	0	7	0	0	0	0	0	0	0	9	0	0	0	0	0	0	1	0	0	0	0	0
f34d08afc2325f6107097d22782189ae	0	0	0	0	0	0	0	0	0	7	1	0	0	0	0	0	0	2	0	0	0	0	0	0	0	0	1	2	0	0
a5154c02d012127157e3764fd2d994ff	0	0	0	0	0	0	0	0	0	7	0	0	8	0	1	0	0	0	0	0	0	0	0	0	0	0	0	0	9	1
1d4438be131d844335f25120e022e3fd	0	0	0	0	0	0	0	0	0	6	3	3	0	1	0	0	0	1	0	0	0	0	0	0	8	0	0	0	0	0
556857ab21840786171d39e99f861fcf	0	0	0	0	0	0	0	0	0	6	0	120	0	0	0	0	0	0	0	0	0	0	0	40	0	0	0	63	1	0
ddc3d4c752e5e33d0648cd5191c71956	0	0	0	0	0	0	0	0	0	6	0	3	0	0	0	0	0	0	0	0	0	0	0	0	0	0	0	0	3	0
b56772a62b3ebda5b6067fe4f6455020	0	0	0	0	0	0	0	0	0	6	0	0	1	0	0	3	0	0	0	0	0	0	0	0	0	0	0	2	0	0
b9392b69b56fa755206889f7bc16a35e	0	0	0	0	0	0	0	0	0	6	0	0	5	0	0	2	0	0	0	0	0	0	0	0	0	0	0	1	0	0
3d3a8b2f991024d947d018b6e244f997	0	0	0	0	0	0	0	0	0	6	8	12	8	0	0	0	0	101	0	0	5	0	0	4	24	0	1	8	0	0
0378105b56f019f8c7052bf2beaec69e	0	0	0	0	0	0	0	0	0	6	0	10	0	0	0	0	0	0	0	0	0	0	0	1	2	0	0	6	0	0
900f62198827fc17a4af936b7f1b9eef	0	0	0	0	0	0	0	0	0	6	0	0	16	0	0	2	0	0	0	0	0	0	0	0	0	0	0	0	0	0
855bff6d1004ec0b94c8b498bb9b75b4	0	0	0	0	0	0	0	0	0	6	0	7	0	0	0	0	0	0	0	0	0	0	0	0	0	0	0	0	2	0
33b6bb51940ab43585d7c73205815a1d	0	0	0	0	0	0	0	0	0	6	1	3	0	0	0	0	0	21	0	0	0	0	0	2	0	0	0	1	0	0
d1621e0207c774ff095bfa5714a85ba7	0	0	0	0	0	0	0	0	0	6	0	0	0	0	0	6	0	0	2	0	0	0	0	3	0	0	10	1	0	1
255858f6a7a9f336ad31b10aa22e431d	0	0	0	0	0	0	0	0	0	6	1	2	0	0	0	2	0	0	0	0	0	0	0	0	0	0	3	1	0	0
cac75cc3058a23b6494f175bd8fcb7fb	0	0	0	0	0	0	0	0	0	6	0	7	0	0	0	0	0	0	0	0	0	0	0	0	0	0	0	1	0	0
b4021d07787d60d2dac65becd3f8d80b	0	0	0	0	0	0	0	0	0	6	0	0	0	0	0	0	0	0	0	0	0	0	0	0	0	0	0	0	13	0
a48d899b2fb5046dad717e6c2eb45439	0	0	0	0	0	0	0	0	0	6	1	0	0	0	0	5	0	11	0	0	0	0	0	0	6	0	0	0	4	0
ac52da5343f40a17d6097b19124d7d7d	0	0	0	0	0	0	0	0	0	6	0	0	0	0	0	0	0	7	0	0	0	0	0	0	0	0	0	0	0	0
9ce15ffaa59d04742e44375b2f66f73a	0	0	0	0	0	0	0	0	0	6	0	11	0	0	0	0	0	0	0	0	3	0	0	2	0	0	1	6	28	2
4c4e418f1028d88d620fce1eb5fcc0cb	0	0	0	0	0	0	0	0	0	6	0	1	0	0	0	0	0	0	0	0	0	0	0	0	0	0	2	0	19	6
c6eb54821c3c6112e882f2a84701b399	0	0	0	0	0	0	0	0	0	6	0	0	0	0	0	0	0	0	0	0	0	0	0	0	0	0	0	2	0	2
ce87b73156592ef55621af1e437473e9	0	0	0	0	0	0	0	0	0	6	0	1	0	0	0	0	0	0	0	0	0	0	0	0	0	0	7	0	6	2
18cbd3f3928dc457ba9cf75b43474fbc	0	0	0	0	0	0	0	0	0	6	0	4	0	0	0	0	0	0	0	0	0	0	0	4	0	0	0	1	4	2
43928106fdf653e7e37482de7deaa663	0	0	0	0	0	0	0	0	0	6	0	3	0	0	0	0	0	1	0	0	7	0	0	2	0	0	4	0	5	7
32819750d2cf3fc43f1366b63e13ea61	0	0	0	0	0	0	0	0	0	6	0	6	12	0	1	29	0	1	0	0	0	0	0	1	0	0	0	5	0	0
a57ac386733d27a2b35c871d57b135b6	0	0	0	0	0	0	0	0	0	6	0	0	0	1	0	0	0	1	0	0	0	0	0	0	0	0	0	3	0	0
cdd24f3a57c75c3d0c5d9790575993af	0	0	0	0	0	0	0	0	0	6	0	12	0	0	0	0	0	0	0	0	0	0	0	1	0	0	0	2	0	0
df43417e2248c58b6376e2ba318f9bee	0	0	0	0	0	0	0	0	0	6	0	2	0	0	0	0	0	0	0	0	0	0	0	0	0	0	0	4	2	1
392e20b20d11d283814c9da733ba65b7	0	0	0	0	0	0	0	0	0	5	0	0	0	0	0	0	0	4	0	0	0	0	0	11	0	0	0	0	0	0
435c02c35e2ca134e7252b1b5458285e	0	0	0	0	0	0	0	0	0	5	1	4	0	0	0	0	0	0	0	0	0	0	0	0	0	0	0	0	0	0
c37e338a5f99c4cd7a516fc8fe69510a	0	0	0	0	0	0	0	0	0	5	0	6	0	0	0	0	0	0	0	0	0	0	0	0	0	0	0	0	0	0
99d45c1e111b55b761f06c9e75dff03b	0	0	0	0	0	0	0	0	0	5	0	0	0	0	0	0	0	0	0	0	0	0	0	0	0	0	0	3	5	0
ea00c4ab4cb60954d6164c1bf38728d2	0	0	0	0	0	0	0	0	0	5	0	0	0	0	0	0	0	0	1	0	1	0	0	0	19	0	0	0	0	0
0c82434fcc0fc69d29e01b438ddd7620	0	0	0	0	0	0	0	0	0	5	0	2	0	0	0	0	0	2	0	0	0	0	0	0	0	0	1	6	0	0
d02a69f6a87a850b483f1c501d1dd000	0	0	0	0	0	0	0	0	0	5	0	4	9	0	0	0	0	0	0	0	3	0	0	38	0	0	0	30	0	1
e01197756f0e444e038bfa809ee7e8a0	0	0	0	0	0	0	0	0	0	5	0	2	0	0	0	1	0	0	0	0	0	0	0	0	0	0	0	2	0	0
6b9d66ec6f530a16d18b85cadd6e3b8e	0	0	0	0	0	0	0	0	0	5	0	46	0	0	0	0	0	0	0	0	0	0	0	2	0	0	0	10	3	0
444f4a5ff7840c6205dfdf34cec6bf2b	0	0	0	0	0	0	0	0	0	5	0	4	0	0	0	0	0	2	0	0	0	0	0	0	0	0	0	0	0	0
9b182019066cb880e0140f5054808635	0	0	0	0	0	0	0	0	0	5	0	23	0	0	0	0	0	0	0	0	0	0	0	1	0	0	2	0	0	8
23e74f6b56726c75e71110abe8008e56	0	0	0	0	0	0	0	0	0	5	0	21	0	0	0	0	0	0	3	0	6	0	0	3	0	0	0	3	0	1
bf16ac1d9678254c11ce21b5aed817cb	0	0	0	0	0	0	0	0	0	5	0	39	0	0	0	0	0	0	0	0	0	0	0	5	0	0	3	1	22	1
6e47ea1759179796545fde31ee68d34d	0	0	0	0	0	0	0	0	0	5	0	7	1	0	0	3	0	0	0	0	0	0	0	1	0	0	0	0	0	0
399092b5a196bbcb496a501e992fc029	0	0	0	0	0	0	0	0	0	5	0	0	0	0	0	0	0	0	0	0	0	0	0	0	0	0	0	0	9	0
dfe5107ef17f27dc689050d8695831ce	0	0	0	0	0	0	0	0	0	5	0	0	0	0	0	0	0	0	0	0	0	0	0	0	0	0	0	0	9	2
4f23df307a94d69bfb5d57ce7898b6cf	0	0	0	0	0	0	0	0	0	5	0	10	0	0	0	0	0	0	0	0	2	0	0	21	0	0	0	1	0	0
8705c0cabe4ceff1978b3de8a4347d23	0	0	0	0	0	0	0	0	0	5	0	1	0	0	0	0	0	0	0	0	0	0	0	0	0	0	0	0	7	0
ce4caea48a396e682fd9052ad96a7bfc	0	0	0	0	0	0	0	0	0	5	0	14	0	0	0	0	0	0	1	0	0	0	0	0	0	0	0	0	0	0
1b655f075338e4797b8ce6d3532a0a3e	0	0	0	0	0	0	0	0	0	5	0	0	0	0	0	0	0	0	3	0	0	0	0	16	109	0	0	16	0	0
dc8445bd84d04163cfb1edf8252014b7	0	0	0	0	0	0	0	0	0	5	2	3	0	0	0	17	0	4	0	0	1	0	0	1	0	0	0	4	3	0
964ac443adac003e21017a2214c59d38	0	0	0	0	0	0	0	0	0	5	0	0	0	0	0	9	0	0	0	0	0	0	0	0	0	0	2	0	0	0
aa4e980c2fdb685e02954552837aadf7	0	0	0	0	0	0	0	0	0	5	0	10	6	0	0	2	0	0	0	0	0	0	0	0	0	0	1	2	0	0
04e533e6fdfa1aa10a537d64cb8c0cc5	0	0	0	0	0	0	0	0	0	5	0	39	0	0	0	2	0	0	0	0	2	0	0	29	0	0	9	30	0	7
15c0e36f4122439a8942cedf6e99c3bd	0	0	0	0	0	0	0	0	0	5	0	0	0	0	0	0	0	0	0	0	0	0	0	0	0	0	4	7	57	4
bc7eaf4dbe5951e65e18d12dde6a60ed	0	0	0	0	0	0	0	0	0	5	0	0	0	0	0	0	0	0	0	0	0	0	0	0	0	0	0	0	6	0
7af9bb565212147ed966449b0a48ae40	0	0	0	0	0	0	0	0	0	5	4	0	0	0	0	0	0	7	0	0	0	0	0	2	1	0	0	2	0	0
c72e2b5fb9febec89cc68db85239084e	0	0	0	0	0	0	0	0	0	5	0	3	0	0	0	0	0	109	0	0	0	0	0	3	0	0	0	1	5	0
f2155d0e478f8595749016bfb0db0e93	0	0	0	0	0	0	0	0	0	5	0	18	0	0	0	0	0	0	0	0	0	0	0	1	0	0	0	0	0	0
0c474ea2d7f47c173f86e8bcf7ff594a	0	0	0	0	0	0	0	0	0	5	0	3	0	0	0	0	0	0	0	0	1	0	0	1	0	0	0	8	2	9
8e46a1e078b6166f745e921eba3d89f5	0	0	0	0	0	0	0	0	0	5	0	1	0	0	0	0	0	0	0	0	0	0	0	1	0	0	0	1	8	2
e72f3e95bfc396c5fe441475e711a9ab	0	0	0	0	0	0	0	0	0	5	0	0	0	0	0	0	0	2	2	0	0	0	0	0	0	0	0	3	1	0
bfffa3502339e08d45cf32304c0f6e79	0	0	0	0	0	0	0	0	0	5	0	11	20	0	0	0	0	0	0	0	0	0	0	0	0	0	0	3	0	0
b28094db3c456d281472eb5ab16aa5c4	0	0	0	0	0	0	0	0	0	5	1	0	0	0	0	0	0	2	0	0	0	0	0	4	0	0	0	1	1	0
9f8eea70d2d836738b12472eedf8b0e9	0	0	0	0	0	0	0	0	0	5	0	0	0	0	0	0	0	11	0	0	0	0	0	0	2	0	0	1	2	0
d10b92f1fd68faa77251f905722f1f6e	0	0	0	0	0	0	0	0	0	5	0	2	1	0	0	0	0	0	0	0	0	0	0	0	0	0	0	0	1	1
88dc0d671801ba0bca9f4a32a2a2e3e9	0	0	0	0	0	0	0	0	0	5	0	2	0	0	0	0	0	0	0	0	0	0	0	0	0	0	2	0	1	0
f8f2aff67568f06edc91053b42ce94dd	0	0	0	0	0	0	0	0	0	5	5	1	0	0	0	3	0	0	0	0	0	0	0	2	0	0	0	0	3	0
6bef40cb8bd5750fce952408f3c14b52	0	0	0	0	0	0	0	0	0	5	0	5	0	0	0	0	0	1	0	0	0	0	0	1	0	0	0	3	0	0
88220261e71119518ccdd609270eb102	0	0	0	0	0	0	0	0	0	5	0	2	6	0	0	0	0	0	0	0	0	0	0	0	0	0	0	0	0	0
0b4d8478398672de27240437f5487d89	0	0	0	0	0	0	0	0	0	5	0	3	0	0	0	0	0	0	0	0	0	0	0	2	0	0	0	0	1	0
46eec7fd92456efb2076203912dc81b5	0	0	0	0	0	0	0	0	0	5	0	0	0	0	0	0	0	0	0	0	1	0	0	0	0	0	4	0	1	4
3b90cc5dca7e7cd9e3d307f26aefd4e3	0	0	0	0	0	0	0	0	0	5	0	3	7	0	0	0	0	0	0	0	0	0	0	0	0	0	1	4	0	0
cde257f00c1fd8573251f721c697e8d7	0	0	0	0	0	0	0	0	0	5	0	5	6	0	0	0	0	3	0	0	0	0	0	0	0	0	0	1	0	0
60928cab4510ec065ff2d575debf8dfb	0	0	0	0	0	0	0	0	0	5	0	4	0	0	0	0	0	0	0	0	0	0	0	0	0	0	0	0	1	1
7f291ae0dee34d9ac413f96e976afc23	0	0	0	0	0	0	0	0	0	5	0	5	0	0	0	0	0	5	0	0	0	0	0	0	0	0	0	0	0	0
c99f876c81192f187b275ec74019af36	0	0	0	0	0	0	0	0	0	4	0	6	0	0	0	0	0	0	1	0	2	0	0	1	0	0	0	1	15	4
44364c6517ad1a40395330492a0fbc80	0	0	0	0	0	0	0	0	0	4	0	0	10	0	0	0	0	0	0	0	0	0	0	0	0	0	0	0	0	0
3468189032a7fd191808c046eaf9a03e	0	0	0	0	0	0	0	0	0	4	0	2	0	0	0	0	0	0	0	0	0	0	0	0	0	0	0	7	5	0
06ba81dbab41eb1bb39c55cdf29f55b5	0	0	0	0	0	0	0	0	0	4	0	0	4	0	0	7	0	0	0	0	0	0	0	0	0	4	0	2	11	0
ee16fed116819bd44043bc1a38ab7a95	0	0	0	0	0	0	0	0	0	4	0	0	0	0	0	0	0	13	0	0	0	0	0	3	0	0	0	6	0	0
0108e52de0b469822fc1c4deb99fd874	0	0	0	0	0	0	0	0	0	4	3	11	0	0	0	0	0	0	0	0	0	0	0	0	0	0	1	7	1	1
efa8e8be95d6c95e234fed3d334bb2dc	0	0	0	0	0	0	0	0	0	4	0	8	6	16	19	47	0	34	0	0	0	0	0	3	11	0	0	21	0	2
227de0c2872a3f7b75010323bdb492d3	0	0	0	0	0	0	0	0	0	4	0	4	0	0	0	0	0	0	0	0	0	0	0	0	0	0	1	6	0	0
c658bd8b5dd25d6b865939c2325d4089	0	0	0	0	0	0	0	0	0	4	0	35	0	0	0	0	0	0	0	0	0	0	0	0	0	0	0	9	1	0
3448243651b7c7f278b96077dabb8145	0	0	0	0	0	0	0	0	0	4	3	0	0	0	0	0	0	0	0	0	1	0	0	1	0	0	0	2	0	0
90cc7dd01c8e979f48cc1347da7ac131	0	0	0	0	0	0	0	0	0	4	0	0	0	0	0	0	0	10	0	0	0	0	0	0	0	0	0	0	0	0
e6465def5bb42fb6fad920a928d0c6d6	0	0	0	0	0	0	0	0	0	4	0	12	0	0	0	0	0	0	0	0	0	0	0	1	0	0	0	0	2	0
7e2c917f9352d3c9a69dd68c0f6c312d	0	0	0	0	0	0	0	0	0	4	0	9	0	0	0	0	0	5	0	0	0	0	0	2	0	0	0	0	0	0
2eaa181713b0be433c129829d638fbad	0	0	0	0	0	0	0	0	0	4	0	3	0	0	0	0	0	0	0	0	0	0	0	5	0	0	0	0	14	5
503cb8d7791741b60a359b8640b20fae	0	0	0	0	0	0	0	0	0	4	0	0	0	0	0	2	0	0	0	0	1	0	0	5	0	0	8	4	38	5
1ee5ffb663db838dec7044b9b2b61a78	0	0	0	0	0	0	0	0	0	4	0	1	2	0	0	0	0	0	1	0	0	0	0	0	0	3	1	3	14	1
cf61d20ae27a633f1c1c6176d564821a	0	0	0	0	0	0	0	0	0	4	0	0	0	0	0	0	0	0	0	0	0	0	0	2	0	0	0	4	0	1
00fd8ab0627f16a65bcb229db4a7b812	0	0	0	0	0	0	0	0	0	4	0	9	0	0	0	0	0	0	1	0	5	0	0	2	0	0	0	13	0	0
b90bc2732a84e806d6fe9eb64825ef84	0	0	0	0	0	0	0	0	0	4	0	6	0	0	0	0	0	0	0	0	0	0	0	0	0	0	0	3	0	0
2759faedcc8e9032ab02d1217fdf7ca0	0	0	0	0	0	0	0	0	0	4	0	4	8	0	0	0	0	0	0	0	0	0	0	0	0	0	0	0	0	0
2ac196904010a7a95d2b1d4d3e7eabeb	0	0	0	0	0	0	0	0	0	4	0	3	0	0	1	2	0	3	0	0	0	0	0	0	0	0	0	0	0	0
d1e80255f8a9c7671ba32f7c4bf7d248	0	0	0	0	0	0	0	0	0	4	0	9	0	0	0	0	0	0	0	0	0	0	0	2	0	0	0	2	6	0
4e78001d99c669fccd57f355cfd5a330	0	0	0	0	0	0	0	0	0	4	0	1	0	0	0	0	0	1	1	0	0	0	0	0	0	0	0	3	0	0
5e60a56eaf399aaf88cf10fbdc6fc5c5	0	0	0	0	0	0	0	0	0	4	0	5	0	0	0	0	0	0	0	0	0	0	0	6	0	0	0	74	0	0
ca5c0dc22825f08a3cac6cb564f02caa	0	0	0	0	0	0	0	0	0	4	0	0	6	0	0	4	0	0	0	0	0	0	0	0	0	0	0	0	0	0
c323c2b990a9bfbacffd1143c331d4b9	0	0	0	0	0	0	0	0	0	4	0	1	3	0	0	0	0	0	0	0	0	0	0	0	0	0	1	0	2	4
a07dfba8bd31a223e91fa87e123b7838	0	0	0	0	0	0	0	0	0	4	2	2	0	2	0	0	0	1	0	0	0	0	0	0	1	0	0	0	0	0
a7e9d4271da21795fa6a9b2a4040398b	0	0	0	0	0	0	0	0	0	4	0	0	7	0	0	2	0	0	0	0	0	0	0	0	0	2	0	0	0	1
7be684bb60b86c2d73af1dceb2828b06	0	0	0	0	0	0	0	0	0	4	7	2	0	0	0	1	0	0	0	0	0	0	0	0	12	17	0	6	0	0
12988f19c5a42c4b44bad2556474a74d	0	0	0	0	0	0	0	0	0	4	0	0	8	0	2	2	0	0	0	0	0	0	0	0	0	0	4	0	2	9
58424e581bc776048310fe2491130e6b	0	0	0	0	0	0	0	0	0	4	0	2	0	1	0	0	0	0	28	0	7	0	0	7	0	0	0	5	0	0
2d8855db647229eb2839b7d203b1bd51	0	0	0	0	0	0	0	0	0	4	0	0	0	0	0	0	0	0	0	0	2	0	0	5	1	0	0	3	2	0
7b7e6a7264b6d3d1babe998fe9acc081	0	0	0	0	0	0	0	0	0	4	0	0	0	0	0	0	0	0	0	0	0	0	0	2	0	0	1	0	5	2
f451a4184d590fa0505542b0f68e9621	0	0	0	0	0	0	0	0	0	4	0	5	0	0	0	0	0	2	1	0	0	0	0	0	0	0	4	3	5	4
e8816c5cb4db5c555c185fc2e1ce8335	0	0	0	0	0	0	0	0	0	4	0	0	0	0	0	0	0	0	2	0	0	0	0	2	0	0	9	2	0	0
434a1f9e1de7de19cc70458aff294519	0	0	0	0	0	0	0	0	0	4	0	8	0	0	0	0	0	0	0	0	0	0	0	2	0	0	0	0	20	0
d02b061443dda11f013d918ebe8db9c6	0	0	0	0	0	0	0	0	0	4	0	0	0	0	0	0	0	0	0	0	0	0	0	1	0	0	0	0	12	1
3455a9a8b55c446f6aa8a7969c4feac8	0	0	0	0	0	0	0	0	0	4	0	6	0	0	0	2	0	1	0	0	3	0	0	0	0	0	0	0	4	0
f53484ff329b773d6c7c856df6a66e3f	0	0	0	0	0	0	0	0	0	4	0	5	0	0	0	0	0	0	0	0	0	0	0	3	0	0	1	6	13	16
31b4ca68799b92bac8b2144776f476f7	0	0	0	0	0	0	0	0	0	4	0	7	0	0	0	0	0	0	0	0	0	0	0	1	0	0	0	2	0	2
d58d03bc71a38cfebb9ef36fd6a12806	0	0	0	0	0	0	0	0	0	4	0	0	0	9	0	0	0	0	0	0	0	0	0	0	0	2	0	0	0	0
86df2a9ab7b592681d3263f9eca9a867	0	0	0	0	0	0	0	0	0	4	0	1	0	0	0	0	0	0	2	0	0	0	0	3	0	0	3	1	1	4
d85c87201fbfc5b8302433effef6e09b	0	0	0	0	0	0	0	0	0	4	0	0	0	0	0	0	0	0	0	0	3	0	0	0	0	0	2	0	7	0
eb39a69ed715cf124ee997774e258a39	0	0	0	0	0	0	0	0	0	4	0	0	0	0	0	0	0	0	0	0	0	0	0	0	0	3	0	0	18	10
9960ba0181bca03d2f37b06a044e9357	0	0	0	0	0	0	0	0	0	4	0	3	3	0	0	7	0	0	1	0	0	0	0	0	0	0	7	4	2	12
c61fad8dce2ab6b6125b0bb1b7ef1f07	0	0	0	0	0	0	0	0	0	4	0	6	0	0	0	0	0	0	0	0	3	0	0	8	0	0	2	12	20	6
721ddedf38689ef86244b112591d7a64	0	0	0	0	0	0	0	0	0	4	0	1	2	0	0	1	0	0	0	0	0	0	0	1	0	0	2	0	0	0
b0d9667aa85b7198dd55c4104773069e	0	0	0	0	0	0	0	0	0	4	1	0	0	0	0	0	0	0	0	0	0	0	0	1	0	1	0	0	3	0
4ff33ae46080b1d18864ca40d5805895	0	0	0	0	0	0	0	0	0	4	0	2	0	0	0	0	0	0	0	0	0	0	0	7	0	0	0	8	0	0
a299d17b323da9060a55b9f1e31744cf	0	0	0	0	0	0	0	0	0	4	0	3	0	0	0	0	0	0	0	0	0	0	0	4	0	0	0	3	0	0
e78c7b1359fad70d198a98eec3725bd9	0	0	0	0	0	0	0	0	0	4	0	1	0	0	0	0	0	0	0	0	0	0	0	0	0	0	3	1	2	2
8076e53028399adace1c21c580e2a388	0	0	0	0	0	0	0	0	0	4	0	0	7	0	0	0	0	0	0	0	0	0	0	0	0	0	0	0	0	0
83d06596a1cd4217f3cb99d0271a14b3	0	0	0	0	0	0	0	0	0	4	0	0	0	0	0	0	0	0	0	0	0	0	0	4	0	0	5	0	2	1
310e592449fcdc71413602b25b606206	0	0	0	0	0	0	0	0	0	4	0	0	0	0	0	0	0	0	0	0	0	0	0	0	0	0	5	0	7	0
6670f33c1bcb39be5c4ef413d5cfbeb6	0	0	0	0	0	0	0	0	0	4	0	3	0	0	0	0	0	3	1	0	0	0	0	0	0	0	6	1	0	5
1c095b63f7d1743a8dda874efe3fc680	0	0	0	0	0	0	0	0	0	4	0	1	0	0	0	0	0	3	0	0	0	0	0	3	0	0	0	3	11	4
b6d12a6f77fd141f43091dbcaaffaf75	0	0	0	0	0	0	0	0	0	4	0	0	0	0	0	6	0	0	0	0	0	0	0	0	0	0	1	0	12	0
fc167f67037c4c02ea6d10d01307c353	0	0	0	0	0	0	0	0	0	4	0	0	0	0	0	2	0	0	0	0	0	0	0	0	0	0	1	1	1	2
af26f90558653760966c09c50d8ef290	0	0	0	0	0	0	0	0	0	4	0	5	0	0	0	0	0	0	0	0	0	0	0	3	0	0	0	0	6	0
ef9570b6db383b3f3217a60f5de24044	0	0	0	0	0	0	0	0	0	4	0	0	0	0	0	0	0	0	6	0	1	0	0	0	0	0	0	0	0	1
ff4359fc373148c1f99cb443703a8098	0	0	0	0	0	0	0	0	0	4	1	0	0	0	0	0	0	0	0	0	0	0	0	0	0	0	0	5	0	0
5cac66628aa88204af0c5524b95d420e	0	0	0	0	0	0	0	0	0	4	0	1	0	0	0	3	0	0	0	0	0	0	0	0	0	0	0	1	1	0
2729a8fe6ef1604f6b887ce2fc7d5f36	0	0	0	0	0	0	0	0	0	4	0	6	0	0	0	0	0	0	0	0	0	0	0	1	0	0	0	8	3	0
3c1a94f9f2a05e899fa8ea43cc474d9f	0	0	0	0	0	0	0	0	0	4	9	6	0	0	0	1	0	0	1	0	0	0	0	0	2	0	2	2	0	0
000446973f7f665249d077429ec7787c	0	0	0	0	0	0	0	0	0	3	1	6	0	0	0	3	0	0	1	0	14	0	0	3	0	0	9	9	11	7
24d101b0d61e531c1efa532461745cd8	0	0	0	0	0	0	0	0	0	3	0	0	0	0	0	3	0	0	0	0	0	0	0	0	0	0	0	1	0	4
abbcf1b82588aa34728ad27b480f8465	0	0	0	0	0	0	0	0	0	3	0	4	0	0	0	0	0	0	0	0	0	0	0	4	0	0	0	0	11	0
dfed34644e38ace4cfb5cd18c477c200	0	0	0	0	0	0	0	0	0	3	0	0	0	0	0	0	0	0	0	0	0	0	0	0	0	8	0	5	3	0
99d5e92a713d954d7c080320dcbc3223	0	0	0	0	0	0	0	0	0	3	0	0	0	0	0	5	0	4	0	0	0	0	0	0	0	0	0	0	0	0
a682ef7a982a256d1425a992d7790b07	0	0	0	0	0	0	0	0	0	3	0	4	0	0	0	0	0	2	0	0	0	0	0	1	0	0	0	17	0	0
9204ad7ed7810162895deb8d275b48bc	0	0	0	0	0	0	0	0	0	3	0	0	2	0	0	9	0	1	0	0	0	0	0	0	0	0	0	12	0	0
5b6ccd81a6bc1616d0b0622ca59d9bdb	0	0	0	0	0	0	0	0	0	3	0	5	12	0	0	10	0	0	0	0	0	0	0	1	0	7	0	5	0	0
92a800512ed650cacf613be4afdb013c	0	0	0	0	0	0	0	0	0	3	0	3	0	7	0	0	0	0	0	0	0	0	0	1	0	0	0	15	0	0
e03eb4a7ba36ff67b4812239fab4985f	0	0	0	0	0	0	0	0	0	3	0	0	0	0	0	0	0	0	5	0	0	0	0	0	0	0	1	0	19	5
e22758a7d7a8e26851d78dc1e7b91491	0	0	0	0	0	0	0	0	0	3	0	4	0	0	0	5	0	0	0	0	0	0	0	1	4	0	0	4	2	0
5fabe51e22e24e7fb9f7f755052c2ace	0	0	0	0	0	0	0	0	0	3	0	0	0	0	0	0	0	0	0	0	0	0	0	0	6	0	0	0	3	4
bd04efd90c2449eee716bd35551d8c5c	0	0	0	0	0	0	0	0	0	3	0	3	0	0	0	0	0	3	0	0	1	0	0	2	0	0	0	6	3	4
a71616cedde26393fe3c47aee768dbed	0	0	0	0	0	0	0	0	0	3	0	1	0	0	0	0	0	0	0	0	10	0	0	0	0	0	1	0	0	0
5ffc38cac6075c69f0022846995ab638	0	0	0	0	0	0	0	0	0	3	0	0	0	0	0	0	0	0	1	0	6	0	0	0	0	0	0	8	0	0
9672d571405813a29e94e1ab7a34b507	0	0	0	0	0	0	0	0	0	3	0	23	25	0	0	0	0	0	0	0	0	0	0	5	0	0	0	27	0	0
a2eea7e14129a545402e8f58e3fcce12	0	0	0	0	0	0	0	0	0	3	0	1	0	0	0	0	0	0	4	0	0	0	0	8	0	0	0	4	17	8
b82c9bb3e403b222a50259cda759558e	0	0	0	0	0	0	0	0	0	3	0	0	0	0	0	0	0	0	0	0	0	0	0	0	0	90	0	4	0	0
258b395982ed50bf1379e5bf0eef1c87	0	0	0	0	0	0	0	0	0	3	0	0	0	0	0	0	0	6	0	0	0	0	0	0	0	0	0	0	0	2
444acc8f2076b2e40ab72499ac997781	0	0	0	0	0	0	0	0	0	3	0	0	0	0	0	31	0	0	0	0	0	0	0	0	0	0	0	0	0	0
f77c7e147106e15af9682c1e57aa5b02	0	0	0	0	0	0	0	0	0	3	0	1	0	0	2	1	0	0	0	0	0	0	0	0	0	0	0	3	3	0
8ef2a9ada1a112222819920ce724eb67	0	0	0	0	0	0	0	0	0	3	4	8	0	0	0	0	0	1	0	0	0	0	0	0	0	0	0	0	0	0
74b749bb2af12a20d50a39279adc6d78	0	0	0	0	0	0	0	0	0	3	0	1	0	0	0	2	0	0	1	0	0	0	0	1	1	0	0	2	10	2
34183dd46da6a2f6b35a68cb297cd5e5	0	0	0	0	0	0	0	0	0	3	0	7	0	0	0	0	0	0	0	0	0	0	0	0	0	0	0	0	0	0
850545032eea9102edfa0f6550286483	0	0	0	0	0	0	0	0	0	3	0	4	0	0	0	0	0	0	0	0	1	0	0	4	0	0	1	6	7	2
31c24abef31c2d6c06b587135dbb480f	0	0	0	0	0	0	0	0	0	3	0	0	0	0	0	13	0	2	0	0	0	0	0	0	0	0	0	0	3	0
ff2290ba5b8b843225443c5ab1807aa6	0	0	0	0	0	0	0	0	0	3	0	6	0	0	0	1	0	0	0	0	0	0	0	0	0	0	0	0	0	0
5ba59051d13578926f23212c1c2f42c9	0	0	0	0	0	0	0	0	0	3	0	4	0	0	0	0	0	0	0	0	0	0	0	6	0	0	0	14	0	3
50d69a39191ca5ca174ea558e2f4c564	0	0	0	0	0	0	0	0	0	3	2	11	0	0	0	10	0	0	1	0	0	0	0	0	0	0	0	4	2	3
d4188bf8704abcefd75b3fc5af6f78b1	0	0	0	0	0	0	0	0	0	3	0	0	0	0	0	0	0	1	0	0	0	0	0	1	0	13	0	0	2	0
46615079faaa33960d86a6ed53291b91	0	0	0	0	0	0	0	0	0	3	0	0	0	0	0	0	0	0	0	0	0	0	0	0	0	0	0	0	6	1
a5f4bf9e4a5f4cb7ac2b5cab22f99186	0	0	0	0	0	0	0	0	0	3	0	0	0	0	0	0	0	4	0	0	0	0	0	0	0	0	4	2	0	0
57404d758b640326938d7fe70cbf86d2	0	0	0	0	0	0	0	0	0	3	0	3	0	0	0	0	0	0	0	0	0	0	0	1	1	0	0	8	0	0
4435f061edd4746835e8aecd51b52d7e	0	0	0	0	0	0	0	0	0	3	10	0	0	0	0	1	0	0	0	0	0	0	0	0	4	0	1	6	4	0
7aa9af35e18422fdf30a1ea6476fa7f2	0	0	0	0	0	0	0	0	0	3	0	0	8	0	0	0	0	0	0	0	0	0	0	0	0	0	0	0	0	0
068f0dc9cb490f7d1a6007f6a4ff12b3	0	0	0	0	0	0	0	0	0	3	0	12	0	0	0	0	0	0	0	0	0	0	0	4	0	0	0	3	0	0
12ada1d1ac009848c0fa795332bfd5b2	0	0	0	0	0	0	0	0	0	3	0	0	0	0	0	0	0	12	0	0	0	0	0	0	0	0	0	0	5	1
6849282330248a7492246d1a17194c86	0	0	0	0	0	0	0	0	0	3	0	1	11	0	0	0	0	0	0	0	0	0	0	0	0	13	0	1	1	0
a34e02be1c514aa18a19c522ae71e80d	0	0	0	0	0	0	0	0	0	3	0	3	0	0	0	0	0	0	0	0	0	0	0	7	0	0	0	1	3	0
28745e4a4d52b061a9405cb513d9a795	0	0	0	0	0	0	0	0	0	3	2	12	1	0	1	0	0	0	1	0	0	0	0	1	0	0	1	8	0	0
52e312524ae521c04086fbc07dbff884	0	0	0	0	0	0	0	0	0	3	0	0	0	0	0	0	0	0	0	0	0	0	0	0	0	0	5	1	0	2
adac7c119cd95856b27428b9757f72d8	0	0	0	0	0	0	0	0	0	3	0	0	0	0	0	0	0	0	0	0	0	0	0	0	0	0	2	0	0	5
1c7c8fc4774f5ec2a719e482815d3e7e	0	0	0	0	0	0	0	0	0	3	0	5	0	0	0	1	0	2	0	0	0	0	0	1	6	2	2	6	8	9
189a90ab87d87d9a2f7c311272cb28ef	0	0	0	0	0	0	0	0	0	3	0	7	0	0	0	0	0	0	0	0	0	0	0	2	0	0	2	1	6	0
00b50165a5da53cbc36d5a5f567818a1	0	0	0	0	0	0	0	0	0	3	0	9	0	0	0	0	0	0	5	0	0	0	0	0	0	0	0	1	0	2
4d137a997f80928fc6289ce7b7030758	0	0	0	0	0	0	0	0	0	3	0	4	0	0	0	0	0	0	0	0	0	0	0	4	0	0	3	23	3	9
1cf747bab5b4e89303df51634add7a23	0	0	0	0	0	0	0	0	0	3	3	0	0	0	0	0	0	16	1	0	0	0	0	0	0	0	0	0	0	1
0e80569e61c516ff535b8d11c254b281	0	0	0	0	0	0	0	0	0	3	0	0	0	0	0	0	0	3	0	0	0	0	0	2	1	0	1	0	0	3
ff8f6d5bfc6761e8d92eb3ced492d2a0	0	0	0	0	0	0	0	0	0	3	1	3	0	0	0	2	0	1	0	0	0	0	0	0	0	0	0	0	5	0
888c9affeab5693f75645e5b590422b6	0	0	0	0	0	0	0	0	0	3	0	5	0	0	0	0	0	0	1	0	0	0	0	0	1	0	0	0	0	0
0ea4e1dea4dae5fbd69070e95ff72411	0	0	0	0	0	0	0	0	0	3	0	8	6	0	0	0	0	0	0	0	0	0	0	0	0	0	0	0	0	0
3fc3ac48087308b60b2e2505ddfaa7b5	0	0	0	0	0	0	0	0	0	3	0	2	0	0	1	1	0	0	0	0	0	0	0	3	0	0	1	4	20	1
4ddac712b3db9fe5099e26045e50a237	0	0	0	0	0	0	0	0	0	3	0	2	0	0	0	0	0	2	5	0	41	0	0	4	0	0	0	16	0	4
c391ac559db1930c550e468553a35eda	0	0	0	0	0	0	0	0	0	3	0	2	0	0	0	0	0	0	0	0	7	0	0	0	0	0	0	1	0	0
f15e6a7707e2f16bc9af7bf473af4a97	0	0	0	0	0	0	0	0	0	3	0	0	0	0	0	0	0	0	0	0	0	0	0	0	0	0	0	0	7	0
868b7390781c3c1b4c2c905dbe1364a0	0	0	0	0	0	0	0	0	0	3	0	7	0	1	0	0	0	0	0	0	0	0	0	0	0	0	0	1	0	0
8272763649ef3505ac74db17e85aab02	0	0	0	0	0	0	0	0	0	3	0	2	0	0	0	0	0	4	0	0	0	0	0	0	0	2	0	2	0	0
0a29527a862781c8fcdefc9275c4e0f1	0	0	0	0	0	0	0	0	0	3	0	0	0	0	0	0	0	0	5	0	3	0	0	0	0	0	0	0	0	0
44c118d732ce97c7c69c28f50174564d	0	0	0	0	0	0	0	0	0	3	0	5	0	0	0	0	0	0	0	0	0	0	0	0	0	0	3	0	3	11
8173c89928787ecc26173481f7555d6a	0	0	0	0	0	0	0	0	0	3	0	0	0	0	0	0	0	0	3	0	1	0	0	0	0	0	0	3	6	0
ae08dfa4d4ba386add338db5819d4772	0	0	0	0	0	0	0	0	0	3	0	1	0	0	0	0	0	0	0	0	0	0	0	1	0	0	0	3	4	1
02052d661d1aa742b67aabe8ef51709b	0	0	0	0	0	0	0	0	0	3	0	5	0	0	0	3	0	13	0	0	0	0	0	1	0	0	0	2	0	0
b45dfe3d6cf8df704d146b23c9724a96	0	0	0	0	0	0	0	0	0	3	0	2	0	0	0	0	0	0	6	0	27	0	0	2	0	0	2	11	5	16
6d325fdf8ebd4dbcabfe3e8187b038ec	0	0	0	0	0	0	0	0	0	3	0	6	0	0	0	0	0	4	0	0	0	0	0	1	0	0	1	0	0	0
3a40d4c97ed77c226cdcfea768d6244e	0	0	0	0	0	0	0	0	0	3	0	6	0	0	0	0	0	0	0	0	0	0	0	0	0	0	0	0	9	0
c62da1c73c5708e544052cb33b152df5	0	0	0	0	0	0	0	0	0	2	0	1	6	0	0	3	0	0	0	0	0	0	0	1	0	0	0	3	0	0
c86d697331648a4e9d28a6985a58d34d	0	0	0	0	0	0	0	0	0	2	0	0	0	0	0	0	0	0	1	0	2	0	0	0	0	0	3	0	0	5
b1874c0c5970dcb94225f08f386bb693	0	0	0	0	0	0	0	0	0	2	0	0	0	0	0	0	0	4	0	0	0	0	0	0	1	0	2	0	0	1
4518927067f4862ec76181f3d6e2e76d	0	0	0	0	0	0	0	0	0	2	0	6	0	0	0	0	0	0	0	0	0	0	0	4	0	0	0	30	0	1
b0d58c8458cdc9754babea066c831307	0	0	0	0	0	0	0	0	0	2	0	0	0	1	0	0	0	0	0	1	1	0	4	8	0	0	4	6	2	5
660095c2e5b0245a34276146cd334fa8	0	0	0	0	0	0	0	0	0	2	0	7	0	0	0	0	0	0	0	0	0	0	0	0	0	0	0	2	0	0
81e427e2e7425b03191b39418f8a2592	0	0	0	0	0	0	0	0	0	2	0	6	0	0	0	0	0	0	0	0	0	0	0	2	0	0	0	6	9	0
02fb3f6a3aef5df19698a85428360ace	0	0	0	0	0	0	0	0	0	2	0	0	2	0	0	0	0	6	0	0	2	0	0	1	0	0	4	10	9	2
200195b460deede461cc8442517c70cb	0	0	0	0	0	0	0	0	0	2	0	7	0	0	0	0	0	0	0	0	0	0	0	0	37	0	0	2	3	0
0cd52481929afbbaad1726f95035cd9b	0	0	0	0	0	0	0	0	0	2	0	10	0	0	0	0	0	0	0	0	0	0	0	0	0	0	0	0	2	0
ba6ddfa9282caa31fad49de560fe391d	0	0	0	0	0	0	0	0	0	2	0	0	0	0	0	0	0	10	0	0	0	0	0	0	0	0	0	0	0	0
8c1f3a63cb0745b166f7c20767024d90	0	0	0	0	0	0	0	0	0	2	0	8	0	0	0	0	0	0	0	0	0	0	0	0	0	0	0	2	0	0
2c6171288ee16010647c4baf277a0ac6	0	0	0	0	0	0	0	0	0	2	1	0	0	0	0	0	0	1	0	0	0	0	0	0	0	2	3	0	5	0
a0e49a28fe73b62340bd67d74ab952ae	0	0	0	0	0	0	0	0	0	2	0	0	0	0	0	0	0	0	0	0	0	0	0	0	0	8	0	0	0	0
5536c337f2fdf876a043348902a89422	0	0	0	0	0	0	0	0	0	2	0	1	0	0	0	2	0	0	2	0	3	0	0	0	5	0	0	1	0	0
07de105a376e7d5b9ea18d85614465d0	0	0	0	0	0	0	0	0	0	2	0	2	0	0	0	0	0	0	0	0	0	0	0	1	0	0	1	7	1	0
5c55d4003e876f4cde4e2053a2d82043	0	0	0	0	0	0	0	0	0	2	0	6	0	0	0	0	0	1	0	0	0	0	0	1	0	0	0	3	4	0
f6084a8fbd158fb84a2866ed469a223e	0	0	0	0	0	0	0	0	0	2	0	2	0	0	1	0	0	0	0	0	3	0	0	0	0	0	0	18	0	0
335054ff79b210ef23c277e0f8071935	0	0	0	0	0	0	0	0	0	2	0	17	0	0	0	0	0	0	0	0	0	0	0	0	0	0	0	0	0	0
3865d9ca9caff51aad387947e4159bac	0	0	0	0	0	0	0	0	0	2	0	0	0	0	0	1	0	0	0	0	0	0	0	1	0	0	0	6	1	0
22303c84c26b5ed6211abe78c8218788	0	0	0	0	0	0	0	0	0	2	0	1	0	0	0	0	0	0	0	0	0	0	0	1	0	0	0	3	20	0
32f9cd59a922a2c4d0e9b8fb3b70b833	0	0	0	0	0	0	0	0	0	2	0	3	9	0	0	0	0	0	0	0	0	0	0	0	0	0	0	0	0	0
40f24b29f587c3455d836515aad28dba	0	0	0	0	0	0	0	0	0	2	0	0	0	0	0	0	0	0	0	0	0	0	0	0	0	0	0	2	7	0
c7e9842218f72a9b0eca7003b1cfccfe	0	0	0	0	0	0	0	0	0	2	0	0	2	0	0	0	0	0	0	0	1	0	0	0	0	0	1	2	5	2
0497424a883debaf86451fb34f6e68a3	0	0	0	0	0	0	0	0	0	2	2	0	0	0	0	0	0	1	0	0	0	0	0	1	0	0	0	6	0	1
9750039c9b71751bc3d52660efcc1b7d	0	0	0	0	0	0	0	0	0	2	0	6	0	0	0	0	0	0	7	0	6	0	0	22	0	0	1	3	0	0
801d93774f97c4e3a3dd4db69b5b7495	0	0	0	0	0	0	0	0	0	2	0	2	5	0	0	0	0	0	0	0	0	0	0	0	0	2	0	4	0	1
49f4ab2e46a92f86a55d185a25802d15	0	0	0	0	0	0	0	0	0	2	0	15	0	0	0	0	0	0	0	0	0	0	0	0	0	0	0	5	0	1
8a28c3dcc493288328b091331f9e8887	0	0	0	0	0	0	0	0	0	2	0	1	147	0	0	0	0	0	0	0	0	0	0	0	0	0	0	9	0	0
26c2b47497b6684377fd7cc6e742b483	0	0	0	0	0	0	0	0	0	2	17	0	0	5	0	0	0	1	0	0	0	0	0	2	28	0	0	0	0	0
b6ad7705b1b17427cb94c81afc1034b5	0	0	0	0	0	0	0	0	0	2	0	0	0	0	0	0	0	0	3	0	2	0	0	2	0	0	4	0	3	0
909f2647d0931e31a3f803c9ba2abda1	0	0	0	0	0	0	0	0	0	2	0	7	0	0	0	0	0	0	4	0	6	0	0	0	0	0	4	1	4	2
f9cabca167dbc7bf364566d60e6de50f	0	0	0	0	0	0	0	0	0	2	0	0	5	0	0	0	0	0	0	0	0	0	0	2	0	0	0	1	0	0
d01bb5d08a40358bbc09d61f7acc18ab	0	0	0	0	0	0	0	0	0	2	0	5	9	0	0	22	0	0	0	0	0	0	0	10	9	0	0	3	12	0
eaddeb078dfeed0e4bb77e7267cf1604	0	0	0	0	0	0	0	0	0	2	0	3	0	0	0	0	0	0	0	0	0	0	0	3	0	0	0	2	1	0
7d3de83d74d580069c671025afc140b6	0	0	0	0	0	0	0	0	0	2	0	0	0	0	0	0	0	0	0	0	0	0	0	0	0	9	0	0	0	0
d6c41f549cb33f000fcac10330fdc9e0	0	0	0	0	0	0	0	0	0	2	0	0	0	0	0	0	0	0	0	0	0	0	0	0	0	0	7	0	6	21
ce4010f835c1338aed411556af761692	0	0	0	0	0	0	0	0	0	2	0	1	0	0	0	0	0	0	3	0	1	0	0	3	0	0	14	2	0	14
4ec358af78bdbe510f0e1e03bdfe8488	0	0	0	0	0	0	0	0	0	2	0	3	0	0	0	0	0	0	0	0	0	0	0	0	0	0	0	5	0	0
06ff7dd7a6c6f5ac396fc26d57aa9b2b	0	0	0	0	0	0	0	0	0	2	0	0	0	0	0	0	0	0	1	0	2	0	0	1	0	0	3	2	0	1
37718c224e3ef8c95ed0987c8e5a3e6a	0	0	0	0	0	0	0	0	0	2	2	0	0	7	0	0	0	7	0	0	0	0	0	0	1	0	0	0	0	0
214699612fe2bed57fb11bdd9d3c9dc6	0	0	0	0	0	0	0	0	0	2	0	9	0	0	0	0	0	0	3	0	0	0	0	0	1	0	0	6	1	0
4562fe402431b04b29a2ccfa02698bd4	0	0	0	0	0	0	0	0	0	2	0	1	0	0	0	5	0	0	0	0	0	0	0	0	2	0	0	0	0	0
aca5c79f3b280c025b23a360942381bb	0	0	0	0	0	0	0	0	0	2	0	3	0	0	0	0	0	0	0	0	0	0	0	0	0	0	5	0	39	2
b80dd89e8bee69871905ebcbce54c255	0	0	0	0	0	0	0	0	0	2	0	2	1	2	0	1	0	0	5	0	3	0	0	4	0	0	6	1	2	3
32f94d181ce51d75e45071560c10f1d8	0	0	0	0	0	0	0	0	0	2	0	5	0	0	0	0	0	0	0	0	0	0	0	0	0	0	0	0	5	0
48d3ebc70206b8865fe69c30efe6c636	0	0	0	0	0	0	0	0	0	2	0	9	0	0	0	0	0	1	0	0	0	0	0	0	0	0	0	4	0	0
c51355340ecd91235c0f83e7657cea7a	0	0	0	0	0	0	0	0	0	2	0	1	0	0	0	0	0	0	10	0	5	0	0	4	0	0	0	2	2	0
1000fb3ef236e38010e12f6cc5f6da11	0	0	0	0	0	0	0	0	0	2	0	1	0	0	0	0	0	0	4	0	5	0	0	0	0	0	4	3	4	5
abd37e263463081ce9ae78e9c698aadc	0	0	0	0	0	0	0	0	0	2	0	0	1	0	0	0	0	1	6	0	1	0	0	3	0	0	1	1	0	0
c01965cfc8c9c361b41ab98cce847ac7	0	0	0	0	0	0	0	0	0	2	0	2	0	0	0	0	0	0	0	0	0	0	0	0	0	0	0	3	9	1
f500e1d6cfe988286198ca1a252b5fbf	0	0	0	0	0	0	0	0	0	2	1	1	1	0	1	4	0	9	0	0	0	0	0	0	0	0	0	0	5	0
c321b7a5762dda8272fa1aa1c6ea70f8	0	0	0	0	0	0	0	0	0	2	5	3	0	0	0	0	0	3	0	0	0	0	0	1	3	0	4	9	11	2
6ad0a8db08ec72e19568bcf118117d34	0	0	0	0	0	0	0	0	0	2	0	5	25	0	0	42	0	0	0	0	0	0	0	0	0	0	0	4	0	0
5367c1cce4e8328db5999327a5c05755	0	0	0	0	0	0	0	0	0	2	0	3	0	0	0	0	0	0	0	0	0	0	0	3	0	0	0	3	1	0
1cc08a94b2f9425278745b56cb66a6de	0	0	0	0	0	0	0	0	0	2	0	0	0	0	0	0	0	0	1	0	5	0	0	0	0	0	1	0	1	0
90d1ed23bbd3605bb91e381a17aa5e10	0	0	0	0	0	0	0	0	0	2	0	1	17	0	0	0	0	0	0	0	0	0	0	0	0	0	0	0	0	0
1148a01be74fb0e5998719abdc72efb3	0	0	0	0	0	0	0	0	0	2	1	2	0	0	0	0	0	4	0	0	0	0	0	2	19	0	0	4	7	2
83c951788aad4577ee754c413f16cd5e	0	0	0	0	0	0	0	0	0	2	0	0	36	0	0	0	0	0	0	0	0	0	0	0	0	0	0	2	0	0
03f91bfcf24a15006baf10a753139d2a	0	0	0	0	0	0	0	0	0	2	0	10	0	0	0	0	0	4	0	0	0	0	0	0	0	0	0	0	0	0
ac446773c5c7eb30d63e90a9e1c68781	0	0	0	0	0	0	0	0	0	2	0	8	0	0	0	2	0	0	0	0	1	0	0	0	0	0	0	2	2	0
140dc597209bbf15d49551b5eb74c78f	0	0	0	0	0	0	0	0	0	2	0	5	0	0	0	0	0	2	26	0	59	0	0	4	0	0	0	7	0	4
6c3bbf9293886a84581169754e86c756	0	0	0	0	0	0	0	0	0	2	1	0	0	0	0	0	0	0	2	0	6	0	0	0	0	0	0	0	14	0
4dff8ececed8b41881fb69f78c8aba24	0	0	0	0	0	0	0	0	0	2	1	4	0	0	0	0	0	0	0	0	0	0	0	1	6	0	0	0	0	0
ddc63e7789c191825eb3210e0cbcbd35	0	0	0	0	0	0	0	0	0	2	0	3	0	0	13	0	0	0	1	0	0	0	0	0	0	0	0	3	0	0
e250bb4b911952f9e49679ae991cd55b	0	0	0	0	0	0	0	0	0	2	0	0	0	0	0	0	0	0	5	0	8	0	0	7	0	0	0	6	0	4
69873856fd37e064529266da2addcd8e	0	0	0	0	0	0	0	0	0	2	0	4	0	0	0	0	0	1	0	0	0	0	0	2	0	0	0	3	7	0
e579f574afb6de26c33f46d8cd0ffd81	0	0	0	0	0	0	0	0	0	2	0	0	4	0	0	7	0	0	0	0	0	0	0	0	0	0	0	1	0	0
1c969d6c452cdb23ada08ae3aca6336b	0	0	0	0	0	0	0	0	0	2	0	1	0	0	0	0	0	0	0	0	3	0	0	1	0	0	3	10	0	1
3baef5256b5a49f0a80f1b1caf46191b	0	0	0	0	0	0	0	0	0	2	35	0	0	0	0	0	0	0	0	0	0	0	0	0	0	0	0	0	0	0
032c703876eae2221b779b67b84fb89c	0	0	0	0	0	0	0	0	0	2	0	0	0	0	0	0	0	7	0	0	0	0	0	0	0	0	0	2	1	0
3bb5d4b74af9fd967a7fbc8430e066e1	0	0	0	0	0	0	0	0	0	2	0	0	0	3	0	0	0	0	0	0	0	0	0	0	5	0	0	0	0	1
9eb6cd95ba89db44083d6bb88e36586f	0	0	0	0	0	0	0	0	0	2	0	0	0	0	0	0	0	16	0	0	0	0	0	0	0	0	0	1	0	3
869982129733f31fdea49a1c50f47670	0	0	0	0	0	0	0	0	0	2	0	0	0	0	0	0	0	0	1	0	5	0	0	0	0	0	6	0	3	1
b3090f4871c92758964c9df75fcd1dc0	0	0	0	0	0	0	0	0	0	2	0	2	0	0	0	0	0	0	16	0	10	0	0	43	0	0	1	21	0	6
cb1bf038abd4ea8094e42a977b1b02d0	0	0	0	0	0	0	0	0	0	2	0	4	0	0	0	0	0	0	0	0	0	0	0	1	0	0	0	8	0	0
9e4c0f9504bfc7de79da503bcf5f2f99	0	0	0	0	0	0	0	0	0	2	4	2	0	0	0	0	0	3	0	0	2	0	0	0	1	0	0	5	0	3
b878ee30f1a43038bd45d8b49b1abddf	0	0	0	0	0	0	0	0	0	2	0	11	0	0	0	0	0	0	3	0	9	0	0	9	0	0	0	6	23	0
ade2778b42b526f7a8d9df0e43c9f640	0	0	0	0	0	0	0	0	0	2	0	1	0	2	0	0	0	5	0	0	0	0	0	4	0	0	0	1	1	1
f3b090eed35aefb246ddb81acf143b04	0	0	0	0	0	0	0	0	0	2	0	2	7	0	0	0	0	0	0	0	0	0	0	0	0	0	1	0	2	0
885ca69b93ad27f8a770c9b810509667	0	0	0	0	0	0	0	0	0	2	0	10	0	0	0	0	0	0	0	0	0	0	0	1	0	0	0	5	0	0
2ca10b8fc68829bc0977193d755c7ba3	0	0	0	0	0	0	0	0	0	2	0	0	0	0	0	0	0	0	0	0	0	0	0	1	0	0	0	8	0	0
c4b745589346710c8f7f76d7aa4943ba	0	0	0	0	0	0	0	0	0	2	0	0	0	6	0	0	0	1	0	0	0	0	0	0	0	0	1	0	0	2
812f3174b403faae8cac77b6877e4887	0	0	0	0	0	0	0	0	0	2	0	6	0	0	0	0	0	0	0	0	0	0	0	3	0	0	0	1	0	0
cd0dc4f56c592c2e73ad433e8263f941	0	0	0	0	0	0	0	0	0	2	0	0	0	0	0	13	0	0	0	0	0	0	0	2	0	0	0	0	1	3
82402beec366da573a3a77cc241f9b02	0	0	0	0	0	0	0	0	0	2	0	1	0	0	0	0	0	0	0	0	0	0	0	1	0	0	0	0	11	0
0ecbc3c09feea7e0dd6cf19a6f2e0637	0	0	0	0	0	0	0	0	0	2	0	1	0	0	0	0	0	0	1	0	3	0	0	3	0	0	0	0	2	2
d3de563ca3a7e9af405bb1f00bc99659	0	0	0	0	0	0	0	0	0	2	0	5	0	0	0	2	0	0	0	0	0	0	0	0	0	0	1	0	0	0
edacf8255dc86e31ae43c3e82018e867	0	0	0	0	0	0	0	0	0	2	0	6	0	0	0	0	0	0	0	0	0	0	0	0	11	0	0	2	0	0
7cbeb5f2331432bd1fd0d417f2e0868c	0	0	0	0	0	0	0	0	0	2	0	0	1	0	0	4	0	7	0	0	0	0	0	0	0	0	0	0	0	0
d16462fac5f9721c860e1a4c7008ae54	0	0	0	0	0	0	0	0	0	2	0	0	4	2	0	0	0	0	0	0	3	0	0	0	0	0	1	0	0	12
ec655cb02a1f41a56d4e42f54e9d172b	0	0	0	0	0	0	0	0	0	2	6	0	0	0	0	0	0	1	0	0	0	0	0	0	4	0	0	1	0	0
2216796eab4d3464ebc61b01c1ce1b6e	0	0	0	0	0	0	0	0	0	2	1	0	0	0	0	0	0	8	1	0	1	0	0	0	0	0	0	5	0	0
c02e521bbafe528c667c4d89497e23cb	0	0	0	0	0	0	0	0	0	2	1	0	0	0	9	0	0	0	0	0	0	0	0	0	0	0	0	0	0	0
e6c28e9ba507b4aaf9ecbe81baa718b0	0	0	0	0	0	0	0	0	0	2	0	13	0	0	0	1	0	1	0	0	0	0	0	3	0	0	9	4	21	11
28b373d8bdef2f57054935b5aad423ef	0	0	0	0	0	0	0	0	0	2	0	1	0	0	0	0	0	0	0	0	0	0	0	4	0	0	0	5	0	0
2fdcc2d7acb3508a8945e02243475071	0	0	0	0	0	0	0	0	0	2	0	5	0	0	0	0	0	0	0	0	0	0	0	0	0	0	0	0	3	0
5a976dc96891d7f2ca21a5a525868477	0	0	0	0	0	0	0	0	0	2	2	3	0	0	0	1	0	0	0	0	0	0	0	0	0	1	0	0	3	0
47a24338c5ce83237952428a6840fe0e	0	0	0	0	0	0	0	0	0	2	0	2	0	0	0	0	0	0	0	0	0	0	0	1	0	0	0	3	2	0
09ca6626be0e747c4dc495f304f2a0de	0	0	0	0	0	0	0	0	0	2	0	0	0	0	0	0	0	0	23	0	8	0	0	4	0	0	4	1	0	6
9a1fb601e59e0eca858870d22ef3d0fe	0	0	0	0	0	0	0	0	0	2	0	0	0	0	0	0	0	0	2	0	1	0	0	0	0	0	0	0	27	1
a9045395d478e575dba1f142caad15f5	0	0	0	0	0	0	0	0	0	2	0	3	0	0	0	0	0	0	0	0	0	0	0	0	0	0	1	0	8	2
cab88a64da8c99359b63c306ae405f4e	0	0	0	0	0	0	0	0	0	2	0	1	0	0	0	0	0	3	1	0	0	0	0	1	0	0	0	5	0	1
7f5ab87e8d008c2c0fef8f33b8f7beb5	0	0	0	0	0	0	0	0	0	2	1	5	56	0	0	0	0	0	0	0	0	0	0	0	0	0	0	0	2	0
3065826a9c628965ba9e346caabe8920	0	0	0	0	0	0	0	0	0	2	0	0	0	0	0	1	0	0	0	0	2	0	0	5	0	0	1	2	0	0
18258407395d6c7495584721ce442144	0	0	0	0	0	0	0	0	0	2	5	0	0	0	0	1	0	1	0	0	0	0	0	0	23	5	0	0	0	0
933db20593be9c97de6a66be7a047d94	0	0	0	0	0	0	0	0	0	2	1	4	0	3	0	0	0	0	0	0	0	0	0	3	0	0	0	1	0	0
970da779e0aabab053538a3056f45b78	0	0	0	0	0	0	0	0	0	2	0	2	0	0	0	0	0	0	0	0	0	0	0	1	0	0	0	1	5	2
77bb226e5f5c36fa9b5e5583c419bad1	0	0	0	0	0	0	0	0	0	2	0	0	0	0	0	0	0	1	0	0	0	0	0	0	0	0	0	2	4	1
9f1e41bda003b24942bc4e9189b061de	0	0	0	0	0	0	0	0	0	2	0	0	0	0	0	0	0	0	0	0	0	0	0	0	0	0	0	1	5	4
91343f88fa7acb0afab0abaa4e1b8478	0	0	0	0	0	0	0	0	0	2	0	1	0	0	0	0	0	9	0	0	0	0	0	0	0	0	0	0	5	0
841ad68bcba868054fda366950670ba9	0	0	0	0	0	0	0	0	0	2	0	0	11	0	0	0	0	0	0	0	0	0	0	0	0	0	0	0	0	0
a6363c39083eaad1edb1320d943d40eb	0	0	0	0	0	0	0	0	0	2	0	1	0	0	0	0	0	0	1	0	0	0	0	0	0	0	1	9	0	0
bc4638dc0708910aa0752214162b523e	0	0	0	0	0	0	0	0	0	2	0	3	0	0	0	0	0	0	0	0	0	0	0	0	0	0	0	4	10	0
492f68991e92b45223aafd244d2b54e4	0	0	0	0	0	0	0	0	0	2	0	26	0	0	0	0	0	0	1	0	1	0	0	3	0	0	0	4	3	0
bf1d36925f8cc7db9296afe13884c582	0	0	0	0	0	0	0	0	0	2	3	0	0	4	0	0	0	10	0	0	0	0	0	0	0	1	0	0	0	0
0998c2acce4953d1d2baf3223d0768b8	0	0	0	0	0	0	0	0	0	2	0	2	0	0	0	0	0	6	0	0	0	0	0	0	17	0	0	1	0	0
5fcc09588f0cd63a9a370740c4f1a537	0	0	0	0	0	0	0	0	0	2	0	0	0	0	0	0	0	0	0	0	0	0	0	0	0	0	14	1	0	6
d234737ebc8b928ae5bf41c1a00b52eb	0	0	0	0	0	0	0	0	0	2	0	4	0	0	0	0	0	0	0	0	0	0	0	0	0	0	0	0	8	0
86595b064d529a406cbe4685e8f60502	0	0	0	0	0	0	0	0	0	2	0	1	0	0	0	0	0	12	0	0	0	0	0	9	0	0	2	7	2	0
d857dc77f464b3c93b81a91628b0aee2	0	0	0	0	0	0	0	0	0	1	0	0	0	0	0	26	0	0	0	0	0	0	0	0	0	0	0	5	0	0
1dfaed184c087d920cd2a52a09374081	0	0	0	0	0	0	0	0	0	1	0	8	0	0	0	0	0	0	0	0	0	0	0	1	1	0	0	3	0	0
408144f33236dfa4e4053ab5afc5a3b0	0	0	0	0	0	0	0	0	0	1	0	0	0	0	0	0	0	0	0	0	0	0	0	2	0	0	1	0	23	1
a681bd38cc288fbfa930e1ae4a92bb8e	0	0	0	0	0	0	0	0	0	1	0	5	0	0	0	0	0	0	0	0	0	0	0	2	0	0	0	5	0	0
dd7f83145b2536f34b804cce616726a3	0	0	0	0	0	0	0	0	0	1	0	0	0	0	0	1	0	4	3	0	4	0	0	2	0	0	0	1	4	2
9b7cecfb1e041e88b6102cd7f7215a20	0	0	0	0	0	0	0	0	0	1	0	9	0	0	0	0	0	0	0	0	2	0	0	0	0	1	0	0	0	0
22e0c71d43998168516f65675eb2c8eb	0	0	0	0	0	0	0	0	0	1	0	0	0	0	0	5	0	1	0	0	0	0	0	0	3	0	0	0	0	0
6e6523d97651868f9afef494d529107d	0	0	0	0	0	0	0	0	0	1	0	2	0	0	0	0	0	0	0	0	0	0	0	10	0	0	0	59	0	0
4be445527508eadf3a778fc87ed71860	0	0	0	0	0	0	0	0	0	1	0	6	0	0	0	0	0	0	0	0	0	0	0	0	0	0	0	5	0	0
d84cfffc6da5edfa3bbe6e07773cc095	0	0	0	0	0	0	0	0	0	1	8	4	4	0	3	0	0	0	0	0	0	0	0	0	0	0	0	0	0	0
19f4d90d107aa15ac1bac30598cfd2f7	0	0	0	0	0	0	0	0	0	1	0	0	0	0	3	4	0	0	0	0	0	0	0	0	0	0	2	0	3	10
70153ce019451c5476f64ad4ba7b94e1	0	0	0	0	0	0	0	0	0	1	0	0	0	0	0	0	0	0	0	0	0	0	0	0	0	0	2	0	14	5
5a440c3d748f5d94a9fbf160b660c4cc	0	0	0	0	0	0	0	0	0	1	2	11	0	0	0	0	0	0	0	0	0	0	0	0	24	0	0	2	0	0
ba98271b1024cfdef4d2b6127f51c0ba	0	0	0	0	0	0	0	0	0	1	0	0	0	0	0	0	0	0	0	0	0	0	0	5	0	0	5	0	0	2
fa0ba346f64ee0bbf12c82ee08579836	0	0	0	0	0	0	0	0	0	1	0	7	0	0	0	0	0	0	0	0	0	0	0	0	0	0	0	2	1	0
287a56b642d5741ce3f7c340d3bdf2bd	0	0	0	0	0	0	0	0	0	1	0	3	0	0	0	0	0	0	3	0	2	0	0	0	0	0	1	3	13	6
0cf8d90831b22015a2951634a558b74d	0	0	0	0	0	0	0	0	0	1	0	4	0	0	0	0	0	0	0	0	1	0	0	12	0	7	1	5	1	0
68d105d5fa4d0545e9a3e8f8e9e4f695	0	0	0	0	0	0	0	0	0	1	0	0	0	0	2	1	0	4	0	0	0	0	0	1	0	0	3	1	0	0
dd0bb7e43037f7b6c319a181b4308e7a	0	0	0	0	0	0	0	0	0	1	0	3	0	0	0	0	0	0	1	0	2	0	0	0	1	0	0	3	0	3
fa47faf645477800b31f396d8f815603	0	0	0	0	0	0	0	0	0	1	0	0	0	1	0	0	0	2	3	0	1	0	0	0	1	0	1	0	0	0
e3286115a6b2e30185cb62e321bf1a37	0	0	0	0	0	0	0	0	0	1	0	0	0	0	0	0	0	0	0	0	1	0	0	0	0	0	3	0	8	0
5f8d8fd2e485ff52b2cb6a61a017137a	0	0	0	0	0	0	0	0	0	1	0	7	0	0	1	0	0	0	0	0	0	0	0	1	0	13	0	0	0	0
946873ac316bfe781c95a1058c3226d4	0	0	0	0	0	0	0	0	0	1	0	1	0	0	0	0	0	0	8	0	14	0	0	20	0	0	4	93	0	3
43e30918040e9b181bc36b6483d6d207	0	0	0	0	0	0	0	0	0	1	0	0	0	0	5	0	0	0	0	0	0	0	0	3	1	0	3	1	1	0
a092aea416f33dd13eed8c0587bab4eb	0	0	0	0	0	0	0	0	0	1	0	6	0	0	0	1	0	0	0	0	0	0	0	0	0	0	0	3	1	0
1349edfaa1fd0b5ba7df960514a26a55	0	0	0	0	0	0	0	0	0	1	0	4	0	0	0	0	0	0	0	0	0	0	0	0	1	0	0	1	3	0
dbebef2768361b38eea32bb75e892296	0	0	0	0	0	0	0	0	0	1	0	0	0	0	0	0	0	0	6	0	4	0	0	7	0	0	1	10	0	0
f71f9bde131c5c5c85607c449e4f0807	0	0	0	0	0	0	0	0	0	1	0	0	4	0	0	4	0	0	0	0	0	0	0	0	0	0	1	6	0	1
dd6a307c7780ff1d06176eeeb395e9fc	0	0	0	0	0	0	0	0	0	1	0	4	4	0	2	0	0	0	0	0	0	0	0	0	0	0	0	0	0	0
c83057ca770d14f4ff1a222bf132a61b	0	0	0	0	0	0	0	0	0	1	0	0	0	0	0	12	0	0	0	0	0	0	0	0	0	0	0	1	0	0
f60299b9bff00cec628222e8a5a81481	0	0	0	0	0	0	0	0	0	1	0	1	6	0	0	2	0	0	0	0	0	0	0	0	0	0	0	2	0	0
6d61d2f93df42f00b433319571431d12	0	0	0	0	0	0	0	0	0	1	0	2	0	0	0	0	0	2	0	0	1	0	0	2	0	0	4	6	1	1
a66610e70e3f021928a71c54eb663af7	0	0	0	0	0	0	0	0	0	1	0	0	0	0	0	0	0	0	1	0	0	0	0	0	0	0	0	3	0	5
fa359f053bcd9d7ec8e78fedc925d3c4	0	0	0	0	0	0	0	0	0	1	0	0	0	0	0	0	0	0	2	0	1	0	0	4	0	0	5	4	0	0
0eecbaf45595f986e1bcacf4fc85a541	0	0	0	0	0	0	0	0	0	1	2	8	0	0	0	0	0	0	0	0	0	0	0	0	3	0	0	0	0	0
5a8c18c875b38c642178ce270545ee59	0	0	0	0	0	0	0	0	0	1	0	0	0	0	0	0	0	0	0	0	0	0	0	10	0	0	4	5	1	0
b0012fa5d2992bad2a94f05c9b8cb58c	0	0	0	0	0	0	0	0	0	1	0	0	9	0	0	0	0	0	0	0	0	0	0	0	0	0	0	0	0	0
29a15e76726e2f836f6af5ca4e59716e	0	0	0	0	0	0	0	0	0	1	0	5	0	0	0	0	0	0	0	0	0	0	0	0	0	34	0	0	0	0
b28dcd4e0310dc9199d7c7f00acd35c6	0	0	0	0	0	0	0	0	0	1	0	0	0	0	0	0	0	0	11	0	9	0	0	0	0	0	3	0	0	1
aabdef8037b6e322de7592b5b61b2ef9	0	0	0	0	0	0	0	0	0	1	0	0	0	0	0	0	0	0	1	0	1	0	0	5	0	0	6	10	0	11
86ce86fcfb1d3b680eeec047ecd76868	0	0	0	0	0	0	0	0	0	1	0	1	0	0	0	0	0	0	9	0	11	0	0	0	0	0	0	0	0	0
5cfe206ce18d1c7d27d8b9638c087a86	0	0	0	0	0	0	0	0	0	1	0	0	0	0	0	0	0	17	0	0	0	0	0	0	0	0	0	0	0	0
4ec70682ddce897f7fb1c5ab18cd1cdd	0	0	0	0	0	0	0	0	0	1	0	0	0	0	0	0	0	0	0	0	2	0	0	0	0	0	1	2	5	0
b9bf2a7a70860fe36c60d04665cc11fd	0	0	0	0	0	0	0	0	0	1	0	4	0	0	0	0	0	0	0	1	1	0	0	19	0	0	0	21	0	5
cc40811163ba9dd0ab74ec96192ed8e4	0	0	0	0	0	0	0	0	0	1	0	3	0	0	0	0	0	4	0	0	0	0	0	3	0	5	1	2	7	1
08e0703b92b21b481f808c50e3add448	0	0	0	0	0	0	0	0	0	1	0	3	0	0	0	0	0	0	0	0	0	0	0	0	0	0	0	1	5	0
1d00f741d20eb3a872429d04837c6d1d	0	0	0	0	0	0	0	0	0	1	0	0	0	0	0	0	0	0	5	0	8	0	0	2	0	0	0	4	0	0
0a4537f8f847c16a3edf2e60c5a243e4	0	0	0	0	0	0	0	0	0	1	0	3	0	0	0	0	0	0	0	0	0	0	0	0	0	0	0	3	1	2
06b5a2ad3fe4f9809ffecea6caadc212	0	0	0	0	0	0	0	0	0	1	0	0	0	0	0	0	0	0	0	0	0	0	0	0	0	0	11	0	10	2
e75c145bedef2a4688285a632d3e74a4	0	0	0	0	0	0	0	0	0	1	0	0	0	6	0	2	0	0	0	0	0	0	0	0	0	0	1	4	29	0
60d1feabb700c5f3079775eebcda8e36	0	0	0	0	0	0	0	0	0	1	0	7	0	0	0	0	0	0	0	0	0	0	0	5	0	0	0	2	0	0
3bf8a3baf181faf79c367df362956dd8	0	0	0	0	0	0	0	0	0	1	4	0	0	1	2	3	0	0	0	0	0	0	0	0	0	0	0	2	1	0
db16f66c2c357845b06ac37702989bce	0	0	0	0	0	0	0	0	0	1	0	0	0	0	0	0	0	0	0	0	0	0	0	2	0	0	1	0	0	16
263bf983e45e4b33121cc9e9b898e6e7	0	0	0	0	0	0	0	0	0	1	0	0	0	0	0	1	0	3	0	0	0	0	0	1	14	0	0	0	1	0
3019077a9de8b495b069f65920eb6d28	0	0	0	0	0	0	0	0	0	1	0	0	0	0	0	0	0	0	5	0	3	0	0	0	0	0	0	1	0	0
48ad13761ae41c956436eb3138398ad2	0	0	0	0	0	0	0	0	0	1	0	0	0	0	9	0	0	0	0	0	0	0	0	1	0	0	1	0	2	0
4afe9d849dc5946f06cef7b1205994c1	0	0	0	0	0	0	0	0	0	1	0	2	0	0	0	0	0	1	0	0	0	0	0	4	0	0	0	13	6	1
858e59721180c2f9187fa1635f7d9160	0	0	0	0	0	0	0	0	0	1	0	0	0	0	0	0	0	0	0	0	0	0	0	2	16	0	0	1	0	0
3eb7c6e4e9cd50a1151fb90d081aa28f	0	0	0	0	0	0	0	0	0	1	0	0	0	0	0	0	0	0	1	0	0	0	0	0	0	0	1	4	8	1
f4ed2d1c9ad4e4aab69cbd7827eaccbf	0	0	0	0	0	0	0	0	0	1	0	0	0	0	0	0	0	0	0	0	1	0	0	0	0	0	0	0	11	1
c1943f7506a7223400bf27761c380130	0	0	0	0	0	0	0	0	0	1	0	0	0	0	0	0	0	0	1	0	3	0	0	0	0	0	2	0	0	3
58d3d130eaac24e20e893ef413f08020	0	0	0	0	0	0	0	0	0	1	0	6	0	0	0	0	0	5	1	0	0	0	0	2	0	0	0	2	5	0
5ebdd0aeb26869317176fd6f05e3c8bb	0	0	0	0	0	0	0	0	0	1	0	0	0	0	0	0	0	0	6	0	1	0	0	0	0	0	2	0	0	1
0bc8c73b3cfe9f8175e9eaea2164e181	0	0	0	0	0	0	0	0	0	1	0	0	0	0	0	0	0	0	6	0	36	0	0	2	0	0	0	1	0	0
f9e0c9f3750b8dea668683c73228ecf7	0	0	0	0	0	0	0	0	0	1	0	9	0	0	0	0	0	0	0	0	0	0	0	8	0	0	0	12	0	0
19062ab5dd610fe36200dd468adff3a5	0	0	0	0	0	0	0	0	0	1	1	1	0	2	0	0	0	3	0	0	0	2	0	0	1	0	0	0	0	0
81d46fc611ad5806acb8d7020573e773	0	0	0	0	0	0	0	0	0	1	0	11	0	0	0	0	0	0	34	0	57	0	0	14	0	0	0	19	0	3
0e10ffd8bc36f9e8b637b59074101c52	0	0	0	0	0	0	0	0	0	1	0	0	0	0	0	0	0	0	7	0	4	0	0	0	0	0	0	0	0	0
af9ed96f48218026c6b8c9c9a8f3d836	0	0	0	0	0	0	0	0	0	1	1	7	0	0	0	0	0	0	0	0	0	0	0	1	0	0	0	0	12	0
15fd2e2717d7abb379e52a3a96d2584b	0	0	0	0	0	0	0	0	0	1	0	8	0	0	17	0	0	0	0	0	2	0	0	3	0	0	0	9	25	6
da3b28afb9b4b5124a901bfb816e3ca6	0	0	0	0	0	0	0	0	0	1	0	3	0	0	0	13	0	0	0	0	0	0	0	0	0	0	3	0	4	1
ebb1e80b28ffd79dfa2f5c442ea4e56f	0	0	0	0	0	0	0	0	0	1	0	2	0	0	0	0	0	0	10	0	9	0	0	2	0	0	0	1	0	1
1c2946c4d56a808742eea674900d639d	0	0	0	0	0	0	0	0	0	1	0	0	0	0	0	0	1	1	2	0	0	1	0	0	0	0	1	2	0	2
456ed9f2914438e4d5b27c1d8d1b2318	0	0	0	0	0	0	0	0	0	1	0	0	0	0	0	0	0	0	6	0	19	0	0	0	0	0	1	0	1	4
8e68bb359bf5ae8628097cf027c2f280	0	0	0	0	0	0	0	0	0	1	0	4	0	0	0	0	0	1	0	0	0	0	0	0	0	0	0	4	0	0
c617661a39acebc9be4e50f3fbd4c36f	0	0	0	0	0	0	0	0	0	1	0	0	0	0	0	0	0	0	0	0	1	0	0	0	0	0	0	0	8	3
796bfa561a6e81dd33d68cbd5e956c12	0	0	0	0	0	0	0	0	0	1	0	0	0	0	0	0	0	3	0	0	0	0	0	0	8	0	0	0	0	0
a0641de3f344f27bf5239ceb680d080a	0	0	0	0	0	0	0	0	0	1	0	0	0	0	0	0	0	0	1	0	9	0	0	0	0	0	0	0	0	0
1041fdeeb233044cf7f722476c51fcee	0	0	0	0	0	0	0	0	0	1	0	3	0	0	0	0	0	0	0	0	2	0	0	2	0	0	0	4	0	0
c8a872bc96bac12a7522f252b666a53e	0	0	0	0	0	0	0	0	0	1	1	0	0	0	0	0	0	0	1	0	0	0	0	3	3	0	0	1	0	1
ef1f9ae1fed672d9e1048d595b214994	0	0	0	0	0	0	0	0	0	1	0	2	0	0	0	0	0	0	0	0	0	0	0	6	0	0	0	9	1	1
ccfb4086ead5309288ee4bbe929120f8	0	0	0	0	0	0	0	0	0	1	0	0	0	0	0	1	0	5	0	0	0	0	0	0	0	0	0	3	0	0
67d077b4e978bc660bd8c90a0ee13f0e	0	0	0	0	0	0	0	0	0	1	0	0	0	0	0	0	0	15	0	0	0	0	0	0	0	0	0	2	2	0
9485a8b0e05d6fd51eb3f0e46c6be30b	0	0	0	0	0	0	0	0	0	1	0	7	0	0	0	0	0	0	0	0	0	0	0	0	0	0	4	5	0	0
db278879a6723aba0099de80b594fa11	0	0	0	0	0	0	0	0	0	1	0	4	0	0	0	0	0	1	0	0	0	0	0	1	0	3	0	0	0	0
9367a8927cdaab1e9c52573da8d6452e	0	0	0	0	0	0	0	0	0	1	0	3	0	0	0	0	0	0	0	0	0	0	0	0	9	0	0	0	0	0
75d261748767388208029eb7dab26b8e	0	0	0	0	0	0	0	0	0	1	0	1	0	0	0	1	0	0	0	0	0	0	0	0	5	0	0	3	0	0
797f4ef264b00b7085928f78d975660e	0	0	0	0	0	0	0	0	0	1	0	8	4	0	0	0	0	0	0	0	0	0	0	0	0	0	0	0	0	0
eb372d2f506943e0146fe2e8c666bb5c	0	0	0	0	0	0	0	0	0	1	0	4	0	0	0	1	0	0	0	0	0	0	0	0	7	0	0	6	0	2
7a5909d764adef30428253dc0709c1a7	0	0	0	0	0	0	0	0	0	1	1	1	0	0	0	0	0	2	46	0	33	0	0	16	0	0	11	15	1	4
a4b721e6e5c122a2c9c9f9f1a5a30e20	0	0	0	0	0	0	0	0	0	1	0	0	0	0	0	0	0	2	0	0	0	0	0	0	0	0	1	1	6	2
d26393a4f4d03ade027781a33f015c53	0	0	0	0	0	0	0	0	0	1	0	0	0	0	2	0	0	3	1	0	0	0	0	1	0	0	3	2	1	1
cc4eefb63fe2b6a687fb16245bc72e4c	0	0	0	0	0	0	0	0	0	1	0	0	0	0	0	0	0	4	0	0	0	0	0	0	11	0	0	1	0	0
541ad7fcc03b890430546a1d5e85d5a4	0	0	0	0	0	0	0	0	0	1	6	12	0	0	0	0	0	3	0	0	0	0	0	0	5	0	0	3	0	0
851cbe4fcbe0687fe3ccba51bc54c634	0	0	0	0	0	0	0	0	0	1	0	0	20	0	0	0	0	1	0	0	0	0	0	0	0	0	0	4	0	0
64ab968b1f0972ca6ef273a56b35f1b1	0	0	0	0	0	0	0	0	0	1	0	0	0	0	0	0	0	0	0	0	2	0	0	2	2	0	1	4	0	0
8f563f4bb8c6766a7424d19839b51fc6	0	0	0	0	0	0	0	0	0	1	0	4	0	0	0	0	0	0	0	0	0	0	0	0	0	0	0	14	0	0
8e82393714203c5db7e38926ad89a822	0	0	0	0	0	0	0	0	0	1	0	2	0	0	0	0	0	4	0	0	1	0	0	1	0	0	0	0	1	0
725e52e1f1c05e2ec91aaf8deb26d2a0	0	0	0	0	0	0	0	0	0	1	0	0	0	0	0	0	0	10	0	0	0	0	0	0	5	0	0	0	0	0
ab33206a96bc5c7c238b0e100b0c1850	0	0	0	0	0	0	0	0	0	1	0	0	0	0	0	0	0	0	0	0	0	0	0	0	0	0	0	2	8	3
761e02df0874bc9f2e756fedc8b73563	0	0	0	0	0	0	0	0	0	1	0	0	0	0	0	0	0	0	0	0	1	0	0	6	0	0	4	1	0	1
7f2443b7a955ca95fcdcf4c5ecac1c6a	0	0	0	0	0	0	0	0	0	1	0	0	0	0	0	0	0	13	0	0	0	0	0	0	2	0	3	2	13	3
afb39a8d22b55ca334028d658c577525	0	0	0	0	0	0	0	0	0	1	0	9	0	0	0	0	0	0	0	0	0	0	0	0	0	0	0	0	0	0
70f9f9ce7dc7b87f39f73be22277ae70	0	0	0	0	0	0	0	0	0	1	0	6	0	0	0	0	0	0	2	0	0	0	0	2	0	0	0	3	0	0
27056293d1bd3d41066a1140c5b6c480	0	0	0	0	0	0	0	0	0	1	0	0	0	0	0	0	0	0	0	0	0	0	0	16	0	0	0	74	0	4
9bbf044b6441b8fc2bcb0a51d7f5dec4	0	0	0	0	0	0	0	0	0	1	0	2	43	0	0	0	0	0	0	0	0	0	0	0	0	0	0	0	0	0
70cb0fff2585965c092c14cc1d150026	0	0	0	0	0	0	0	0	0	1	0	0	0	0	0	0	0	0	0	0	0	0	0	0	0	0	1	0	9	0
fd7994e0218b4dcd9330b222faf80e2d	0	0	0	0	0	0	0	0	0	1	0	0	0	0	0	18	0	1	0	0	0	0	0	0	0	0	0	0	1	0
196c47901592a1c4f266734054153408	0	0	0	0	0	0	0	0	0	1	0	0	0	0	0	0	0	9	0	0	0	0	0	1	0	0	0	0	0	0
53eccaa38616fce6678709aa1882430f	0	0	0	0	0	0	0	0	0	1	0	0	0	0	0	0	0	0	0	0	0	0	0	0	0	0	3	0	5	3
9fdd29169b58d87a7a8a4a1f0f86f5bb	0	0	0	0	0	0	0	0	0	1	0	2	0	0	0	0	0	0	0	0	0	0	0	0	1	0	0	0	6	0
34a4b0d1b876b082fed6802ebefe5925	0	0	0	0	0	0	0	0	0	1	0	0	1	0	0	0	0	0	0	0	0	0	0	0	0	0	7	0	1	3
6627c62a4977b951015209deea6495fd	0	0	0	0	0	0	0	0	0	1	0	0	0	0	0	0	0	8	0	0	0	0	0	0	0	0	1	10	0	0
ec8f1384cd587d363d2e4f17d5ed038a	0	0	0	0	0	0	0	0	0	1	0	0	0	0	0	0	0	13	0	0	0	0	0	0	0	0	1	3	0	1
b417dfbad2ed0e1af6947d3e0257ddfb	0	0	0	0	0	0	0	0	0	1	0	0	0	0	0	0	0	10	0	0	0	0	0	0	0	0	0	0	0	0
3062496d36ba380889af0e2abdee7af0	0	0	0	0	0	0	0	0	0	1	0	0	0	0	0	0	0	0	1	0	0	0	0	7	0	0	0	2	0	0
370721bcaffe3a3e962640bff9e5adc8	0	0	0	0	0	0	0	0	0	1	0	0	0	0	0	0	0	0	0	0	0	0	0	0	0	0	1	0	11	3
9d8685a6dfa88e481ea5964843dbe6d9	0	0	0	0	0	0	0	0	0	1	0	1	0	0	0	0	0	0	3	0	4	0	0	8	0	0	0	9	0	0
97107ccf044366a4eef5954dfcf01468	0	0	0	0	0	0	0	0	0	1	0	0	0	0	0	0	0	12	0	0	0	0	0	0	0	0	0	1	0	0
9574d9812b74f4e50cb7deff0a7d1726	0	0	0	0	0	0	0	0	0	1	0	7	0	0	0	0	0	0	0	0	0	0	0	0	0	0	0	6	0	0
b9ebd369ab0a62fd2ceb7300fd66f417	0	0	0	0	0	0	0	0	0	1	10	0	0	0	0	0	0	0	0	0	0	0	0	0	0	0	0	0	0	0
bd4bd6f89e4d9f4ca0daa63618073d7a	0	0	0	0	0	0	0	0	0	1	1	0	0	0	0	0	0	0	2	0	1	0	0	0	0	0	3	0	1	3
7f20efce32958d17dded1ea17575fac8	0	0	0	0	0	0	0	0	0	1	0	5	0	0	0	0	0	0	0	0	0	0	0	0	0	0	1	4	0	5
d19bca0e28ff8028cf1f2b3f9a629f75	0	0	0	0	0	0	0	0	0	1	0	1	0	0	0	2	0	0	0	0	0	0	0	0	0	0	0	5	7	4
43ac2cdeb76c7bb6495876e076671d6a	0	0	0	0	0	0	0	0	0	1	0	4	0	0	0	0	0	0	0	0	0	0	0	4	1	0	1	2	0	0
83eb2b4889d4e6b5e5a01d67a66a23d2	0	0	0	0	0	0	0	0	0	1	0	0	1	0	2	0	0	0	0	0	0	0	0	0	0	0	1	5	0	0
4c2b22c1a2edf390cbb907fc6c37462e	0	0	0	0	0	0	0	0	0	1	1	3	2	0	0	3	0	0	0	0	0	0	0	0	0	0	2	1	2	0
9441971926321e3d81a977a090f242ae	0	0	0	0	0	0	0	0	0	1	0	5	0	0	0	0	0	15	0	0	0	0	0	0	1	0	0	0	8	0
0d2e5286677cd8ae31b58469b966970a	0	0	0	0	0	0	0	0	0	1	0	0	0	0	0	0	0	0	3	0	5	0	0	0	0	0	0	0	2	0
e8faf9065001f9d1972df25531e3adff	0	0	0	0	0	0	0	0	0	1	0	0	0	0	0	0	0	1	1	0	6	0	0	1	0	0	0	0	0	0
3f19998ba289263383a8d2c225971cd5	0	0	0	0	0	0	0	0	0	1	0	0	0	0	0	0	0	0	0	0	0	0	0	0	0	0	3	0	3	5
3c48eefc3ae8ac419fa7d9aee9b84f03	0	0	0	0	0	0	0	0	0	1	0	1	2	0	0	8	0	1	0	0	0	0	0	0	0	0	11	0	5	7
e25742f901c23fc156614c99149580b5	0	0	0	0	0	0	0	0	0	1	0	8	0	0	0	0	0	0	0	0	0	0	0	0	0	0	0	0	8	2
cfd621c3eeca465ac5b90e50454365f3	0	0	0	0	0	0	0	0	0	1	0	0	0	0	0	0	0	0	0	0	1	0	0	2	9	0	0	1	0	0
5197023674a73f53b2886637d7530891	0	0	0	0	0	0	0	0	0	1	2	1	0	0	1	0	0	5	0	0	0	0	0	0	0	0	0	2	0	0
d53cc807441e1e4f197da3d041f7f990	0	0	0	0	0	0	0	0	0	1	0	0	0	0	0	0	0	0	0	0	0	0	0	0	0	10	0	0	0	0
1fa9a75654d4f4cb9a21a85e610066c9	0	0	0	0	0	0	0	0	0	1	0	1	0	0	0	1	0	1	0	0	0	0	0	0	0	0	1	3	1	1
d88608640056af10bb4d47195642ff0c	0	0	0	0	0	0	0	0	0	1	0	9	0	0	0	0	0	0	2	0	0	0	0	11	0	0	0	4	0	1
256709c47a69e44b54d242d99509e51e	0	0	0	0	0	0	0	0	0	1	0	14	0	0	0	0	0	0	0	0	1	0	0	3	29	0	0	8	0	0
e41c23fa9cfd69e40cfb582f437a2706	0	0	0	0	0	0	0	0	0	1	0	2	0	0	0	0	0	0	20	0	0	0	0	22	0	0	32	47	0	13
f1641960c3cca65139cf82dca1c35e0b	0	0	0	0	0	0	0	0	0	1	0	0	0	0	4	0	0	1	0	0	0	0	0	0	0	0	0	0	14	0
93fc0b2747f968cb5da13dd2b90deae8	0	0	0	0	0	0	0	0	0	1	0	1	0	0	0	0	0	0	0	0	0	0	0	0	0	0	0	7	1	0
30303c2b3683961322fe436740ab7e85	0	0	0	0	0	0	0	0	0	1	0	9	0	0	0	0	0	0	51	0	54	0	0	216	0	0	9	162	0	40
d6a42fc4f2a23a1808138e9a031c2122	0	0	0	0	0	0	0	0	0	1	0	12	0	0	0	0	0	0	0	0	0	0	0	0	0	0	0	0	0	0
ccb5f2bb325696a10efec5f2d121ed08	0	0	0	0	0	0	0	0	0	1	0	4	0	0	0	0	0	0	0	0	1	0	0	0	0	0	1	0	20	0
968ad35147b175b0b93b788f755731f5	0	0	0	0	0	0	0	0	0	1	0	0	0	0	0	0	0	0	0	0	0	0	0	2	0	0	3	0	0	8
06034e844c7698955ca2205d04eaf88c	0	0	0	0	0	0	0	0	0	1	0	2	0	0	1	13	0	0	0	0	0	0	0	0	0	0	0	2	0	0
479c41f311b3b8158bfb4105b5a046c0	0	0	0	0	0	0	0	0	0	1	0	10	0	0	0	0	0	0	0	0	0	0	0	0	0	0	0	0	0	0
19c2dd18c12fca143957942bd4d136cf	0	0	0	0	0	0	0	0	0	1	0	0	0	0	0	0	0	0	0	0	0	0	0	0	0	0	7	0	0	2
c8b1f28dfcbd366e7cae937559e43637	0	0	0	0	0	0	0	0	0	1	0	0	0	0	0	10	0	0	0	0	0	0	0	0	0	0	0	0	0	0
c4a035c38915682cfe8cf7f83a544f2b	0	0	0	0	0	0	0	0	0	1	0	2	0	0	0	0	0	4	0	0	0	0	0	0	1	4	0	1	0	1
1676fdbbce999daf85e6aa51a51bbfd6	0	0	0	0	0	0	0	0	0	1	0	2	0	0	0	0	0	11	0	0	0	0	0	0	6	0	0	7	0	0
711ce881c5691f7558b5060ff5b537cc	0	0	0	0	0	0	0	0	0	1	0	0	0	0	0	0	0	0	0	0	0	0	0	1	0	0	7	0	5	2
713717f086d1484c731a1ebcf401bd34	0	0	0	0	0	0	0	0	0	1	0	1	0	0	0	0	0	0	1	0	3	0	0	2	0	0	0	9	0	0
5c13f1509fa7a7c745d99648037cf5ab	0	0	0	0	0	0	0	0	0	1	0	4	0	0	0	0	0	0	0	0	0	0	0	4	0	0	0	5	3	3
808a2140482a1dbcc3a340e422866030	0	0	0	0	0	0	0	0	0	1	1	2	6	0	0	2	0	1	0	0	0	0	0	0	0	0	0	0	0	1
2c9a4a1831e08fa3d914300b115b34a1	0	0	0	0	0	0	0	0	0	1	0	0	0	0	0	0	0	0	0	0	0	0	0	0	1	14	0	0	0	0
d77b7af3cdfb50a0609dab19c875d25f	0	0	0	0	0	0	0	0	0	1	0	0	0	0	0	1	0	8	7	0	10	0	0	0	0	0	0	4	4	2
685823a03d3b06c5d3777e46ce8c43d2	0	0	0	0	0	0	0	0	0	1	0	3	0	0	0	0	0	0	0	0	0	0	0	2	0	0	1	6	35	4
c67d22e2891de7110a17b8dd1230fc17	0	0	0	0	0	0	0	0	0	1	0	21	0	0	0	0	0	0	2	0	0	0	0	1	0	0	0	3	0	0
1d13f1db0d9fe7ddb133fe3a1257de42	0	0	0	0	0	0	0	0	0	1	0	0	0	0	0	0	0	3	4	0	15	0	0	5	0	0	1	4	0	0
ab2489eab496e6c3894e808a0c86f320	0	0	0	0	0	0	0	0	0	1	0	0	0	0	0	0	0	10	0	0	0	0	0	0	0	0	0	0	0	0
dcb719b2cdf6b5b0735aa369545f4f2d	0	0	0	0	0	0	0	0	0	1	0	0	0	0	3	3	0	0	0	0	0	0	0	0	2	0	2	0	1	2
ba4c58ad52e2cbeeedb6012267bdd501	0	0	0	0	0	0	0	0	0	1	0	0	0	0	0	3	0	0	0	0	0	0	0	1	0	0	0	2	0	5
79ccd65917c07f620ee8ef9e3a0ca5b5	0	0	0	0	0	0	0	0	0	1	0	8	0	0	0	0	0	0	0	0	0	0	0	3	0	0	0	0	0	0
2cd04a0a06d7df45be57e3bc10722b37	0	0	0	0	0	0	0	0	0	1	0	0	0	0	0	0	0	1	0	0	0	0	0	2	0	0	4	0	6	2
13c1d562fa147e0e287fa4d19197b6fa	0	0	0	0	0	0	0	0	0	1	0	2	0	0	0	0	0	0	2	0	0	0	0	5	0	0	0	2	0	0
f1f8d49c04356e1b0caab75c0afb60a9	0	0	0	0	0	0	0	0	0	1	0	0	0	0	0	0	0	0	5	0	3	0	0	0	0	0	4	0	1	6
aa1d01208542e0b8e9a57099c72386d1	0	0	0	0	0	0	0	0	0	1	0	0	0	0	0	0	0	0	2	0	2	0	0	2	0	0	1	1	0	1
52d8bc6384b04bb1a67a389e86091374	0	0	0	0	0	0	0	0	0	1	0	13	0	0	0	2	0	0	0	0	0	0	0	0	0	0	0	0	0	0
7c46952c6578f63eacb20b7a0cb3d8da	0	0	0	0	0	0	0	0	0	1	0	2	0	0	0	0	0	0	0	0	0	0	0	1	0	0	0	0	3	3
fc7729f2bfecd6b6d8738afe44437fc1	0	0	0	0	0	0	0	0	0	1	0	3	0	0	0	0	0	2	1	0	0	0	0	0	0	0	0	1	4	0
5ef4d995553865d3199360306eca7a59	0	0	0	0	0	0	0	0	0	1	3	0	0	0	0	4	0	11	0	0	1	0	0	0	3	0	0	0	0	0
95df6e502f45d9e151fbe6d70a060694	0	0	0	0	0	0	0	0	0	1	0	3	0	0	0	0	0	0	0	0	0	0	0	1	0	0	0	6	2	0
1e62ca679e24728c6d83adc0c62f6fb2	0	0	0	0	0	0	0	0	0	1	0	1	0	0	0	0	0	3	0	0	2	0	0	2	0	0	1	2	0	0
82cf62de5604444936997ffdc0ed38f8	0	0	0	0	0	0	0	0	0	1	0	6	0	0	0	0	0	0	0	0	3	0	0	1	0	0	2	2	0	2
11cbcbad0fc7bb7715b8657c45d46df6	0	0	0	0	0	0	0	0	0	1	0	0	0	0	0	0	0	0	21	0	46	0	0	3	0	0	8	3	0	30
96bbf2cf3294c804ffe35dfa04555c01	0	0	0	0	0	0	0	0	0	1	0	5	9	0	0	2	0	0	0	0	0	0	0	1	0	0	0	12	0	1
cff5e9df15838ec84f4430dc4ff6d142	0	0	0	0	0	0	0	0	0	1	0	12	0	0	0	0	0	0	0	0	0	0	0	0	0	0	0	0	0	0
9b77e989a4ceef554ba7d5db7fe5f706	0	0	0	0	0	0	0	0	0	1	0	0	0	0	0	0	0	0	0	0	0	0	0	1	0	0	2	0	0	6
2ad458e2a30b8fcbf4b8fef336b5e740	0	0	0	0	0	0	0	0	0	1	0	1	0	0	0	0	0	0	0	0	2	0	0	0	0	0	2	0	4	3
fd0cfd874d10760b7ddff1bc420da330	0	0	0	0	0	0	0	0	0	1	0	0	0	0	0	0	0	3	0	0	0	0	0	0	8	0	0	1	0	0
5a1255c9078625d043c48a639d5f0ec5	0	0	0	0	0	0	0	0	0	1	0	0	3	0	0	0	0	0	0	0	0	0	0	0	0	0	3	2	0	2
6e7d126879ef5ecf57c3b02a7fb689c2	0	0	0	0	0	0	0	0	0	1	0	13	0	0	0	0	0	0	0	0	3	0	0	0	0	0	0	0	13	2
3884b5ddb9b4b1ea4b076dc8b9c41805	0	0	0	0	0	0	0	0	0	1	0	0	0	0	17	0	0	0	0	0	0	0	0	0	0	0	0	0	0	1
9ff06511fa576d87e1d5846f2c9d636b	0	0	0	0	0	0	0	0	0	1	0	0	0	0	0	0	0	0	1	0	2	0	0	0	0	0	7	2	0	19
bfcee0b5c8f95d2b012f05127b331be2	0	0	0	0	0	0	0	0	0	1	5	0	0	8	0	0	0	3	0	0	0	0	0	0	8	0	0	0	0	0
59f0c96d544dcf7a4a0cf2cf6f2c2e83	0	0	0	0	0	0	0	0	0	1	0	4	5	0	0	0	0	0	0	0	0	0	0	1	0	0	0	5	0	0
27b4fa90fe34e9e5721f5afebbeec844	0	0	0	0	0	0	0	0	0	1	2	0	0	7	0	0	0	0	0	0	0	0	0	0	0	0	0	0	0	0
2e75de45eec13c4d1196c384cb66049f	0	0	0	0	0	0	0	0	0	1	0	10	0	0	0	0	0	16	0	0	0	0	0	0	0	0	0	6	1	0
88d846c77b5779478fd4c6daf12bbd72	0	0	0	0	0	0	0	0	0	1	1	0	0	0	0	0	0	0	0	0	0	0	0	0	0	15	0	0	0	0
f29a64ac36dc20bc85f01fd7884630c2	0	0	0	0	0	0	0	0	0	1	0	0	0	0	0	0	0	0	0	0	0	0	0	0	0	0	0	0	14	0
66304fdbaee3ad0e927047e3bf793bd3	0	0	0	0	0	0	0	0	0	1	0	0	0	0	0	0	0	0	0	0	0	0	0	0	0	0	0	3	8	0
c365d9128ca28b9bb7dd0c636e163c27	0	0	0	0	0	0	0	0	0	1	0	0	0	0	0	0	0	0	0	0	0	0	0	0	0	0	0	0	14	0
6505b26c210737d10ae55a2c9e14fbaf	0	0	0	0	0	0	0	0	0	1	0	0	0	0	0	0	0	0	25	0	18	0	0	0	0	0	0	0	0	5
2964010f7af731721ffa0ab313697aec	0	0	0	0	0	0	0	0	0	1	0	0	0	0	0	0	0	11	0	0	0	0	0	0	0	0	0	0	1	0
d1305a5c75f4f781646ace62ccf9c99a	0	0	0	0	0	0	0	0	0	1	0	8	0	0	1	2	0	1	0	0	0	0	0	0	0	0	1	4	0	3
584874c5fe265e05fdbc2e4786aa0baf	0	0	0	0	0	0	0	0	0	1	0	4	0	0	0	1	0	1	0	0	0	0	0	0	3	0	0	0	0	0
f1e46def09009cb9a507ed741e13d0f9	0	0	0	0	0	0	0	0	0	1	10	0	0	0	0	0	0	0	0	0	0	0	0	0	4	0	0	0	0	0
1f287fd5e9e6c8ebd579a3a3c847fb98	0	0	0	0	0	0	0	0	0	1	0	0	0	0	0	0	0	0	5	0	0	0	0	0	0	0	3	0	1	8
7b19f39b78edfa1b3751fac5d01fdd75	0	0	0	0	0	0	0	0	0	1	0	0	0	0	0	0	0	0	8	0	10	0	0	3	0	0	0	2	0	0
740353e1d98efa9aba4c8db1f49fbb79	0	0	0	0	0	0	0	0	0	1	0	0	0	0	0	0	0	0	0	0	0	0	0	2	0	0	0	0	14	0
4100222a61300e61f667b401a66d51d9	0	0	0	0	0	0	0	0	0	1	0	7	0	0	0	0	0	0	0	0	0	0	0	2	0	0	0	3	2	0
c53d6e8d4f0863b781bc2018c0425460	0	0	0	0	0	0	0	0	0	1	0	0	0	0	0	0	0	0	26	0	39	0	0	7	0	0	0	11	0	1
1cbe4ae8a441d3e8f25b7b92f321dde3	0	0	0	0	0	0	0	0	0	1	0	0	0	0	0	0	0	0	0	0	0	0	0	11	0	1	3	1	2	4
a7594157f4a1c9dc761a27578acdca6f	0	0	0	0	0	0	0	0	0	1	0	10	2	0	0	0	0	0	0	0	0	0	0	1	0	0	0	4	0	0
facdcd7ab7fbafd7a3c127828a42b973	0	0	0	0	0	0	0	0	0	1	3	2	2	0	0	0	0	1	2	0	0	0	0	0	2	0	1	4	3	0
06156377b84245dfabed3e7cd793c8ac	0	0	0	0	0	0	0	0	0	1	0	0	0	0	0	0	0	0	9	0	4	0	0	2	0	0	0	1	0	0
d0c1b34ab4c71bb2e9c85b05baa6ec5d	0	0	0	0	0	0	0	0	0	1	0	2	0	0	0	1	0	0	0	0	0	0	0	0	0	0	7	1	3	9
5a2d9dea7002719ae0be41e87ac8aea6	0	0	0	0	0	0	0	0	0	1	0	0	0	0	0	0	0	1	4	0	3	0	0	0	0	0	1	0	0	3
6acd59fcda7d6ebad2ae1b1676a962f3	0	0	0	0	0	0	0	0	0	1	1	4	0	0	0	0	0	0	0	0	1	0	0	1	1	0	0	0	2	0
f295185dedcca18e95a4ab28a9e727d0	0	0	0	0	0	0	0	0	0	1	0	0	0	0	0	0	0	0	0	0	0	0	0	0	0	0	0	4	2	3
f1343306869fbcb45b34f07380c2fb0e	0	0	0	0	0	0	0	0	0	1	5	1	0	8	0	0	0	3	0	0	0	0	0	0	0	0	0	0	0	0
2f8a8d38eb2f1955323f0c7f4768cc1b	0	0	0	0	0	0	0	0	0	1	0	0	0	0	0	0	0	9	0	0	1	0	0	0	0	0	1	0	1	0
a35382334c0c2fef0e96f01e2468af30	0	0	0	0	0	0	0	0	0	1	2	0	2	0	0	0	1	0	0	0	0	0	0	0	3	0	1	0	2	0
d2ce85154423584a28f95ff64d827382	0	0	0	0	0	0	0	0	0	1	4	0	0	0	0	1	0	3	0	0	0	0	0	4	1	0	0	2	0	0
705db17cd5fdc4f8e5bbbb3853f54c6f	0	0	0	0	0	0	0	0	0	1	0	0	0	0	0	0	0	9	0	0	0	0	0	0	0	0	0	0	0	0
8c9ff43b80e358b0c51aeef1fe112018	0	0	0	0	0	0	0	0	0	1	0	0	0	0	0	0	0	0	5	0	4	0	0	2	0	0	5	1	0	0
4c3060b59b2f0ec161891c70662aeb62	0	0	0	0	0	0	0	0	0	1	0	0	0	0	0	0	0	16	0	0	0	0	0	0	0	0	0	0	0	1
5bff7e06c1081cf5d17a7344e02c6e09	0	0	0	0	0	0	0	0	0	1	0	0	0	0	0	0	0	7	0	0	0	0	0	0	0	0	0	2	0	0
8911fa10b77b992f13aa79c6e25c1cf0	0	0	0	0	0	0	0	0	0	1	0	0	11	0	0	0	0	0	0	0	0	0	0	1	0	0	0	0	0	0
acb9ca5c12001281c264f1f079797ffb	0	0	0	0	0	0	0	0	0	1	0	6	0	0	3	1	0	1	0	0	0	0	0	0	0	0	3	0	1	0
0cc8735698d22026cf6646d19c79daa4	0	0	0	0	0	0	0	0	0	1	0	0	0	0	0	0	0	0	0	0	0	0	0	0	13	0	0	0	0	0
bcc175e461853008ee14dcf3f81f122b	0	0	0	0	0	0	0	0	0	1	2	4	0	0	0	0	0	0	0	0	0	0	0	0	0	0	0	0	4	0
6dac58268b6aff923fc8434098ac150d	0	0	0	0	0	0	0	0	0	1	0	23	0	0	0	0	0	0	0	0	0	0	0	1	2	0	0	3	2	1
722321952e83173cb24896076da14abb	0	0	0	0	0	0	0	0	0	1	0	0	0	0	0	0	0	0	1	0	0	0	0	0	0	11	0	0	0	0
964a78ffa69967a472da036ab4c0027f	0	0	0	0	0	0	0	0	0	1	0	8	0	0	0	0	0	3	0	0	1	0	0	0	0	0	0	3	6	0
f9476b38392fe03f55bb35e8e792b525	0	0	0	0	0	0	0	0	0	1	0	0	0	0	3	2	0	0	1	0	0	0	0	0	0	0	0	2	0	2
586a484b79062797ed717146bd0008ab	0	0	0	0	0	0	0	0	0	1	0	4	0	0	0	0	0	0	3	0	5	0	0	2	0	0	3	6	0	2
6741e2018e722b1bd7b8d67630e8a1f8	0	0	0	0	0	0	0	0	0	1	0	0	0	0	0	0	0	0	2	0	0	0	0	1	0	0	28	0	3	21
84fa7cd66b933a71e20541941a671b82	0	0	0	0	0	0	0	0	0	1	0	0	0	0	0	0	0	0	28	0	27	0	0	7	0	0	21	7	0	12
38bbe6c415ff6dcf42995dc3eaa12b1c	0	0	0	0	0	0	0	0	0	1	0	0	6	2	2	8	0	0	0	0	0	0	0	0	0	0	1	3	3	2
ab3a2aa11143ce56adfd76bcf245c8e5	0	0	0	0	0	0	0	0	0	1	0	0	0	0	0	0	0	0	0	0	0	0	0	0	11	0	0	2	0	0
792c8170337767fefb80130b40ca4069	0	0	0	0	0	0	0	0	0	1	3	0	0	0	0	0	0	7	0	0	0	0	0	0	19	11	1	2	1	0
82a1007846cd5bb943ba46d499d5e261	0	0	0	0	0	0	0	0	0	1	0	0	0	0	0	0	0	8	0	0	0	0	0	0	0	0	0	1	0	0
e19978089df9bdd166f2bce026316a5d	0	0	0	0	0	0	0	0	0	0	32	0	0	6	0	0	0	0	0	0	0	0	0	0	232	0	0	0	0	0
8b6faca629f0b5b473332f73bcbcb960	0	0	0	0	0	0	0	0	0	0	29	0	0	0	0	0	0	0	0	0	0	0	0	0	54	0	0	0	0	0
86aa76e13ee8a9878f5a9dfaddd8d4c8	0	0	0	0	0	0	0	0	0	0	29	0	0	0	4	0	0	0	0	0	0	0	0	0	48	0	0	0	0	0
c96268e006ab8d8b95c9692d822d7418	0	0	0	0	0	0	0	0	0	0	29	0	0	0	0	0	0	0	0	0	0	0	0	0	1	0	0	0	0	0
2532c09f0a9ef0789646505055310f01	0	0	0	0	0	0	0	0	0	0	24	0	0	0	0	0	0	0	5	0	5	0	0	0	0	0	1	0	0	0
cfeff4a8812db868691a151b0dadf212	0	0	0	0	0	0	0	0	0	0	23	0	0	46	0	0	0	0	0	0	0	0	0	0	0	40	0	0	0	2
cd8bafe2aadabf36fcd49dee471eb946	0	0	0	0	0	0	0	0	0	0	21	0	0	0	0	0	0	8	0	0	0	0	0	0	0	0	0	0	0	0
af0f5ae8cd37d6ccd86fcc60c953bfad	0	0	0	0	0	0	0	0	0	0	20	0	0	0	0	0	0	33	0	0	0	0	0	0	0	0	0	0	0	0
6deb7580a1c21ec8626b6f5e3661b82a	0	0	0	0	0	0	0	0	0	0	19	0	0	0	0	0	0	0	0	0	0	0	0	0	0	0	0	0	0	0
777a5469687b091fa044c7801f9a1c4a	0	0	0	0	0	0	0	0	0	0	18	0	0	0	0	0	0	0	0	0	0	0	0	0	22	0	0	0	0	0
03b9dd4aa1ef55945b476f6bbd2f1296	0	0	0	0	0	0	0	0	0	0	17	0	0	0	0	0	0	0	0	0	0	0	0	0	0	0	0	0	0	0
71296f10a0478db30d33bf4ff4be8937	0	0	0	0	0	0	0	0	0	0	16	0	0	0	0	0	0	0	0	0	0	0	0	0	0	0	0	0	0	0
d837740b0820d3a97ded283229193048	0	0	0	0	0	0	0	0	0	0	16	0	0	0	0	0	0	0	0	0	0	0	0	0	0	0	0	1	0	0
3e017c902348df2fac608a7acb24a931	0	0	0	0	0	0	0	0	0	0	14	0	19	0	0	3	0	2	0	0	0	0	0	0	0	0	0	0	0	1
889f5a4aaacb23b0d62e0150d26424aa	0	0	0	0	0	0	0	0	0	0	13	0	0	0	0	15	0	5	0	0	0	0	0	0	0	0	0	0	0	0
91761f93d68ff22e5e377bb3efd9388a	0	0	0	0	0	0	0	0	0	0	13	0	0	0	0	0	0	0	0	0	0	0	0	0	0	0	0	0	0	0
c5a984fd8f450a3956203f5e16f9179d	0	0	0	0	0	0	0	0	0	0	13	0	0	0	0	0	0	0	0	0	0	0	0	0	3	0	0	0	0	0
cce147014e6f38c90197d7a23a40a9d5	0	0	0	0	0	0	0	0	0	0	12	0	0	0	0	0	0	0	0	0	0	0	0	0	0	0	0	0	0	0
92e1a3de0b752d024949642a702e48b3	0	0	0	0	0	0	0	0	0	0	12	0	0	0	0	0	0	0	0	0	0	0	0	0	15	0	0	0	0	0
8cd0f522fe6a8d7e45570fccc020a8ba	0	0	0	0	0	0	0	0	0	0	11	0	0	0	0	0	0	0	0	0	0	0	0	0	2	102	0	2	0	1
a9fcd0d292e87cbd6bb314455fab26eb	0	0	0	0	0	0	0	0	0	0	11	2	0	0	0	0	0	7	0	0	0	0	0	0	48	0	1	0	5	0
28ad1cfc2e83aeb40e4617a0a919b168	0	0	0	0	0	0	0	0	0	0	11	0	0	0	0	0	0	0	0	0	0	0	0	0	0	0	0	0	0	0
28acde0bee915241ed4d1a794491e2c3	0	0	0	0	0	0	0	0	0	0	11	0	0	0	0	0	0	0	1	0	3	0	0	3	0	0	6	16	2	9
e8e7f634e30eccc567a369d1603381f2	0	0	0	0	0	0	0	0	0	0	11	0	0	0	17	0	0	0	0	0	0	0	0	0	0	10	0	0	0	0
08ceddb1091468315545373119682979	0	0	0	0	0	0	0	0	0	0	10	0	0	0	0	0	0	1	0	0	0	0	0	0	36	19	0	0	0	0
2d4e44b0ac2259225ee5d2f5f8342db0	0	0	0	0	0	0	0	0	0	0	10	0	0	0	0	0	0	0	0	0	0	0	0	0	0	0	0	0	0	0
fcaf96d4f4b5b147ff86fb048eae36ca	0	0	0	0	0	0	0	0	0	0	10	0	0	10	0	0	0	0	0	0	0	0	0	0	41	0	0	0	0	0
69c626893a78e73e259a1e0e70f5c75b	0	0	0	0	0	0	0	0	0	0	9	0	0	0	0	7	0	0	0	0	0	0	0	0	0	0	0	0	0	0
d5ddcc37d44df97f77eeb62cbf84a96f	0	0	0	0	0	0	0	0	0	0	9	0	0	2	0	0	0	0	0	0	0	0	0	0	5	0	0	0	0	0
ba0d25bf03aff96cda75a78f0dece465	0	0	0	0	0	0	0	0	0	0	9	14	0	0	0	0	0	0	0	0	0	0	0	0	0	0	0	7	15	2
b4b4aee96d8bc24bfd61e3da368889fb	0	0	0	0	0	0	0	0	0	0	8	0	1	0	0	0	0	30	0	0	0	0	0	0	0	0	0	0	0	0
0b02d9e6285d13c28454180dea163a8c	0	0	0	0	0	0	0	0	0	0	8	3	0	14	0	0	0	0	0	0	0	0	0	2	1	0	0	3	0	0
53e29dcbab2d0bd16c0d3d56df40bf33	0	0	0	0	0	0	0	0	0	0	7	0	0	0	0	0	0	0	1	0	0	0	0	0	9	0	0	0	0	0
309794b5039fc273bd90366a7b296722	0	0	0	0	0	0	0	0	0	0	7	0	0	0	0	0	0	0	0	0	0	0	0	0	0	8	0	0	0	0
4a5ed8141eb6f4f21ca9a9f9290c2910	0	0	0	0	0	0	0	0	0	0	7	0	0	0	0	0	0	0	0	0	0	0	0	0	0	10	0	1	0	0
ce2985efdafe8f76c3d340c4f472fb08	0	0	0	0	0	0	0	0	0	0	7	0	0	0	0	0	0	0	0	0	0	0	0	0	16	1	0	0	0	0
450aca14d71211e5cb77d4ea220e0cdd	0	0	0	0	0	0	0	0	0	0	6	0	0	0	0	0	0	0	0	0	0	0	0	0	4	0	0	0	0	0
a42a7c44def24c08cde46226a1fa8055	0	0	0	0	0	0	0	0	0	0	6	0	0	0	0	0	0	0	0	0	0	0	0	0	50	0	0	0	0	0
31cb25090583821b12f9966c740a9da3	0	0	0	0	0	0	0	0	0	0	5	5	0	0	0	22	0	0	0	0	2	0	0	3	0	0	0	0	3	0
f549a6f5f6e1e2aa9879dd397bbd7b0c	0	0	0	0	0	0	0	0	0	0	5	1	0	2	0	0	0	0	0	0	0	0	0	0	0	0	0	2	0	0
dd61169b20054820b7c4c20e2e9ef78f	0	0	0	0	0	0	0	0	0	0	5	0	0	0	0	0	0	2	0	0	0	0	0	0	6	0	0	0	0	0
2c9bf7f9f6620a0d55478c02754ba2a9	0	0	0	0	0	0	0	0	0	0	5	0	0	0	0	0	0	0	0	0	0	0	0	0	0	0	0	0	7	0
fa09716faf056fa88e40e1401577c940	0	0	0	0	0	0	0	0	0	0	5	0	0	0	0	0	0	0	0	0	0	0	0	0	23	0	0	0	0	0
c80e2cef6e8a64ab221d3c961bc975c5	0	0	0	0	0	0	0	0	0	0	5	0	0	0	0	0	0	0	0	0	0	0	0	0	0	0	3	0	0	2
5147aabf492802336051961b750c2fcf	0	0	0	0	0	0	0	0	0	0	5	0	0	0	0	0	0	0	0	0	0	0	0	0	14	0	0	0	0	0
575e52ce7c88491bd5d406b0c6441be8	0	0	0	0	0	0	0	0	0	0	4	0	0	0	0	0	0	0	0	0	0	0	0	0	0	0	0	0	22	0
bad90efe6ae4ebcc8ffc73ac9b88dfd4	0	0	0	0	0	0	0	0	0	0	4	0	0	1	2	0	0	0	0	0	0	0	0	0	5	0	0	1	0	0
04dc1582d7be19e63a9969bbf18faaf6	0	0	0	0	0	0	0	0	0	0	4	0	0	0	0	1	0	2	0	0	0	0	0	0	12	0	0	0	0	0
e4633318144b5b4fa623788551086b1c	0	0	0	0	0	0	0	0	0	0	4	0	0	0	0	0	0	3	0	0	0	0	0	0	5	0	0	0	0	0
ecd54a8e917422f74b23e581d31f5c90	0	0	0	0	0	0	0	0	0	0	4	3	0	0	0	0	0	0	0	0	0	0	0	0	7	0	0	0	0	0
898b839135d2baa98d67e049cef6292a	0	0	0	0	0	0	0	0	0	0	4	0	1	0	0	0	0	0	0	0	0	0	0	1	1	8	0	0	0	0
62c25252f6ff97f43b9134a9f23c8298	0	0	0	0	0	0	0	0	0	0	4	0	0	0	0	6	0	0	0	0	0	0	0	0	0	0	0	0	1	0
7bc678c4b001ddf649bf5515bca8f817	0	0	0	0	0	0	0	0	0	0	3	0	0	0	0	0	0	0	0	0	0	0	0	0	4	7	0	0	2	0
f0c38d2fb32b252d73a1f4e3845dae94	0	0	0	0	0	0	0	0	0	0	3	0	0	0	0	0	0	0	0	0	0	0	0	0	20	0	0	2	0	0
fa5339b53bb39deae8c8f6a850f76112	0	0	0	0	0	0	0	0	0	0	3	0	0	0	0	0	0	3	0	0	0	0	0	0	0	0	1	0	3	1
121c5ccde75aa074f5c1ea089fa19f31	0	0	0	0	0	0	0	0	0	0	3	4	0	0	0	0	0	12	0	0	0	0	0	0	0	0	3	0	0	1
1c1142b5610d24074a1c3f0a62541f17	0	0	0	0	0	0	0	0	0	0	3	0	0	0	0	0	0	2	0	0	0	0	0	0	3	0	0	2	0	0
3625da6b199f9deb15dc2ecc4920c6e8	0	0	0	0	0	0	0	0	0	0	3	1	0	0	0	2	0	0	0	0	0	0	0	0	0	0	0	4	0	0
a2ebf88fe98ad469d349e8eb40b946dd	0	0	0	0	0	0	0	0	0	0	3	0	0	0	0	0	0	17	0	0	0	0	0	0	36	0	0	0	0	0
dcef53db01c7bc3c9feaff792570a78c	0	0	0	0	0	0	0	0	0	0	3	0	0	0	3	0	0	0	0	0	0	0	0	0	0	12	0	0	0	0
2ff008c082c9b39c83a6c0f7d7f65e62	0	0	0	0	0	0	0	0	0	0	3	0	0	0	14	0	0	2	0	0	0	0	0	0	3	0	0	1	1	2
a1638e82af9c3932efe893e3d07fa7e4	0	0	0	0	0	0	0	0	0	0	3	0	0	0	0	0	0	0	0	0	0	0	0	0	7	0	1	0	0	0
e6ca1e31667c1a88b701514b976fa3c7	0	0	0	0	0	0	0	0	0	0	3	0	1	0	6	0	0	1	0	0	0	0	0	2	0	0	0	0	0	0
3af6588d0e2c8a786fff04d3c0641c25	0	0	0	0	0	0	0	0	0	0	2	1	0	3	0	0	0	0	0	0	0	0	0	0	0	9	0	0	0	1
75719e31bafff01570352adf11a8e52c	0	0	0	0	0	0	0	0	0	0	2	0	0	0	18	0	0	0	0	0	0	0	0	0	0	0	0	0	0	0
4877e27b74b4ecdcf8c14d0bffa074f0	0	0	0	0	0	0	0	0	0	0	2	0	0	0	0	1	0	8	0	0	0	0	0	0	0	0	0	0	0	0
2f5d76a6aed271685446804499743dcc	0	0	0	0	0	0	0	0	0	0	2	0	0	0	0	0	0	10	0	0	0	0	0	0	16	0	0	0	0	0
02e8633f3751f16c4e171e320e709e45	0	0	0	0	0	0	0	0	0	0	2	0	0	0	0	0	0	4	0	0	1	0	0	2	6	0	0	0	0	0
5014e3077877b2fde7ab58bfbd8c9877	0	0	0	0	0	0	0	0	0	0	2	0	0	0	0	0	0	0	0	0	0	0	0	0	25	0	0	0	0	0
3878693f43ce009833d94085807097f8	0	0	0	0	0	0	0	0	0	0	2	0	0	0	0	0	0	2	0	0	0	0	0	6	0	0	0	3	0	1
0982f42ae428d47dc9f7e501630d4883	0	0	0	0	0	0	0	0	0	0	2	0	0	0	0	0	0	23	1	0	0	0	0	0	6	225	0	4	0	0
fd7ce6eb7cca99c69de32431f0bc0c4e	0	0	0	0	0	0	0	0	0	0	2	0	0	0	0	0	0	0	0	0	0	0	0	1	10	2	0	1	0	1
c552e4d27ba22b7f0229f92d375ba42d	0	0	0	0	0	0	0	0	0	0	2	3	0	0	0	0	0	0	0	0	0	0	0	1	4	0	0	1	2	0
6157c56e6779cab5f80b1b6f84fc7533	0	0	0	0	0	0	0	0	0	0	2	0	1	0	0	0	0	75	0	0	0	0	0	0	0	0	0	6	0	0
c84a69432aa56e4f5801a28cb0deec9b	0	0	0	0	0	0	0	0	0	0	2	1	0	0	0	0	0	11	0	0	0	0	0	0	0	0	0	0	0	0
f55f7599c7b9f860cb25a4fce2fb3a20	0	0	0	0	0	0	0	0	0	0	2	10	0	0	0	0	0	0	0	0	0	0	0	4	0	0	6	1	7	1
2500c5a4260613c4e499d47ba45b1543	0	0	0	0	0	0	0	0	0	0	2	0	1	0	1	0	0	0	1	0	0	0	0	0	6	0	0	3	0	0
1d89a0a18ef8d349c02ed7c44f624cd8	0	0	0	0	0	0	0	0	0	0	2	0	0	0	0	0	0	0	0	0	0	0	0	0	11	0	0	0	0	0
ba6143ed70d893dfea0bac1421901f13	0	0	0	0	0	0	0	0	0	0	2	0	1	0	0	0	0	4	0	0	0	0	0	3	1	1	1	0	5	0
43ba97760b9f68beb49b0d60fb513d0f	0	0	0	0	0	0	0	0	0	0	2	0	0	0	0	0	0	0	0	0	1	0	0	1	8	0	0	0	0	0
d44fd8f135b25a86155a69425ccedf79	0	0	0	0	0	0	0	0	0	0	2	0	0	0	0	0	0	0	0	0	0	0	0	0	9	0	0	1	0	0
e504d155469a119462d50e55c86921b5	0	0	0	0	0	0	0	0	0	0	2	0	0	0	7	0	0	0	0	0	0	0	0	0	0	0	0	1	0	0
0db7b3b60ccea2f814189d45dec05989	0	0	0	0	0	0	0	0	0	0	2	0	0	0	0	0	0	12	0	0	0	0	0	0	0	0	0	0	0	0
932efe80752c8d0d8b0b6d42f9fdca80	0	0	0	0	0	0	0	0	0	0	2	2	0	0	0	0	0	0	0	0	0	0	0	0	1	0	1	5	5	0
80a8720e01438eb48176d9aac6884ddb	0	0	0	0	0	0	0	0	0	0	2	4	0	17	0	2	0	0	0	0	0	0	0	0	0	0	2	1	3	1
149875a89f1919c1b9fecbc5d2fb07d9	0	0	0	0	0	0	0	0	0	0	2	0	0	0	0	0	0	0	0	0	0	0	0	0	0	37	0	0	0	0
183fafda6c63f4f8745086daf9c52e03	0	0	0	0	0	0	0	0	0	0	2	0	0	0	0	0	0	0	0	0	0	0	0	0	27	0	0	0	0	0
54c37e4aee64fdbcb36baf5a32c55fc2	0	0	0	0	0	0	0	0	0	0	2	0	0	0	0	5	0	0	1	0	0	0	0	0	4	0	0	0	0	0
7e8be5430ca233d590fb887cfca163f5	0	0	0	0	0	0	0	0	0	0	2	0	0	0	0	0	0	2	0	0	0	0	0	0	40	0	0	0	0	0
bfd63f392d7b7b2a0655360dad1446e8	0	0	0	0	0	0	0	0	0	0	2	0	0	0	0	0	0	0	0	0	0	0	0	0	41	0	0	0	0	0
06bb50c69b31165714c922cad880168c	0	0	0	0	0	0	0	0	0	0	2	0	0	0	0	0	0	2	3	0	0	0	0	0	2	0	0	1	2	4
77575efd24457082521e89b827458d3f	0	0	0	0	0	0	0	0	0	0	2	0	0	0	0	0	0	2	0	0	0	0	0	0	4	0	0	1	1	0
805c041d95c3d417439ad41a064a8779	0	0	0	0	0	0	0	0	0	0	2	0	0	0	0	0	0	2	0	0	0	0	0	0	10	2	0	0	0	0
8a11ae252c971d57bdabb12011aff307	0	0	0	0	0	0	0	0	0	0	2	0	0	0	0	0	0	0	0	0	0	0	0	0	0	42	0	0	0	0
458bcd81f90b8e4760dd55011cd1411f	0	0	0	0	0	0	0	0	0	0	2	0	0	1	0	1	0	0	0	0	0	0	0	0	0	10	0	1	1	0
f595be87a72a74db54634488c41bcdf0	0	0	0	0	0	0	0	0	0	0	2	0	0	0	1	0	0	0	1	0	3	0	0	1	0	0	0	0	5	0
80ea11e928ca62075e6f16b41eaeb51c	0	0	0	0	0	0	0	0	0	0	2	0	0	0	10	0	0	0	0	0	0	0	0	0	3	0	0	0	0	0
3764f7edae4b12b4199da2b63bc2f685	0	0	0	0	0	0	0	0	0	0	2	0	0	0	0	0	0	1	0	0	0	0	0	0	6	17	0	0	0	0
6c132d2570f779a53483631f01d73cab	0	0	0	0	0	0	0	0	0	0	2	0	0	0	1	0	0	0	0	0	5	0	0	0	6	0	0	2	0	0
74aa9afae4fe60b1ef2c4f54db4ddac0	0	0	0	0	0	0	0	0	0	0	2	0	0	0	0	3	0	7	0	0	0	0	0	0	0	0	0	0	1	1
0a566706b2b69e41935da479b864ba0c	0	0	0	0	0	0	0	0	0	0	2	0	0	0	3	0	0	0	0	0	0	0	0	0	1	1	0	3	0	0
c4b884975d903889cf2af6d4733f5216	0	0	0	0	0	0	0	0	0	0	1	0	3	0	0	0	0	0	0	0	0	0	0	0	0	22	0	0	0	0
fd8cd872d6bd53e6ebb4da39aff8a229	0	0	0	0	0	0	0	0	0	0	1	0	0	0	0	0	0	0	6	0	3	0	0	0	0	0	1	4	0	0
c97233adfbe173029da2f0c70807fe93	0	0	0	0	0	0	0	0	0	0	1	0	0	0	0	0	0	0	0	0	5	0	0	2	0	0	1	0	0	2
1d6be5505414250cd7d6418d6e28893c	0	0	0	0	0	0	0	0	0	0	1	0	0	1	0	0	0	0	0	0	0	22	39	0	0	0	3	1	4	0
c935bc0c72e0a3a1f0f684f11db89ddb	0	0	0	0	0	0	0	0	0	0	1	0	0	0	0	0	0	0	0	0	0	0	0	0	9	0	0	0	0	0
2bb06de69bd288bdc5cd9a0052bb85f0	0	0	0	0	0	0	0	0	0	0	1	0	0	0	1	4	0	4	0	0	0	0	0	0	0	0	0	2	0	0
8b45bccd06bf107627840b6b226db5f1	0	0	0	0	0	0	0	0	0	0	1	1	0	0	0	0	0	0	0	0	0	0	0	0	0	0	2	0	19	4
549f91b82e9d07d9c2df7968921cab7f	0	0	0	0	0	0	0	0	0	0	1	0	0	0	0	0	0	0	0	0	0	0	0	0	0	17	0	0	0	0
6c9cade79508f2c2d4e0b062b7b60d6c	0	0	0	0	0	0	0	0	0	0	1	5	0	2	0	0	0	0	0	0	0	0	0	0	0	3	3	7	13	0
f41c7c720c405d09dc690d006be8598f	0	0	0	0	0	0	0	0	0	0	1	0	0	0	6	10	0	0	0	0	0	0	0	0	0	13	0	11	3	0
064491dd298697d15d097145a2cff256	0	0	0	0	0	0	0	0	0	0	1	0	0	0	0	0	0	0	0	0	0	0	0	0	9	0	0	0	0	0
a8c8f329c253225b7b6218a301755f81	0	0	0	0	0	0	0	0	0	0	1	0	0	0	6	4	0	0	0	0	0	0	0	0	0	0	0	0	0	0
3a4474f695a3c50522e0075f1af484a3	0	0	0	0	0	0	0	0	0	0	1	4	0	0	0	0	0	24	0	0	0	0	0	0	0	0	0	1	0	0
e2498bf217f9c29c67f3e9b1880589fe	0	0	0	0	0	0	0	0	0	0	1	2	0	0	0	0	0	0	0	0	0	0	0	0	0	7	0	0	0	0
0546f398d03ddfff5aff27d85493a1e8	0	0	0	0	0	0	0	0	0	0	1	2	0	0	0	8	0	3	0	0	2	0	0	0	0	0	0	1	0	0
4d5e0e1a0fdbc2f0cb15ce7c6c213e94	0	0	0	0	0	0	0	0	0	0	1	0	0	0	4	1	0	3	0	0	0	0	0	2	0	0	1	0	3	0
7f538564c36eba6bb62e966413ce7e46	0	0	0	0	0	0	0	0	0	0	1	0	0	0	0	0	9	0	0	0	0	0	0	0	0	4	0	0	0	0
3110ee1033ab38722c8d70b6a0c96126	0	0	0	0	0	0	0	0	0	0	1	0	0	0	1	0	0	0	0	0	0	0	0	0	0	101	0	0	0	1
68116d2f5e2c7fb92937e26a399d661b	0	0	0	0	0	0	0	0	0	0	1	0	0	0	11	0	2	0	0	0	0	0	0	0	0	0	0	0	0	0
6ec81585976b6667fe1beaf031f54a02	0	0	0	0	0	0	0	0	0	0	1	0	0	0	0	0	0	0	0	0	0	0	0	0	0	36	0	0	0	0
8e8d986b76494036ea2245d180e6b014	0	0	0	0	0	0	0	0	0	0	1	3	0	0	0	0	0	0	1	0	2	0	0	1	22	53	0	4	0	1
a323b2769983e19a82679809758db9b1	0	0	0	0	0	0	0	0	0	0	1	0	0	0	0	0	0	3	0	0	0	0	0	0	0	9	0	0	0	0
534ecd7f8869bb8a3bdd643b40ed5626	0	0	0	0	0	0	0	0	0	0	1	0	0	0	0	1	0	3	0	0	0	0	0	0	0	0	0	1	6	0
2e985f793d3bc9cd6ca9aa58cdc71e56	0	0	0	0	0	0	0	0	0	0	1	0	0	0	0	0	0	0	0	0	0	0	0	0	2	11	0	0	0	0
f1f290b9ee649a451acf2b0e5125b938	0	0	0	0	0	0	0	0	0	0	1	0	0	0	0	2	0	3	1	0	0	0	0	0	3	0	1	0	8	5
cdfcb96dee51dca12350051c95325f59	0	0	0	0	0	0	0	0	0	0	1	0	0	0	0	0	0	0	4	0	5	0	0	0	0	0	2	0	0	1
b35ff52e714369568c30e74c889d65cc	0	0	0	0	0	0	0	0	0	0	1	1	0	0	0	0	0	0	0	0	0	0	0	0	0	23	0	1	3	0
c069394b285c1cd4cc90885a774430cc	0	0	0	0	0	0	0	0	0	0	1	0	0	0	0	0	0	11	0	0	0	0	0	0	0	0	0	0	0	0
040f29ff895a075f1c77a5c83ee528ec	0	0	0	0	0	0	0	0	0	0	1	0	6	0	0	0	0	2	0	0	0	0	0	1	0	0	0	1	0	0
93b32a3da458ee0a3ea95491e1ea22f7	0	0	0	0	0	0	0	0	0	0	1	1	1	0	3	14	0	0	0	0	0	0	0	0	0	0	0	0	0	0
8098bdffd6c176c730d629796ca05d69	0	0	0	0	0	0	0	0	0	0	1	0	0	0	0	0	0	0	0	0	0	0	0	5	0	0	0	2	1	1
40f6de5bf0be6f675103cc39a7932ba2	0	0	0	0	0	0	0	0	0	0	1	0	0	0	0	0	0	1	0	0	0	0	0	0	11	0	0	0	0	0
f7d840316ce4c32e624d75efe634b431	0	0	0	0	0	0	0	0	0	0	1	0	0	0	0	0	0	11	0	0	0	0	0	0	0	0	0	0	0	0
d61a24a0dd67ca93a67a74ebc4d8b59f	0	0	0	0	0	0	0	0	0	0	1	0	0	0	0	0	0	55	0	0	0	0	0	0	0	0	0	0	0	1
04bf42bf95a08e8e1440a5b2a99efc9c	0	0	0	0	0	0	0	0	0	0	1	0	0	4	0	5	0	0	0	0	0	0	0	0	0	0	0	0	0	0
d273ca50d886eda3d1d70633b5e8b8b1	0	0	0	0	0	0	0	0	0	0	1	0	9	0	1	0	0	0	0	0	0	0	0	0	0	26	0	1	0	0
ad0f7948369b8b41ca8ce8b45d1d35d0	0	0	0	0	0	0	0	0	0	0	1	1	0	1	2	4	0	0	0	0	0	0	0	0	1	0	0	0	0	0
2c57d4974829ef1fa44ef35318fc98e9	0	0	0	0	0	0	0	0	0	0	1	1	0	0	0	0	0	0	0	0	0	0	0	0	24	0	0	0	0	0
eb9e0e26f3af22fbde5ba2029e47942d	0	0	0	0	0	0	0	0	0	0	1	0	0	0	0	0	0	1	0	0	0	0	0	0	2	11	0	1	4	0
e01bdd17e5be0547dd39369f67154986	0	0	0	0	0	0	0	0	0	0	1	0	0	0	0	0	0	0	0	0	0	0	0	0	0	12	0	0	0	0
e6541c77c2fdc9e975d0d621145a00fb	0	0	0	0	0	0	0	0	0	0	1	0	0	0	0	0	0	5	0	0	0	0	0	0	0	0	0	0	5	0
294beaf56c07542fcd1999a3e0e3c364	0	0	0	0	0	0	0	0	0	0	1	3	0	1	0	3	0	0	0	0	0	0	0	3	0	0	0	0	0	0
fe6fb9f3ce2fd5049ed171d596ad935c	0	0	0	0	0	0	0	0	0	0	1	1	0	0	9	0	0	0	0	0	0	0	0	0	0	0	0	0	0	0
d4c9a128b7e3390635f2be2ef5cbf621	0	0	0	0	0	0	0	0	0	0	1	0	0	0	0	0	0	14	0	0	0	0	0	0	0	0	0	3	0	0
655e5167553fb77e3e8ce33e5de74be6	0	0	0	0	0	0	0	0	0	0	1	0	0	0	0	0	1	1	0	0	0	0	0	0	0	117	0	0	0	0
86f8105e955c8ad74e772867e32d42f0	0	0	0	0	0	0	0	0	0	0	1	0	0	0	0	0	0	0	1	0	1	0	0	0	0	0	2	0	0	8
869c463b4f1b9f4079b6be8e1875a983	0	0	0	0	0	0	0	0	0	0	1	0	0	0	0	0	0	0	0	0	0	0	0	0	0	16	0	0	0	0
5cc39da53214436abd40279c06b13564	0	0	0	0	0	0	0	0	0	0	1	0	0	0	0	1	0	8	0	0	0	0	0	0	0	0	0	2	0	1
50dc79f4e7a8e723edbdfd7bc0a5eadb	0	0	0	0	0	0	0	0	0	0	1	0	0	0	0	0	0	0	0	0	0	0	0	0	13	0	0	0	0	0
0652b09dab25986fdf09035313114ffd	0	0	0	0	0	0	0	0	0	0	1	0	0	4	2	1	0	0	0	0	0	0	0	0	1	0	0	0	0	1
7a7cff83742a45a3495d17eb4b8f72a5	0	0	0	0	0	0	0	0	0	0	1	0	0	0	0	0	0	7	0	0	0	0	0	3	0	0	1	2	0	0
f27e53203497a6e252308f144c03816c	0	0	0	0	0	0	0	0	0	0	1	1	0	0	0	0	0	0	0	0	0	0	0	0	4	117	0	0	0	0
7743debf722dc677f664aaa0b958ddf0	0	0	0	0	0	0	0	0	0	0	1	4	0	0	0	0	0	11	0	0	0	0	0	2	0	0	0	2	0	0
54c0a80e188fbbd5df4cb854fc23ab93	0	0	0	0	0	0	0	0	0	0	1	0	0	0	0	0	0	0	0	0	0	0	0	0	0	49	0	0	0	0
e1d6cdf374b4b5c947d28cf7c2d6b02f	0	0	0	0	0	0	0	0	0	0	1	0	0	0	0	0	0	6	0	0	0	0	0	0	6	0	0	0	0	1
dbe410bf2474707e8982e1de252d9c93	0	0	0	0	0	0	0	0	0	0	1	1	0	1	1	3	0	0	0	0	0	0	0	0	0	0	0	1	1	1
33fc721364f7eb9d41278337af013f0f	0	0	0	0	0	0	0	0	0	0	1	0	0	0	0	2	0	2	0	0	0	0	0	2	0	2	0	2	5	0
e4c7665dc0a4be10b6e2ed6c628003b6	0	0	0	0	0	0	0	0	0	0	0	49	0	0	0	0	0	0	0	0	0	0	0	4	0	0	0	0	0	0
0bbcf6827eaacb50e15418f6a5132889	0	0	0	0	0	0	0	0	0	0	0	48	0	0	0	0	1	0	0	0	0	0	0	3	0	0	0	43	0	0
d9cc243ed1727640638bd0363b5f0a48	0	0	0	0	0	0	0	0	0	0	0	43	0	0	0	0	0	0	0	0	0	0	0	0	0	0	0	0	0	0
d5ee8aea5ca6da15131973ae42590e60	0	0	0	0	0	0	0	0	0	0	0	38	0	0	0	0	0	0	0	0	10	0	0	1	0	0	0	0	0	0
818f864c0809e76b5cf639aaf5b94b72	0	0	0	0	0	0	0	0	0	0	0	33	0	0	0	0	0	0	0	0	4	0	0	0	0	0	0	5	3	0
5e3d6bc4d121af8b47a59baaacc13534	0	0	0	0	0	0	0	0	0	0	0	28	0	0	0	0	0	0	0	0	0	0	0	0	0	0	0	5	3	0
51738b753135fb19ac6bbe651d9fdda6	0	0	0	0	0	0	0	0	0	0	0	25	0	0	0	0	0	3	0	0	3	0	0	1	0	0	0	0	46	0
d059511130afc66b59815b4b057eb982	0	0	0	0	0	0	0	0	0	0	0	20	0	0	0	0	1	58	0	0	0	0	0	0	0	0	0	2	0	0
e442616208cfe502da4bac9c318af9fa	0	0	0	0	0	0	0	0	0	0	0	19	0	0	0	0	0	0	0	0	0	0	0	2	0	0	0	1	1	0
74e62afd427f657a5b333892c57be67f	0	0	0	0	0	0	0	0	0	0	0	19	0	0	0	0	0	7	0	0	0	0	0	98	0	0	2	200	0	0
a059ce58b4d26ae649b8c873bfd9a7ea	0	0	0	0	0	0	0	0	0	0	0	18	0	0	0	0	0	0	0	0	0	0	0	1	3	0	0	4	12	0
4e5c191a1f5fee0761747cbc8a55a9b8	0	0	0	0	0	0	0	0	0	0	0	18	0	0	0	0	0	0	0	0	0	0	0	0	0	0	0	0	3	0
3a2a00021bc2bc17c116887b6738840c	0	0	0	0	0	0	0	0	0	0	0	17	0	0	0	0	0	0	0	0	0	0	0	6	0	0	5	1	7	10
cc407496e056659d78343e8e0d99a5db	0	0	0	0	0	0	0	0	0	0	0	17	0	0	0	0	0	0	2	0	0	0	0	0	0	0	0	0	0	0
fb73936f03ca00133d8034327c3c678f	0	0	0	0	0	0	0	0	0	0	0	17	0	0	0	0	0	12	0	0	2	0	0	1	0	0	0	2	1	0
5c75fab5e00b3aed0f77c5cbd5a42c3e	0	0	0	0	0	0	0	0	0	0	0	16	0	0	0	0	0	0	2	0	0	0	0	0	0	0	0	0	0	0
8af7e7cf57076ac722cea95ab0fb65dc	0	0	0	0	0	0	0	0	0	0	0	14	0	0	0	0	0	0	0	0	0	0	0	14	0	0	0	37	1	2
18b1d358666d20c1b16abd10ea6cfeb4	0	0	0	0	0	0	0	0	0	0	0	14	0	0	0	0	0	0	0	0	0	0	0	0	0	0	0	0	0	0
40e95d9764eaf124cd019b3c04bfee13	0	0	0	0	0	0	0	0	0	0	0	14	0	0	0	0	0	0	0	0	0	0	0	0	0	0	0	6	0	0
8066fee7354d4faea4549fe23664fbd2	0	0	0	0	0	0	0	0	0	0	0	14	0	0	0	0	0	0	0	0	0	0	0	1	0	0	0	1	1	0
c60a59408a738ccd23b231823d611cbc	0	0	0	0	0	0	0	0	0	0	0	13	0	0	0	0	0	0	0	0	0	0	0	0	0	0	0	5	5	0
43c6fa8125cfe58b3d24c7fb46b9cdf5	0	0	0	0	0	0	0	0	0	0	0	13	0	0	0	0	0	0	0	0	0	0	0	0	0	0	0	2	0	0
9a699a35ad0e92a56d18b2db641340c5	0	0	0	0	0	0	0	0	0	0	0	12	0	0	0	0	0	0	0	0	0	0	0	0	0	0	0	1	0	0
0fb3c9144a4846d190e49f8c0bed2bf0	0	0	0	0	0	0	0	0	0	0	0	12	0	0	1	0	0	0	0	0	0	0	0	0	0	0	0	16	4	0
2c3cedc3b89c3bcedd9574f63e68c68e	0	0	0	0	0	0	0	0	0	0	0	12	0	0	0	0	0	0	0	0	0	0	0	1	0	0	2	4	5	1
51a76a4d98972e67269a5c2cde4b1baf	0	0	0	0	0	0	0	0	0	0	0	12	149	0	0	0	0	0	0	0	0	0	0	0	0	0	0	12	0	0
f52447eb6f60273df6680aaff265ec8d	0	0	0	0	0	0	0	0	0	0	0	12	0	0	0	0	0	0	0	0	0	0	0	0	0	0	0	1	0	0
0526176300212145cf4d48d87891c063	0	0	0	0	0	0	0	0	0	0	0	12	0	0	0	0	0	0	1	0	1	0	0	9	0	0	3	3	7	3
b0200add9c81b538bf1d5732ceac8ce1	0	0	0	0	0	0	0	0	0	0	0	11	0	0	0	0	0	20	0	0	0	0	0	1	0	0	0	0	7	2
17f2a00d7a5a3a2394a95b974af408ae	0	0	0	0	0	0	0	0	0	0	0	11	0	0	0	0	0	0	0	0	0	0	0	0	0	0	0	5	0	0
f4af2755210ff5e3b6ed3798441c2648	0	0	0	0	0	0	0	0	0	0	0	11	0	0	0	0	0	0	0	0	0	0	0	0	0	0	0	1	0	0
2f85508dd28012e206dd64aa7f488ae7	0	0	0	0	0	0	0	0	0	0	0	11	0	0	0	0	0	0	0	0	0	0	0	0	0	0	0	5	0	0
e0ece5c78cf70aaa992a054c7c67861a	0	0	0	0	0	0	0	0	0	0	0	11	0	0	0	0	0	0	0	0	0	0	0	0	0	0	0	0	0	0
da28fed531393b4a76fcd4076b65ae97	0	0	0	0	0	0	0	0	0	0	0	11	0	0	0	0	0	0	0	0	1	0	0	3	0	0	0	1	0	0
a230a75a0ba46cceca1467a058e24e0a	0	0	0	0	0	0	0	0	0	0	0	11	0	0	0	0	0	0	0	0	0	0	0	1	0	0	0	4	0	0
6698ac9f61123184eadd1691f7ff046d	0	0	0	0	0	0	0	0	0	0	0	11	0	0	0	0	0	0	0	0	0	0	0	1	0	0	0	3	0	0
ccf64649408a5a53891902d7d6d552f1	0	0	0	0	0	0	0	0	0	0	0	11	0	0	0	0	0	0	0	0	0	0	0	5	0	0	0	10	12	9
3a9002d43b2abed2e59009557eb2d741	0	0	0	0	0	0	0	0	0	0	0	10	26	0	0	4	0	0	0	0	0	0	0	0	0	0	0	4	2	1
4a4ff044ad2e02aa02be99c3d3ead868	0	0	0	0	0	0	0	0	0	0	0	10	0	0	0	0	0	0	0	0	0	0	0	0	0	0	0	4	6	0
b69694501a6005de90d80de0c470e78a	0	0	0	0	0	0	0	0	0	0	0	10	0	0	0	0	0	0	0	0	1	0	0	0	0	0	0	4	0	1
88767c5a5ca7fe4af22f7e882457fba4	0	0	0	0	0	0	0	0	0	0	0	10	0	0	0	0	0	0	0	0	0	0	0	0	0	0	0	1	0	0
1a4ad89c438498bb37bbe8951c9598ea	0	0	0	0	0	0	0	0	0	0	0	10	0	0	0	0	0	0	0	0	0	0	0	0	0	0	0	1	0	0
778bdc80db3b2d1295bfb17805416ace	0	0	0	0	0	0	0	0	0	0	0	10	0	0	0	10	0	0	0	0	0	0	0	0	0	0	0	0	26	1
36b4291c11aa22e9fb100d80f2ac1406	0	0	0	0	0	0	0	0	0	0	0	10	0	0	0	0	0	0	4	0	3	0	0	0	0	0	0	0	0	0
4bff50eef90b8daca319d7b6e897f4e4	0	0	0	0	0	0	0	0	0	0	0	10	0	0	0	0	0	0	2	0	2	0	0	0	0	0	0	0	6	0
b7d1137de674f6d4afdb01256ca3abf7	0	0	0	0	0	0	0	0	0	0	0	10	0	0	0	0	0	0	0	0	0	0	0	1	0	0	0	0	0	0
c49082a8331dae3fb1587f99b5c69e34	0	0	0	0	0	0	0	0	0	0	0	9	0	0	0	0	0	0	0	0	1	0	0	0	0	0	0	0	0	0
1a1ca6db753367f37eaab9e4b6f67744	0	0	0	0	0	0	0	0	0	0	0	9	0	0	0	0	0	0	0	0	0	0	0	3	0	0	0	0	0	0
19b8cf53bfff1064e97c4082894d7bfd	0	0	0	0	0	0	0	0	0	0	0	9	0	0	0	0	0	1	0	0	0	0	0	0	0	0	0	2	16	1
ea8fb77637563d96f43389f58748abf5	0	0	0	0	0	0	0	0	0	0	0	9	0	0	0	0	0	0	0	0	0	0	0	0	0	0	1	0	0	0
938e7b11dbdb39f80b57928f0f7975d7	0	0	0	0	0	0	0	0	0	0	0	9	0	0	0	0	0	0	0	0	0	0	0	1	0	0	2	0	4	0
dbcbb5d5e1531889cffeb66f6fb80db7	0	0	0	0	0	0	0	0	0	0	0	9	0	0	0	0	0	0	0	0	0	0	0	6	0	0	2	2	0	0
244cd4702e0d0e1fd2acfea56b170d9c	0	0	0	0	0	0	0	0	0	0	0	9	0	0	0	0	0	0	0	0	0	0	0	2	0	0	0	5	9	1
94154bdc8468771b8f947733dfb2690c	0	0	0	0	0	0	0	0	0	0	0	9	0	0	0	0	0	0	0	0	0	0	0	0	0	0	0	0	2	0
d4a4a8af4a9601edf26e84cb7d70241b	0	0	0	0	0	0	0	0	0	0	0	9	0	0	0	0	0	0	4	0	19	0	0	4	0	0	36	23	25	37
22b1cdcbe804e829ea93627e17bce213	0	0	0	0	0	0	0	0	0	0	0	8	0	0	0	0	0	1	0	0	2	0	0	0	8	0	0	1	22	6
d5f991e67558b3b96ae6e7da9ae480f4	0	0	0	0	0	0	0	0	0	0	0	8	0	0	0	0	0	0	0	0	0	0	0	2	0	0	0	4	0	0
d39258b40d8995971d4c27778663c8c9	0	0	0	0	0	0	0	0	0	0	0	8	0	0	0	0	0	0	1	0	0	0	0	1	0	0	0	3	0	0
f8669e75c3c562d25b6eecadc3ea144b	0	0	0	0	0	0	0	0	0	0	0	8	0	17	0	0	0	0	1	0	0	0	0	7	0	0	0	16	0	0
285f83e2fc2b723db9c30d9197c2e896	0	0	0	0	0	0	0	0	0	0	0	8	0	0	0	0	0	0	0	0	0	0	0	0	0	0	0	2	0	0
04aa6d20ca49dbfc78a4cd6188894fa6	0	0	0	0	0	0	0	0	0	0	0	8	5	0	0	1	0	0	0	0	0	0	0	0	0	0	1	6	6	1
3d36b942d21c88171d56902b806f61ae	0	0	0	0	0	0	0	0	0	0	0	8	0	0	0	0	0	0	0	0	0	0	0	0	0	0	1	0	0	1
58de99d6037b3b44c350c8af900747cb	0	0	0	0	0	0	0	0	0	0	0	8	0	0	0	1	0	0	1	0	0	0	0	1	0	0	0	2	0	0
1b7395fa4163aa69e8f48cd2b46107af	0	0	0	0	0	0	0	0	0	0	0	8	0	0	0	0	0	0	0	0	0	0	0	0	0	0	0	2	0	0
3cea2308f0d2b8231403a90344af4851	0	0	0	0	0	0	0	0	0	0	0	8	0	0	0	0	0	0	0	0	0	0	0	0	0	0	3	0	0	0
b0e9f1759980cf10c3f74aa1e219e7e6	0	0	0	0	0	0	0	0	0	0	0	8	0	0	0	0	0	0	0	0	0	0	0	0	0	0	2	1	7	3
80b7e6789ef2e87a25cb1b3fc0ba6f7a	0	0	0	0	0	0	0	0	0	0	0	8	0	0	0	0	0	0	0	0	0	0	0	2	0	0	2	1	20	0
1a551e18ce7dda4a64b10fede3eda104	0	0	0	0	0	0	0	0	0	0	0	8	0	0	0	0	0	0	27	0	12	0	0	14	0	0	6	6	0	3
f1b86683623ce846b2d45377e21907a7	0	0	0	0	0	0	0	0	0	0	0	8	0	0	0	0	0	0	3	0	1	0	0	5	0	0	0	0	35	1
2892f4292f03ff6550782f50c8340a44	0	0	0	0	0	0	0	0	0	0	0	8	0	0	0	0	0	0	0	0	0	0	0	0	0	1	0	1	0	1
06158561a2d4b2e6267b0dc839b2bf37	0	0	0	0	0	0	0	0	0	0	0	8	0	0	2	0	0	2	0	0	0	0	0	1	0	0	0	1	0	0
dc4419c732a2b0e09369ed7ef10073b9	0	0	0	0	0	0	0	0	0	0	0	8	0	0	0	0	0	0	3	0	1	0	0	0	0	0	0	10	0	0
850a329f4b8ce83431068b5903a3ce2a	0	0	0	0	0	0	0	0	0	0	0	7	28	0	0	5	0	0	0	0	0	0	0	0	0	4	0	5	0	0
6b7a06e89c1c48c568f22443593a18c2	0	0	0	0	0	0	0	0	0	0	0	7	3	0	0	0	0	0	0	0	0	0	0	0	0	0	0	0	0	0
e9582a2ff3485920fa57f5bf48e1b857	0	0	0	0	0	0	0	0	0	0	0	7	0	0	0	0	0	0	0	0	0	0	0	0	0	0	0	0	5	0
1fe7938ca8db463f930be6afca916fc4	0	0	0	0	0	0	0	0	0	0	0	7	0	0	0	0	0	0	1	0	0	0	0	2	0	0	0	1	0	0
fad786e5192bc09245956094c4cbc04c	0	0	0	0	0	0	0	0	0	0	0	7	0	0	0	0	0	0	0	0	0	0	0	1	1	0	0	5	0	0
8c3076b6bc20e2ffbaceb0c7965f3413	0	0	0	0	0	0	0	0	0	0	0	7	0	0	0	0	0	0	0	0	0	0	0	6	0	0	0	17	0	0
7b4b544ccabeb9fe56cf39fcf6aaecd9	0	0	0	0	0	0	0	0	0	0	0	7	0	0	0	0	0	0	0	0	1	1	0	0	0	0	0	3	3	3
07d2dbd71bd4103f9511ea6bcd4a52e1	0	0	0	0	0	0	0	0	0	0	0	7	0	0	0	1	0	0	1	0	0	0	0	1	0	0	0	0	0	0
e37b20acd6299524b421b765fae0e5e0	0	0	0	0	0	0	0	0	0	0	0	7	0	0	0	1	0	0	0	0	0	0	0	1	0	0	0	1	0	0
4474c1433b9429549763b71b149defc1	0	0	0	0	0	0	0	0	0	0	0	7	0	0	0	0	0	0	0	0	0	0	0	1	0	0	1	0	1	0
ec5431a72cf32a77154e9293e28c5f4c	0	0	0	0	0	0	0	0	0	0	0	7	0	0	0	0	0	1	0	0	0	0	0	13	0	0	2	5	0	0
0e217dbe24996ef553f2402949b1a4c9	0	0	0	0	0	0	0	0	0	0	0	7	0	0	0	0	0	0	0	0	0	0	0	0	0	10	0	1	0	0
a80756bd20872329378afd5df2479483	0	0	0	0	0	0	0	0	0	0	0	7	0	0	0	0	0	0	0	0	0	0	0	0	0	0	0	4	0	0
3911284c3a88f96ed5c2faa037a5ee9c	0	0	0	0	0	0	0	0	0	0	0	7	0	0	0	0	0	3	0	0	0	0	0	4	0	0	0	1	0	0
41661c29e47aeb3310c561686b954aaf	0	0	0	0	0	0	0	0	0	0	0	7	0	0	0	0	0	0	0	0	0	0	0	1	0	0	2	0	0	0
2c228002e4ad6119c61aa799f49eacbe	0	0	0	0	0	0	0	0	0	0	0	7	0	0	0	0	0	0	4	0	0	0	0	0	0	0	0	2	2	0
6fec26e4c11bdd22fe5d76006c32cdc2	0	0	0	0	0	0	0	0	0	0	0	7	0	0	0	0	0	0	0	0	0	0	0	0	0	0	1	1	2	0
346a3bb67517fdc5d817b252bf2e65de	0	0	0	0	0	0	0	0	0	0	0	6	0	0	0	0	0	0	0	0	3	0	0	2	1	0	1	4	0	0
f3f958bf1fc56c860c9f82553030799e	0	0	0	0	0	0	0	0	0	0	0	6	39	0	0	0	0	0	0	0	0	0	0	2	0	0	5	0	12	3
0bfaa6b6fdc1cc950f1398bfd28e62a6	0	0	0	0	0	0	0	0	0	0	0	6	0	0	0	2	0	4	0	0	2	0	0	0	0	0	0	2	6	1
9b010a1c5dd7cb36994919996a6bea19	0	0	0	0	0	0	0	0	0	0	0	6	0	0	0	0	0	0	2	0	0	0	0	2	1	0	0	0	0	0
77135ec65f998471664594e94f9acf43	0	0	0	0	0	0	0	0	0	0	0	6	0	0	0	0	0	0	0	0	0	0	0	0	0	0	0	0	16	1
e392306fa5f94146945aa1bf3a451f57	0	0	0	0	0	0	0	0	0	0	0	6	0	0	0	0	0	0	0	0	0	0	0	0	0	0	0	0	4	0
1c0bfe1de6e2fc06b53a85646e8ec692	0	0	0	0	0	0	0	0	0	0	0	6	0	0	0	0	0	0	0	0	1	0	0	1	0	0	0	1	93	3
c3c2aad73edfa00d416940814f2876e9	0	0	0	0	0	0	0	0	0	0	0	6	0	0	0	0	0	0	1	0	0	0	0	1	0	0	0	1	3	0
5535ef7d9f5875ddac62d499719d164b	0	0	0	0	0	0	0	0	0	0	0	6	0	0	0	0	0	2	0	0	0	0	0	1	0	0	0	3	0	0
da5e06525b5e38c8c26b62380dda7a83	0	0	0	0	0	0	0	0	0	0	0	6	0	0	0	0	0	0	4	0	2	0	0	12	0	0	2	2	0	1
038fd5c55ae5a3577513e6ba5806cb84	0	0	0	0	0	0	0	0	0	0	0	6	0	0	0	0	0	0	1	0	0	0	0	0	0	0	0	1	7	1
baaed080a6622a0015fbccc71b19ecb0	0	0	0	0	0	0	0	0	0	0	0	6	0	0	0	0	0	0	0	0	0	0	0	0	0	0	0	1	3	0
b7c5173e466892e5bfbcd621eb5de91b	0	0	0	0	0	0	0	0	0	0	0	6	0	0	0	0	0	0	4	0	0	0	0	10	0	0	0	20	1	0
de1b1bc1dc0a459884bc851daf3ebc0d	0	0	0	0	0	0	0	0	0	0	0	6	0	0	0	0	0	0	0	0	0	0	0	0	0	0	0	5	0	0
ae2b446c270ae1d60f38f27dfea588c2	0	0	0	0	0	0	0	0	0	0	0	6	0	2	0	2	0	0	0	0	0	0	0	0	0	0	0	0	0	0
f498512e9d72a40844b971d4bc7e0b4d	0	0	0	0	0	0	0	0	0	0	0	6	0	0	0	0	0	27	0	0	0	0	0	0	0	0	0	1	0	0
0734011c7e8807bc89056a4b4f0b7e04	0	0	0	0	0	0	0	0	0	0	0	6	0	0	0	0	0	0	0	0	0	0	0	1	0	0	0	0	4	0
d1c453a88d6c82fe9b637975e1eca46c	0	0	0	0	0	0	0	0	0	0	0	6	0	0	0	4	0	0	0	0	0	0	0	0	0	0	0	0	0	0
807c2aa9bc01f87b94506d7956416efa	0	0	0	0	0	0	0	0	0	0	0	6	0	0	0	0	0	5	1	0	1	0	0	1	0	0	0	8	1	0
6e1e1caf0c3853df91237fbeec961594	0	0	0	0	0	0	0	0	0	0	0	6	0	0	0	0	0	0	0	0	0	0	0	1	0	0	0	0	9	0
89559151b7d1dc2ab9be0afcb47084af	0	0	0	0	0	0	0	0	0	0	0	6	0	0	1	5	0	0	0	0	1	0	0	0	0	0	0	0	0	2
583d52e92ddfe7bf52a540df2b7459f3	0	0	0	0	0	0	0	0	0	0	0	6	0	0	0	1	0	1	1	0	0	0	0	0	0	0	2	0	4	0
7b14a08ef2bde22098a2daf4dfd5f9eb	0	0	0	0	0	0	0	0	0	0	0	5	0	0	0	0	0	0	0	0	0	0	0	0	0	0	5	0	20	4
750e2ddfe2ba0578c54900b577a4e20e	0	0	0	0	0	0	0	0	0	0	0	5	0	0	0	0	0	0	1	0	0	0	0	6	0	0	7	5	3	8
4be4b2679fa5eb280d802d79e6dbe73f	0	0	0	0	0	0	0	0	0	0	0	5	0	0	0	0	0	0	0	0	0	0	0	0	0	0	0	2	13	1
50f389f9c3fc846237745fb8d71e4707	0	0	0	0	0	0	0	0	0	0	0	5	0	0	0	0	0	0	0	0	0	0	0	0	0	0	0	5	0	0
bbd536670e21d2bca7d711aafc77aa39	0	0	0	0	0	0	0	0	0	0	0	5	0	0	0	0	0	0	0	0	0	0	0	0	0	0	0	0	13	0
8712e7551d0c2abdfa2646984118a9d7	0	0	0	0	0	0	0	0	0	0	0	5	0	0	0	2	0	0	0	0	3	0	0	0	0	0	0	2	0	0
54d684f15fed57f8031ac86d3ef1ce98	0	0	0	0	0	0	0	0	0	0	0	5	0	0	0	0	0	0	0	0	0	0	0	0	0	5	0	0	1	0
61c4dbec2a8cf659d5422601986946cf	0	0	0	0	0	0	0	0	0	0	0	5	8	0	0	0	0	0	0	0	0	0	0	0	0	0	2	2	0	0
4973136afad5c898733618ae486874de	0	0	0	0	0	0	0	0	0	0	0	5	0	0	0	0	0	0	0	0	0	0	0	1	5	0	0	0	1	0
d37e4bbfb0124d9c29e024a8125fb60d	0	0	0	0	0	0	0	0	0	0	0	5	0	0	0	0	0	0	0	0	0	0	0	0	0	0	0	2	5	1
72e069200ba29cf800e5c70560718246	0	0	0	0	0	0	0	0	0	0	0	5	0	0	11	7	0	0	3	0	4	0	0	3	0	7	0	9	18	0
db367b64a716b8a5d9129dc4e4cf9fbe	0	0	0	0	0	0	0	0	0	0	0	5	117	0	12	15	0	0	2	0	0	0	0	0	0	0	0	36	0	12
0e94ee135ce84014a259ebec82780227	0	0	0	0	0	0	0	0	0	0	0	5	0	0	0	0	0	0	0	0	0	0	0	1	0	0	0	1	3	0
6a00bdca0b31c3052164181e3a41c504	0	0	0	0	0	0	0	0	0	0	0	5	2	0	0	0	1	0	0	0	0	0	0	1	0	0	0	2	0	0
a969b112363f53f0eb1916f270997a9d	0	0	0	0	0	0	0	0	0	0	0	5	0	0	0	0	0	0	0	0	0	0	0	1	0	0	0	2	4	0
add7f11fddf87d9276e18512b827fcb8	0	0	0	0	0	0	0	0	0	0	0	5	0	0	0	2	0	1	25	0	16	0	0	28	0	0	0	28	0	0
0a2cdbac1539d2f2ea76b2c615a5c311	0	0	0	0	0	0	0	0	0	0	0	5	0	0	0	0	0	0	0	0	0	0	0	1	0	0	1	0	4	0
1cda064f60d33d135c49a10430aa8644	0	0	0	0	0	0	0	0	0	0	0	5	0	0	0	2	0	4	0	0	0	0	0	0	0	0	0	0	1	1
e09d1cab7cf32dca87e16713a13570cf	0	0	0	0	0	0	0	0	0	0	0	5	0	0	0	0	0	0	0	0	8	0	0	6	0	0	4	10	4	2
450749cbe7ddbc91637353443e03ef60	0	0	0	0	0	0	0	0	0	0	0	5	0	0	0	0	0	0	1	0	0	0	0	3	0	0	0	8	0	0
f4766e8bea8559865834defc2e037b91	0	0	0	0	0	0	0	0	0	0	0	5	0	0	0	0	0	1	0	0	0	0	0	1	0	1	0	2	0	2
f84cfc3c777d000cbee6c1264d7a98fa	0	0	0	0	0	0	0	0	0	0	0	5	0	0	0	0	0	0	0	0	0	0	0	0	0	7	0	0	0	0
1885e1711507773dceb2518ca3a42326	0	0	0	0	0	0	0	0	0	0	0	5	0	0	0	0	0	0	0	0	0	0	0	9	0	0	0	6	0	0
f0f98f4ff5d5002150608625a91103cf	0	0	0	0	0	0	0	0	0	0	0	5	0	0	0	0	0	0	1	0	0	0	0	6	0	0	0	5	0	0
cc2e7239c6400a037fc66eb0ac684e22	0	0	0	0	0	0	0	0	0	0	0	5	0	0	0	0	0	0	2	0	0	0	0	0	0	0	1	0	7	2
a488d3a5948dc997418a1fa66aa07283	0	0	0	0	0	0	0	0	0	0	0	5	0	0	0	0	0	0	0	0	0	0	0	1	0	0	2	0	5	0
60312359a2237448bf5ddf73a6276cda	0	0	0	0	0	0	0	0	0	0	0	4	0	0	0	0	0	0	0	0	1	0	0	0	0	0	1	1	7	3
7b2d17f4ea5f78a19fd641b5e02affc9	0	0	0	0	0	0	0	0	0	0	0	4	0	0	0	0	0	0	0	0	2	0	0	1	0	0	1	8	0	0
8da06c7e200943eea905cd6a65a902b6	0	0	0	0	0	0	0	0	0	0	0	4	0	0	0	1	0	0	0	0	0	0	0	0	0	0	3	0	3	1
703042ff561024267ba1ac8483019127	0	0	0	0	0	0	0	0	0	0	0	4	0	0	0	0	0	0	0	0	0	0	0	0	0	0	0	5	0	2
488cf801adeec8915d05ff9ad3a91822	0	0	0	0	0	0	0	0	0	0	0	4	0	0	0	0	0	4	0	0	2	0	0	0	9	0	0	0	2	0
e314b1ff53a2ff2819e5493e268e5b70	0	0	0	0	0	0	0	0	0	0	0	4	0	0	0	0	0	0	1	0	10	0	0	3	0	0	0	2	0	0
68ee0eeefd6851c68204c7c17da4b6d6	0	0	0	0	0	0	0	0	0	0	0	4	7	0	0	1	0	0	0	0	0	0	0	0	0	0	1	3	0	0
3f6fdaeeeb2ab0d4e0cd8c7f209d7701	0	0	0	0	0	0	0	0	0	0	0	4	0	0	0	5	0	0	0	0	0	0	0	1	0	0	0	0	0	0
0c4c132a25ffcf3667d3f5382d632cd0	0	0	0	0	0	0	0	0	0	0	0	4	0	0	2	0	0	0	0	0	0	0	4	0	0	0	0	0	0	0
f2f31144e99fe6c9b43b29267e8ebb05	0	0	0	0	0	0	0	0	0	0	0	4	0	0	0	0	0	1	0	0	3	0	0	0	3	0	0	9	1	1
911c1d92c5351fc6c2b4be5f9dda96c6	0	0	0	0	0	0	0	0	0	0	0	4	0	0	0	0	0	1	11	0	15	0	0	2	0	0	0	2	1	0
4b25401d2685545eddf152ec283ebfd3	0	0	0	0	0	0	0	0	0	0	0	4	0	0	0	0	0	3	0	0	0	0	0	0	0	0	0	0	2	1
7e752c10aabf279c295c92db5e67fe00	0	0	0	0	0	0	0	0	0	0	0	4	0	0	0	0	0	3	1	0	3	0	0	2	0	0	0	0	0	0
43550528589ec3632590303c3898f262	0	0	0	0	0	0	0	0	0	0	0	4	0	0	0	0	0	0	1	0	0	0	0	3	0	0	0	1	0	4
25dc430f2306f6b4f567c5cb0f9b9c57	0	0	0	0	0	0	0	0	0	0	0	4	0	0	0	0	0	2	0	0	1	0	0	1	0	0	7	1	3	5
4c509f0cbd5488d539cb4b7c51836714	0	0	0	0	0	0	0	0	0	0	0	4	0	0	0	0	0	0	8	0	3	0	0	3	0	0	1	1	1	1
193d2f6e3adf91b3aa09e5c085a6d8b5	0	0	0	0	0	0	0	0	0	0	0	4	0	0	0	4	0	1	0	0	0	0	0	3	0	0	0	0	2	1
9fcd081fec253ac1c25bdb628346127c	0	0	0	0	0	0	0	0	0	0	0	4	0	0	0	0	0	0	0	0	0	0	0	0	6	0	0	2	0	0
950d6c71460824f1eeb1ebf4f0b8edcb	0	0	0	0	0	0	0	0	0	0	0	4	0	0	0	2	0	0	0	0	1	0	0	0	0	0	1	0	0	4
d0066dca1db3f011f0e59ab190cc9a5a	0	0	0	0	0	0	0	0	0	0	0	4	0	0	0	0	0	0	0	0	0	0	0	0	0	0	0	8	5	6
e7fa411584aa611c0a483f144cf74852	0	0	0	0	0	0	0	0	0	0	0	4	0	0	0	16	0	0	0	0	0	0	0	0	1	0	0	0	0	0
463634192e94889017e24eaa33865c4a	0	0	0	0	0	0	0	0	0	0	0	4	0	0	0	0	0	0	0	0	0	0	0	0	0	0	0	0	4	2
ba9a9d7ef93b81edd7aab1bb164a62ad	0	0	0	0	0	0	0	0	0	0	0	4	0	0	0	0	0	0	0	0	0	0	0	0	0	0	0	6	0	0
e8985969d7c33ffe56aa6bc6c578a7a1	0	0	0	0	0	0	0	0	0	0	0	4	0	0	0	0	0	3	1	0	1	0	0	0	0	0	0	1	0	0
6ab7e7538eab9e3fffcdeef9a8bc83f1	0	0	0	0	0	0	0	0	0	0	0	3	0	0	0	0	0	0	0	0	2	0	0	2	0	0	0	5	0	0
5240d3e136df7e1bbc7e698a44427379	0	0	0	0	0	0	0	0	0	0	0	3	0	0	0	0	0	0	0	0	0	0	0	0	0	0	3	2	0	7
30dbf879779a3ff32dfc6d5a49c6f583	0	0	0	0	0	0	0	0	0	0	0	3	0	0	1	0	0	0	2	0	2	0	0	0	0	0	0	4	0	0
a038262eec380ebc72718e3d2a3cc251	0	0	0	0	0	0	0	0	0	0	0	3	0	0	4	0	0	0	462	0	204	0	0	149	0	0	130	127	0	86
72ce765321745bb1dc0fdc8dbe5d03de	0	0	0	0	0	0	0	0	0	0	0	3	0	0	0	0	0	0	4	0	14	0	0	2	0	0	10	0	0	22
2c5d871af711c28cad791b81acab6559	0	0	0	0	0	0	0	0	0	0	0	3	0	0	0	0	0	0	6	0	2	0	0	0	1	0	0	13	2	0
5030c22499eb3ef2b19eaee6f46f51ef	0	0	0	0	0	0	0	0	0	0	0	3	0	0	0	0	0	0	0	0	0	0	0	0	0	0	0	7	1	1
c009654c6f4fe3dea9698bee6366eb0c	0	0	0	0	0	0	0	0	0	0	0	3	0	0	0	0	0	0	1	0	0	0	0	9	0	0	0	4	0	2
5cc8f683d5853e0732670b583f0f2a9c	0	0	0	0	0	0	0	0	0	0	0	3	0	0	0	7	0	0	0	0	0	0	0	0	0	0	0	2	1	0
270b56c7020a55d5e16aa796765b81cf	0	0	0	0	0	0	0	0	0	0	0	3	0	0	0	0	0	0	1	0	2	0	0	4	0	0	1	5	4	0
c26fa9f33a3cd8b53abd92706e0562e5	0	0	0	0	0	0	0	0	0	0	0	3	0	0	0	0	0	0	0	0	0	0	0	29	0	0	0	85	0	0
1eb2ef90b5b257ca0e4268f9c36ba5b2	0	0	0	0	0	0	0	0	0	0	0	3	2	0	2	1	0	0	0	0	0	0	0	0	0	0	0	3	0	0
b9fdc9808224685f0f63cde6fb732ecf	0	0	0	0	0	0	0	0	0	0	0	3	22	0	0	0	0	0	0	0	0	0	0	0	0	0	0	4	0	0
5647eb2f8708ca5152493c52da9fc3a0	0	0	0	0	0	0	0	0	0	0	0	3	0	0	0	9	0	0	0	0	0	0	0	0	0	0	0	5	0	1
6ce58ed2018289ebcf7f1da3d3088e0e	0	0	0	0	0	0	0	0	0	0	0	3	0	0	0	0	0	0	0	0	0	0	0	0	0	0	0	2	8	1
a2898ca5dd556196d476660da2541a21	0	0	0	0	0	0	0	0	0	0	0	3	0	0	0	0	0	0	0	0	0	0	0	0	0	0	3	0	18	0
e93ba833098ba07321ba101d5a1405d7	0	0	0	0	0	0	0	0	0	0	0	3	0	6	0	0	0	0	0	0	0	0	0	0	0	0	1	0	1	0
9d05e2a8c59c6fd6368ceceeb476c465	0	0	0	0	0	0	0	0	0	0	0	3	11	0	0	0	0	0	0	0	0	0	0	0	0	0	0	7	0	0
2da8c1f0da566c0e605e37aeddb32c48	0	0	0	0	0	0	0	0	0	0	0	3	0	0	0	0	0	0	0	0	0	0	0	0	0	0	0	0	11	2
eb09565b58a828409eee55969c1409d3	0	0	0	0	0	0	0	0	0	0	0	3	170	0	0	0	0	0	0	0	0	0	0	0	0	0	1	0	0	0
b4c587482d00ec4a6a1c782848164b3c	0	0	0	0	0	0	0	0	0	0	0	3	0	0	0	0	0	0	1	0	0	0	0	1	0	0	2	2	15	6
af84757f1b25a055a2162bda2a8511d7	0	0	0	0	0	0	0	0	0	0	0	3	0	0	0	0	0	0	12	0	4	0	0	0	0	0	1	0	0	0
f0063c8eb80767a89efd28e9a3b82103	0	0	0	0	0	0	0	0	0	0	0	3	0	0	1	0	0	0	117	0	65	0	0	74	0	0	9	66	0	15
e8c8fa0e7cdb97a36afdba5ab96902ed	0	0	0	0	0	0	0	0	0	0	0	3	0	0	0	0	0	0	0	0	0	0	0	0	0	0	3	0	6	1
46c10d859c76f25b66ca4e619ca08b73	0	0	0	0	0	0	0	0	0	0	0	3	0	0	0	0	0	0	0	0	0	0	0	0	0	0	1	0	9	2
351f980f9526483aa2aca0a812a5de68	0	0	0	0	0	0	0	0	0	0	0	3	0	0	0	0	0	0	0	0	0	0	0	0	0	0	1	0	12	0
437a3bbfbdee0dc3eebc575185191e4b	0	0	0	0	0	0	0	0	0	0	0	3	1	0	1	3	0	2	0	2	0	6	0	0	0	0	0	0	1	1
35e2779eac50c8118d648827d30d2a56	0	0	0	0	0	0	0	0	0	0	0	3	0	0	0	2	0	0	0	0	0	0	0	0	0	0	0	5	0	0
4ebcdbc03c4326db75f4c3f4cd767fe2	0	0	0	0	0	0	0	0	0	0	0	3	25	0	0	0	0	0	0	0	0	0	0	0	0	0	0	0	0	0
1d597c88033bad87009e27b46c62c56c	0	0	0	0	0	0	0	0	0	0	0	3	12	0	1	2	0	0	0	0	0	0	0	1	0	0	0	0	0	0
dcb48c6e1c06dfcdfb85e4738d0a37d1	0	0	0	0	0	0	0	0	0	0	0	3	0	0	0	0	0	0	0	0	0	0	0	0	0	0	2	0	13	0
4ef8512e1f539f600876349d82761b77	0	0	0	0	0	0	0	0	0	0	0	3	0	0	0	0	0	0	0	0	1	0	0	0	1	1	1	6	1	3
192b02b509ddac75cced44e210ba7b98	0	0	0	0	0	0	0	0	0	0	0	3	12	0	0	0	0	0	0	0	0	0	0	0	0	0	0	0	0	0
18c706ef8b2f66c991cd88b9e0aa1d39	0	0	0	0	0	0	0	0	0	0	0	3	0	0	0	0	0	0	2	0	3	0	0	3	0	0	0	0	0	0
6432ee31894475a8f95e480666bceed2	0	0	0	0	0	0	0	0	0	0	0	3	0	0	0	0	0	0	0	0	0	0	0	0	0	0	0	3	4	0
c954353af8b1573899e18cf263d10147	0	0	0	0	0	0	0	0	0	0	0	3	5	0	0	2	0	0	2	0	0	0	0	0	0	0	0	1	0	2
55bc7b52ce8a2386f05f5a7cc09b3995	0	0	0	0	0	0	0	0	0	0	0	3	0	0	0	0	0	0	0	0	0	0	0	0	0	0	0	0	0	9
612d2994dc3af05746a3699221747408	0	0	0	0	0	0	0	0	0	0	0	3	0	0	0	0	0	0	0	0	0	0	0	9	0	0	0	4	0	1
2530114ac3712e0e7cdee220a0a816d2	0	0	0	0	0	0	0	0	0	0	0	3	7	0	0	23	0	0	0	0	0	0	0	1	0	0	2	5	0	1
73c29751611eba65b858b1f1720749d0	0	0	0	0	0	0	0	0	0	0	0	3	0	0	0	0	0	0	2	0	1	0	0	2	0	0	0	2	0	1
d6ed778d287fde5e3124a7ac301ff7f6	0	0	0	0	0	0	0	0	0	0	0	3	0	0	0	0	0	0	0	0	0	0	0	1	0	0	0	4	2	1
f553962766aa81e6e946f83c32984646	0	0	0	0	0	0	0	0	0	0	0	3	0	0	1	1	0	0	0	0	0	0	0	0	0	0	0	0	0	5
4f1f33582b26ac71a68eba1e56aa4795	0	0	0	0	0	0	0	0	0	0	0	3	0	0	0	0	0	0	0	0	0	0	0	1	0	0	0	0	0	9
134dc160bd97fd2116e3dfa8766d53a1	0	0	0	0	0	0	0	0	0	0	0	3	0	0	0	0	0	0	0	0	0	0	0	0	0	0	0	0	11	0
2ae3a48c2cb6ee8c7d5b09dce70913f4	0	0	0	0	0	0	0	0	0	0	0	3	0	0	0	0	0	0	0	0	5	0	0	2	0	0	0	5	1	0
a880efd641c672f27f226f4a2a760bd6	0	0	0	0	0	0	0	0	0	0	0	3	0	0	0	0	0	0	0	0	0	0	0	6	0	0	0	2	2	0
f5dbe728143d20ac3b0b9b61e795fc35	0	0	0	0	0	0	0	0	0	0	0	3	0	0	2	0	0	7	1	0	0	0	0	0	0	0	1	0	1	1
734f8848364cf02eb1fd6c7e102383e4	0	0	0	0	0	0	0	0	0	0	0	3	0	0	0	0	0	0	0	0	0	4	99	0	0	0	0	0	1	0
6ca37ee4e2ff70d1af273bdef3960f4f	0	0	0	0	0	0	0	0	0	0	0	3	0	0	0	0	0	0	0	0	0	0	0	31	0	0	0	6	0	0
5bb0bfb9923fd20485860065de112987	0	0	0	0	0	0	0	0	0	0	0	3	0	0	0	0	0	0	0	0	0	0	0	5	0	0	6	5	3	8
4ace3cfecc147b1b4aeee15941c92de8	0	0	0	0	0	0	0	0	0	0	0	3	0	0	0	0	0	0	8	0	7	0	0	7	0	0	1	3	0	2
cb1771499a37dc7a3086f015173e5894	0	0	0	0	0	0	0	0	0	0	0	3	0	0	0	6	0	25	0	0	0	0	0	0	0	0	0	2	0	2
18d342db0e6cd338108a50d0dd6d91fc	0	0	0	0	0	0	0	0	0	0	0	3	0	0	0	0	0	0	0	0	0	0	0	0	16	207	1	0	0	0
0598a4c7fae520013f0a5d0cefa2cb3f	0	0	0	0	0	0	0	0	0	0	0	2	0	0	0	0	0	0	0	0	0	0	0	1	0	0	0	8	0	0
69dfcfee8faabad29c18922bd25eb0a4	0	0	0	0	0	0	0	0	0	0	0	2	0	0	0	0	0	0	0	0	1	0	0	13	0	0	0	0	1	1
f1975df70626c04c111a142ecbbe6ecb	0	0	0	0	0	0	0	0	0	0	0	2	0	0	0	2	0	0	0	0	1	0	0	9	0	0	0	11	0	0
8095f2607a47d6719034f76e42d93112	0	0	0	0	0	0	0	0	0	0	0	2	0	0	0	6	0	0	0	0	3	0	0	0	0	0	0	2	2	0
5bc90266cea0a8fe20ccc31476be0a67	0	0	0	0	0	0	0	0	0	0	0	2	0	0	0	0	0	0	0	0	2	0	0	0	0	0	3	0	0	4
35ea9b47348defe23d83ea59bb419e03	0	0	0	0	0	0	0	0	0	0	0	2	4	0	1	0	0	0	8	0	13	0	0	0	0	0	1	2	15	17
d9b2b975df7a0fae7635199ff9a98a72	0	0	0	0	0	0	0	0	0	0	0	2	0	0	0	0	0	0	0	0	0	0	0	4	0	0	5	47	0	7
f99b10febc198f8e8d2f799266a0e392	0	0	0	0	0	0	0	0	0	0	0	2	9	0	0	0	0	0	0	0	0	0	0	0	0	0	0	1	0	0
ccc70c15c74549a4b48aed1e72e34a36	0	0	0	0	0	0	0	0	0	0	0	2	0	0	0	0	0	0	0	0	0	0	0	0	0	0	2	0	8	5
db1b17c49194bb86be2b8a667217b998	0	0	0	0	0	0	0	0	0	0	0	2	0	0	0	0	0	0	0	0	0	0	0	8	0	0	0	1	0	0
da930f311863e4a6c85044b359d8762c	0	0	0	0	0	0	0	0	0	0	0	2	0	0	0	0	0	0	0	0	0	0	0	5	0	0	2	3	0	2
863a942f78039735ca615a2cc75fadc6	0	0	0	0	0	0	0	0	0	0	0	2	31	0	0	12	0	1	0	0	0	0	0	0	0	0	0	1	0	0
590f9c7dbd68c351333242526393e705	0	0	0	0	0	0	0	0	0	0	0	2	0	0	0	0	0	0	0	0	0	0	0	4	0	0	0	5	0	0
4395f863af2eaed7a7fb2775eaa629d3	0	0	0	0	0	0	0	0	0	0	0	2	0	0	0	0	0	0	4	0	0	0	0	4	0	0	2	2	0	3
356504c09dd49470996103db9a091c2c	0	0	0	0	0	0	0	0	0	0	0	2	0	0	0	0	0	4	0	0	0	0	0	3	0	0	0	2	2	0
e8b9051d0d98dcc5d28ce6878d548ce2	0	0	0	0	0	0	0	0	0	0	0	2	0	0	6	0	0	0	0	0	2	0	0	0	0	0	0	0	0	0
b39987dec881912cc89d66c8f0fd784f	0	0	0	0	0	0	0	0	0	0	0	2	0	0	0	0	0	0	5	0	0	0	0	22	0	0	0	0	0	0
91245018e29c09b3cb8d1bbb241ed4e1	0	0	0	0	0	0	0	0	0	0	0	2	0	0	0	0	0	0	0	0	0	0	0	2	0	0	0	9	4	0
ea3f1bb052e27fbbad52b2a1eb060ea1	0	0	0	0	0	0	0	0	0	0	0	2	0	0	0	0	0	12	0	0	1	0	0	0	0	0	2	0	1	0
e148c0d5bccb608d976c583f87ae7a2a	0	0	0	0	0	0	0	0	0	0	0	2	0	0	0	0	0	0	4	0	7	0	0	6	0	0	1	6	0	1
642bdfdfcc59c295085ec263d221dd4c	0	0	0	0	0	0	0	0	0	0	0	2	6	0	0	0	0	0	0	0	0	0	0	0	0	0	3	0	0	2
3baf3e82733f5f3e3bd73d521060ed45	0	0	0	0	0	0	0	0	0	0	0	2	0	0	0	3	0	0	0	0	0	0	0	1	0	0	0	0	5	1
48bf7df71d44ff5ef75dc5457ecb783b	0	0	0	0	0	0	0	0	0	0	0	2	0	0	0	1	0	0	0	0	0	0	0	0	0	0	0	0	8	0
026f5169c9d7d567cf2d9a418d82d712	0	0	0	0	0	0	0	0	0	0	0	2	0	0	0	1	0	2	1	0	0	0	0	0	0	0	5	1	0	2
07a3142ca1cfcc65d4634293fd6da387	0	0	0	0	0	0	0	0	0	0	0	2	0	0	0	0	0	0	0	0	0	0	0	0	0	0	3	0	3	3
1693c1789b859a8dfa2a85a2ec10f1fc	0	0	0	0	0	0	0	0	0	0	0	2	0	0	0	0	0	0	0	1	0	1	1	0	0	0	7	0	2	5
93a2a131159b38de23c6734332c4ee8d	0	0	0	0	0	0	0	0	0	0	0	2	0	0	0	4	0	0	1	0	1	0	0	1	0	0	0	2	0	0
96198aab2f9bf3a08f999928b013018f	0	0	0	0	0	0	0	0	0	0	0	2	1	0	0	0	0	0	0	0	0	0	0	0	0	20	0	0	0	1
1144e1af4b52d9146d8c91117165da13	0	0	0	0	0	0	0	0	0	0	0	2	0	0	0	0	0	0	2	0	0	0	0	3	0	0	0	4	1	0
3f66df0cca9afe9124f01c7a55e6c25b	0	0	0	0	0	0	0	0	0	0	0	2	0	0	0	0	0	5	1	0	3	0	0	0	0	0	0	16	10	1
782f50232f555a03c6a2d494b7636ee7	0	0	0	0	0	0	0	0	0	0	0	2	0	0	0	0	0	1	0	0	0	0	0	0	0	20	0	0	0	0
5fac8bfd118ee46d9f0cceb8ac259f89	0	0	0	0	0	0	0	0	0	0	0	2	0	0	0	0	0	0	0	0	6	0	0	1	0	0	0	3	0	0
ca16e85bc17ae16d0595c0af7cb68f13	0	0	0	0	0	0	0	0	0	0	0	2	0	0	0	0	0	0	0	0	0	0	0	0	0	0	0	2	8	0
ade08daefd03e88e0cda7be155d2bd86	0	0	0	0	0	0	0	0	0	0	0	2	0	0	0	0	0	0	0	0	0	0	0	0	0	0	0	0	9	0
d9d52adf1eb51e13b2812fda8c707187	0	0	0	0	0	0	0	0	0	0	0	2	0	0	0	0	0	0	0	0	0	0	0	0	0	5	0	4	4	0
07f53f3eceaf18d7a473c37cdfcea984	0	0	0	0	0	0	0	0	0	0	0	2	0	0	0	0	0	0	0	0	0	0	0	0	0	0	0	3	13	3
5fbde526a9ea1a393c5cfa130303bdbc	0	0	0	0	0	0	0	0	0	0	0	2	1	0	0	0	0	0	0	0	0	0	0	0	0	0	0	3	9	2
0a313b5e2ab63b67ab8d3fd595145442	0	0	0	0	0	0	0	0	0	0	0	2	0	0	0	0	0	0	0	0	1	0	0	1	0	30	0	1	1	0
1fc0f73ac55520d4cb37bdeeb6a11e34	0	0	0	0	0	0	0	0	0	0	0	2	0	8	0	0	0	0	0	0	0	0	0	0	0	0	0	0	0	0
6f9241e136feed4c8b808750ae5c714a	0	0	0	0	0	0	0	0	0	0	0	2	0	0	0	1	0	2	0	0	0	0	0	0	0	0	1	5	0	0
1d1b8cedbb58ff8b0c29e8f3071c5f2d	0	0	0	0	0	0	0	0	0	0	0	2	0	0	0	0	0	1	0	0	0	0	0	2	0	1	4	8	1	2
fb73832fd3ae16c76333c21afa93a20e	0	0	0	0	0	0	0	0	0	0	0	2	0	0	0	0	0	0	4	0	1	0	0	0	2	0	3	4	13	11
3a7ed540ad54b5eff422463cfa291b59	0	0	0	0	0	0	0	0	0	0	0	2	0	0	0	0	0	0	0	0	0	0	0	3	0	0	2	3	1	0
1fbf0878b6fb14070a6a0e9a3db8ac03	0	0	0	0	0	0	0	0	0	0	0	2	0	0	0	5	0	0	0	0	0	0	0	0	0	0	0	1	2	1
da60843e31ce36ae9982b3c6d98c5d42	0	0	0	0	0	0	0	0	0	0	0	2	1	0	0	1	0	0	0	0	0	0	0	0	0	83	0	1	0	0
c77ea8c336fb6f9f9056d0b7e5a244d7	0	0	0	0	0	0	0	0	0	0	0	2	0	0	0	0	0	1	0	0	4	0	0	0	0	0	0	4	0	4
922fd535ddf8eb08b31a8dfcc5bc5fe3	0	0	0	0	0	0	0	0	0	0	0	2	0	0	0	1	0	0	0	0	0	0	0	3	0	0	0	5	4	0
4c83c99945c81c3385e43e0033a2a925	0	0	0	0	0	0	0	0	0	0	0	2	0	0	16	0	0	0	0	0	0	0	0	0	13	0	0	0	0	0
8add73ebc61ed2c18cb2641e15333f79	0	0	0	0	0	0	0	0	0	0	0	2	33	0	2	0	0	0	0	0	0	0	0	0	0	8	1	5	0	2
7a4832298a8ed548a413f7962b01f251	0	0	0	0	0	0	0	0	0	0	0	2	19	0	0	0	0	0	0	0	0	0	0	0	0	0	0	0	0	0
f0a8504417d217e19ed631fbb0d9b9ce	0	0	0	0	0	0	0	0	0	0	0	2	7	0	0	0	0	0	0	0	0	0	0	0	0	0	0	0	0	1
c3ef2caa7836c15e24db815c04af0a17	0	0	0	0	0	0	0	0	0	0	0	2	0	0	0	0	0	11	0	0	0	0	0	0	8	0	0	0	0	0
2f8b2d76560f3a6112d44b53af731e8f	0	0	0	0	0	0	0	0	0	0	0	2	0	0	0	0	0	0	0	0	0	0	0	3	0	0	3	1	0	3
bd168e111c0e84bfe6a83ca394cd60cf	0	0	0	0	0	0	0	0	0	0	0	2	0	0	0	0	0	1	35	0	14	0	0	0	0	0	20	0	0	21
904d5eba039ca03b87b8b634122fffe4	0	0	0	0	0	0	0	0	0	0	0	2	0	0	0	0	0	0	0	0	0	0	0	0	0	0	4	0	0	5
72a1b15a8b0fedfeb511203c851ad5fe	0	0	0	0	0	0	0	0	0	0	0	2	0	0	0	0	0	0	1	0	1	0	0	0	0	0	0	0	6	0
0f1b3e83bbc2c1f33a14dca0618155d5	0	0	0	0	0	0	0	0	0	0	0	2	7	0	0	2	0	0	0	0	0	0	0	0	0	0	0	1	0	0
49bc0da0b7f867d87d697f45bbf5d0e3	0	0	0	0	0	0	0	0	0	0	0	2	0	0	0	0	0	1	0	0	0	0	0	2	0	0	2	0	2	1
d2f8be06ebba21572b491c03fe6910bf	0	0	0	0	0	0	0	0	0	0	0	2	0	0	0	0	0	0	0	0	0	0	0	0	0	0	0	4	9	1
61d1422fdb6ec1e48946687a09b1d4f3	0	0	0	0	0	0	0	0	0	0	0	2	0	0	0	0	0	1	2	0	6	0	0	3	0	0	0	4	0	0
57344b0a2ecc51dcce1c90c131b411b9	0	0	0	0	0	0	0	0	0	0	0	2	0	0	0	0	0	0	0	20	0	13	12	0	0	0	0	0	0	0
f3c64db481ec7fe708b071c9f53b5086	0	0	0	0	0	0	0	0	0	0	0	2	0	0	0	0	0	0	0	0	0	0	0	19	0	0	8	26	1	9
1b1b49e6c95883bcc2abf359d25742d9	0	0	0	0	0	0	0	0	0	0	0	2	0	0	0	0	0	0	2	0	1	0	0	1	0	0	13	0	0	17
739ecd64c5e92d6e6ed1d37b245c81f3	0	0	0	0	0	0	0	0	0	0	0	2	1	0	0	3	0	0	2	0	1	0	0	13	1	2	2	7	0	0
f9e216bcf9740482e94fb46ceeebd684	0	0	0	0	0	0	0	0	0	0	0	2	0	0	0	0	0	0	1	0	1	0	0	0	0	0	8	0	0	1
df28f852ed8fb6de4f587876e2687533	0	0	0	0	0	0	0	0	0	0	0	2	0	0	0	0	0	0	4	0	3	0	0	8	0	0	3	1	1	11
6b13f9e80fc7da601f90566c8337c7be	0	0	0	0	0	0	0	0	0	0	0	2	12	0	0	0	0	0	0	0	0	0	0	0	0	0	0	0	0	0
179fe34e87eb14432be6f0d48edb3005	0	0	0	0	0	0	0	0	0	0	0	1	1	0	0	53	0	0	0	0	0	0	0	0	0	0	0	0	0	0
b7c1e171edc0941001f9c28982677abe	0	0	0	0	0	0	0	0	0	0	0	1	0	0	0	0	0	0	6	0	5	0	0	9	0	0	2	2	0	1
66f53b24a7f03c47fb592f236b659705	0	0	0	0	0	0	0	0	0	0	0	1	0	0	0	1	0	0	2	0	8	0	0	0	0	0	0	0	0	1
df4bcd8d3bb8e3946d89350a84eb9c28	0	0	0	0	0	0	0	0	0	0	0	1	0	0	0	0	0	0	0	0	2	0	0	4	0	0	4	1	0	2
a64a73c2d2227fd5791cce206ac4f0b6	0	0	0	0	0	0	0	0	0	0	0	1	1	0	0	0	0	0	1	0	0	0	0	0	0	0	13	0	15	11
72a3532a4f899b506757f08b2d74b44e	0	0	0	0	0	0	0	0	0	0	0	1	0	0	0	0	0	0	0	3	0	1	0	0	0	0	0	0	5	4
2356cb3349edfc837cfe36957aaa6b1e	0	0	0	0	0	0	0	0	0	0	0	1	0	0	0	1	0	0	28	0	32	0	0	19	0	0	8	20	1	4
ddc3d41ebed858598940aaaaeb411197	0	0	0	0	0	0	0	0	0	0	0	1	9	0	0	0	0	0	0	0	0	0	0	0	0	0	0	1	0	0
4624e77204fc57311daa2ce7ca8079c3	0	0	0	0	0	0	0	0	0	0	0	1	0	0	1	0	0	3	2	0	0	0	0	0	2	0	1	4	0	0
f4664419821a8f233b0899cd4a05fe2d	0	0	0	0	0	0	0	0	0	0	0	1	0	0	0	0	1	0	0	10	0	0	29	3	0	0	3	1	4	0
b451125eaddf11ece8a0a54b2285427b	0	0	0	0	0	0	0	0	0	0	0	1	0	0	0	0	0	21	0	0	0	0	0	0	0	0	0	0	3	0
979fb30fc2b9422615fb132e5822f6ae	0	0	0	0	0	0	0	0	0	0	0	1	0	0	0	0	0	0	0	0	0	0	0	9	0	0	0	11	0	0
335e48e84e69d05d96d78111e6da01de	0	0	0	0	0	0	0	0	0	0	0	1	17	0	0	0	0	0	0	0	0	0	0	0	0	0	1	2	0	0
419e6eea0f28d52ad4c1700967ce7379	0	0	0	0	0	0	0	0	0	0	0	1	8	0	0	0	0	0	0	0	0	0	0	0	0	0	0	2	0	1
265b3c557486c526a930ae9c4c0f78be	0	0	0	0	0	0	0	0	0	0	0	1	198	0	0	0	0	0	0	0	0	0	0	0	0	0	0	1	0	0
5a3c002b2a474af1e566628373530b9c	0	0	0	0	0	0	0	0	0	0	0	1	7	0	0	0	0	3	0	0	1	0	0	0	0	0	1	3	0	0
9786a70fa77321d18c2a507b92976211	0	0	0	0	0	0	0	0	0	0	0	1	0	0	0	0	0	0	0	0	0	0	0	0	0	0	18	0	0	14
98c02182b4b4de6469d1d01e079b3268	0	0	0	0	0	0	0	0	0	0	0	1	0	0	0	0	0	0	3	0	4	0	0	2	0	0	11	0	0	6
9912a029103ebc5cfc32dc36892801a9	0	0	0	0	0	0	0	0	0	0	0	1	0	0	0	0	0	0	0	0	0	0	0	1	0	0	5	0	0	3
8b697c5a003c5cf2aad0fbf6b7f2c40e	0	0	0	0	0	0	0	0	0	0	0	1	0	0	0	0	0	8	0	0	0	0	0	3	1	0	0	9	1	0
6d7cee6132ce94cda64f8213a392f243	0	0	0	0	0	0	0	0	0	0	0	1	6	0	0	0	0	0	0	0	0	0	0	0	0	2	0	3	0	0
829916a97741bb69ae571dd076032d4c	0	0	0	0	0	0	0	0	0	0	0	1	0	0	0	0	0	1	11	0	20	0	0	8	0	0	11	17	0	0
95edd37bd227ebbc3d203d4ae2e1cabc	0	0	0	0	0	0	0	0	0	0	0	1	0	0	0	0	0	0	2	0	3	0	0	0	0	0	0	3	0	7
61fc5071a89359bc6e6a1a6f0e20807f	0	0	0	0	0	0	0	0	0	0	0	1	1	6	0	0	0	0	9	0	1	0	0	0	0	0	0	0	0	0
946e07b24e65bb28a0c796cc410a32b9	0	0	0	0	0	0	0	0	0	0	0	1	0	0	0	0	0	0	3	0	8	0	0	0	0	0	4	4	6	2
e382b64f8ff5eb09852651f9ddc6fe42	0	0	0	0	0	0	0	0	0	0	0	1	0	0	0	0	0	0	3	0	8	0	0	1	0	0	0	7	0	0
eec21feb8dce8a684bfb4239680f9ef3	0	0	0	0	0	0	0	0	0	0	0	1	0	0	0	0	0	0	0	0	1	0	0	4	0	0	6	0	0	11
2e993a21252edfda6119d4ecaa598620	0	0	0	0	0	0	0	0	0	0	0	1	0	0	0	1	0	0	0	0	0	0	0	5	1	0	3	0	0	2
28fc65de316ea609667fd7d795689d81	0	0	0	0	0	0	0	0	0	0	0	1	0	0	0	0	0	0	0	0	0	0	0	0	0	0	0	0	12	0
ced793c12262f9c4ecc3b67c559f6108	0	0	0	0	0	0	0	0	0	0	0	1	0	0	0	1	0	0	1	0	6	0	0	1	1	0	12	2	2	5
0536a4d888021bce8c03e55300349068	0	0	0	0	0	0	0	0	0	0	0	1	0	0	0	0	0	1	2	0	0	0	0	2	0	0	8	0	0	5
c34298c0470d9e6ea795392557f9caf2	0	0	0	0	0	0	0	0	0	0	0	1	0	0	0	0	0	0	1	0	0	0	0	5	0	0	4	1	1	3
81a943ebbd93504dc2e92128719de28c	0	0	0	0	0	0	0	0	0	0	0	1	0	1	5	1	0	1	0	0	1	0	0	0	0	0	0	0	0	0
2fcb8f46dff5a5abf6db1c5457670931	0	0	0	0	0	0	0	0	0	0	0	1	0	0	0	0	0	0	0	0	0	0	0	6	0	0	0	5	0	0
676b4f827fde1b2a63d1fbe521f693b1	0	0	0	0	0	0	0	0	0	0	0	1	0	0	0	0	0	0	31	0	24	0	0	1	0	0	1	4	0	1
ce96500958389ae3f39f45ca77dbb33a	0	0	0	0	0	0	0	0	0	0	0	1	0	0	0	0	0	0	2	0	5	0	0	15	0	0	2	66	0	0
4924400c9fc8ce1dc2adde63c9dbeeb1	0	0	0	0	0	0	0	0	0	0	0	1	8	0	0	0	0	2	0	0	0	0	0	0	0	0	4	1	0	0
db39241929c42a69dfeaeaeed58a7117	0	0	0	0	0	0	0	0	0	0	0	1	0	0	0	0	0	0	6	0	1	0	0	0	0	0	19	0	0	6
921dfe66a1e4b331eec2608d6ab163b2	0	0	0	0	0	0	0	0	0	0	0	1	0	0	0	0	0	1	0	0	0	0	0	5	0	0	0	6	0	0
2085af572e59889b0bf6450a422265b4	0	0	0	0	0	0	0	0	0	0	0	1	0	0	0	0	2	34	0	0	0	0	0	0	0	0	0	3	0	0
52c8bd3d1a8a059e48895f543937c449	0	0	0	0	0	0	0	0	0	0	0	1	0	0	0	0	0	0	0	0	0	0	0	0	0	0	0	1	17	1
e41671e51a73ca0c53995b16342e1032	0	0	0	0	0	0	0	0	0	0	0	1	0	0	0	0	0	1	7	0	7	0	0	9	0	0	7	4	0	2
53d4c54ef7fad7f96789086bebc59e94	0	0	0	0	0	0	0	0	0	0	0	1	0	0	0	0	0	4	0	0	1	0	0	1	0	0	0	1	12	2
6ff525567e757758ea3759a3e5147fd4	0	0	0	0	0	0	0	0	0	0	0	1	0	0	0	3	0	4	29	0	26	0	0	3	0	0	11	14	0	0
1939d1dc354a053ab68ce2a30d6c4f3e	0	0	0	0	0	0	0	0	0	0	0	1	0	0	0	0	0	0	4	0	1	0	0	6	0	0	11	0	0	6
d67c52c484bd4439d3f222c4d68d7a81	0	0	0	0	0	0	0	0	0	0	0	1	0	0	0	0	0	0	0	0	1	0	0	0	0	0	1	0	13	3
7383f34ca0dcad226b56d9b81602f0b0	0	0	0	0	0	0	0	0	0	0	0	1	0	0	0	0	0	0	13	0	165	0	0	0	0	0	0	1	0	2
20f67e8bfa749f9b0cd84752b331a252	0	0	0	0	0	0	0	0	0	0	0	1	0	0	0	0	0	6	0	0	0	0	0	1	0	0	0	6	1	0
2c594fdc044f693dff1512a7ac60f2fd	0	0	0	0	0	0	0	0	0	0	0	1	0	0	0	0	0	0	0	0	0	0	0	9	0	0	1	0	1	0
5428811fc1df10434ff5ed32f40e4df7	0	0	0	0	0	0	0	0	0	0	0	1	0	0	0	0	0	4	37	0	37	0	0	5	1	0	2	11	0	0
314b4b3f70f512abef5f75088fb9d925	0	0	0	0	0	0	0	0	0	0	0	1	0	0	0	0	0	0	0	0	0	0	0	1	8	0	0	1	0	0
2471ea888187446b1c19a2b59c2962d6	0	0	0	0	0	0	0	0	0	0	0	1	0	0	0	7	0	0	0	0	1	0	0	0	0	0	0	3	0	0
81f6ad4d7f5705ca9bdadde1e7426f61	0	0	0	0	0	0	0	0	0	0	0	1	0	0	0	0	0	0	2	0	8	0	0	0	0	0	0	1	0	0
a3d3ca75b5b7b70cd11102a124dd652b	0	0	0	0	0	0	0	0	0	0	0	1	0	0	0	0	0	13	0	0	0	0	0	0	0	0	0	0	0	0
610e4cf6a8d37965e9618542c705d66e	0	0	0	0	0	0	0	0	0	0	0	1	0	1	0	0	0	0	2	0	1	0	0	5	0	0	0	3	0	1
e0577b6127887807b01ed13f9f47104f	0	0	0	0	0	0	0	0	0	0	0	1	0	0	0	0	0	0	5	0	3	0	0	0	0	0	0	1	0	0
0b40d8ed8975cce342242ecb7a034785	0	0	0	0	0	0	0	0	0	0	0	1	0	1	0	1	0	0	0	0	2	0	0	0	0	0	3	0	0	3
09f738aaa166eb7627bd2023d33e6617	0	0	0	0	0	0	0	0	0	0	0	1	0	0	0	0	0	2	4	0	4	0	0	2	0	0	1	4	0	0
aafee8e97a9a93857ea37df365178eec	0	0	0	0	0	0	0	0	0	0	0	1	0	0	1	1	0	11	0	0	0	0	0	0	1	0	0	0	0	0
1618a3c853f5d57edeb0df523b8faa0d	0	0	0	0	0	0	0	0	0	0	0	1	0	0	0	0	0	4	0	0	0	0	0	3	0	0	2	1	0	0
34fe2af0a1429cb955b1de7d153a829e	0	0	0	0	0	0	0	0	0	0	0	1	1	0	0	0	0	1	21	0	13	0	0	0	0	0	0	3	0	0
26d9cd5af196bf7f9c5f661b2c89d3fd	0	0	0	0	0	0	0	0	0	0	0	1	0	0	0	0	0	0	2	0	0	0	0	3	0	0	1	0	0	12
84042c96c1268164efcfb494bb592366	0	0	0	0	0	0	0	0	0	0	0	1	0	0	0	0	0	1	0	0	0	0	0	6	0	0	0	10	0	0
116003e0f49f0a5f726922805803c6ab	0	0	0	0	0	0	0	0	0	0	0	1	0	0	0	0	0	0	4	0	3	0	0	2	0	0	1	1	0	0
2c93966e850552f580d52270ed11bcfe	0	0	0	0	0	0	0	0	0	0	0	1	0	0	0	0	0	0	0	0	0	0	0	1	0	0	0	2	0	8
303798f06cff7ae19255294fc034d15f	0	0	0	0	0	0	0	0	0	0	0	1	0	0	0	0	0	0	0	0	0	0	0	2	0	0	0	7	0	0
fd7b519e5debf266783db1f4d04595d0	0	0	0	0	0	0	0	0	0	0	0	1	0	0	0	0	0	0	0	0	0	0	0	0	0	0	2	1	0	7
39a09f20eaa2413112a27fe33cb5e5b5	0	0	0	0	0	0	0	0	0	0	0	1	0	0	0	0	0	0	1	0	0	0	0	7	0	0	5	10	16	9
54e6d18e3315e7a08939f40b2aa93c8b	0	0	0	0	0	0	0	0	0	0	0	1	0	2	0	0	0	0	3	0	1	0	0	10	0	0	0	3	0	0
63795b2cb51167f4f8274d67fbd41811	0	0	0	0	0	0	0	0	0	0	0	1	0	0	0	0	0	0	0	0	1	0	0	3	0	0	5	0	1	0
6e225e3c92d25e44b953203a71cacd56	0	0	0	0	0	0	0	0	0	0	0	1	0	0	0	0	0	0	0	0	0	0	0	0	0	0	5	1	3	2
c5937d6ade9fd9a25189a0bfb5afae29	0	0	0	0	0	0	0	0	0	0	0	1	0	0	0	0	0	0	0	0	0	0	0	0	0	0	0	1	5	5
ff74c1236a5fa64cf332855ab370030c	0	0	0	0	0	0	0	0	0	0	0	1	0	0	0	0	0	0	0	0	0	0	0	0	0	0	2	0	6	7
e7ec392e07a5425cc3560874d525b98f	0	0	0	0	0	0	0	0	0	0	0	1	8	0	3	0	0	0	0	1	0	0	0	0	0	0	0	0	0	0
d41afb65f181885f5cc754daf424c3eb	0	0	0	0	0	0	0	0	0	0	0	1	0	0	0	0	0	0	1	0	21	0	0	1	0	0	2	2	0	2
8fbc4042dc34d76b19540706a693dc62	0	0	0	0	0	0	0	0	0	0	0	1	0	0	0	0	0	0	0	0	1	0	0	0	0	6	4	0	1	3
dedbf59f6ca2c914eda8d1b59f56804d	0	0	0	0	0	0	0	0	0	0	0	1	0	0	1	0	2	0	0	0	0	0	0	0	0	0	3	0	18	3
d5ebe35fcaec99b3d1114d5c4229600c	0	0	0	0	0	0	0	0	0	0	0	1	0	0	0	0	0	0	1	0	0	0	0	0	0	0	0	6	2	2
1b5bed38dac757d70f2b4e62991a00ec	0	0	0	0	0	0	0	0	0	0	0	1	0	0	0	0	0	0	15	0	27	0	0	2	0	0	0	4	0	5
dfb3ea2eb66068b8ff4fba1741a8f2c3	0	0	0	0	0	0	0	0	0	0	0	1	0	0	0	0	0	0	4	0	0	0	0	5	0	0	1	0	0	1
ab5d65909e169fb5e1a6d2ebc61e42cc	0	0	0	0	0	0	0	0	0	0	0	1	0	0	0	0	0	0	0	0	0	0	0	7	0	0	0	4	0	0
d2a9ce9d86e6e061383215c83010626b	0	0	0	0	0	0	0	0	0	0	0	1	0	0	0	0	0	0	0	0	0	0	0	0	0	9	0	0	0	0
a4cde0bef86d6e512e039acae5a2c305	0	0	0	0	0	0	0	0	0	0	0	1	13	0	0	0	0	0	0	0	3	0	0	0	0	12	0	0	1	0
8eef7c2d50fd84e36bdcafff0686dc07	0	0	0	0	0	0	0	0	0	0	0	1	12	0	0	0	0	0	0	0	0	0	0	0	0	0	0	0	0	0
538c4ff9e95037f12da9abe735e0f826	0	0	0	0	0	0	0	0	0	0	0	1	0	0	0	0	0	1	0	0	4	0	0	1	0	0	5	4	0	4
d02a40210129fb1553942f1d674cccb9	0	0	0	0	0	0	0	0	0	0	0	1	0	1	2	9	0	2	0	0	0	0	0	0	0	0	0	0	1	0
721a6deadf6af1e4104f7dff692f7c8e	0	0	0	0	0	0	0	0	0	0	0	1	0	0	0	0	0	0	0	0	1	0	0	3	0	0	3	0	5	0
4bcb7d9d5e06ef61091cf0bf1b5585f8	0	0	0	0	0	0	0	0	0	0	0	1	0	0	0	0	0	0	5	0	2	0	0	0	0	0	0	0	0	4
b8874183eaf40540f4085b8d1d6f5396	0	0	0	0	0	0	0	0	0	0	0	1	0	3	4	8	0	1	0	0	0	0	0	0	0	0	0	2	0	0
93be72f354ea25e45679d702c5dbb656	0	0	0	0	0	0	0	0	0	0	0	1	0	0	0	0	0	0	0	0	1	0	0	0	0	0	2	3	13	0
cf3b58a95b54cfb1aab726b4b96b3284	0	0	0	0	0	0	0	0	0	0	0	1	0	0	0	0	0	0	1	0	1	0	0	2	0	0	3	1	0	2
5572c198ca597b5a406dbca55b860eb2	0	0	0	0	0	0	0	0	0	0	0	1	0	0	0	0	0	0	0	0	2	0	0	1	0	0	0	8	0	0
fc8f3daaee97966138b38900a338c2e9	0	0	0	0	0	0	0	0	0	0	0	1	0	0	0	0	0	0	3	0	15	0	0	0	0	0	0	5	0	0
0ca3599075c92826620de579122d28e2	0	0	0	0	0	0	0	0	0	0	0	1	0	0	0	0	0	0	0	0	0	0	0	0	0	0	0	16	0	0
16693c7bb4dd309ae56750bc9783e07b	0	0	0	0	0	0	0	0	0	0	0	1	0	0	0	0	0	0	0	0	0	0	0	1	17	0	0	1	0	0
468e414125fe4003246fb9ddd5ae5600	0	0	0	0	0	0	0	0	0	0	0	1	0	1	0	3	0	0	0	0	0	0	0	1	0	0	0	0	1	4
41194db1d05bcbebfcc30fc33bddea18	0	0	0	0	0	0	0	0	0	0	0	1	0	0	0	0	0	0	1	0	0	0	0	3	1	2	1	2	0	0
7e6ab93723bf03321eaf780f58c5622f	0	0	0	0	0	0	0	0	0	0	0	1	0	0	0	0	0	0	0	0	3	0	0	0	0	0	2	0	0	4
68adbb2e367df8eb01f1eaf7baeda557	0	0	0	0	0	0	0	0	0	0	0	1	0	0	0	0	0	0	0	0	0	0	0	0	0	0	0	0	11	1
890ce6c026416f4c91e7be4f9409ebdb	0	0	0	0	0	0	0	0	0	0	0	1	0	0	1	1	0	0	0	0	0	0	0	0	0	0	0	0	7	0
1733241526a6f31f8f3e200a43f70e4e	0	0	0	0	0	0	0	0	0	0	0	1	0	0	0	0	0	0	0	0	0	0	0	0	0	12	0	0	0	0
aa2dc650a914ee99ff8bdf5f7e7b36ce	0	0	0	0	0	0	0	0	0	0	0	1	0	0	0	0	0	20	0	0	0	0	0	0	0	0	0	0	0	0
f687d8ebe23d7fff4e014fda3cdc42a9	0	0	0	0	0	0	0	0	0	0	0	1	0	0	0	0	0	0	6	0	6	0	0	40	0	0	0	58	0	0
d72122ea2a27277003cffdb6c601659c	0	0	0	0	0	0	0	0	0	0	0	1	0	0	0	0	0	0	7	0	1	0	0	4	0	0	0	2	0	2
ad3afe8790a62a75bd9fab40aa2bff40	0	0	0	0	0	0	0	0	0	0	0	1	0	0	0	0	0	0	5	0	2	0	0	0	0	0	1	0	0	7
2023d3e982de724c9b6bc76629b9e7fe	0	0	0	0	0	0	0	0	0	0	0	1	6	0	0	3	0	0	0	0	0	0	0	0	0	0	0	4	2	0
29e0dd506f78074c2f861bc41ba6d9a7	0	0	0	0	0	0	0	0	0	0	0	1	10	0	0	0	0	0	0	0	0	0	0	0	0	0	0	4	0	0
09fefe4553eb6a37418bef533e422eee	0	0	0	0	0	0	0	0	0	0	0	1	0	0	0	0	0	0	0	0	0	0	0	0	0	0	0	0	9	1
f7896d656d738e7ce3c13dddf8706d0b	0	0	0	0	0	0	0	0	0	0	0	1	8	0	1	0	0	0	0	0	0	0	0	0	0	0	0	0	0	0
e1435923e0eea91ee4ffa17926760fbb	0	0	0	0	0	0	0	0	0	0	0	1	0	0	0	0	0	0	0	0	0	0	0	0	0	29	0	0	0	0
4937b0093d72b3d58d1ae0fa12f5712f	0	0	0	0	0	0	0	0	0	0	0	1	0	0	0	0	0	0	1	0	1	0	0	6	0	0	4	2	0	3
80b4db5ae5f3e2d0df9904ee98cb8cbc	0	0	0	0	0	0	0	0	0	0	0	1	0	0	0	0	0	0	0	0	1	0	0	11	0	0	2	1	4	2
412c3175e24b37a50ce7ba8fd4fab6c9	0	0	0	0	0	0	0	0	0	0	0	1	0	0	0	0	0	0	0	0	1	0	0	1	0	0	0	5	1	1
5644b64830a8aa47b197f401d0997693	0	0	0	0	0	0	0	0	0	0	0	1	0	0	0	0	0	0	1	0	16	0	0	0	0	0	0	0	0	0
a498f9ac7d0584a96508af5bf810c709	0	0	0	0	0	0	0	0	0	0	0	1	0	0	0	0	0	1	0	0	1	0	0	1	0	0	0	1	0	6
f55c065bc2f1f0758b54f9195924e62a	0	0	0	0	0	0	0	0	0	0	0	1	0	0	0	0	0	0	0	0	0	0	0	2	0	0	1	0	4	3
81e220c62a114af30ade146eabb2ba23	0	0	0	0	0	0	0	0	0	0	0	1	0	0	0	0	0	0	0	0	0	0	0	0	6	0	0	0	7	0
c60a169401b0cf21d8da3f1726eed7e6	0	0	0	0	0	0	0	0	0	0	0	0	359	0	0	0	0	0	0	0	0	0	0	0	0	0	0	0	0	0
3bb9be5e0ec3430377aa75d26be44c34	0	0	0	0	0	0	0	0	0	0	0	0	147	0	0	0	0	0	0	0	0	0	0	0	0	0	0	0	0	0
10b5d6f70146d6b4df2d09658d4cf46d	0	0	0	0	0	0	0	0	0	0	0	0	113	0	0	0	0	0	0	0	0	0	0	0	0	0	0	0	1	0
491ead257e2dcfa6a6176f3075d42dd6	0	0	0	0	0	0	0	0	0	0	0	0	67	0	0	0	0	0	0	0	0	0	0	0	0	0	0	0	0	0
914752d1e588deacfbed9ce099dff419	0	0	0	0	0	0	0	0	0	0	0	0	63	0	0	9	0	0	0	0	0	0	0	0	0	0	0	0	0	0
0b3727e50a821fd0ac2733f53405cc08	0	0	0	0	0	0	0	0	0	0	0	0	48	0	0	0	0	0	0	0	0	0	0	0	0	0	0	0	0	0
dc25babe7cebc866802f2780a74e9195	0	0	0	0	0	0	0	0	0	0	0	0	46	0	0	0	0	0	0	0	0	0	0	0	0	1	0	0	0	0
9b8d181683890f7938ff190d736ba42a	0	0	0	0	0	0	0	0	0	0	0	0	41	0	0	0	0	0	0	0	0	0	0	0	0	0	0	0	0	0
4e8157601978bdd46c661c23987deca6	0	0	0	0	0	0	0	0	0	0	0	0	41	0	0	0	0	0	0	0	0	0	0	0	0	0	0	0	0	0
621a44f0517b88854aa61b5dad7f5451	0	0	0	0	0	0	0	0	0	0	0	0	40	0	0	0	0	0	0	0	0	0	0	0	0	0	0	0	0	0
b0c73d745706fab2c4d4325a76acc169	0	0	0	0	0	0	0	0	0	0	0	0	39	0	0	0	0	0	0	0	0	0	0	0	0	0	0	0	0	0
3f070cbe90be23e25e1b46839f507acb	0	0	0	0	0	0	0	0	0	0	0	0	36	0	0	0	0	0	0	0	0	0	0	1	0	0	0	6	0	0
7531d5ef2c65e8ec596b27b3abf37315	0	0	0	0	0	0	0	0	0	0	0	0	33	0	0	0	0	0	0	0	0	0	0	0	0	1	0	3	0	0
8f069a8229c450a248309e8714309f4d	0	0	0	0	0	0	0	0	0	0	0	0	33	1	0	0	0	0	0	0	0	0	0	0	0	0	0	0	0	0
cf2d2eac30f65b13ec4492c264ea9b9c	0	0	0	0	0	0	0	0	0	0	0	0	31	0	0	0	0	0	0	0	4	0	0	0	0	0	0	0	0	0
7609310c4c5aaf24d532233544c05e33	0	0	0	0	0	0	0	0	0	0	0	0	31	0	0	1	0	0	0	0	0	0	0	0	0	0	0	1	0	1
5c7f908695e082dbdedf6326a28f98bf	0	0	0	0	0	0	0	0	0	0	0	0	30	0	0	49	0	0	0	0	0	0	0	0	0	0	0	0	0	0
cfa6c43da12de69baab82ee48ee1af48	0	0	0	0	0	0	0	0	0	0	0	0	29	0	0	0	0	0	0	0	0	0	0	0	0	0	0	0	0	0
8ee9cf7ab7a441b262db2314c13ec3be	0	0	0	0	0	0	0	0	0	0	0	0	29	0	0	0	0	0	0	0	0	0	0	0	0	0	0	0	0	0
c7027b85a114071905c67a89a766a59c	0	0	0	0	0	0	0	0	0	0	0	0	27	0	0	0	0	0	0	0	0	0	0	0	0	0	0	1	0	0
a6df8d3986796406456b31b37441502c	0	0	0	0	0	0	0	0	0	0	0	0	27	0	0	0	0	0	0	0	0	0	0	0	0	3	0	2	0	0
61de559a1a79157ad05a94a53ae4adf2	0	0	0	0	0	0	0	0	0	0	0	0	26	0	0	0	0	0	0	0	0	0	0	0	0	0	0	0	0	0
219702e31e9eb4077e2b79f8a35139d6	0	0	0	0	0	0	0	0	0	0	0	0	25	0	0	0	0	0	0	0	0	0	0	0	0	0	0	0	1	0
eccaac5587fdef704838e082c7ac3ae8	0	0	0	0	0	0	0	0	0	0	0	0	24	0	0	0	0	0	0	0	0	0	0	0	0	0	0	0	0	0
6149097206a345af8f0ec46663bedb96	0	0	0	0	0	0	0	0	0	0	0	0	24	0	0	0	0	0	0	0	0	0	0	0	0	0	0	0	0	0
2759cc86801c8015bccd28aeefe27475	0	0	0	0	0	0	0	0	0	0	0	0	23	0	0	0	0	0	0	0	0	0	0	0	0	0	0	0	0	0
0b1bfd6b537fa0330764d1407abb7009	0	0	0	0	0	0	0	0	0	0	0	0	23	0	0	0	0	0	5	0	0	0	0	1	0	0	0	0	0	0
df1bbebfeb24b13afbaadc19ec8c4a8a	0	0	0	0	0	0	0	0	0	0	0	0	22	1	0	0	0	0	0	0	0	0	0	0	0	0	0	0	0	0
ac053e629e8302d638520670cf84cc5c	0	0	0	0	0	0	0	0	0	0	0	0	22	0	0	0	0	0	0	0	0	0	0	0	0	0	0	0	0	0
0f7974c8490c8b1d6d777d92dab2dd1a	0	0	0	0	0	0	0	0	0	0	0	0	22	0	0	0	0	0	0	0	0	0	0	0	0	0	0	0	0	0
caa17257c28a0c6fd372df4c7a49ab0c	0	0	0	0	0	0	0	0	0	0	0	0	21	0	0	0	0	0	0	0	0	0	0	0	0	0	0	0	0	0
846982f6c58360bd4743ff60fc0a88d1	0	0	0	0	0	0	0	0	0	0	0	0	21	0	0	0	0	0	0	0	0	0	0	0	0	0	0	0	0	0
da191e3779ee84e63a9a4f5dc55608b6	0	0	0	0	0	0	0	0	0	0	0	0	21	0	0	0	0	0	0	0	0	0	0	0	0	0	0	0	0	0
2153ccd88e8e6789d7ac2688d1fc810d	0	0	0	0	0	0	0	0	0	0	0	0	20	0	0	0	0	0	0	0	0	0	0	0	0	0	0	0	0	0
fe52be8c114b10ef6014965451a7f650	0	0	0	0	0	0	0	0	0	0	0	0	20	0	0	0	0	0	0	0	0	0	0	0	0	0	0	0	0	3
dd0a36d4e25821e5b17e62f3909d889b	0	0	0	0	0	0	0	0	0	0	0	0	20	0	0	0	0	0	0	0	0	0	0	0	0	0	0	0	0	0
f6ee2e2bbfaa326ca02703f2d1bb8433	0	0	0	0	0	0	0	0	0	0	0	0	20	0	0	0	0	0	0	0	0	0	0	0	0	0	0	1	0	0
f850c6a9cd07e0d90bcb850ce97fe05b	0	0	0	0	0	0	0	0	0	0	0	0	19	0	0	0	0	0	0	0	0	0	0	0	0	0	0	0	0	0
4342baae68ca338689e67c1f9623daed	0	0	0	0	0	0	0	0	0	0	0	0	18	0	0	0	0	0	0	0	0	0	0	0	0	0	0	0	0	0
a3d6664500a3ac062278924e43d2b622	0	0	0	0	0	0	0	0	0	0	0	0	18	0	0	0	0	0	0	0	0	0	0	0	0	0	0	0	0	0
9ef8168ad91e015cd671857de37b9c8a	0	0	0	0	0	0	0	0	0	0	0	0	18	0	0	0	0	0	0	0	0	0	0	0	0	0	0	0	0	0
adc7fca5ea632e63b72d5be15d5d2b83	0	0	0	0	0	0	0	0	0	0	0	0	18	0	0	0	0	0	0	0	0	0	0	0	0	0	0	0	0	0
961ae8a4dd3199bb427d8cf6a90846b4	0	0	0	0	0	0	0	0	0	0	0	0	17	0	0	0	0	0	0	0	0	0	0	0	0	0	0	0	0	0
d46d125b7f0a5fb7107b113c22b30e4d	0	0	0	0	0	0	0	0	0	0	0	0	16	0	0	0	0	0	0	0	0	0	0	0	0	0	0	0	0	0
166d7d8f75bc277e4f4cc2767822aece	0	0	0	0	0	0	0	0	0	0	0	0	16	0	0	0	0	0	0	0	0	0	0	0	0	0	0	0	0	0
08cb6f17d5ae1fda816d3546bcc3bf14	0	0	0	0	0	0	0	0	0	0	0	0	15	0	0	0	0	0	0	0	0	0	0	0	0	0	0	0	0	0
4cf7e9dbaf3306118a6a3c2153ad51ce	0	0	0	0	0	0	0	0	0	0	0	0	15	0	0	0	0	0	0	0	0	0	0	0	0	0	0	0	0	0
e27191088b061aff2fa9be79a93f87d3	0	0	0	0	0	0	0	0	0	0	0	0	15	0	0	6	0	0	0	0	0	0	0	0	0	0	0	1	0	0
7d5f8293673af82206c6b1f2c6e85b65	0	0	0	0	0	0	0	0	0	0	0	0	14	0	0	11	0	0	1	0	0	0	0	2	0	0	0	31	0	0
2bf1f58a369d476723661131338b7868	0	0	0	0	0	0	0	0	0	0	0	0	14	0	0	0	0	0	0	0	0	0	0	0	0	0	0	1	0	0
fa506421df703e3fc2b298208e06dc89	0	0	0	0	0	0	0	0	0	0	0	0	14	0	0	0	0	0	0	0	0	0	0	0	0	0	0	0	0	0
ef292977c86d6d4c4709536c446cadf2	0	0	0	0	0	0	0	0	0	0	0	0	14	0	0	0	0	0	0	0	0	0	0	0	0	0	0	4	0	0
b00b5238da5f78f897236ea12bdf70e4	0	0	0	0	0	0	0	0	0	0	0	0	14	0	0	0	0	0	0	0	0	0	0	0	0	0	0	0	0	0
ed39a78b87ab8ff1ea28de83bef465e8	0	0	0	0	0	0	0	0	0	0	0	0	14	0	0	0	0	0	0	0	0	0	0	0	0	0	0	0	0	0
87b7781fffe7544564927b49ae071b63	0	0	0	0	0	0	0	0	0	0	0	0	14	0	3	0	0	0	0	0	0	0	0	0	0	0	0	1	0	0
42e2563f8e72a8fe181bc69c4ecb87f9	0	0	0	0	0	0	0	0	0	0	0	0	13	0	0	0	0	0	0	0	0	0	0	0	0	0	0	0	0	0
e89743c8da9cbea4a49c5a0bb7ef5db2	0	0	0	0	0	0	0	0	0	0	0	0	13	0	0	0	0	0	0	0	0	0	0	0	0	0	0	0	0	0
2b00487330b3abd8f644706d5a091483	0	0	0	0	0	0	0	0	0	0	0	0	13	0	0	0	0	0	0	0	0	0	0	0	0	0	0	0	0	0
187c89863e33918013c809923e139dd8	0	0	0	0	0	0	0	0	0	0	0	0	13	0	0	6	0	0	0	0	0	0	0	0	0	0	0	0	0	0
175744c96606f74ad6b8945cd3ae77b9	0	0	0	0	0	0	0	0	0	0	0	0	13	0	0	0	0	0	0	0	0	0	0	0	0	0	0	0	0	0
ada5f4424bb334f599b28c8bf1b171dc	0	0	0	0	0	0	0	0	0	0	0	0	13	0	0	0	0	0	0	0	0	0	0	0	0	0	0	0	0	0
b6ed66e2711d57e6fc469a5a1caf555a	0	0	0	0	0	0	0	0	0	0	0	0	12	0	0	1	0	0	0	0	0	0	0	0	0	0	0	0	0	0
d0a271db259137f971387a4c95a67f16	0	0	0	0	0	0	0	0	0	0	0	0	12	0	0	0	0	0	0	0	0	0	0	0	0	0	0	0	0	0
7c4bda463f269ca7158905730c80d4ef	0	0	0	0	0	0	0	0	0	0	0	0	12	0	0	0	0	0	0	0	0	0	0	0	0	0	0	2	0	0
4e6abedae448058626a4cd59ecf9dae7	0	0	0	0	0	0	0	0	0	0	0	0	11	0	0	0	0	0	0	0	0	0	0	0	0	0	0	0	0	0
75f21053a366c08af1cb03d86e2c636c	0	0	0	0	0	0	0	0	0	0	0	0	11	0	0	0	0	0	0	0	0	0	0	0	0	0	0	0	1	0
eac4cf902f9b94ee31df4b3782c9507a	0	0	0	0	0	0	0	0	0	0	0	0	11	0	0	0	0	0	0	0	0	0	0	0	0	0	0	0	0	0
5314c81756c84f24422e58f8f96a2261	0	0	0	0	0	0	0	0	0	0	0	0	11	0	0	0	0	0	0	0	0	0	0	0	0	0	0	0	0	0
ff6869b68e8d4ccd6bb45d5c2635d9b1	0	0	0	0	0	0	0	0	0	0	0	0	11	0	0	0	0	0	0	0	0	0	0	0	0	1	0	0	0	0
3f2220a58026a446ade6c661ac74475b	0	0	0	0	0	0	0	0	0	0	0	0	11	0	0	0	0	0	0	0	0	0	0	0	0	0	0	0	0	0
e86e6ab85cb8e9758b523b59d8cb3f95	0	0	0	0	0	0	0	0	0	0	0	0	11	0	3	0	0	0	0	0	0	0	0	0	0	0	0	0	0	0
85512432f1cc0edba5dded41092554cb	0	0	0	0	0	0	0	0	0	0	0	0	11	0	0	0	0	0	0	0	0	0	0	0	0	0	0	1	0	0
8db835c3abcd22cd14400b2796202281	0	0	0	0	0	0	0	0	0	0	0	0	11	0	0	0	0	0	0	0	0	0	0	0	0	0	0	0	0	0
5fa7f14e946644d8f31a89fc76327bc4	0	0	0	0	0	0	0	0	0	0	0	0	10	0	1	0	0	0	0	0	0	0	0	0	0	0	0	0	0	0
bb87b685a8918cee79027841198ef5a3	0	0	0	0	0	0	0	0	0	0	0	0	10	0	0	0	0	0	0	0	0	1	0	0	0	0	0	0	0	0
605c82b4fd8d0774a860c0b2907f0f93	0	0	0	0	0	0	0	0	0	0	0	0	10	0	0	1	0	0	0	0	0	0	0	0	0	0	0	0	0	0
5a1d93c70fc61fb5d45834e9f8758ba3	0	0	0	0	0	0	0	0	0	0	0	0	10	0	0	0	0	2	0	0	0	0	0	0	0	0	0	0	0	0
040f774631b7fdbb32a60fbad493dcb1	0	0	0	0	0	0	0	0	0	0	0	0	10	1	0	0	0	0	0	0	0	0	0	0	0	0	0	1	0	0
f5539c998d53f8a9273700bb8b321559	0	0	0	0	0	0	0	0	0	0	0	0	10	0	0	0	0	0	0	0	0	0	0	0	0	0	0	0	0	0
6eeb4ac93cc3b85c2826dc8bea147108	0	0	0	0	0	0	0	0	0	0	0	0	9	0	0	0	0	0	0	0	0	0	0	0	0	0	1	0	0	0
f6ea08a3f9658385203fd6be583bb52c	0	0	0	0	0	0	0	0	0	0	0	0	9	0	0	0	0	0	0	0	0	0	0	0	0	0	0	2	0	0
638a5680236b62ac5e22f24b854a130b	0	0	0	0	0	0	0	0	0	0	0	0	8	0	0	0	0	0	2	0	0	0	0	0	0	0	0	0	0	0
8fe1da970f27c8b598b204aba596e14a	0	0	0	0	0	0	0	0	0	0	0	0	8	0	0	5	0	0	0	0	0	0	0	0	0	0	0	7	0	0
a4903143297af08870b1960fbe8450e7	0	0	0	0	0	0	0	0	0	0	0	0	8	0	0	0	0	0	0	0	0	0	0	0	0	17	0	0	0	0
157b795d0131145aa8872a1cc9d7e43d	0	0	0	0	0	0	0	0	0	0	0	0	8	0	0	2	0	0	0	0	0	0	0	4	0	2	0	1	0	1
d44c182d7c12eff9035efd412422c89e	0	0	0	0	0	0	0	0	0	0	0	0	8	0	0	0	0	0	0	0	0	0	0	0	0	0	0	1	1	0
72eef0996c99b9691bf331a3bdcecfc5	0	0	0	0	0	0	0	0	0	0	0	0	8	0	0	0	0	0	0	0	0	0	0	3	0	0	0	0	0	0
8776dd9f3b49e1dcf6cf9d2f7d6bcae2	0	0	0	0	0	0	0	0	0	0	0	0	7	0	0	1	0	0	1	0	0	0	0	0	0	0	0	2	0	0
a405036fe9f5a579784e0242c0bc485c	0	0	0	0	0	0	0	0	0	0	0	0	7	0	2	0	0	0	0	0	0	0	0	0	0	0	1	0	0	0
0ab321a6cbb4cfe26cb93ddea611bf4b	0	0	0	0	0	0	0	0	0	0	0	0	6	0	0	0	0	0	0	0	0	0	0	0	0	0	3	1	0	0
90e207610ba24213c4ec3e206fd61395	0	0	0	0	0	0	0	0	0	0	0	0	6	0	0	0	0	0	0	0	0	0	0	0	1	221	0	0	0	0
435ff07e739a5c83737c076f6da66d9e	0	0	0	0	0	0	0	0	0	0	0	0	6	0	0	0	0	0	0	0	0	0	0	0	0	0	0	4	0	0
6147fa5461713dcbb0aa6909f43114b4	0	0	0	0	0	0	0	0	0	0	0	0	6	0	1	0	0	0	0	0	1	0	0	0	1	0	0	0	1	0
39941bf7ade5c2d3aeb038d444ec9185	0	0	0	0	0	0	0	0	0	0	0	0	6	0	1	0	0	0	0	0	0	0	0	0	0	3	0	1	0	0
46d6e85d1acea52ac6d3e7c3776d3212	0	0	0	0	0	0	0	0	0	0	0	0	6	0	0	4	0	0	0	0	0	0	0	0	0	0	0	0	0	0
7d4b118a3ffd90e9c63541e0455e4d9a	0	0	0	0	0	0	0	0	0	0	0	0	6	0	0	0	0	0	0	0	0	0	0	9	0	0	0	23	0	0
c32f5eae39d992784dd7fd096c61843b	0	0	0	0	0	0	0	0	0	0	0	0	6	0	0	4	0	0	0	0	0	0	0	0	0	0	0	1	0	0
18b784165b4478638ebb69006d305c7e	0	0	0	0	0	0	0	0	0	0	0	0	6	0	0	0	0	0	0	0	0	0	0	1	0	0	0	3	2	0
2aee5fb748908e1d0c9ed34ddeb799cb	0	0	0	0	0	0	0	0	0	0	0	0	6	0	0	0	3	0	0	0	0	0	0	0	0	0	2	0	0	0
b7f79c49a923805a4e8ca35918526e0d	0	0	0	0	0	0	0	0	0	0	0	0	5	0	0	0	0	0	0	0	0	0	0	0	0	0	0	5	0	0
6200d26fbdab9029786ce2e31c0712e9	0	0	0	0	0	0	0	0	0	0	0	0	5	0	0	6	0	0	0	0	0	1	0	0	0	0	0	0	0	0
34e37653365bdce4becfcd8922b0f3b8	0	0	0	0	0	0	0	0	0	0	0	0	5	0	3	2	0	0	0	0	0	0	0	0	0	0	0	0	0	0
c6d9e2d24f7254b77d7145d59ff047e9	0	0	0	0	0	0	0	0	0	0	0	0	4	0	0	0	0	0	0	0	0	0	0	0	0	52	0	3	0	0
ecd8d37e66d6177b4cbc735bec7d7cdf	0	0	0	0	0	0	0	0	0	0	0	0	4	0	0	0	0	0	0	0	0	0	0	1	0	0	0	5	0	0
80b0f2e509be558324f1574c3e7c9d43	0	0	0	0	0	0	0	0	0	0	0	0	4	12	0	0	0	0	0	0	0	0	0	0	0	0	0	0	0	1
af85646418d2f4626697936e5bb8e269	0	0	0	0	0	0	0	0	0	0	0	0	3	0	4	3	0	0	0	0	0	0	0	0	0	0	0	0	0	0
8634e87d7c1ccee0e79d7ad87ff60fb6	0	0	0	0	0	0	0	0	0	0	0	0	3	0	1	4	0	0	0	0	0	0	0	0	0	0	1	0	10	0
50373f5b0bfb519858360b47eff616ce	0	0	0	0	0	0	0	0	0	0	0	0	3	1	0	1	0	0	0	0	0	0	0	0	6	0	0	0	5	0
a4d584b511dd201204e5ffba52b6253b	0	0	0	0	0	0	0	0	0	0	0	0	3	0	0	9	0	0	0	0	0	0	0	0	0	0	0	0	0	0
1425e0e46a9370feb09f049cbf255a1a	0	0	0	0	0	0	0	0	0	0	0	0	3	1	1	0	0	0	0	0	0	0	0	0	8	6	0	0	0	0
2cb2853ec0a5cdf6ac9edc8dcdfadc7c	0	0	0	0	0	0	0	0	0	0	0	0	3	0	0	0	0	0	0	0	0	0	0	0	0	0	7	0	0	3
4c12a0bcc2a6634d6ddba9dc4fd55d57	0	0	0	0	0	0	0	0	0	0	0	0	2	0	0	0	0	0	0	0	0	0	0	0	0	0	4	0	0	5
49ae11b4c8b66e959e3edf122c4b5ad4	0	0	0	0	0	0	0	0	0	0	0	0	2	0	0	0	0	0	0	0	0	0	0	0	0	0	2	0	7	1
fe801b5e66b10a8c24e1e1a0fd5975ca	0	0	0	0	0	0	0	0	0	0	0	0	2	0	0	0	0	0	0	0	0	0	0	0	0	0	2	0	1	18
b954c7ad5647427d02a02181926d6f7a	0	0	0	0	0	0	0	0	0	0	0	0	2	0	3	1	0	0	0	0	0	0	0	2	0	0	2	3	0	0
71d3d3c2bae5e654ccb6fdb0f96ee7f4	0	0	0	0	0	0	0	0	0	0	0	0	2	0	0	0	0	0	1	0	2	0	0	0	0	0	2	0	1	6
4730d6f78c00e80819b3ebe638a730a6	0	0	0	0	0	0	0	0	0	0	0	0	2	0	0	0	0	0	0	0	0	0	0	0	0	10	0	0	0	0
714e30ef0edad4bb9c8d0391b33b02eb	0	0	0	0	0	0	0	0	0	0	0	0	2	0	0	0	0	0	0	0	0	0	0	0	0	50	0	0	0	0
3253c4dc9c5e9acd9f7f3c0f33eac4be	0	0	0	0	0	0	0	0	0	0	0	0	2	0	0	0	0	0	0	0	0	0	0	4	0	0	4	3	0	0
1565e109f5debce924c85d66b77a6554	0	0	0	0	0	0	0	0	0	0	0	0	2	2	0	0	0	0	0	0	0	0	1	3	0	0	6	3	0	3
13be6864c8b22496d12ebab8586b7456	0	0	0	0	0	0	0	0	0	0	0	0	1	0	0	0	0	0	0	0	0	0	0	0	0	12	0	0	0	0
02c8925ee9dd7360ec409477eb691155	0	0	0	0	0	0	0	0	0	0	0	0	1	0	0	0	0	0	0	0	0	0	0	0	0	101	0	0	0	0
8d61ed8992ef6c17b824c9abd07b8741	0	0	0	0	0	0	0	0	0	0	0	0	1	48	0	0	0	0	0	0	0	0	0	0	0	0	0	0	0	0
0d27e1b61f427e10fbdd7fa1e2623563	0	0	0	0	0	0	0	0	0	0	0	0	1	0	0	0	0	0	61	0	88	0	0	7	1	0	26	8	1	65
b4df7afb4fd8ae281dd1d4357d0f3425	0	0	0	0	0	0	0	0	0	0	0	0	1	0	0	0	0	0	0	0	0	0	0	2	0	0	3	0	5	0
3a29310c1416d7867ff4801df61eb921	0	0	0	0	0	0	0	0	0	0	0	0	1	0	0	0	0	0	0	0	0	2	2	9	0	0	5	6	0	2
d24253f6a9597cee35ea819428acb26c	0	0	0	0	0	0	0	0	0	0	0	0	1	0	0	91	0	0	0	0	0	0	0	0	0	0	0	0	0	0
5f20967f712156505e552c9f0e8e0157	0	0	0	0	0	0	0	0	0	0	0	0	1	0	0	0	0	0	0	0	0	0	0	0	0	0	3	0	6	0
0b13933b801f6a7aeece95d6d5ad9b18	0	0	0	0	0	0	0	0	0	0	0	0	1	0	0	0	0	1	0	0	3	0	0	2	0	0	0	5	0	4
d1114bdff6d070003598855f22e964a0	0	0	0	0	0	0	0	0	0	0	0	0	1	0	0	0	0	0	0	0	0	0	0	0	0	9	0	0	0	0
69f717b753fb56e3777948ae11c0ba4c	0	0	0	0	0	0	0	0	0	0	0	0	1	13	0	0	0	0	0	0	0	0	0	0	0	0	0	0	0	0
7dacaf5c170713aa078a2391668ba413	0	0	0	0	0	0	0	0	0	0	0	0	1	0	0	5	0	0	0	0	0	2	1	0	0	0	2	1	0	0
819448c25353c5334396370a61d5c514	0	0	0	0	0	0	0	0	0	0	0	0	1	0	0	7	0	0	0	0	0	0	0	0	0	0	0	2	0	0
73172786d0a0b567fc8ba8b4dd2424f7	0	0	0	0	0	0	0	0	0	0	0	0	1	0	0	1	0	0	3	0	10	0	0	1	0	15	4	4	0	3
7b8f373fde43903af10646f0a42a1cff	0	0	0	0	0	0	0	0	0	0	0	0	1	0	10	10	0	0	0	0	0	0	0	0	0	0	0	0	0	0
19ae20fa6cb7a77277223e31a17f0fc4	0	0	0	0	0	0	0	0	0	0	0	0	1	0	0	14	0	0	0	0	0	0	0	0	0	0	0	0	0	0
58fd117ba0ea6e54ad4498eb3dd2f15f	0	0	0	0	0	0	0	0	0	0	0	0	1	0	0	8	0	0	0	0	0	0	0	0	0	0	2	0	0	1
9b21f3c0919673320669bc9c260a138d	0	0	0	0	0	0	0	0	0	0	0	0	1	0	0	0	0	0	1	0	2	0	0	0	0	0	3	1	0	4
51456467a9de475511c8df0fcc77b119	0	0	0	0	0	0	0	0	0	0	0	0	1	0	0	0	0	0	0	0	0	0	0	0	10	0	0	0	0	0
31f849d69a2ec10ff22376572fd5f297	0	0	0	0	0	0	0	0	0	0	0	0	1	0	0	0	0	0	0	0	0	0	0	0	0	14	0	0	0	0
699f5c39d0454521937d487f1ebe656d	0	0	0	0	0	0	0	0	0	0	0	0	0	106	0	0	0	0	0	0	0	0	0	0	0	0	0	0	0	0
5931c5a0f73ce0aa2b699177241f6a4e	0	0	0	0	0	0	0	0	0	0	0	0	0	96	0	0	0	0	0	0	0	0	0	0	0	0	0	0	0	0
e27a5ab9ec9cd5be5477181272797519	0	0	0	0	0	0	0	0	0	0	0	0	0	65	0	0	0	0	0	0	0	0	0	0	0	0	0	0	0	0
09584596bedd88075e637eb8f0803158	0	0	0	0	0	0	0	0	0	0	0	0	0	62	0	0	0	0	0	0	0	0	0	0	0	0	1	0	0	0
46627fff4e76ac0f227feadb05b437d5	0	0	0	0	0	0	0	0	0	0	0	0	0	38	0	0	0	0	0	0	0	0	0	0	0	0	0	0	0	0
f8d32eafde5eeb2e2875818c68147338	0	0	0	0	0	0	0	0	0	0	0	0	0	33	12	2	0	0	0	0	0	0	0	0	0	0	0	1	2	0
e85e07ae47f2d190aae32cbedae96cc4	0	0	0	0	0	0	0	0	0	0	0	0	0	31	0	0	1	0	0	0	0	0	0	0	0	0	0	0	0	0
4ce1fb5626af2e012a6fb40d1dd9d37b	0	0	0	0	0	0	0	0	0	0	0	0	0	27	0	0	0	0	0	0	0	0	0	0	0	0	0	0	0	0
fdf5c1f82046e72b5298cb9f111230cd	0	0	0	0	0	0	0	0	0	0	0	0	0	23	0	0	0	0	0	0	0	0	0	0	0	0	0	0	0	0
161ba56823db065c1a1f4d5a92eef27c	0	0	0	0	0	0	0	0	0	0	0	0	0	22	0	0	0	0	0	0	0	0	0	0	0	0	0	0	0	0
6aabb9f2439870e44c0955ad375c0d88	0	0	0	0	0	0	0	0	0	0	0	0	0	21	0	0	0	0	0	0	0	0	0	0	0	0	0	0	0	0
dfe08ec60017fba7e5034f10d2dbb35d	0	0	0	0	0	0	0	0	0	0	0	0	0	20	0	0	0	0	0	0	0	0	0	0	0	0	0	0	0	0
920e1a0f95536b3db5baaf4a8f3a62ca	0	0	0	0	0	0	0	0	0	0	0	0	0	19	0	0	0	0	0	0	0	0	0	0	0	0	0	0	0	0
7258279b3dedee4db20ba7a7caa0e96a	0	0	0	0	0	0	0	0	0	0	0	0	0	18	0	0	0	0	0	0	0	0	0	0	0	0	0	0	0	0
8a50fd235fe308bb98f774795e6e742e	0	0	0	0	0	0	0	0	0	0	0	0	0	18	0	0	0	0	0	0	0	0	0	0	0	0	0	0	0	1
e6e11506f6a721449f12788230fb5d13	0	0	0	0	0	0	0	0	0	0	0	0	0	18	0	0	0	0	0	0	0	0	0	0	0	0	0	0	0	0
c49d6b2d77c47fbe740d1f60c125cc17	0	0	0	0	0	0	0	0	0	0	0	0	0	17	0	0	0	0	0	0	0	0	0	0	0	0	0	0	0	0
87e197a9805e5ea7cea1191258a9e373	0	0	0	0	0	0	0	0	0	0	0	0	0	16	0	0	0	0	0	0	0	0	0	0	0	0	0	0	0	0
32614267b59715b5bf7171559d74180e	0	0	0	0	0	0	0	0	0	0	0	0	0	14	0	0	0	0	0	0	0	0	0	0	0	0	0	0	0	1
fde98275339aa024021781421e07fd48	0	0	0	0	0	0	0	0	0	0	0	0	0	14	0	0	0	0	0	0	0	0	0	0	0	0	0	0	0	0
8dbbf09f217bf28271ff61e1b9e4dc87	0	0	0	0	0	0	0	0	0	0	0	0	0	14	0	0	0	0	0	0	0	0	0	0	0	0	0	0	0	0
a3677d9ae34e49467604a0c0cb18805b	0	0	0	0	0	0	0	0	0	0	0	0	0	14	0	0	0	0	0	0	0	0	0	0	0	0	0	0	0	0
bce2585d9d7e693fbc00cd6a6e1206d1	0	0	0	0	0	0	0	0	0	0	0	0	0	13	0	0	0	0	0	0	0	0	0	0	0	0	0	0	0	0
3ad45580ccb9ed65ad6624945eb0d7cb	0	0	0	0	0	0	0	0	0	0	0	0	0	13	0	0	0	0	0	0	0	0	0	0	0	0	0	0	0	0
d3c2d76166c7fbfa6bc324ecffdece56	0	0	0	0	0	0	0	0	0	0	0	0	0	12	0	0	0	0	0	0	0	0	0	0	0	0	0	0	0	0
4a539f246b42adf3b69c5e9454410b5b	0	0	0	0	0	0	0	0	0	0	0	0	0	12	1	0	0	0	0	0	0	0	0	0	0	0	0	0	0	0
a5672c204a92e7cc668f2adf1dd081af	0	0	0	0	0	0	0	0	0	0	0	0	0	12	0	0	0	0	0	0	0	0	0	0	0	0	0	0	0	0
4fc776132e17d0ceb5d951ace2090ae7	0	0	0	0	0	0	0	0	0	0	0	0	0	12	0	0	0	0	0	0	0	0	0	0	0	0	0	1	0	0
6c867f066fba488d15fe2f5dc67beea6	0	0	0	0	0	0	0	0	0	0	0	0	0	12	0	0	0	0	0	0	0	0	0	0	0	0	0	0	0	0
51744ccf9639dba40def3347dbb6d4a3	0	0	0	0	0	0	0	0	0	0	0	0	0	11	0	0	0	0	0	0	0	0	0	0	0	0	0	0	0	0
337c5feb548c80f23c23049aa33c53a3	0	0	0	0	0	0	0	0	0	0	0	0	0	11	0	0	0	0	0	0	1	0	0	0	0	1	4	1	0	1
c09eb4e30168ef11427054df422b371f	0	0	0	0	0	0	0	0	0	0	0	0	0	11	0	0	0	0	0	0	0	0	0	0	0	0	1	0	0	2
f5b38bc26d6d54b7fa4e478006f03892	0	0	0	0	0	0	0	0	0	0	0	0	0	11	0	0	0	0	0	0	0	0	0	0	0	0	0	0	0	0
ad41742b97f6e325b2b4a88a90329122	0	0	0	0	0	0	0	0	0	0	0	0	0	10	0	0	0	0	0	0	0	0	0	0	0	0	1	0	0	0
6fb60dbb0cf725a520acb37a72fec5cf	0	0	0	0	0	0	0	0	0	0	0	0	0	10	0	0	0	0	0	0	0	0	0	0	0	0	0	0	0	0
4b87eaefaba9212f8e340144bc1ccab6	0	0	0	0	0	0	0	0	0	0	0	0	0	10	0	0	0	0	0	0	0	0	0	0	0	0	0	0	0	0
5057c230cdcabaf57fbb3c129d0c5be3	0	0	0	0	0	0	0	0	0	0	0	0	0	10	0	3	0	0	0	0	0	0	0	0	0	0	0	0	0	0
a1b823d7cf3837e257e9d6c2c8e7b63c	0	0	0	0	0	0	0	0	0	0	0	0	0	10	0	0	0	0	0	0	0	0	0	0	0	0	0	0	0	0
b491315b55d0b3df0d182c5eea88c877	0	0	0	0	0	0	0	0	0	0	0	0	0	10	0	0	0	0	0	0	0	0	0	0	0	0	0	0	0	0
4f80b0143e55ef9284134f4e2fdf0fac	0	0	0	0	0	0	0	0	0	0	0	0	0	9	0	0	0	0	0	0	0	0	0	0	0	0	0	2	0	1
7c0ae4eeed4a869602ea12b005663c0a	0	0	0	0	0	0	0	0	0	0	0	0	0	7	0	0	0	0	0	0	0	0	0	0	4	0	0	0	0	0
49250190b862112cbc1f62729d569b91	0	0	0	0	0	0	0	0	0	0	0	0	0	5	0	0	0	0	0	1	0	0	0	1	0	0	1	0	22	0
5964ad4629eacdf49783c02a5f9fb0cc	0	0	0	0	0	0	0	0	0	0	0	0	0	4	2	1	0	0	0	0	0	0	0	0	0	0	0	1	0	2
ac37b6b1cb28d18e5ce8b86a2ea9231e	0	0	0	0	0	0	0	0	0	0	0	0	0	4	0	0	0	0	0	0	0	0	0	0	0	7	0	0	0	0
6d6a4c2376e7bbe58549c3537381128e	0	0	0	0	0	0	0	0	0	0	0	0	0	3	0	0	0	0	0	0	2	0	0	0	0	0	0	0	4	1
6581bea258eb9d2fa930e50c5b08e9cc	0	0	0	0	0	0	0	0	0	0	0	0	0	3	0	0	0	0	0	0	0	0	0	0	0	0	1	0	15	0
4358e3cf2601f516e40220e1b7800c6c	0	0	0	0	0	0	0	0	0	0	0	0	0	2	0	0	0	0	0	0	0	0	0	0	1	17	0	0	5	0
e8d85216afcdd95dd9a6c980208e047e	0	0	0	0	0	0	0	0	0	0	0	0	0	2	0	0	0	0	2	0	1	0	0	47	0	0	1	19	0	0
d6fe5d0c11d998f5ffb4e929ca48bfc1	0	0	0	0	0	0	0	0	0	0	0	0	0	2	9	2	0	0	0	0	0	0	0	0	0	0	0	0	0	2
2e674ccb51310110449210528658ec39	0	0	0	0	0	0	0	0	0	0	0	0	0	2	0	0	0	0	1	0	2	0	0	0	0	2	1	0	4	0
a8b96c791f47564a08a87373b1df1674	0	0	0	0	0	0	0	0	0	0	0	0	0	2	3	1	0	6	0	0	0	0	0	0	0	0	0	0	0	0
9c590294965183e4545d37145fb9e391	0	0	0	0	0	0	0	0	0	0	0	0	0	2	1	0	0	0	0	0	0	0	0	1	0	0	0	0	6	0
d2a9c61f2c6f67a385cba0560c2813c6	0	0	0	0	0	0	0	0	0	0	0	0	0	2	2	0	1	0	0	0	0	0	0	0	0	0	2	1	7	1
3c3ce7b7a5767d83ae78a3293527c4ca	0	0	0	0	0	0	0	0	0	0	0	0	0	1	1	0	0	0	0	0	0	0	0	0	0	9	1	0	0	2
ef24662e426424bd2f2105951149396f	0	0	0	0	0	0	0	0	0	0	0	0	0	1	0	0	0	0	0	0	0	0	0	0	0	47	0	0	0	0
f0c0b94ebbab90a6301fcfd44e7f1807	0	0	0	0	0	0	0	0	0	0	0	0	0	1	0	0	0	0	4	0	3	0	0	0	0	0	14	0	0	4
6833463cfe3c633de6d2700bba4c8a76	0	0	0	0	0	0	0	0	0	0	0	0	0	1	0	10	0	0	0	0	0	0	0	0	0	0	0	0	0	1
6a1595248b8ba154f674a832647b4fa2	0	0	0	0	0	0	0	0	0	0	0	0	0	1	1	0	0	3	2	0	0	0	0	0	0	0	0	4	1	0
a81dce70d7770d94c3fea707f855564c	0	0	0	0	0	0	0	0	0	0	0	0	0	1	0	0	0	0	0	0	0	0	0	0	0	20	0	0	0	0
56cf27596c1cf79944f01ae12622f5be	0	0	0	0	0	0	0	0	0	0	0	0	0	1	0	3	0	0	0	0	0	0	0	0	2	8	0	0	0	0
c8e006cf0e0d6b016525a3ced89649f0	0	0	0	0	0	0	0	0	0	0	0	0	0	1	0	0	0	1	0	0	6	0	0	1	0	0	1	5	0	0
28eeed077b3cce026fd4325067834b59	0	0	0	0	0	0	0	0	0	0	0	0	0	1	0	0	0	0	0	0	0	0	0	0	0	0	0	0	2	8
d974f35d2a3592692ccc531f074dd166	0	0	0	0	0	0	0	0	0	0	0	0	0	1	0	0	0	1	70	0	30	0	0	60	0	0	8	40	0	11
66c41b0e9a939be94e0023c2cfe17ce8	0	0	0	0	0	0	0	0	0	0	0	0	0	0	43	0	0	0	0	0	0	0	0	0	0	0	0	4	0	0
ca34e967b421af661b0fe5817bcc8831	0	0	0	0	0	0	0	0	0	0	0	0	0	0	39	0	0	0	0	0	0	0	0	0	0	0	0	0	0	0
05f01b746f88dc0e0323d23729df66de	0	0	0	0	0	0	0	0	0	0	0	0	0	0	39	0	0	0	0	0	0	0	0	0	0	0	0	0	0	0
56d803edfc479297b2a51952865f03bc	0	0	0	0	0	0	0	0	0	0	0	0	0	0	36	0	0	0	0	0	0	0	0	0	0	0	0	0	0	0
8267f26d836509e358f867be3702432f	0	0	0	0	0	0	0	0	0	0	0	0	0	0	32	0	0	0	0	0	0	0	0	0	0	0	0	0	0	0
6052a816b1d6e50d3c2cfe69f6400521	0	0	0	0	0	0	0	0	0	0	0	0	0	0	30	0	0	0	0	0	0	0	0	0	0	0	0	0	0	0
76d17065711e3243dea819b3adfcfc43	0	0	0	0	0	0	0	0	0	0	0	0	0	0	29	0	0	0	0	0	0	0	0	0	0	0	0	0	0	0
e5d80ef6051e51dc73d8d1230c1cf2bc	0	0	0	0	0	0	0	0	0	0	0	0	0	0	28	15	0	0	0	0	0	0	0	0	0	0	0	6	0	0
c09f44d47ecba6a933be2937d23e4c5d	0	0	0	0	0	0	0	0	0	0	0	0	0	0	22	0	0	0	0	0	0	0	0	0	0	0	1	0	1	0
ec3c16bf3060707efebdd7bd43a7e7ef	0	0	0	0	0	0	0	0	0	0	0	0	0	0	17	0	0	0	0	0	0	0	0	6	0	0	0	0	0	0
24ef085453b97cc9b689daf4002cfde8	0	0	0	0	0	0	0	0	0	0	0	0	0	0	17	0	0	0	0	0	0	0	0	0	0	0	0	0	0	0
15e87ce4277a8ed48e4fd6e9089e4c24	0	0	0	0	0	0	0	0	0	0	0	0	0	0	15	0	0	0	0	0	0	0	0	0	0	0	0	0	0	1
66e4b289fe98df08e39127c6a041da82	0	0	0	0	0	0	0	0	0	0	0	0	0	0	14	0	2	0	0	0	0	0	0	0	0	0	0	0	0	0
7da532120330af2cf3a090300e7a5945	0	0	0	0	0	0	0	0	0	0	0	0	0	0	14	0	0	14	0	0	0	0	0	0	0	0	0	0	0	0
f564b9d93eb724b3fc7fcd979e1edfaf	0	0	0	0	0	0	0	0	0	0	0	0	0	0	14	6	0	0	0	0	0	0	0	2	0	0	0	0	0	0
465d0ac06348ada9091bf43d495803f8	0	0	0	0	0	0	0	0	0	0	0	0	0	0	12	0	0	0	0	0	0	0	0	0	0	0	0	0	0	0
0883536ca20f488efc64c803667b4dbf	0	0	0	0	0	0	0	0	0	0	0	0	0	0	11	0	0	0	0	0	0	0	0	0	0	0	0	0	0	1
beca2bcb090b267047f5341faebe2ee7	0	0	0	0	0	0	0	0	0	0	0	0	0	0	11	0	0	0	0	0	0	0	0	0	0	0	0	0	0	0
b0b82bdd07e65ad7d98ae1368bdf8c93	0	0	0	0	0	0	0	0	0	0	0	0	0	0	11	0	0	0	0	0	0	0	0	0	0	0	0	0	0	0
87a7b7c0271b01b066830be35b4e53bd	0	0	0	0	0	0	0	0	0	0	0	0	0	0	10	2	0	0	0	0	0	0	0	0	0	0	0	0	0	0
98a1cc7fe33e0adeda2b93bad44c4b74	0	0	0	0	0	0	0	0	0	0	0	0	0	0	9	0	0	0	0	0	0	0	0	0	0	0	0	1	0	0
9c27d7a58042c99c7f9c7421944860e9	0	0	0	0	0	0	0	0	0	0	0	0	0	0	8	2	0	0	0	0	0	0	0	0	0	0	0	0	0	0
7fd6d0b1e3c8f8c71d71766accf204c5	0	0	0	0	0	0	0	0	0	0	0	0	0	0	7	0	0	0	0	0	0	0	0	3	0	0	0	1	0	0
c0a590189f841f01862d8ae325e59506	0	0	0	0	0	0	0	0	0	0	0	0	0	0	7	5	0	0	0	0	0	0	0	0	0	0	0	0	0	0
472df2d38a4cb2d44d1652123012ea60	0	0	0	0	0	0	0	0	0	0	0	0	0	0	6	0	0	0	0	0	0	0	0	0	0	0	2	0	3	0
2e44be10a894988cb4646b2f2e3a5392	0	0	0	0	0	0	0	0	0	0	0	0	0	0	5	4	0	0	0	0	0	0	0	0	0	0	0	1	0	0
c82a211784c6ddb33b62b9ddea02b0a5	0	0	0	0	0	0	0	0	0	0	0	0	0	0	5	0	0	0	0	0	0	0	0	0	0	0	1	0	0	9
cfb02ba78c4f86035a9bcdf7a4c7443c	0	0	0	0	0	0	0	0	0	0	0	0	0	0	5	0	0	0	0	0	0	0	0	0	0	54	0	0	0	0
803a8bf9b9c56b5a83dce7f4f0e6883e	0	0	0	0	0	0	0	0	0	0	0	0	0	0	4	1	0	0	0	0	0	0	0	0	0	0	2	0	11	1
f9989156064fecc1d244a137a6020af7	0	0	0	0	0	0	0	0	0	0	0	0	0	0	4	5	0	0	0	0	1	0	0	0	0	0	0	0	0	0
8c88f07a0ba7e5018a1be48daee7569a	0	0	0	0	0	0	0	0	0	0	0	0	0	0	4	0	0	0	0	0	0	0	0	0	0	0	0	1	6	0
88f87016e3656c141c8ad8e03acca071	0	0	0	0	0	0	0	0	0	0	0	0	0	0	4	9	0	0	0	0	0	0	0	0	0	0	0	0	0	0
ef840c20690bd6307cfd1684f28818e6	0	0	0	0	0	0	0	0	0	0	0	0	0	0	4	1	0	1	16	0	7	0	0	33	0	0	0	38	0	0
2ab01b916741db17c830573f37822c70	0	0	0	0	0	0	0	0	0	0	0	0	0	0	3	4	0	2	0	0	2	0	0	2	0	0	2	0	0	0
7a62e701cc532fc60b1f9f55b969d3a0	0	0	0	0	0	0	0	0	0	0	0	0	0	0	3	0	0	0	0	0	2	0	0	0	0	0	3	0	0	11
5d67549ace80be85be61588ac7fd6aa7	0	0	0	0	0	0	0	0	0	0	0	0	0	0	3	11	0	0	0	0	0	0	0	0	0	0	0	0	0	0
e9dba7ab28fc8cab9703663d0e6c1769	0	0	0	0	0	0	0	0	0	0	0	0	0	0	3	7	0	0	0	0	0	0	0	1	0	0	0	0	0	0
b9262a7011d771dbd95d9a147a8f77f9	0	0	0	0	0	0	0	0	0	0	0	0	0	0	2	1	0	11	0	0	0	0	0	0	1	0	0	1	1	0
e7c1a98d7e1d3f5b0d0d0ad1764bd47a	0	0	0	0	0	0	0	0	0	0	0	0	0	0	2	0	0	0	0	0	0	0	0	0	9	0	1	0	0	0
4baacbef61c88cb893f41fc64efc0e26	0	0	0	0	0	0	0	0	0	0	0	0	0	0	2	98	0	0	0	0	0	0	0	0	0	0	0	0	0	0
de35e547140d805c73eee5c57bd9a78a	0	0	0	0	0	0	0	0	0	0	0	0	0	0	2	0	0	0	5	0	3	0	0	21	0	0	4	1	0	41
d88cf9b714f3065f2fe2a0790c5858ea	0	0	0	0	0	0	0	0	0	0	0	0	0	0	2	0	0	0	1	0	0	0	0	3	0	0	0	2	2	1
b1543e8afc9878c003b40ab80ce055bc	0	0	0	0	0	0	0	0	0	0	0	0	0	0	2	0	0	0	1	0	4	0	0	1	0	0	0	2	0	1
04e4573fdc2586ccf41ad551bc5ab124	0	0	0	0	0	0	0	0	0	0	0	0	0	0	1	0	0	0	3	0	13	0	0	0	0	0	1	0	0	6
82465c1737bb213632b9f18a7a6a17b3	0	0	0	0	0	0	0	0	0	0	0	0	0	0	1	0	0	0	24	0	20	0	0	1	0	0	0	9	0	0
050b581ecfbbeab52cc924fd2684f3b1	0	0	0	0	0	0	0	0	0	0	0	0	0	0	1	3	0	0	2	0	5	0	0	0	0	0	0	1	0	0
ddf009a3cfa0277933849f66982d0c6b	0	0	0	0	0	0	0	0	0	0	0	0	0	0	1	0	0	0	0	0	0	0	0	0	0	0	0	18	0	0
485276e3801ead15751673cc77c1c6b5	0	0	0	0	0	0	0	0	0	0	0	0	0	0	1	0	0	0	0	12	0	0	0	0	0	0	0	0	2	0
813e633fa05da2bd033ba3916c61097a	0	0	0	0	0	0	0	0	0	0	0	0	0	0	1	0	0	1	2	0	7	0	0	3	0	0	0	2	0	0
d02ef10f854f109c012b1ae209964b87	0	0	0	0	0	0	0	0	0	0	0	0	0	0	1	0	0	0	17	0	16	0	0	0	0	0	1	1	0	5
3a809bbe161c9a13777c3c0a77a60c3c	0	0	0	0	0	0	0	0	0	0	0	0	0	0	1	0	0	0	4	0	20	0	0	0	0	0	6	0	0	6
ce05d655dc1f911f4f7902bf29582beb	0	0	0	0	0	0	0	0	0	0	0	0	0	0	1	0	0	0	1	0	0	0	5	0	0	0	3	1	0	0
853e1f4306393574c7c982cabcb991a3	0	0	0	0	0	0	0	0	0	0	0	0	0	0	1	0	0	0	0	0	0	0	12	0	0	0	0	0	0	0
4895a32f9217501cbf03e96885427eed	0	0	0	0	0	0	0	0	0	0	0	0	0	0	1	0	0	0	0	0	0	0	0	1	0	0	4	2	0	3
fe6ad2490a96e38bbc5ed1b2e02de5d8	0	0	0	0	0	0	0	0	0	0	0	0	0	0	1	0	0	0	1	0	9	0	0	1	0	0	0	0	0	0
37c52bf5db2b6a9f1bcaa664c64b1391	0	0	0	0	0	0	0	0	0	0	0	0	0	0	1	5	0	2	0	0	0	0	0	0	0	0	0	0	17	0
d5bf48553fbb9789d8f051e376feb56c	0	0	0	0	0	0	0	0	0	0	0	0	0	0	1	0	0	0	1	0	10	0	0	0	0	0	0	0	0	0
f399bd14854b3e2e991a3154c571c8f2	0	0	0	0	0	0	0	0	0	0	0	0	0	0	1	0	0	0	0	0	0	0	0	0	15	0	1	0	0	0
b8259564866d3b06c7a3273d39955c89	0	0	0	0	0	0	0	0	0	0	0	0	0	0	1	0	0	0	27	0	12	0	0	2	0	0	1	3	0	2
2be10e2cff8de211750da220c771195e	0	0	0	0	0	0	0	0	0	0	0	0	0	0	1	2	0	0	35	0	38	0	0	29	0	0	19	15	0	16
5473eba8213bc22c37d0924935d8eebd	0	0	0	0	0	0	0	0	0	0	0	0	0	0	1	5	0	0	0	0	0	0	0	0	0	0	0	0	7	0
d0e767f392e4eb457d6a426f11a11963	0	0	0	0	0	0	0	0	0	0	0	0	0	0	1	0	0	0	0	0	0	0	0	0	0	0	6	4	3	1
bb158f4c7f0fffaff91b102263c88677	0	0	0	0	0	0	0	0	0	0	0	0	0	0	1	0	0	0	0	0	32	0	0	2	0	0	5	4	0	0
ca9b84563bfbed158a410d82de6ac486	0	0	0	0	0	0	0	0	0	0	0	0	0	0	0	102	0	0	0	0	0	0	0	0	0	0	0	0	0	0
e2c7cdd3c1f85aa87ebac8a99cec6cb3	0	0	0	0	0	0	0	0	0	0	0	0	0	0	0	49	0	0	0	0	0	0	0	0	0	0	0	0	0	0
5f936e394d1137d637ed0420338b12b0	0	0	0	0	0	0	0	0	0	0	0	0	0	0	0	33	0	0	0	0	0	0	0	0	0	0	0	0	0	0
4d3b9f6f2bd2d9e2cad981a48feca076	0	0	0	0	0	0	0	0	0	0	0	0	0	0	0	30	0	0	0	0	0	0	0	0	0	0	0	0	0	0
7ce4483b25c8c6ae9f9913d5ebe1d2f8	0	0	0	0	0	0	0	0	0	0	0	0	0	0	0	29	0	0	0	0	0	0	0	0	0	0	0	0	0	0
e1ddfd3263f36e89ad7efe3167e8378b	0	0	0	0	0	0	0	0	0	0	0	0	0	0	0	23	0	0	0	0	0	0	0	0	0	0	0	0	0	0
95179dc9cb63b4b6fca2a5f97a81680d	0	0	0	0	0	0	0	0	0	0	0	0	0	0	0	16	0	0	0	0	0	0	0	0	0	0	0	0	0	1
b29042944c8ab878d9dae6586ade0b07	0	0	0	0	0	0	0	0	0	0	0	0	0	0	0	15	0	0	0	0	0	0	0	0	0	0	0	0	0	0
175b171eb3d43d63e34da17cba70c096	0	0	0	0	0	0	0	0	0	0	0	0	0	0	0	15	0	0	0	0	0	0	0	0	0	0	0	0	0	0
6b160007c52f70a63c63aa3727c665be	0	0	0	0	0	0	0	0	0	0	0	0	0	0	0	14	0	5	0	0	0	0	0	0	0	0	0	0	0	0
ad1480d58c28084475bc9255fc891084	0	0	0	0	0	0	0	0	0	0	0	0	0	0	0	12	0	0	0	0	0	0	0	0	0	0	0	0	0	0
4ec10aeb67f36ea9bf6fb4151a3ca09c	0	0	0	0	0	0	0	0	0	0	0	0	0	0	0	12	0	1	0	0	0	0	0	0	2	0	0	1	0	0
b6542ae5cacace0d69352fdb696b3822	0	0	0	0	0	0	0	0	0	0	0	0	0	0	0	11	0	0	0	0	0	0	0	0	0	0	0	0	0	0
9b5a4173718a9e1c4ca17147cceafc36	0	0	0	0	0	0	0	0	0	0	0	0	0	0	0	9	0	0	0	0	0	0	0	0	0	0	2	0	44	6
2778a3313f93f7619d9cba9fc2b89f9c	0	0	0	0	0	0	0	0	0	0	0	0	0	0	0	9	0	0	0	0	0	0	0	0	0	0	0	2	0	0
10a32d1fe39dcc5139906e80ee21d4f6	0	0	0	0	0	0	0	0	0	0	0	0	0	0	0	9	0	0	0	0	0	0	0	0	0	0	2	0	0	0
abec2e5215ff816287a296150f0effba	0	0	0	0	0	0	0	0	0	0	0	0	0	0	0	9	0	0	0	0	0	0	0	0	0	0	2	0	0	0
395d228345ad3aca0093f0b5cf844936	0	0	0	0	0	0	0	0	0	0	0	0	0	0	0	8	0	12	2	0	2	0	0	1	0	0	0	0	0	0
d4036487bc91fc4c58701e6ef617c5a1	0	0	0	0	0	0	0	0	0	0	0	0	0	0	0	7	0	0	0	0	0	0	0	0	0	0	0	3	0	0
a1f06a25ac5527d32366a917e3910559	0	0	0	0	0	0	0	0	0	0	0	0	0	0	0	6	0	2	0	0	0	0	0	0	0	0	4	3	9	0
6b3a28d9341dcb9f4996f3d760c4fe33	0	0	0	0	0	0	0	0	0	0	0	0	0	0	0	5	0	0	0	0	0	0	0	1	0	0	0	2	7	0
df02852f93ea6a726a81d8a75d522dc9	0	0	0	0	0	0	0	0	0	0	0	0	0	0	0	5	0	0	0	0	0	0	0	0	96	0	0	0	0	0
200ed53384842c45a4279124f69c857b	0	0	0	0	0	0	0	0	0	0	0	0	0	0	0	5	0	0	0	0	0	0	0	0	0	0	3	0	2	3
8bc7b7aceb050dfa5cfc3bb240605c44	0	0	0	0	0	0	0	0	0	0	0	0	0	0	0	5	0	0	0	0	0	0	0	2	3	0	0	2	0	0
fbf0c650a10ed11638475937c8591570	0	0	0	0	0	0	0	0	0	0	0	0	0	0	0	4	0	0	0	0	1	0	0	0	0	0	0	5	0	1
f3a9a7c25fe6acace9619cb766624979	0	0	0	0	0	0	0	0	0	0	0	0	0	0	0	4	0	0	0	0	0	0	0	0	0	0	0	1	10	4
b8b159aec3d33d3518c448e5a511bff3	0	0	0	0	0	0	0	0	0	0	0	0	0	0	0	4	0	4	1	0	0	0	0	0	0	0	1	11	1	0
89d56ec4f58b759ba937b60b422fc254	0	0	0	0	0	0	0	0	0	0	0	0	0	0	0	3	0	0	0	0	0	0	1	0	0	0	0	0	3	4
4760c253589fd14ea5b62caff3afdfad	0	0	0	0	0	0	0	0	0	0	0	0	0	0	0	3	0	3	0	0	0	0	0	1	0	0	0	4	0	0
80dd50604bb162ede4e6ac62128cc8ae	0	0	0	0	0	0	0	0	0	0	0	0	0	0	0	3	0	0	0	0	0	0	0	0	9	0	0	0	0	0
eb76debe3d021f96c12cd508594456ed	0	0	0	0	0	0	0	0	0	0	0	0	0	0	0	3	0	0	0	0	0	0	0	0	0	8	0	0	0	0
4b4ade57f05d5b8f6973e59ab698ca93	0	0	0	0	0	0	0	0	0	0	0	0	0	0	0	2	0	3	0	0	0	0	0	0	6	0	0	0	0	0
9e200316d10961eeb436848b7df0f439	0	0	0	0	0	0	0	0	0	0	0	0	0	0	0	2	0	2	0	0	0	0	0	0	2	0	3	1	0	0
973f010236a182542a96ecb0abbaedb6	0	0	0	0	0	0	0	0	0	0	0	0	0	0	0	2	0	0	0	0	6	0	0	0	1	0	3	1	17	0
3781b422cc82f85f36f3b96c4b099068	0	0	0	0	0	0	0	0	0	0	0	0	0	0	0	2	0	0	0	0	1	0	0	2	0	0	1	2	1	1
68202a30a7b0bfa54504b857dd99d494	0	0	0	0	0	0	0	0	0	0	0	0	0	0	0	2	0	0	0	0	0	0	0	1	0	0	0	8	0	0
011231f203ef43aef51fb42d6ef7067b	0	0	0	0	0	0	0	0	0	0	0	0	0	0	0	2	0	0	0	0	5	0	0	6	0	0	0	8	0	0
dd5b0bb562559d996e95ec90e67dc52f	0	0	0	0	0	0	0	0	0	0	0	0	0	0	0	2	0	0	0	0	0	0	0	0	0	0	0	8	0	0
65ea7b6dd549435970496264dfadee14	0	0	0	0	0	0	0	0	0	0	0	0	0	0	0	2	0	0	115	0	71	0	0	32	0	0	21	28	0	14
a1a7c3d3f08d97172aea70a1c16768fd	0	0	0	0	0	0	0	0	0	0	0	0	0	0	0	1	0	20	0	0	0	0	0	0	0	0	0	0	0	0
52af69ec847803b7121a5b9f63af79fb	0	0	0	0	0	0	0	0	0	0	0	0	0	0	0	1	0	9	0	0	0	0	0	0	0	0	0	0	0	0
7245b652098bd777ff831c84740d59d5	0	0	0	0	0	0	0	0	0	0	0	0	0	0	0	1	0	0	0	0	0	0	0	2	0	0	1	0	0	7
030b0efd349b930e46aad99c5e41fd35	0	0	0	0	0	0	0	0	0	0	0	0	0	0	0	1	0	0	25	0	14	0	0	7	0	0	16	7	0	12
c48e2b8e6db09fdaa7ced0af73b99c5f	0	0	0	0	0	0	0	0	0	0	0	0	0	0	0	1	0	0	10	0	8	0	0	87	0	0	0	31	0	6
dc8b3bf473f04783369c17348033c023	0	0	0	0	0	0	0	0	0	0	0	0	0	0	0	1	0	0	0	39	1	2	13	0	0	0	0	0	0	0
423d43fa9f1b62fd8e8176df96055e58	0	0	0	0	0	0	0	0	0	0	0	0	0	0	0	1	0	0	9	0	7	0	0	0	0	0	0	3	0	0
45ccb69dee42c34adb0566e1522bfd3a	0	0	0	0	0	0	0	0	0	0	0	0	0	0	0	1	0	0	0	0	0	0	0	0	0	8	2	0	0	1
d6974a327dfdfc056729e614fe321811	0	0	0	0	0	0	0	0	0	0	0	0	0	0	0	1	0	3	0	0	0	0	0	0	12	0	0	4	1	0
47de5750ea720952da6ed3c42f6da748	0	0	0	0	0	0	0	0	0	0	0	0	0	0	0	1	0	0	0	0	0	0	0	0	0	19	0	0	1	0
34418fc123ec9f11e8d616406030f41b	0	0	0	0	0	0	0	0	0	0	0	0	0	0	0	1	0	0	6	0	10	0	0	1	0	0	23	4	0	11
ee7dcd4898d0bfd0110da04d26fdd6f0	0	0	0	0	0	0	0	0	0	0	0	0	0	0	0	1	0	3	0	0	0	0	0	0	8	0	0	0	0	0
8a0650dc2804d5dd1c000bd7cd64c7f2	0	0	0	0	0	0	0	0	0	0	0	0	0	0	0	1	0	0	7	0	4	0	0	5	0	0	88	3	0	82
c8512b31321b8c0defd676d36dcc59c9	0	0	0	0	0	0	0	0	0	0	0	0	0	0	0	1	0	6	3	0	24	0	0	0	4	3	0	0	0	1
d900f3b26a7639e6d6ddaec3a63abacc	0	0	0	0	0	0	0	0	0	0	0	0	0	0	0	1	0	0	1	0	0	0	0	8	0	0	0	0	0	0
61554609cc8ff085a63f4d343bbcd258	0	0	0	0	0	0	0	0	0	0	0	0	0	0	0	1	0	0	7	0	9	0	0	0	0	0	1	1	0	2
1fc4b868ef1264f9efd672d59b4c69d1	0	0	0	0	0	0	0	0	0	0	0	0	0	0	0	1	0	0	2	0	6	0	0	0	0	0	4	1	0	1
1873673f401a86412c846a3797cbbe55	0	0	0	0	0	0	0	0	0	0	0	0	0	0	0	1	0	1	0	0	0	0	0	0	10	0	0	0	0	0
f1cb6101cc315ad847a5d363df3fd9f0	0	0	0	0	0	0	0	0	0	0	0	0	0	0	0	1	0	9	0	0	0	0	0	0	0	0	0	0	0	0
97baf6d6e368201c5a010d00c6c97f4c	0	0	0	0	0	0	0	0	0	0	0	0	0	0	0	1	0	0	0	0	0	0	0	0	0	0	2	0	14	0
4a88936c6a256832d6418613f4135700	0	0	0	0	0	0	0	0	0	0	0	0	0	0	0	1	0	0	0	0	0	0	0	0	0	0	0	0	14	0
abeff2f335adefd8fb8ef9912104c407	0	0	0	0	0	0	0	0	0	0	0	0	0	0	0	1	0	9	0	0	0	0	0	0	0	0	0	0	0	0
7dc5295b654013d1dae438f0e39a5f57	0	0	0	0	0	0	0	0	0	0	0	0	0	0	0	1	0	0	0	0	0	0	0	0	0	0	2	0	8	5
2b8b7da91ceb7d68987f01aa135d0b60	0	0	0	0	0	0	0	0	0	0	0	0	0	0	0	1	0	0	32	0	36	0	0	17	0	0	4	18	0	7
60ceac59f48e127130df0379029a8480	0	0	0	0	0	0	0	0	0	0	0	0	0	0	0	1	0	0	2	0	0	0	0	4	0	0	6	1	0	3
c40c2508c74dd9b055d564c73bd7da3a	0	0	0	0	0	0	0	0	0	0	0	0	0	0	0	1	0	0	0	0	0	0	0	0	0	0	0	7	0	3
2e7f241aaf2b763194ceb386505f0a9a	0	0	0	0	0	0	0	0	0	0	0	0	0	0	0	0	28	0	0	164	0	4	0	0	0	0	0	0	1	0
473813695c50ae346a18893e65f234b7	0	0	0	0	0	0	0	0	0	0	0	0	0	0	0	0	27	0	0	0	0	0	0	0	0	0	0	0	0	0
cff4d4f4ed691fb1ed6ca4a707850f0d	0	0	0	0	0	0	0	0	0	0	0	0	0	0	0	0	20	0	0	0	0	0	0	0	0	0	1	0	0	0
214d3d27cf1826bc4289493842b8fa7f	0	0	0	0	0	0	0	0	0	0	0	0	0	0	0	0	18	0	0	0	0	2	0	0	0	0	0	0	0	0
4ccacab355d22b843bacf37584b76753	0	0	0	0	0	0	0	0	0	0	0	0	0	0	0	0	16	0	0	0	0	0	0	0	0	0	0	0	0	0
c2047a79ec8fd24b9bbff7e9bc1ea22c	0	0	0	0	0	0	0	0	0	0	0	0	0	0	0	0	15	0	0	0	0	0	0	0	0	0	0	0	0	0
0c50b179f8e5d603f9aeadcd423b1346	0	0	0	0	0	0	0	0	0	0	0	0	0	0	0	0	13	0	0	0	0	0	0	0	0	0	0	0	0	0
d92dbcbe0a5a2559b51270b8054558bb	0	0	0	0	0	0	0	0	0	0	0	0	0	0	0	0	13	0	0	0	0	0	0	0	0	0	0	0	0	0
7a34a893d2ca9dd15c588ce4f3d88d42	0	0	0	0	0	0	0	0	0	0	0	0	0	0	0	0	12	0	0	0	0	0	0	0	0	0	0	0	0	0
03f8e1f2d76ecb90d875d5ee5d187d65	0	0	0	0	0	0	0	0	0	0	0	0	0	0	0	0	12	0	0	0	0	0	0	0	0	0	0	0	0	0
527333b1fdf6ba689367074e044613d4	0	0	0	0	0	0	0	0	0	0	0	0	0	0	0	0	11	0	0	0	0	0	0	0	0	0	0	0	0	0
93930cfc64906ad6fa90121b660097c3	0	0	0	0	0	0	0	0	0	0	0	0	0	0	0	0	11	0	0	0	0	0	0	0	0	0	0	0	0	0
1368893121b22ea3b56fe97f8529ad71	0	0	0	0	0	0	0	0	0	0	0	0	0	0	0	0	11	0	0	0	0	0	0	0	0	0	0	0	0	0
ecacc859b45275e7b47bcf2b5af907ec	0	0	0	0	0	0	0	0	0	0	0	0	0	0	0	0	10	0	0	0	0	0	0	0	0	0	0	0	0	0
99f721529baf5ad176bcb0e9e6ee4de3	0	0	0	0	0	0	0	0	0	0	0	0	0	0	0	0	10	0	0	0	0	0	0	0	0	0	0	0	0	0
b7d2e0e1480668c71c9e5b15735e3d44	0	0	0	0	0	0	0	0	0	0	0	0	0	0	0	0	10	0	0	0	0	0	0	0	0	0	0	0	0	0
4d2035c949a21f8f35eceda7ae9eaf5a	0	0	0	0	0	0	0	0	0	0	0	0	0	0	0	0	10	0	0	0	0	0	0	0	2	0	0	0	0	0
c22533a5ce65c2202e26cc9edda1c63b	0	0	0	0	0	0	0	0	0	0	0	0	0	0	0	0	10	0	0	0	0	0	1	0	0	0	0	0	0	0
64ce35b149732627e03ae66cd87c920e	0	0	0	0	0	0	0	0	0	0	0	0	0	0	0	0	10	0	0	0	0	0	0	0	0	0	0	0	0	0
456c44003e9814e1c0e6c881c717e515	0	0	0	0	0	0	0	0	0	0	0	0	0	0	0	0	9	0	0	0	0	0	10	0	0	0	0	0	0	0
5d56bc087bf2cf7a521420888a1c5fa6	0	0	0	0	0	0	0	0	0	0	0	0	0	0	0	0	9	0	0	13	0	9	17	0	0	0	0	0	1	1
1255e39cddcbfaed1ecc4f835bf7d9c5	0	0	0	0	0	0	0	0	0	0	0	0	0	0	0	0	8	0	0	0	0	1	1	0	0	0	0	0	0	0
516796ea67659ea2fac7183a6bb7b7f6	0	0	0	0	0	0	0	0	0	0	0	0	0	0	0	0	8	0	0	0	0	0	0	0	0	0	0	0	0	2
9d4e618d57183a865f86515798d2322c	0	0	0	0	0	0	0	0	0	0	0	0	0	0	0	0	8	0	0	3	0	0	2	0	0	0	0	0	0	0
8d31f0a7ad47d0880622557f93258cd4	0	0	0	0	0	0	0	0	0	0	0	0	0	0	0	0	7	0	0	14	0	15	3	0	0	0	0	0	0	0
d0a7770922a04d6ce13c3fa89fef844a	0	0	0	0	0	0	0	0	0	0	0	0	0	0	0	0	7	0	0	0	0	0	3	0	0	0	0	0	0	0
1aba09fcbe8b7d54bb40db5fd291fb72	0	0	0	0	0	0	0	0	0	0	0	0	0	0	0	0	7	0	0	30	0	7	0	0	0	0	0	0	0	0
35d1e2306ac6ff34ff72807c82e22298	0	0	0	0	0	0	0	0	0	0	0	0	0	0	0	0	6	0	0	5	0	0	0	0	0	0	0	0	0	0
7d2336d7180419d8aae2299093da5147	0	0	0	0	0	0	0	0	0	0	0	0	0	0	0	0	6	0	0	0	0	3	1	0	0	0	0	0	0	0
eded3f3e20f92f439e5d75a44dd241f9	0	0	0	0	0	0	0	0	0	0	0	0	0	0	0	0	5	0	0	5	0	0	0	0	0	0	0	0	0	0
62ea5cf0305c21bb80f92e169b47a8e2	0	0	0	0	0	0	0	0	0	0	0	0	0	0	0	0	5	0	0	0	0	0	7	0	0	0	0	0	0	0
b098b760acc5e6c644ad3d40543968c8	0	0	0	0	0	0	0	0	0	0	0	0	0	0	0	0	5	0	0	4	0	0	0	0	0	0	0	0	0	1
9151a650e17b7db3113d0bf3d22b32ac	0	0	0	0	0	0	0	0	0	0	0	0	0	0	0	0	5	0	0	33	0	0	1	2	0	0	0	0	0	0
b801c6d7bb0b5a9ad11ef96e97cb0225	0	0	0	0	0	0	0	0	0	0	0	0	0	0	0	0	4	0	0	10	0	0	0	0	0	0	0	0	0	0
914bf41b4e95a92e87e3c4602c2ab0fe	0	0	0	0	0	0	0	0	0	0	0	0	0	0	0	0	4	0	0	7	0	5	0	0	0	0	0	0	1	0
bf156c7ef795688aa4ccecc8ff023da8	0	0	0	0	0	0	0	0	0	0	0	0	0	0	0	0	4	0	0	1	0	12	0	0	0	0	0	0	0	0
5b33521beb2d9f6787402a3c474fd807	0	0	0	0	0	0	0	0	0	0	0	0	0	0	0	0	3	0	0	1	0	8	0	0	0	0	0	0	0	0
30f4863b1f99fa70538a51faabc0ee1b	0	0	0	0	0	0	0	0	0	0	0	0	0	0	0	0	3	0	0	8	0	2	7	0	0	0	0	0	1	0
f48f9904a2a72a6fe08da6e3b834f712	0	0	0	0	0	0	0	0	0	0	0	0	0	0	0	0	3	0	0	4	0	3	1	0	0	0	0	0	0	0
3c8b0cd21570f8d67fed0802bf576f0a	0	0	0	0	0	0	0	0	0	0	0	0	0	0	0	0	3	0	0	3	0	4	0	1	0	0	0	0	0	0
dd0f412062545d40bd90a32d828df581	0	0	0	0	0	0	0	0	0	0	0	0	0	0	0	0	2	0	0	7	0	22	0	0	0	0	0	0	0	0
fc429ddc62721e84e72726292705cdb7	0	0	0	0	0	0	0	0	0	0	0	0	0	0	0	0	2	0	1	0	1	4	3	1	0	0	1	0	1	3
ca107db80c36551970b8abd84b62d046	0	0	0	0	0	0	0	0	0	0	0	0	0	0	0	0	2	0	0	2	0	4	4	0	0	0	0	0	0	0
8f4758cf02168f6b9d4b91bb064e36e2	0	0	0	0	0	0	0	0	0	0	0	0	0	0	0	0	2	0	0	0	0	7	2	0	0	0	0	0	0	0
9c1e25e0a789fefaf1742e924da02ef3	0	0	0	0	0	0	0	0	0	0	0	0	0	0	0	0	2	0	0	0	0	11	0	0	0	0	0	0	0	0
5f11e9d8c8be2d81dd5fdbc8481f766d	0	0	0	0	0	0	0	0	0	0	0	0	0	0	0	0	2	0	0	0	0	1	20	0	0	0	0	0	0	1
cba3b7454dbd7d1f5fb52d14d3ef9b5a	0	0	0	0	0	0	0	0	0	0	0	0	0	0	0	0	2	0	0	0	3	8	9	0	0	0	0	0	0	0
2a73b02f9d1e66f7f51a6481e74a69b2	0	0	0	0	0	0	0	0	0	0	0	0	0	0	0	0	2	0	0	11	0	5	0	0	0	0	0	0	0	0
7ee26351fb4b55c067a64a7028906dc5	0	0	0	0	0	0	0	0	0	0	0	0	0	0	0	0	2	0	0	14	0	0	0	0	0	0	0	0	0	0
0481c59dd9a6512c55d448bc58724ec4	0	0	0	0	0	0	0	0	0	0	0	0	0	0	0	0	1	0	0	21	0	1	10	0	0	0	0	1	0	0
9dd514e2c4febb2ec347091e25c70a5e	0	0	0	0	0	0	0	0	0	0	0	0	0	0	0	0	1	0	0	6	0	0	5	0	0	0	0	0	0	0
eb781908f2198fb4042204a1105e1ab8	0	0	0	0	0	0	0	0	0	0	0	0	0	0	0	0	1	0	0	1	0	10	0	0	0	0	0	0	0	0
f77757cd1f0129de0fd9e4f4fdcae8d1	0	0	0	0	0	0	0	0	0	0	0	0	0	0	0	0	1	0	13	3	62	0	1	0	0	0	0	3	0	2
5936371059d1979af2c72c4fecdfd988	0	0	0	0	0	0	0	0	0	0	0	0	0	0	0	0	1	0	0	18	0	0	0	0	0	0	0	0	0	0
6d12d2728b4737a2e240ea0f2a39d53d	0	0	0	0	0	0	0	0	0	0	0	0	0	0	0	0	1	0	0	3	0	7	5	0	0	0	0	0	0	0
fef37b413fe281d942fca861f45f2eac	0	0	0	0	0	0	0	0	0	0	0	0	0	0	0	0	1	0	0	8	0	13	0	0	0	0	0	0	0	0
1f399dfbd758e3b4b90af4e4f80cabd7	0	0	0	0	0	0	0	0	0	0	0	0	0	0	0	0	1	0	0	7	0	0	12	0	0	0	0	0	0	0
e102966d027d4591421d76412cce770f	0	0	0	0	0	0	0	0	0	0	0	0	0	0	0	0	1	0	0	2	0	6	1	0	0	0	0	0	0	0
2cc5c6fce1ec9bcf8298135910290e60	0	0	0	0	0	0	0	0	0	0	0	0	0	0	0	0	1	0	0	1	0	6	1	0	0	0	2	0	0	0
0ed5cb7a9dab8412b3a80265be7f8209	0	0	0	0	0	0	0	0	0	0	0	0	0	0	0	0	1	0	0	11	0	2	0	0	0	0	0	0	0	0
5100fd959798de897f3265d5fcecb5ff	0	0	0	0	0	0	0	0	0	0	0	0	0	0	0	0	1	0	0	1	0	6	4	1	0	0	1	0	0	0
47157a87fd022252dda5ef573aec5a28	0	0	0	0	0	0	0	0	0	0	0	0	0	0	0	0	1	0	0	0	0	0	0	0	0	8	0	0	1	2
428b74067c4648f2e3b10f46107a929b	0	0	0	0	0	0	0	0	0	0	0	0	0	0	0	0	0	127	0	0	0	0	0	0	0	0	0	0	0	0
2200f2953fefbb530dbfb3e6e45816ae	0	0	0	0	0	0	0	0	0	0	0	0	0	0	0	0	0	109	0	0	0	0	0	0	0	0	0	0	0	0
f1450af8bb24d99bb10132f0a492d4d6	0	0	0	0	0	0	0	0	0	0	0	0	0	0	0	0	0	59	0	0	0	0	0	0	0	0	0	0	0	0
03d04860e601e2deac0478efb5934e96	0	0	0	0	0	0	0	0	0	0	0	0	0	0	0	0	0	57	0	0	0	0	0	0	0	0	0	0	0	0
cf8b667b0c5632686beb3af771c7d446	0	0	0	0	0	0	0	0	0	0	0	0	0	0	0	0	0	41	0	0	0	0	0	0	0	0	0	0	0	0
69f64b5fdd8530ca1997b4957bd364c9	0	0	0	0	0	0	0	0	0	0	0	0	0	0	0	0	0	38	0	0	1	0	0	0	0	0	0	0	0	0
988fc6b1906998fb16713559d7d5932f	0	0	0	0	0	0	0	0	0	0	0	0	0	0	0	0	0	29	0	0	0	0	0	0	0	0	0	0	0	0
cd1d8d6fc669f9c3612eed8f5adb653c	0	0	0	0	0	0	0	0	0	0	0	0	0	0	0	0	0	26	0	0	0	0	0	0	0	0	0	0	0	1
3eb54e33a0c71b1d70fabd052f11616b	0	0	0	0	0	0	0	0	0	0	0	0	0	0	0	0	0	26	0	0	0	0	0	0	0	1	0	0	1	0
547476896cded3d906ac0af00c53e933	0	0	0	0	0	0	0	0	0	0	0	0	0	0	0	0	0	15	0	0	0	0	0	0	0	0	0	0	0	0
1e996b77dbda0efeff1e2384ab4665cd	0	0	0	0	0	0	0	0	0	0	0	0	0	0	0	0	0	15	0	0	0	0	0	0	0	0	0	0	0	0
04e3cad16be68348cf132f7df25bf48a	0	0	0	0	0	0	0	0	0	0	0	0	0	0	0	0	0	15	0	0	0	0	0	0	0	0	0	0	0	0
39eefeb6162a2e696132497b4efd7999	0	0	0	0	0	0	0	0	0	0	0	0	0	0	0	0	0	15	0	0	0	0	0	0	24	0	1	0	0	0
75dc200604430917bb74cc34ac6bf197	0	0	0	0	0	0	0	0	0	0	0	0	0	0	0	0	0	15	4	0	1	0	0	0	0	0	0	0	0	0
168f03944e8e1843b6e4abef926b4844	0	0	0	0	0	0	0	0	0	0	0	0	0	0	0	0	0	14	0	0	0	0	0	0	0	0	0	0	0	0
6b77a42ed1b7712a49c6b0313b7fee9d	0	0	0	0	0	0	0	0	0	0	0	0	0	0	0	0	0	14	0	0	0	0	0	0	0	0	0	1	1	0
b390a640cb8fd46b4e238aaf74b27c3e	0	0	0	0	0	0	0	0	0	0	0	0	0	0	0	0	0	14	0	0	0	0	0	0	0	0	0	0	0	0
d913580ab4dc46e6b2f4b468dde84bfc	0	0	0	0	0	0	0	0	0	0	0	0	0	0	0	0	0	12	0	0	0	0	0	0	0	0	0	0	0	0
c0ce02672bde3164fc501b5ebf83ad36	0	0	0	0	0	0	0	0	0	0	0	0	0	0	0	0	0	12	0	0	0	0	0	0	0	0	0	1	0	0
1bfe26a106864648c377823480902b7c	0	0	0	0	0	0	0	0	0	0	0	0	0	0	0	0	0	11	0	0	0	0	0	0	0	0	0	0	0	0
cd7612734ea0acbfa4b533d95fb6ea27	0	0	0	0	0	0	0	0	0	0	0	0	0	0	0	0	0	11	1	0	0	0	0	0	7	0	0	0	0	0
42a51c0bbff58d1caa04edf2a2b9556a	0	0	0	0	0	0	0	0	0	0	0	0	0	0	0	0	0	11	0	0	0	0	0	0	0	0	0	0	0	0
bbb221418121ecece27dab66121284ed	0	0	0	0	0	0	0	0	0	0	0	0	0	0	0	0	0	11	0	0	0	0	0	0	0	0	0	0	0	0
294dc7935a8c8340feb1c431ecc6bb78	0	0	0	0	0	0	0	0	0	0	0	0	0	0	0	0	0	10	0	0	0	0	0	0	0	0	0	0	0	0
6eaa38d3cac93919bdcbdc02a464bb8d	0	0	0	0	0	0	0	0	0	0	0	0	0	0	0	0	0	10	0	0	0	0	0	0	0	0	0	0	0	0
f0ca72d1d276b88d6c5d93db859a3bde	0	0	0	0	0	0	0	0	0	0	0	0	0	0	0	0	0	10	0	0	0	0	0	0	0	0	0	0	0	0
c9b145200c12120d344b8a1c74c42348	0	0	0	0	0	0	0	0	0	0	0	0	0	0	0	0	0	10	0	0	0	0	0	0	0	0	0	0	0	0
8cb98e0106a1f9f01c62085785e9ed30	0	0	0	0	0	0	0	0	0	0	0	0	0	0	0	0	0	10	0	0	0	0	0	3	0	0	1	0	2	0
89b8689e333a37cb51ac4d53f7447129	0	0	0	0	0	0	0	0	0	0	0	0	0	0	0	0	0	9	0	0	0	0	0	0	2	0	0	0	0	0
33257fcbd75e3bb542b8804fcd8c843e	0	0	0	0	0	0	0	0	0	0	0	0	0	0	0	0	0	9	0	0	0	0	0	0	5	0	0	0	3	5
d150358af583f237fd279f5e7ead92f7	0	0	0	0	0	0	0	0	0	0	0	0	0	0	0	0	0	8	0	0	0	0	3	0	0	0	0	0	0	0
9cf53d37e4bf05c6941ec1245e0f0301	0	0	0	0	0	0	0	0	0	0	0	0	0	0	0	0	0	8	0	0	1	0	0	0	0	0	3	0	0	0
ddb55df761e3851662cf97c6a2d5a265	0	0	0	0	0	0	0	0	0	0	0	0	0	0	0	0	0	8	0	0	0	0	0	0	0	0	0	2	0	0
b35b0c36f106cf749a9b6007d6dedc50	0	0	0	0	0	0	0	0	0	0	0	0	0	0	0	0	0	7	0	0	0	0	0	2	1	0	0	0	0	0
b670cb5af166a3f32889b25bc39afa12	0	0	0	0	0	0	0	0	0	0	0	0	0	0	0	0	0	7	0	0	0	0	0	1	2	0	0	0	0	0
31c2982b49f5ac5c22ca46fea1f3bb81	0	0	0	0	0	0	0	0	0	0	0	0	0	0	0	0	0	7	0	0	0	0	0	0	0	0	0	0	0	4
fb927b544f909c963ae8ce0e3bdcc06a	0	0	0	0	0	0	0	0	0	0	0	0	0	0	0	0	0	6	0	0	0	0	0	0	0	0	0	0	6	0
b355a448651fbcab2ceb8b0a4379fe82	0	0	0	0	0	0	0	0	0	0	0	0	0	0	0	0	0	6	0	0	0	0	0	0	7	0	0	0	0	1
dbb68b28b0f5905fd1ae413798f1cce7	0	0	0	0	0	0	0	0	0	0	0	0	0	0	0	0	0	6	0	0	0	0	0	0	0	0	4	0	1	0
4453b7bbd5e8e9c83f299e6668fee230	0	0	0	0	0	0	0	0	0	0	0	0	0	0	0	0	0	6	0	0	6	0	0	3	0	0	0	0	0	0
1dc9f1009276a2e42df630b6373fe585	0	0	0	0	0	0	0	0	0	0	0	0	0	0	0	0	0	5	0	0	0	0	0	0	0	0	0	10	0	0
21962d81c99db4a48a8463721a271e4b	0	0	0	0	0	0	0	0	0	0	0	0	0	0	0	0	0	5	6	0	7	0	0	0	0	0	2	0	0	0
e25deff16aa8484d9d4b8e0d314de014	0	0	0	0	0	0	0	0	0	0	0	0	0	0	0	0	0	5	0	0	0	0	0	5	0	0	0	0	0	2
230742edb75ec1542d43e9d452444b23	0	0	0	0	0	0	0	0	0	0	0	0	0	0	0	0	0	5	0	0	5	0	0	0	0	0	0	0	0	2
d26ceac7e7aa2253876df11126a5a98a	0	0	0	0	0	0	0	0	0	0	0	0	0	0	0	0	0	4	0	0	0	0	0	2	0	0	1	5	0	2
4543ada19474b7664098981921e85266	0	0	0	0	0	0	0	0	0	0	0	0	0	0	0	0	0	4	3	0	0	0	0	0	0	0	0	1	3	0
6315d367db3346817a3d1b830361135a	0	0	0	0	0	0	0	0	0	0	0	0	0	0	0	0	0	4	1	0	31	0	0	3	0	0	0	10	0	0
75e7ea05cfb84ec81d4248bc5ade3d7b	0	0	0	0	0	0	0	0	0	0	0	0	0	0	0	0	0	3	0	0	0	0	0	0	6	0	2	0	0	0
d9c13d2aee9577def80252586a61e989	0	0	0	0	0	0	0	0	0	0	0	0	0	0	0	0	0	3	0	0	7	0	0	0	0	0	0	1	1	2
259d9289d4f741983baddbe10e5c60d0	0	0	0	0	0	0	0	0	0	0	0	0	0	0	0	0	0	3	0	0	2	0	0	1	0	0	3	1	0	4
033f787ee4e28f92ca907a7c235854fd	0	0	0	0	0	0	0	0	0	0	0	0	0	0	0	0	0	3	0	0	2	0	0	0	0	0	11	0	0	8
1dfd175181a35f7a434562a04b46c62c	0	0	0	0	0	0	0	0	0	0	0	0	0	0	0	0	0	3	0	0	0	0	0	0	9	0	0	2	0	0
5d50462ef5b95f866323e2e7bdf0eb75	0	0	0	0	0	0	0	0	0	0	0	0	0	0	0	0	0	3	0	0	0	0	0	0	0	0	9	0	0	0
1382fc69f8b4709e5013389c05a6f2e1	0	0	0	0	0	0	0	0	0	0	0	0	0	0	0	0	0	3	0	1	0	0	0	2	3	0	1	1	0	2
af024f3003deca9432f9c105f7e06a67	0	0	0	0	0	0	0	0	0	0	0	0	0	0	0	0	0	3	15	0	20	0	0	5	0	0	2	6	0	4
de9db3b24d1db43c7a00d1485f3554d2	0	0	0	0	0	0	0	0	0	0	0	0	0	0	0	0	0	2	0	0	0	0	0	0	26	0	0	0	0	0
068e69ca4c9cde5751d6124dab344bfe	0	0	0	0	0	0	0	0	0	0	0	0	0	0	0	0	0	2	0	0	0	0	0	3	11	0	0	1	0	0
3b3bb77cc89ae2a0c6c306dfed2aed93	0	0	0	0	0	0	0	0	0	0	0	0	0	0	0	0	0	2	1	0	0	0	0	3	0	0	1	3	0	1
e7fd88728525d07d6dc30047fc456b3f	0	0	0	0	0	0	0	0	0	0	0	0	0	0	0	0	0	2	5	0	5	0	0	2	0	0	0	0	0	0
febf3c5f4971f10ea08d103adf511020	0	0	0	0	0	0	0	0	0	0	0	0	0	0	0	0	0	2	0	0	0	0	0	0	2	0	1	6	0	1
e09bb5343965c1a0049893141af71143	0	0	0	0	0	0	0	0	0	0	0	0	0	0	0	0	0	2	0	0	0	0	0	0	0	0	0	0	42	3
9b43f6668285aa9fe7d85d9a3bd92a1e	0	0	0	0	0	0	0	0	0	0	0	0	0	0	0	0	0	2	0	0	4	0	0	0	17	0	3	4	0	5
e3a005406b1a7c372ce8ec3365169295	0	0	0	0	0	0	0	0	0	0	0	0	0	0	0	0	0	2	0	0	8	0	0	3	0	0	1	9	0	1
5f27da7758fac8bf29eefadd4568120a	0	0	0	0	0	0	0	0	0	0	0	0	0	0	0	0	0	2	0	0	0	0	0	0	10	0	0	0	0	0
86ebc68307db0a8324fef81cc05eb5d1	0	0	0	0	0	0	0	0	0	0	0	0	0	0	0	0	0	2	16	0	3	0	0	1	0	0	11	0	0	3
58af92cd08d40f24256aa323adea9d3e	0	0	0	0	0	0	0	0	0	0	0	0	0	0	0	0	0	2	20	0	1	0	0	2	0	0	4	0	0	6
389314c32b519a3f7438168fe6b26f40	0	0	0	0	0	0	0	0	0	0	0	0	0	0	0	0	0	2	0	0	0	0	0	0	0	0	0	1	5	2
ee51c842283f7e3610249c87396aac33	0	0	0	0	0	0	0	0	0	0	0	0	0	0	0	0	0	2	0	0	0	0	0	0	0	0	0	0	10	0
7439c2d04853a363860445d021cc0f23	0	0	0	0	0	0	0	0	0	0	0	0	0	0	0	0	0	2	0	0	0	0	0	0	0	18	0	0	0	0
62884b04c6f75c0f85bab3d8b3f5479a	0	0	0	0	0	0	0	0	0	0	0	0	0	0	0	0	0	1	0	0	0	0	0	1	2	0	4	2	0	4
1405853a64bfab618392e8a16df12f08	0	0	0	0	0	0	0	0	0	0	0	0	0	0	0	0	0	1	10	0	14	0	0	0	0	0	0	6	0	13
fff6718c06d3e6434d993f20063d113e	0	0	0	0	0	0	0	0	0	0	0	0	0	0	0	0	0	1	0	0	1	0	0	0	10	0	0	0	0	0
26eef383a212cf4fccdffe7772580aa7	0	0	0	0	0	0	0	0	0	0	0	0	0	0	0	0	0	1	0	0	0	0	0	0	0	0	0	2	0	7
3c00798652f6cc848d362da9d658aab9	0	0	0	0	0	0	0	0	0	0	0	0	0	0	0	0	0	1	0	0	0	0	0	0	0	16	0	2	0	0
e56521b82ede50ea24e8bf3a189481f0	0	0	0	0	0	0	0	0	0	0	0	0	0	0	0	0	0	1	0	0	0	0	0	0	0	0	2	1	0	12
9144eb5bdb08f8ed676d4b185d0cc92e	0	0	0	0	0	0	0	0	0	0	0	0	0	0	0	0	0	1	0	0	0	0	0	1	0	0	4	3	1	1
6725a48e9ab2df60b61bee1fda16fb0d	0	0	0	0	0	0	0	0	0	0	0	0	0	0	0	0	0	1	2	0	7	0	0	0	0	0	0	0	0	0
d2e76073bb8229a16d2eb249e14e9678	0	0	0	0	0	0	0	0	0	0	0	0	0	0	0	0	0	1	0	0	0	0	0	0	0	0	7	0	0	8
c215e8cd09c327b892ead909b5a549ab	0	0	0	0	0	0	0	0	0	0	0	0	0	0	0	0	0	1	0	0	0	0	0	1	0	0	2	5	1	6
0eb750a331c38a81fecd6028d0342cdf	0	0	0	0	0	0	0	0	0	0	0	0	0	0	0	0	0	1	2	0	0	0	0	1	0	0	7	0	0	2
c68a0575f9f08fd1e06eb58846ab0469	0	0	0	0	0	0	0	0	0	0	0	0	0	0	0	0	0	1	0	0	1	0	0	7	0	0	0	1	0	1
9b67bbac468e5dfcba40ad1bb9c80245	0	0	0	0	0	0	0	0	0	0	0	0	0	0	0	0	0	1	11	0	3	0	0	2	0	0	5	0	0	1
a8c6bc3c7bf64756a53067fa2e343153	0	0	0	0	0	0	0	0	0	0	0	0	0	0	0	0	0	1	0	0	0	0	0	0	0	31	0	0	0	0
c9f9a6b4f2cf66394ead55003c94de8a	0	0	0	0	0	0	0	0	0	0	0	0	0	0	0	0	0	1	2	0	4	0	0	0	0	0	3	1	0	0
6d8ae6f7528c00f66c72a097cd359e98	0	0	0	0	0	0	0	0	0	0	0	0	0	0	0	0	0	1	8	0	47	0	0	1	0	0	0	0	0	0
c9c365a4a3938265cc8fe63961f0306a	0	0	0	0	0	0	0	0	0	0	0	0	0	0	0	0	0	1	0	0	13	0	0	9	0	0	7	3	0	9
b06481628c589e17c94896c7832015df	0	0	0	0	0	0	0	0	0	0	0	0	0	0	0	0	0	1	0	0	2	0	0	13	0	0	0	34	0	7
f6e5ee59de8c24f4f773f18b96d8b585	0	0	0	0	0	0	0	0	0	0	0	0	0	0	0	0	0	1	0	1	0	5	1	3	0	0	4	0	1	0
30d6b55ece63f89fb000b162af777ed5	0	0	0	0	0	0	0	0	0	0	0	0	0	0	0	0	0	1	7	0	4	0	0	2	0	0	0	2	0	1
2f8e3feaf95cb2bf2452da1f5d0b8785	0	0	0	0	0	0	0	0	0	0	0	0	0	0	0	0	0	1	4	0	1	0	0	3	0	0	1	0	0	1
d87fbb0208bc3168c7fe9f5fb4b1c8ea	0	0	0	0	0	0	0	0	0	0	0	0	0	0	0	0	0	1	0	0	0	0	0	0	0	0	8	0	0	1
df881015cbad3879382864361a5521b8	0	0	0	0	0	0	0	0	0	0	0	0	0	0	0	0	0	1	1	0	0	0	0	5	0	0	0	14	0	0
f215e6ec731ff2a82c2f8e0c19c665cd	0	0	0	0	0	0	0	0	0	0	0	0	0	0	0	0	0	1	0	0	0	0	0	0	0	0	2	0	5	3
db3eb36a7cc02a10a74e3d32aed56418	0	0	0	0	0	0	0	0	0	0	0	0	0	0	0	0	0	1	0	0	0	0	0	0	0	18	1	0	0	0
5d70d0109990277024fb95deb39a1b9a	0	0	0	0	0	0	0	0	0	0	0	0	0	0	0	0	0	1	3	0	0	0	0	0	0	0	2	1	0	6
e2d0c231cadce046d30a7f5abba660ae	0	0	0	0	0	0	0	0	0	0	0	0	0	0	0	0	0	1	0	0	0	0	0	0	1	1	7	0	0	4
f40e5f407cd4a03f1b73fd02638b456e	0	0	0	0	0	0	0	0	0	0	0	0	0	0	0	0	0	1	0	0	0	0	0	0	0	0	12	1	1	28
9a8efd51564997104f2524a1b8db58ac	0	0	0	0	0	0	0	0	0	0	0	0	0	0	0	0	0	1	0	0	12	0	0	26	0	0	0	17	0	0
354e8f7b2b21442d9908017b68eabb3e	0	0	0	0	0	0	0	0	0	0	0	0	0	0	0	0	0	1	12	0	0	0	0	8	0	0	9	4	0	0
1d0a816908ad31ced69e604df82b0bb9	0	0	0	0	0	0	0	0	0	0	0	0	0	0	0	0	0	0	481	0	183	0	0	335	0	0	85	101	0	53
20794d6cbfab05d5f89a191aaf130afd	0	0	0	0	0	0	0	0	0	0	0	0	0	0	0	0	0	0	410	0	214	0	0	16	0	0	9	23	0	6
dcd6efc904094f3db7e92249302f86b2	0	0	0	0	0	0	0	0	0	0	0	0	0	0	0	0	0	0	259	0	119	0	0	160	0	0	48	66	0	31
43bdc2ee924a179a10ffa33a1a4e7149	0	0	0	0	0	0	0	0	0	0	0	0	0	0	0	0	0	0	250	0	98	0	0	58	0	0	31	25	0	13
14cb9d9a947b9ddaa051462dd84bae62	0	0	0	0	0	0	0	0	0	0	0	0	0	0	0	0	0	0	250	0	107	0	0	0	0	0	0	0	0	0
38b14fd15d4ce06874a6aa2fa708b827	0	0	0	0	0	0	0	0	0	0	0	0	0	0	0	0	0	0	187	0	108	0	0	61	0	0	5	96	0	0
007b9ae7da761a4c7399bc9f763c0acb	0	0	0	0	0	0	0	0	0	0	0	0	0	0	0	0	0	0	187	0	453	0	0	12	0	0	13	20	0	47
cfaafa9add2acb20a03edb319394ac8e	0	0	0	0	0	0	0	0	0	0	0	0	0	0	0	0	0	0	174	0	314	0	0	0	0	0	31	1	0	38
31963d621480e7732cf2ca3294fe8f06	0	0	0	0	0	0	0	0	0	0	0	0	0	0	0	0	0	0	171	0	804	0	0	0	0	0	48	0	0	197
15b17b2b457645c654dd671ac81aedc0	0	0	0	0	0	0	0	0	0	0	0	0	0	0	0	0	0	0	161	0	56	0	0	134	0	0	38	55	0	26
440b7d2935402865f01cc09d95babab5	0	0	0	0	0	0	0	0	0	0	0	0	0	0	0	0	0	0	124	0	475	0	0	0	0	0	0	0	0	7
6fe75042fc9fba6f3e5e4dd3c2c8fcd7	0	0	0	0	0	0	0	0	0	0	0	0	0	0	0	0	0	0	123	0	205	0	0	4	0	0	22	19	0	85
93bb72f23d16b7277fc2cd20315cab50	0	0	0	0	0	0	0	0	0	0	0	0	0	0	0	0	0	0	119	0	47	0	0	33	0	0	55	5	0	20
b447c41e7300f1357ab0ed337c36d0c2	0	0	0	0	0	0	0	0	0	0	0	0	0	0	0	0	0	0	116	0	40	0	0	18	0	0	52	7	1	25
c02460cc41399b9713c64bc1dfbb15c0	0	0	0	0	0	0	0	0	0	0	0	0	0	0	0	0	0	0	111	0	24	0	0	82	0	0	19	46	0	11
430d20e740a6c72d8ebb17e65c5a83bd	0	0	0	0	0	0	0	0	0	0	0	0	0	0	0	0	0	0	110	0	171	0	0	0	0	0	39	0	2	19
6bdbbbba35b3934a14b1b7013ef641ac	0	0	0	0	0	0	0	0	0	0	0	0	0	0	0	0	0	0	95	0	58	0	0	6	0	0	3	8	0	2
48707c54d3c1eafc71c35449c9782c66	0	0	0	0	0	0	0	0	0	0	0	0	0	0	0	0	0	0	90	0	37	0	0	60	0	0	9	27	0	4
ad409561c0a0617a51cce005fc37de0c	0	0	0	0	0	0	0	0	0	0	0	0	0	0	0	0	0	0	88	0	44	0	0	0	0	0	0	1	0	0
b901e0cd22ea24846080b92ecc7b4611	0	0	0	0	0	0	0	0	0	0	0	0	0	0	0	0	0	0	86	0	35	0	0	14	0	0	23	2	0	10
4aeec101911e5bfaf0f6d5ffdca91647	0	0	0	0	0	0	0	0	0	0	0	0	0	0	0	0	0	0	79	0	41	0	0	0	0	0	9	2	0	5
c8ea695d56c34f22a5534b0f013e4b8c	0	0	0	0	0	0	0	0	0	0	0	0	0	0	0	0	0	0	73	0	56	0	0	1	0	0	0	0	0	0
4d8ea368b30688a354d8a92c602b8772	0	0	0	0	0	0	0	0	0	0	0	0	0	0	0	0	0	0	66	0	29	0	0	20	0	0	11	20	0	5
6a8c8322f7f4f95a341b0d02e70c1ab3	0	0	0	0	0	0	0	0	0	0	0	0	0	0	0	0	0	0	64	0	99	0	0	6	0	0	10	10	0	50
9c9ed56be1e6f7d53eb117bb4e0adc0d	0	0	0	0	0	0	0	0	0	0	0	0	0	0	0	0	0	0	59	0	30	0	0	1	0	0	0	0	0	0
3b7a86094c9a796e82db536b63fe8deb	0	0	0	0	0	0	0	0	0	0	0	0	0	0	0	0	0	0	55	0	20	0	0	22	0	0	18	12	0	11
92fe72a271242f4a3ef0db7ba8b45bd0	0	0	0	0	0	0	0	0	0	0	0	0	0	0	0	0	0	0	54	0	15	0	0	5	0	0	1	0	0	0
4f8535f7d2a4687ff49f14cf006f78c3	0	0	0	0	0	0	0	0	0	0	0	0	0	0	0	0	0	0	54	0	16	0	0	48	0	0	9	29	0	4
c52a8b184c37f2da9bd38ba7d1d8221e	0	0	0	0	0	0	0	0	0	0	0	0	0	0	0	0	0	0	52	0	162	0	0	0	0	0	0	1	0	0
899e015291aff7a40b460127f35af5c9	0	0	0	0	0	0	0	0	0	0	0	0	0	0	0	0	0	0	48	0	88	0	0	1	0	0	2	0	0	2
85c26815b070aa41ac9bb9521882e580	0	0	0	0	0	0	0	0	0	0	0	0	0	0	0	0	0	0	46	0	24	0	0	0	0	0	0	3	0	0
e07a254bf9f18c9b1c09657181b5d4b0	0	0	0	0	0	0	0	0	0	0	0	0	0	0	0	0	0	0	45	0	17	0	0	17	0	0	7	19	0	1
5a000ac8db7a9df7a6889838f585bef9	0	0	0	0	0	0	0	0	0	0	0	0	0	0	0	0	0	0	45	0	16	0	0	1	0	0	8	2	0	3
0433d5021effbe144f6d7e2610b520a7	0	0	0	0	0	0	0	0	0	0	0	0	0	0	0	0	0	0	44	0	53	0	0	7	0	0	0	6	0	3
c6fdee2f258ebcce8fb9695ed60b3b51	0	0	0	0	0	0	0	0	0	0	0	0	0	0	0	0	0	0	43	0	9	0	0	0	0	0	3	0	0	2
e610e3a9eadf93c7be88c4f594dab244	0	0	0	0	0	0	0	0	0	0	0	0	0	0	0	0	0	0	42	0	7	0	0	0	0	0	0	0	0	0
93d1cbff5ecdca8f82e3924ddc8ff469	0	0	0	0	0	0	0	0	0	0	0	0	0	0	0	0	0	0	41	0	26	0	0	26	0	0	10	14	0	3
c06cb359137c88ec7ffeffd8cde21321	0	0	0	0	0	0	0	0	0	0	0	0	0	0	0	0	0	0	40	0	7	0	0	0	0	0	13	0	0	3
aac5b916275def9cb029b73a9b702a15	0	0	0	0	0	0	0	0	0	0	0	0	0	0	0	0	0	0	40	0	19	0	0	1	0	0	5	4	0	13
2f06b61355f08c1d4b0b0140910428d3	0	0	0	0	0	0	0	0	0	0	0	0	0	0	0	0	0	0	40	0	8	0	0	0	0	0	0	0	0	0
a46f0117d22609e91fd7e9c3d0707e2d	0	0	0	0	0	0	0	0	0	0	0	0	0	0	0	0	0	0	39	0	23	0	0	15	0	0	2	2	0	0
5091aa4100ecc6071b82b367e6713b3f	0	0	0	0	0	0	0	0	0	0	0	0	0	0	0	0	0	0	38	0	60	0	0	0	0	0	0	0	0	0
94e39bdaaee18bf74d53c0f55fc06426	0	0	0	0	0	0	0	0	0	0	0	0	0	0	0	0	0	0	37	0	23	0	0	0	0	0	0	0	0	0
237bc7d7e91cea14d4e5c0e491f3b98f	0	0	0	0	0	0	0	0	0	0	0	0	0	0	0	0	0	0	35	0	25	0	0	1	0	0	7	0	0	0
412a096c6c40d083aaf146a4122a0503	0	0	0	0	0	0	0	0	0	0	0	0	0	0	0	0	0	0	34	0	57	0	0	0	0	0	39	7	1	22
7f269438744075517f892eaaa1dc6d2d	0	0	0	0	0	0	0	0	0	0	0	0	0	0	0	0	0	0	33	0	11	0	0	30	0	0	9	18	0	1
f1c3c5e916c4fc3e7170a723ea572996	0	0	0	0	0	0	0	0	0	0	0	0	0	0	0	0	0	0	33	0	64	0	0	6	0	0	6	20	0	7
f05608e2a7d579632bc2cf59f6b9d9ad	0	0	0	0	0	0	0	0	0	0	0	0	0	0	0	0	0	0	32	0	19	0	0	0	0	0	0	0	0	3
c0a23cfbe34b692325065382a064b453	0	0	0	0	0	0	0	0	0	0	0	0	0	0	0	0	0	0	32	0	56	0	0	0	0	0	6	1	0	1
1cd4c33a2aaf8d686caf44f5a81fa665	0	0	0	0	0	0	0	0	0	0	0	0	0	0	0	0	0	0	32	0	43	0	0	0	0	0	0	0	0	0
13ea9e59df2970f0c3a3b31104ce5247	0	0	0	0	0	0	0	0	0	0	0	0	0	0	0	0	0	0	32	0	19	0	0	0	0	0	0	0	0	1
369a5f6ee09ad6c8e710a2a6c675ae8a	0	0	0	0	0	0	0	0	0	0	0	0	0	0	0	0	0	0	31	0	36	0	0	35	0	0	10	90	0	10
33d191f7ec57d40a8a4e2177342fd514	0	0	0	0	0	0	0	0	0	0	0	0	0	0	0	0	0	0	31	0	6	0	0	1	0	0	10	0	0	1
faf2add8feccb9aca6414aa160541ec7	0	0	0	0	0	0	0	0	0	0	0	0	0	0	0	0	0	0	30	0	30	0	0	19	0	0	2	96	0	12
861e2c6fff52215d85f99ee6ac573920	0	0	0	0	0	0	0	0	0	0	0	0	0	0	0	0	0	0	30	0	49	0	0	4	0	0	12	36	0	9
8567b1dbca4dcc2a0a9b114b1103c7e0	0	0	0	0	0	0	0	0	0	0	0	0	0	0	0	0	0	0	28	0	10	0	0	3	0	0	1	6	0	1
1aeee719e7e723a87aa391360145e9f2	0	0	0	0	0	0	0	0	0	0	0	0	0	0	0	0	0	0	28	0	9	0	0	3	0	0	1	7	0	5
2e6c9c177a465e26972c73174401f5cc	0	0	0	0	0	0	0	0	0	0	0	0	0	0	0	0	0	0	28	0	15	0	0	18	0	0	0	17	1	1
d922cc7699d7fc7ab3beef480df61b9e	0	0	0	0	0	0	0	0	0	0	0	0	0	0	0	0	0	0	27	0	8	0	0	0	0	0	2	4	0	0
dec516e4d908ddc51d62691b54b78817	0	0	0	0	0	0	0	0	0	0	0	0	0	0	0	0	0	0	27	0	9	0	0	2	0	0	0	0	0	0
6559c6dbaab2a503b162137cd6a3d683	0	0	0	0	0	0	0	0	0	0	0	0	0	0	0	0	0	0	26	0	18	0	0	0	0	0	9	0	0	0
8ca27e84003c2084ebc6067ac40ba4af	0	0	0	0	0	0	0	0	0	0	0	0	0	0	0	0	0	0	26	0	7	0	0	0	0	0	0	0	0	0
a4dd2e722b88102412511de55f619211	0	0	0	0	0	0	0	0	0	0	0	0	0	0	0	0	0	0	26	0	24	0	0	4	0	0	2	9	0	16
e31696d92842af8ed6d1ca268654e51c	0	0	0	0	0	0	0	0	0	0	0	0	0	0	0	0	0	0	26	0	10	0	0	0	0	0	10	0	0	2
81a9948e874e278f30e92e098b9fc5a2	0	0	0	0	0	0	0	0	0	0	0	0	0	0	0	0	0	0	25	0	25	0	0	0	0	0	3	0	0	5
1347272c6ad3cddb9c8b0d06e73d6944	0	0	0	0	0	0	0	0	0	0	0	0	0	0	0	0	0	0	25	0	7	0	0	1	0	0	1	0	0	0
fee8bb69fc9d1148c526c7d81416e463	0	0	0	0	0	0	0	0	0	0	0	0	0	0	0	0	0	0	24	0	15	0	0	2	1	0	0	3	0	0
e802a982039d4b3344763f39d4cf1a1c	0	0	0	0	0	0	0	0	0	0	0	0	0	0	0	0	0	0	24	0	11	0	0	12	0	0	0	12	0	1
fd9045e027830198087e1f8f2928ceaf	0	0	0	0	0	0	0	0	0	0	0	0	0	0	0	0	0	0	23	0	51	0	0	0	0	0	2	0	0	0
4720fefa58768e295b7f87fa492ed9e2	0	0	0	0	0	0	0	0	0	0	0	0	0	0	0	0	0	0	23	0	8	0	0	2	0	0	0	0	0	0
6fd8ec3e9523a1a9bcecae81a3b91931	0	0	0	0	0	0	0	0	0	0	0	0	0	0	0	0	0	0	23	0	14	0	0	0	0	0	0	0	0	0
f89518eced0a45cb11865941615d2b62	0	0	0	0	0	0	0	0	0	0	0	0	0	0	0	0	0	0	23	0	12	0	0	19	0	0	29	13	0	2
22bca2536195d9ce164b41724ca36f1c	0	0	0	0	0	0	0	0	0	0	0	0	0	0	0	0	0	0	22	0	8	0	0	0	0	0	0	0	0	0
69da25aa82c7c9b8fcb99faafb2ed799	0	0	0	0	0	0	0	0	0	0	0	0	0	0	0	0	0	0	22	0	24	0	0	0	0	0	0	0	0	0
f6d14f3c87b9edf80426dcc158289b47	0	0	0	0	0	0	0	0	0	0	0	0	0	0	0	0	0	0	22	0	257	0	0	0	0	0	0	0	0	0
4fca85351a4aa8b44f4b774dca3f12f0	0	0	0	0	0	0	0	0	0	0	0	0	0	0	0	0	0	0	22	0	36	0	0	10	0	0	0	25	0	2
8f75baa7d303f6c307781e3e675ca385	0	0	0	0	0	0	0	0	0	0	0	0	0	0	0	0	0	0	22	0	0	0	0	0	0	0	1	0	0	0
8ecf55a3d3b23efa9be550c945d5b228	0	0	0	0	0	0	0	0	0	0	0	0	0	0	0	0	0	0	21	0	8	0	0	0	0	0	81	1	0	31
e709db657c9cca3e0bc32377e4677682	0	0	0	0	0	0	0	0	0	0	0	0	0	0	0	0	0	0	21	0	66	0	0	0	0	0	0	0	0	0
cdf91067b8c80efd5064bc3ca0e1dc2c	0	0	0	0	0	0	0	0	0	0	0	0	0	0	0	0	0	0	21	0	5	0	0	14	0	0	9	10	0	5
53822f7524e8a6179496b6e220494295	0	0	0	0	0	0	0	0	0	0	0	0	0	0	0	0	0	0	20	0	8	0	0	4	0	0	1	0	0	1
bfb65b675c5d2d08372adaf9bced9a9d	0	0	0	0	0	0	0	0	0	0	0	0	0	0	0	0	0	0	20	0	21	0	0	20	0	0	11	7	0	9
aaf7f8e8baabddb37ecf01d48f6f3aa5	0	0	0	0	0	0	0	0	0	0	0	0	0	0	0	0	0	0	19	0	5	0	0	0	0	0	4	0	0	0
baab6c9dc213e575e25913fcafa24d4b	0	0	0	0	0	0	0	0	0	0	0	0	0	0	0	0	0	0	19	0	2	0	0	0	0	0	0	0	0	0
cc77ca72a49ab346724b99058854d8df	0	0	0	0	0	0	0	0	0	0	0	0	0	0	0	0	0	0	19	0	3	0	0	0	0	0	1	0	0	2
d5f4f1b5b411432637369f5f00052c69	0	0	0	0	0	0	0	0	0	0	0	0	0	0	0	0	0	0	19	0	2	0	0	1	0	0	1	0	0	0
c704d62f2da2bb958ba928c51f4a2450	0	0	0	0	0	0	0	0	0	0	0	0	0	0	0	0	0	0	19	0	16	0	0	57	0	0	1	97	0	5
37c29b97c2b7a792b119cc4e369ef934	0	0	0	0	0	0	0	0	0	0	0	0	0	0	0	0	0	0	19	0	15	0	0	17	0	0	0	3	0	0
e2c203326d09133e6deb6cd05675ce23	0	0	0	0	0	0	0	0	0	0	0	0	0	0	0	0	0	0	19	0	6	0	0	0	0	0	7	0	0	3
0ca97d79ef7d2aec43c4eb7d3dd965c0	0	0	0	0	0	0	0	0	0	0	0	0	0	0	0	0	0	0	19	0	55	0	0	0	0	0	0	0	0	0
4c335a4e9dbf94aad04c9eba87a9e5ec	0	0	0	0	0	0	0	0	0	0	0	0	0	0	0	0	0	0	19	0	3	0	0	1	0	0	0	0	0	0
1331fb2c490f7b6deacad17f5fe244e4	0	0	0	0	0	0	0	0	0	0	0	0	0	0	0	0	0	0	19	0	28	0	0	37	0	0	12	31	0	8
9de6ee1ac290a697f2d12ab6f50036a6	0	0	0	0	0	0	0	0	0	0	0	0	0	0	0	0	0	0	18	0	16	0	0	8	0	0	4	3	0	1
09ed8875dd366687312df7f56437fbc4	0	0	0	0	0	0	0	0	0	0	0	0	0	0	0	0	0	0	18	0	8	0	0	14	0	0	7	8	0	3
ab4505957d6fc1600802ec323d1cb5e2	0	0	0	0	0	0	0	0	0	0	0	0	0	0	0	0	0	0	18	0	14	0	0	9	0	0	7	14	0	2
cc76e4904ca8028998412bb0a2a7b52f	0	0	0	0	0	0	0	0	0	0	0	0	0	0	0	0	0	0	18	0	4	0	0	2	0	0	1	0	0	1
672b31a8394337fb08d0b3bce48c19be	0	0	0	0	0	0	0	0	0	0	0	0	0	0	0	0	0	0	18	0	4	0	0	0	0	0	0	0	0	0
d5801379a81d0204256f9394bd768191	0	0	0	0	0	0	0	0	0	0	0	0	0	0	0	0	0	0	18	0	17	0	0	0	0	0	1	0	0	0
5529c249f4de1461ee8dbb9a87986ee1	0	0	0	0	0	0	0	0	0	0	0	0	0	0	0	0	0	0	18	0	19	0	0	0	0	0	1	0	0	6
4f783e434ee8762b05859f8c9ddc9a62	0	0	0	0	0	0	0	0	0	0	0	0	0	0	0	0	0	0	17	0	5	0	0	0	0	0	0	0	0	1
ed751680d6875a3eb852d31f8ad97979	0	0	0	0	0	0	0	0	0	0	0	0	0	0	0	0	0	0	17	0	9	0	0	0	0	0	5	0	0	2
66104f2e52c409ebd7d8d80b9afd06b2	0	0	0	0	0	0	0	0	0	0	0	0	0	0	0	0	0	0	17	0	6	0	0	0	0	0	0	0	0	0
d0dd2e73dd168334da9cec92f85fd69e	0	0	0	0	0	0	0	0	0	0	0	0	0	0	0	0	0	0	17	0	25	0	0	0	0	0	2	0	0	1
2774dadc85837e4258beefe7b4cd1db9	0	0	0	0	0	0	0	0	0	0	0	0	0	0	0	0	0	0	17	0	10	0	0	0	0	0	0	0	0	0
ed93b1922837b6877614a331e0874950	0	0	0	0	0	0	0	0	0	0	0	0	0	0	0	0	0	0	16	0	0	0	0	0	0	0	0	0	0	0
19bda9ca38f07de7bb157836f5991ad2	0	0	0	0	0	0	0	0	0	0	0	0	0	0	0	0	0	0	15	0	8	0	0	0	0	0	0	0	0	0
32590516e005bf18ec2960241fa64be3	0	0	0	0	0	0	0	0	0	0	0	0	0	0	0	0	0	0	15	0	69	0	0	0	0	0	0	0	0	0
2628c9f35f9df5d8497d07667a4888d2	0	0	0	0	0	0	0	0	0	0	0	0	0	0	0	0	0	0	15	0	2	0	0	2	0	0	4	0	0	0
720bea514e4557a7125d34e15328fd0a	0	0	0	0	0	0	0	0	0	0	0	0	0	0	0	0	0	0	15	0	3	0	0	0	0	0	1	1	0	1
11a26d3520f2db2d767707a32a5b83dc	0	0	0	0	0	0	0	0	0	0	0	0	0	0	0	0	0	0	15	0	9	0	0	0	0	0	6	0	0	115
4a06ff1b1d4734eadfec9e148c7d1b95	0	0	0	0	0	0	0	0	0	0	0	0	0	0	0	0	0	0	15	0	5	0	0	0	0	0	0	0	0	0
9e9e857feef35c8aa18c3fad3d2dc28f	0	0	0	0	0	0	0	0	0	0	0	0	0	0	0	0	0	0	15	0	0	0	0	0	0	0	0	0	0	0
888673ae33587bc56a699b4030740b30	0	0	0	0	0	0	0	0	0	0	0	0	0	0	0	0	0	0	15	0	9	0	0	2	0	0	0	4	0	3
4c8ad3fcc4159fd8dcdac047a8f213da	0	0	0	0	0	0	0	0	0	0	0	0	0	0	0	0	0	0	14	0	22	0	0	4	0	0	6	0	0	0
bc21fcc6c09ea7235655a2e500d0fded	0	0	0	0	0	0	0	0	0	0	0	0	0	0	0	0	0	0	14	0	2	0	0	0	0	0	0	0	0	0
c90c6a65f471fd1e548a454c54475256	0	0	0	0	0	0	0	0	0	0	0	0	0	0	0	0	0	0	14	0	3	0	0	3	0	0	1	3	0	1
ee7530ff10eeee78080984b05d9ca0aa	0	0	0	0	0	0	0	0	0	0	0	0	0	0	0	0	0	0	14	0	10	0	0	26	0	0	0	49	0	0
b753cd3c1b23365868d7cb6c2012f63b	0	0	0	0	0	0	0	0	0	0	0	0	0	0	0	0	0	0	14	0	1	0	0	0	0	0	7	0	0	0
e35ecbe3ccfef2d812542848892ad509	0	0	0	0	0	0	0	0	0	0	0	0	0	0	0	0	0	0	14	0	0	0	0	5	0	0	17	1	0	14
fc0720ca8c3f014f6bbc79b425992525	0	0	0	0	0	0	0	0	0	0	0	0	0	0	0	0	0	0	14	0	49	0	0	0	0	0	4	0	0	2
318570b36d31370e48e33d0ac94895b8	0	0	0	0	0	0	0	0	0	0	0	0	0	0	0	0	0	0	14	0	2	0	0	14	0	0	9	11	0	10
cb9fa5cf7c19ee98fb029f542be1364f	0	0	0	0	0	0	0	0	0	0	0	0	0	0	0	0	0	0	14	0	1	0	0	1	0	0	1	1	0	1
5c6e2b36ea48c1a2ba3b54fd72fdb800	0	0	0	0	0	0	0	0	0	0	0	0	0	0	0	0	0	0	14	0	6	0	0	3	0	0	4	0	0	2
00982b860668881d80cce2756ef7e9bf	0	0	0	0	0	0	0	0	0	0	0	0	0	0	0	0	0	0	14	0	7	0	0	0	0	0	0	0	0	0
add7792457b6aee7ccf74c4977639551	0	0	0	0	0	0	0	0	0	0	0	0	0	0	0	0	0	0	13	0	10	0	0	0	0	0	0	0	0	3
f91aeae901524883cbcad0e98370e918	0	0	0	0	0	0	0	0	0	0	0	0	0	0	0	0	0	0	13	0	2	0	0	9	0	0	0	3	0	0
b738046dca9f596b48b2af24d0bb193a	0	0	0	0	0	0	0	0	0	0	0	0	0	0	0	0	0	0	13	0	118	0	0	0	0	0	1	0	0	1
5b4314553724c7bcbfd21ae127500624	0	0	0	0	0	0	0	0	0	0	0	0	0	0	0	0	0	0	13	0	28	0	0	0	0	0	1	5	0	0
9c36cc0fb9eba8e0b59a6daca2f23bd8	0	0	0	0	0	0	0	0	0	0	0	0	0	0	0	0	0	0	13	0	1	0	0	0	0	0	0	0	0	0
87c5fd0e17d8f107490c5d60f917e0d6	0	0	0	0	0	0	0	0	0	0	0	0	0	0	0	0	0	0	13	0	11	0	0	5	0	0	2	5	0	2
11fcf38593770789998f09f63b99da0a	0	0	0	0	0	0	0	0	0	0	0	0	0	0	0	0	0	0	13	0	4	0	0	1	0	0	5	0	0	3
8b1dad5770bba718e1a3abac2f869859	0	0	0	0	0	0	0	0	0	0	0	0	0	0	0	0	0	0	13	0	9	0	0	1	0	0	2	2	0	0
00190b44e072bac0b4375e30e3287505	0	0	0	0	0	0	0	0	0	0	0	0	0	0	0	0	0	0	12	0	12	0	0	0	0	0	7	0	0	0
46a80a37787b92b3f48fafd733e6e431	0	0	0	0	0	0	0	0	0	0	0	0	0	0	0	0	0	0	12	0	4	0	0	0	0	0	7	0	0	6
f73d982ee6cf70e9192441d742d65c5c	0	0	0	0	0	0	0	0	0	0	0	0	0	0	0	0	0	0	12	0	25	0	0	0	0	0	0	1	0	4
05cf59a97e8602845ef44c2832046c0b	0	0	0	0	0	0	0	0	0	0	0	0	0	0	0	0	0	0	12	0	0	0	0	0	0	0	0	0	0	0
1e2ff59a139d3e6bc672fea973637425	0	0	0	0	0	0	0	0	0	0	0	0	0	0	0	0	0	0	12	0	7	0	0	1	0	0	0	3	0	0
25836e2662e2c5dd95c02f896b483b17	0	0	0	0	0	0	0	0	0	0	0	0	0	0	0	0	0	0	12	0	3	0	0	0	0	0	0	1	0	0
df3d8ea4b966f82f021ca17758d00611	0	0	0	0	0	0	0	0	0	0	0	0	0	0	0	0	0	0	12	0	161	0	0	0	0	0	8	0	0	20
ea738e7050d2395fa4e114299e419eed	0	0	0	0	0	0	0	0	0	0	0	0	0	0	0	0	0	0	12	0	84	0	0	0	0	0	0	2	0	1
cd91a06b8aca9dc5a42d8e751b2911d9	0	0	0	0	0	0	0	0	0	0	0	0	0	0	0	0	0	0	12	0	2	0	0	0	0	0	0	0	0	0
0b8afcb59089c2503d2a0296cd43e1a0	0	0	0	0	0	0	0	0	0	0	0	0	0	0	0	0	0	0	12	0	16	0	0	6	0	0	6	22	0	2
4d5828db91105bab3361eb893c641f00	0	0	0	0	0	0	0	0	0	0	0	0	0	0	0	0	0	0	12	0	16	0	0	0	0	0	0	0	0	0
a6feafbcaec0494716e8fa2c1bb19b50	0	0	0	0	0	0	0	0	0	0	0	0	0	0	0	0	0	0	12	0	59	0	0	0	0	0	0	0	0	0
48b576983dc09e0d0bd86a675ac43c41	0	0	0	0	0	0	0	0	0	0	0	0	0	0	0	0	0	0	12	0	10	0	0	0	0	0	0	0	0	0
bec2f0a5d3742783c0db17eb7898ffe4	0	0	0	0	0	0	0	0	0	0	0	0	0	0	0	0	0	0	11	0	0	0	0	0	0	0	0	0	0	0
e9407ccadc7eb26c9c8c4503a062e40f	0	0	0	0	0	0	0	0	0	0	0	0	0	0	0	0	0	0	11	0	7	0	0	2	0	0	0	0	0	0
b09b962369563d8f2960933ea2b9b762	0	0	0	0	0	0	0	0	0	0	0	0	0	0	0	0	0	0	11	0	2	0	0	3	0	0	1	0	0	0
edfb9acd042e61714f9742dfeda829ef	0	0	0	0	0	0	0	0	0	0	0	0	0	0	0	0	0	0	11	0	10	0	0	0	0	0	0	0	0	1
99563709f89b11cb3942c77622c920cc	0	0	0	0	0	0	0	0	0	0	0	0	0	0	0	0	0	0	11	0	39	0	0	8	0	0	24	15	0	94
671838fc21c8ce29a09ede32a9dc6865	0	0	0	0	0	0	0	0	0	0	0	0	0	0	0	0	0	0	11	0	2	0	0	0	0	0	0	0	0	0
2e7d1639eee5f6dc32c47c2023aa01e8	0	0	0	0	0	0	0	0	0	0	0	0	0	0	0	0	0	0	11	0	2	0	0	0	0	0	0	0	0	0
9304f06e0d572b03ba67f56fa82a0f6e	0	0	0	0	0	0	0	0	0	0	0	0	0	0	0	0	0	0	11	0	8	0	0	0	0	0	0	0	0	0
7f965308a962f6e2842597e7a8b54657	0	0	0	0	0	0	0	0	0	0	0	0	0	0	0	0	0	0	11	0	11	0	0	0	0	0	6	0	0	5
93e3e25828cbdb3f4403bdaacbdcfc66	0	0	0	0	0	0	0	0	0	0	0	0	0	0	0	0	0	0	11	0	64	0	0	10	0	0	12	18	0	67
d4e72c4e714d8c7225fd643ff63f3fac	0	0	0	0	0	0	0	0	0	0	0	0	0	0	0	0	0	0	11	0	2	0	0	13	0	0	8	2	0	2
598c46ba60349ca5544fe1904150c9ff	0	0	0	0	0	0	0	0	0	0	0	0	0	0	0	0	0	0	11	0	9	0	0	0	0	0	5	0	19	0
60fb1a528b15fd20ff3a5e0235eef7dc	0	0	0	0	0	0	0	0	0	0	0	0	0	0	0	0	0	0	11	0	8	0	0	0	0	0	0	2	0	0
6b8506d9f6695b8b11a655ba8b342655	0	0	0	0	0	0	0	0	0	0	0	0	0	0	0	0	0	0	10	0	3	0	0	6	0	0	4	9	0	1
a2fdf9182c809285d27330896c798d78	0	0	0	0	0	0	0	0	0	0	0	0	0	0	0	0	0	0	10	0	5	0	0	0	0	0	2	0	0	2
9a6be8789fa1df8dc81b2caabdd8fbfc	0	0	0	0	0	0	0	0	0	0	0	0	0	0	0	0	0	0	10	0	2	0	0	2	0	0	3	4	0	0
4aa11f3bb0fadd93a8288dbed53b6b8b	0	0	0	0	0	0	0	0	0	0	0	0	0	0	0	0	0	0	10	0	152	0	0	0	0	0	0	0	0	0
afc08e8209621767655df688fdf95375	0	0	0	0	0	0	0	0	0	0	0	0	0	0	0	0	0	0	10	0	6	0	0	0	0	0	6	0	0	1
ad56452713a66a9918c7fff64b721800	0	0	0	0	0	0	0	0	0	0	0	0	0	0	0	0	0	0	10	0	22	0	0	0	0	0	0	0	0	0
f55fd01d6cc4467612920e1d198cc69f	0	0	0	0	0	0	0	0	0	0	0	0	0	0	0	0	0	0	10	0	34	0	0	0	0	0	0	3	0	2
a4605945425ee412dd13c2ab4c7d2be7	0	0	0	0	0	0	0	0	0	0	0	0	0	0	0	0	0	0	10	0	2	0	0	0	0	0	3	0	0	8
ee8b94fdd29a3a6a7f70679836d464b6	0	0	0	0	0	0	0	0	0	0	0	0	0	0	0	0	0	0	10	0	19	0	0	1	0	0	0	6	0	2
0882473a5b26e71739a16ec7528408f4	0	0	0	0	0	0	0	0	0	0	0	0	0	0	0	0	0	0	10	0	18	0	0	0	0	0	2	0	0	0
891febda70df71b2b551c611580df06b	0	0	0	0	0	0	0	0	0	0	0	0	0	0	0	0	0	0	10	0	1	0	0	0	0	0	1	2	0	1
6a71589d0090a74453ea247c6ad0b032	0	0	0	0	0	0	0	0	0	0	0	0	0	0	0	0	0	0	10	0	1	0	0	0	0	0	0	0	0	0
ec6c581759af722ca681195f7cd0d91d	0	0	0	0	0	0	0	0	0	0	0	0	0	0	0	0	0	0	10	0	4	0	0	1	0	0	0	0	0	0
1579599869b128f8649fd1075b033b80	0	0	0	0	0	0	0	0	0	0	0	0	0	0	0	0	0	0	10	0	1	0	0	0	0	0	4	0	0	0
c68905ad8371667077bcb587d509df84	0	0	0	0	0	0	0	0	0	0	0	0	0	0	0	0	0	0	10	0	1	0	0	0	0	0	0	0	0	0
6026853e9c6998e56019eedef8463b90	0	0	0	0	0	0	0	0	0	0	0	0	0	0	0	0	0	0	10	0	7	0	0	3	0	0	2	2	0	0
59e10b2a9a20003b0da3f9f77b04dc65	0	0	0	0	0	0	0	0	0	0	0	0	0	0	0	0	0	0	10	0	39	0	0	0	0	0	5	0	0	13
fc4395864377404eb39faaa68b5674fe	0	0	0	0	0	0	0	0	0	0	0	0	0	0	0	0	0	0	10	0	6	0	0	3	0	0	1	8	0	2
a1fdbd5410c6f3e15503208e6a1c8821	0	0	0	0	0	0	0	0	0	0	0	0	0	0	0	0	0	0	10	0	8	0	0	1	0	0	0	1	0	0
23aad3cfdbd72caad77872cdcb9bbad0	0	0	0	0	0	0	0	0	0	0	0	0	0	0	0	0	0	0	10	0	0	0	0	5	0	0	0	2	0	1
2e228137d5c6c5b69d376f58c855876d	0	0	0	0	0	0	0	0	0	0	0	0	0	0	0	0	0	0	10	0	0	0	0	5	0	0	1	2	0	5
7da6e6328e1170606a0b32e9c12610bd	0	0	0	0	0	0	0	0	0	0	0	0	0	0	0	0	0	0	10	0	2	0	0	5	0	0	2	4	0	2
5b4bcd5b3583a8a81313795d29b0a45e	0	0	0	0	0	0	0	0	0	0	0	0	0	0	0	0	0	0	10	0	8	0	0	5	0	0	0	0	0	0
d5f0ae06296ac795885d09cb51fd0a47	0	0	0	0	0	0	0	0	0	0	0	0	0	0	0	0	0	0	10	0	42	0	0	0	0	0	0	0	0	0
25fd68e4e0d7c8a0b121d332bf7a2573	0	0	0	0	0	0	0	0	0	0	0	0	0	0	0	0	0	0	10	0	0	0	0	4	0	0	0	0	0	0
f00208431f0f2463c14e3dd0a6a08cee	0	0	0	0	0	0	0	0	0	0	0	0	0	0	0	0	0	0	9	0	0	0	0	3	0	0	3	3	2	0
a354511895ecbb086cba622ed5d7df57	0	0	0	0	0	0	0	0	0	0	0	0	0	0	0	0	0	0	9	0	4	0	0	7	2	0	1	4	0	0
614648df382cf6751b58d2be464d3da8	0	0	0	0	0	0	0	0	0	0	0	0	0	0	0	0	0	0	9	0	0	0	0	0	0	0	2	1	0	0
cc6dcce685ff1abbcd633ec7a2c526e8	0	0	0	0	0	0	0	0	0	0	0	0	0	0	0	0	0	0	9	0	6	0	0	1	0	0	12	5	2	8
4038ecd60fcf9754ff01957ffb0cb191	0	0	0	0	0	0	0	0	0	0	0	0	0	0	0	0	0	0	9	0	6	0	0	1	0	0	0	0	1	5
bcb62b393128fc053f1fbd3ee9bb9d51	0	0	0	0	0	0	0	0	0	0	0	0	0	0	0	0	0	0	9	0	18	0	0	0	0	0	1	0	0	0
b7f3c5debcf88b97520bcca9a100f0e1	0	0	0	0	0	0	0	0	0	0	0	0	0	0	0	0	0	0	9	0	7	0	0	0	0	0	0	0	0	0
7aab8dce9d3cb263ed91842f22e1742b	0	0	0	0	0	0	0	0	0	0	0	0	0	0	0	0	0	0	9	0	3	0	0	8	0	0	0	3	0	0
6bd668ae6d4dc9438ebcd1d5ab375f5d	0	0	0	0	0	0	0	0	0	0	0	0	0	0	0	0	0	0	9	0	0	0	0	0	0	0	0	0	0	5
c2c403dc6dae20bcae3041d4dd4a5b8e	0	0	0	0	0	0	0	0	0	0	0	0	0	0	0	0	0	0	9	0	2	0	0	0	0	0	0	0	0	0
70b7d1aa163374774ca60472331e74bf	0	0	0	0	0	0	0	0	0	0	0	0	0	0	0	0	0	0	9	0	1	0	0	0	0	0	0	0	0	0
a805208c02b4936fea18460dbc467cf7	0	0	0	0	0	0	0	0	0	0	0	0	0	0	0	0	0	0	9	0	8	0	0	0	0	0	0	0	0	0
61555b96429eca8f562e37d8905511cd	0	0	0	0	0	0	0	0	0	0	0	0	0	0	0	0	0	0	9	0	2	0	0	0	0	0	0	0	0	2
7781d3adf866236cd98789f086270f80	0	0	0	0	0	0	0	0	0	0	0	0	0	0	0	0	0	0	9	0	5	0	0	0	0	0	0	0	0	0
108c1ed96656512c2fdbab0be21defd0	0	0	0	0	0	0	0	0	0	0	0	0	0	0	0	0	0	0	9	0	2	0	0	3	0	0	0	0	0	0
ab5eb104353b275eaf73795c4ab9644f	0	0	0	0	0	0	0	0	0	0	0	0	0	0	0	0	0	0	9	0	0	0	0	9	0	0	10	3	0	2
54744d39ba2019eb028f49d1b3ec6269	0	0	0	0	0	0	0	0	0	0	0	0	0	0	0	0	0	0	9	0	9	0	0	1	0	0	0	0	0	0
b87ecaf40a9dedce4266c3eaf3c907b4	0	0	0	0	0	0	0	0	0	0	0	0	0	0	0	0	0	0	9	0	12	0	0	6	0	0	4	10	0	4
94e5e67ef6f29ed430a210087f2719c1	0	0	0	0	0	0	0	0	0	0	0	0	0	0	0	0	0	0	9	0	4	0	0	5	0	0	4	3	0	3
05bd0b2ea7a2b929b1e2b1b28976d241	0	0	0	0	0	0	0	0	0	0	0	0	0	0	0	0	0	0	9	0	3	0	0	2	0	0	0	3	0	2
fbb52f7a5ac18c48a4e2cb4a37d7ecf7	0	0	0	0	0	0	0	0	0	0	0	0	0	0	0	0	0	0	9	0	39	0	0	6	0	0	10	1	0	8
1dafef380cc7947d6464ba5a44f48bf0	0	0	0	0	0	0	0	0	0	0	0	0	0	0	0	0	0	0	9	0	8	0	0	0	0	0	4	0	0	2
c638e942fb96c321dbccc6b6d2a14f4c	0	0	0	0	0	0	0	0	0	0	0	0	0	0	0	0	0	0	9	0	4	0	0	1	0	0	7	1	0	1
ec09b17a30d4677268d48a58a4b03005	0	0	0	0	0	0	0	0	0	0	0	0	0	0	0	0	0	0	9	0	0	0	0	0	0	0	8	0	0	4
b223ad31a750f2bac426fbf03c821e59	0	0	0	0	0	0	0	0	0	0	0	0	0	0	0	0	0	0	8	0	23	0	0	0	0	0	0	0	0	0
c53c7a44ab4fa3eeedf47734c53194b2	0	0	0	0	0	0	0	0	0	0	0	0	0	0	0	0	0	0	8	0	7	0	0	5	0	0	0	3	0	0
f254f479b0164a4d395a930c35b14201	0	0	0	0	0	0	0	0	0	0	0	0	0	0	0	0	0	0	8	0	1	0	0	2	0	0	0	0	0	0
568a7e1af0a94baafcdf09911c01cbf4	0	0	0	0	0	0	0	0	0	0	0	0	0	0	0	0	0	0	8	0	1	0	0	1	0	0	0	0	0	0
367938c13c9d9e21c51b5946f09bef92	0	0	0	0	0	0	0	0	0	0	0	0	0	0	0	0	0	0	8	0	2	0	0	0	0	0	0	0	0	0
b7b96c2a9c4426724c91d73ce262fcfd	0	0	0	0	0	0	0	0	0	0	0	0	0	0	0	0	0	0	8	0	5	0	0	0	0	0	2	0	0	1
48f10969fa0830156dd31685a2d54cc1	0	0	0	0	0	0	0	0	0	0	0	0	0	0	0	0	0	0	8	0	2	0	0	2	0	0	0	0	0	0
64e6b86e306b1d13f4bff62d367dcb12	0	0	0	0	0	0	0	0	0	0	0	0	0	0	0	0	0	0	8	0	2	0	0	0	0	0	0	0	0	0
c0f09c3c442a4999b2d55c47c88072ee	0	0	0	0	0	0	0	0	0	0	0	0	0	0	0	0	0	0	8	0	10	0	0	0	0	0	0	0	0	13
2b8bc4d65572e8d15097629271fbe4e8	0	0	0	0	0	0	0	0	0	0	0	0	0	0	0	0	0	0	8	0	0	0	0	7	0	0	0	0	0	0
5469376d65fa58713106fedbf71be13d	0	0	0	0	0	0	0	0	0	0	0	0	0	0	0	0	0	0	8	0	0	0	0	7	0	0	1	2	0	0
701d9027d9a8b83655ecac3e561f9170	0	0	0	0	0	0	0	0	0	0	0	0	0	0	0	0	0	0	8	0	7	0	0	4	0	0	1	2	0	1
87ac85b553cd369f6bd4fe093aca7b07	0	0	0	0	0	0	0	0	0	0	0	0	0	0	0	0	0	0	8	0	9	0	0	6	0	0	2	8	0	2
365b6d0c890c12c752c590a4a7088970	0	0	0	0	0	0	0	0	0	0	0	0	0	0	0	0	0	0	8	0	14	0	0	0	0	0	0	0	0	0
4bb3afe764f9fb49ba2dc840681e8b77	0	0	0	0	0	0	0	0	0	0	0	0	0	0	0	0	0	0	8	0	8	0	0	0	0	0	1	5	0	0
667c4896999c60c3354b5ca65cd53414	0	0	0	0	0	0	0	0	0	0	0	0	0	0	0	0	0	0	8	0	14	0	0	0	0	0	0	0	0	0
aabfbe71614e6224082842254302a5f4	0	0	0	0	0	0	0	0	0	0	0	0	0	0	0	0	0	0	8	0	9	0	0	3	0	0	0	10	0	0
9ead468f175678d6c92f3da18a3c5764	0	0	0	0	0	0	0	0	0	0	0	0	0	0	0	0	0	0	8	0	1	0	0	1	0	0	0	1	0	1
1c6ef800973da25d1680a79864cb1ec4	0	0	0	0	0	0	0	0	0	0	0	0	0	0	0	0	0	0	8	0	2	0	0	8	0	0	4	5	0	2
4c83b2646682369512436f2ff1ab9c5d	0	0	0	0	0	0	0	0	0	0	0	0	0	0	0	0	0	0	8	0	3	0	0	0	0	0	0	1	0	0
e732cde9fb2ba81a69d484a4283c464c	0	0	0	0	0	0	0	0	0	0	0	0	0	0	0	0	0	0	8	0	27	0	0	12	0	0	1	23	0	0
4fbcb90e1af530070a15404f2cccd0f7	0	0	0	0	0	0	0	0	0	0	0	0	0	0	0	0	0	0	8	0	3	0	0	0	0	0	0	0	0	0
41bffce9287085d3ed89fb6a911c2aa9	0	0	0	0	0	0	0	0	0	0	0	0	0	0	0	0	0	0	8	0	1	0	0	11	0	0	2	7	0	1
8272b10519e1d0234dae0581aa8da95a	0	0	0	0	0	0	0	0	0	0	0	0	0	0	0	0	0	0	7	0	2	0	0	4	0	0	0	0	0	1
849377bd4a7492359dc5aca64d0e7677	0	0	0	0	0	0	0	0	0	0	0	0	0	0	0	0	0	0	7	0	7	0	0	8	0	0	10	7	0	3
1a9919775d13b88a77208c6c7e8e60f5	0	0	0	0	0	0	0	0	0	0	0	0	0	0	0	0	0	0	7	0	1	0	0	0	0	0	1	0	0	2
bd16a04072554ec8b318d5e6e4bb9ecd	0	0	0	0	0	0	0	0	0	0	0	0	0	0	0	0	0	0	7	0	17	0	0	0	0	0	0	0	0	0
250d99284983fb43e608a99f75df597f	0	0	0	0	0	0	0	0	0	0	0	0	0	0	0	0	0	0	7	0	4	0	0	0	0	0	0	0	0	3
d9ee06b37cf127418d2608392dbf2187	0	0	0	0	0	0	0	0	0	0	0	0	0	0	0	0	0	0	7	1	22	0	2	1	0	0	30	0	0	24
334b70268205f3b06b17b39dfb385ad4	0	0	0	0	0	0	0	0	0	0	0	0	0	0	0	0	0	0	7	0	10	0	0	0	0	0	0	0	0	0
7c152a2b43730f3fb9272d8d9a4e8831	0	0	0	0	0	0	0	0	0	0	0	0	0	0	0	0	0	0	7	0	0	0	0	1	0	0	5	0	0	2
52a630b2420961d64a59c25b5913606c	0	0	0	0	0	0	0	0	0	0	0	0	0	0	0	0	0	0	7	0	29	0	0	0	0	0	8	0	33	19
22760e85f096a9cb2020f97fd5133975	0	0	0	0	0	0	0	0	0	0	0	0	0	0	0	0	0	0	7	0	6	0	0	2	0	0	0	0	0	0
ba560f4a2928eb0dea2f70373bc0ddf9	0	0	0	0	0	0	0	0	0	0	0	0	0	0	0	0	0	0	7	0	5	0	0	3	0	0	0	1	0	0
5412287a62f6f13380114c119077d062	0	0	0	0	0	0	0	0	0	0	0	0	0	0	0	0	0	0	7	0	211	0	0	0	0	0	0	5	0	0
17957ddc311a4739962e0a55e8f6e4b9	0	0	0	0	0	0	0	0	0	0	0	0	0	0	0	0	0	0	7	0	70	0	0	0	0	0	1	3	0	0
3529ac48d83f4e99d4b6818d8d5c22b4	0	0	0	0	0	0	0	0	0	0	0	0	0	0	0	0	0	0	7	0	6	0	0	0	0	0	0	2	0	0
ae4663666aa7395ed3dbb2ad55e6013e	0	0	0	0	0	0	0	0	0	0	0	0	0	0	0	0	0	0	7	0	4	0	0	0	0	0	0	0	0	0
e57884a29bbb73f8eead350e0396bddc	0	0	0	0	0	0	0	0	0	0	0	0	0	0	0	0	0	0	7	0	1	0	0	0	0	0	0	0	0	2
3caaf572a80a45aff7e871533ec33616	0	0	0	0	0	0	0	0	0	0	0	0	0	0	0	0	0	0	7	0	2	0	0	0	0	0	2	1	0	2
6527f656220ce40acc3c8ae2cb6a2e08	0	0	0	0	0	0	0	0	0	0	0	0	0	0	0	0	0	0	7	0	6	0	0	11	0	0	2	51	0	0
462fb57e40d128d1d0205b53aa0ef11a	0	0	0	0	0	0	0	0	0	0	0	0	0	0	0	0	0	0	7	0	7	0	0	0	0	0	0	0	0	0
4a1fa3bc313d1e6c1d3b40aaea043b10	0	0	0	0	0	0	0	0	0	0	0	0	0	0	0	0	0	0	7	0	6	0	0	14	0	0	5	16	0	0
24038f4b0a6a0e363ba265a0d209e183	0	0	0	0	0	0	0	0	0	0	0	0	0	0	0	0	0	0	7	0	4	0	0	1	0	0	2	0	0	3
09ff87d1350502d0ff899d112698c460	0	0	0	0	0	0	0	0	0	0	0	0	0	0	0	0	0	0	7	0	8	0	0	0	0	0	0	1	0	0
f5f435675b1cb3d091c68687170b10c0	0	0	0	0	0	0	0	0	0	0	0	0	0	0	0	0	0	0	7	0	0	0	0	6	0	0	1	2	0	1
9261139a036d8a494ab716c94fb778c0	0	0	0	0	0	0	0	0	0	0	0	0	0	0	0	0	0	0	7	0	3	0	0	0	0	0	2	0	0	0
c5b65c2971f5624caad8d91b0443063c	0	0	0	0	0	0	0	0	0	0	0	0	0	0	0	0	0	0	7	0	7	0	0	0	0	0	0	0	0	0
a8bd77bf892f18c57509909d1db0439f	0	0	0	0	0	0	0	0	0	0	0	0	0	0	0	0	0	0	7	0	15	0	0	17	0	0	0	22	1	0
ab47bad5e419073f3d22326585cbe725	0	0	0	0	0	0	0	0	0	0	0	0	0	0	0	0	0	0	7	0	5	0	0	0	0	0	0	0	2	0
7ce78edc9bb520697019f07fb95499ea	0	0	0	0	0	0	0	0	0	0	0	0	0	0	0	0	0	0	7	0	13	0	0	2	0	0	0	6	0	2
ceaa072b4cc9ed964be3316d6fd255b9	0	0	0	0	0	0	0	0	0	0	0	0	0	0	0	0	0	0	7	0	3	0	0	3	0	0	4	2	0	5
81ca1d14798d74c0d803e350987425fe	0	0	0	0	0	0	0	0	0	0	0	0	0	0	0	0	0	0	7	0	0	0	0	2	0	0	1	1	0	0
66c87adb6f3b0cf45a320ea7a2ae9494	0	0	0	0	0	0	0	0	0	0	0	0	0	0	0	0	0	0	7	0	1	0	0	0	0	0	1	2	0	1
10cb7a1f4f1115f7ba7188abd6f988ac	0	0	0	0	0	0	0	0	0	0	0	0	0	0	0	0	0	0	6	0	0	0	0	3	0	0	1	0	0	0
9989327f90d0a82eadfa8b6bcb27fe9e	0	0	0	0	0	0	0	0	0	0	0	0	0	0	0	0	0	0	6	0	13	0	0	0	0	0	0	0	0	0
08279ef3a0f48601b8c903adfee59887	0	0	0	0	0	0	0	0	0	0	0	0	0	0	0	0	0	0	6	0	5	0	0	0	0	0	0	0	0	1
630fbe9a0cc1956209dbd5cbab181469	0	0	0	0	0	0	0	0	0	0	0	0	0	0	0	0	0	0	6	0	16	0	0	9	0	0	3	5	0	3
7913e6d8bad69c73560d86fedd49d62a	0	0	0	0	0	0	0	0	0	0	0	0	0	0	0	0	0	0	6	0	1	0	0	0	0	0	9	1	0	6
640ee9a5c44ca951848a50abda69313a	0	0	0	0	0	0	0	0	0	0	0	0	0	0	0	0	0	0	6	0	3	0	0	0	0	0	0	2	0	0
655a43f50ea06b5d075a75361fa23a1d	0	0	0	0	0	0	0	0	0	0	0	0	0	0	0	0	0	0	6	0	10	0	0	0	0	0	0	0	0	0
e4ea62ca3dbba8d0a92a1e23f040752e	0	0	0	0	0	0	0	0	0	0	0	0	0	0	0	0	0	0	6	0	7	0	0	3	0	0	2	5	0	0
28a47301d14daf5752dfc515a536ce37	0	0	0	0	0	0	0	0	0	0	0	0	0	0	0	0	0	0	6	0	10	0	0	8	0	0	15	3	0	0
240a68365104140ec33724e05f5f3fcd	0	0	0	0	0	0	0	0	0	0	0	0	0	0	0	0	0	0	6	0	4	0	0	0	0	0	0	0	0	0
631c715d68fc50cda60f13ce00a504af	0	0	0	0	0	0	0	0	0	0	0	0	0	0	0	0	0	0	6	0	1	0	0	4	0	0	0	2	0	0
4f300842f7c21f8a2d66f4ee388c23d2	0	0	0	0	0	0	0	0	0	0	0	0	0	0	0	0	0	0	6	0	0	0	0	1	0	0	1	5	0	0
f9f01f533a7a7eb9397e5e40732b1d7f	0	0	0	0	0	0	0	0	0	0	0	0	0	0	0	0	0	0	6	0	9	0	0	0	0	0	0	0	0	0
740cb477c424be7c8e2963ab6acbda63	0	0	0	0	0	0	0	0	0	0	0	0	0	0	0	0	0	0	6	0	5	0	0	8	0	0	1	5	0	6
c75835374fee775095945b7217dcbbd5	0	0	0	0	0	0	0	0	0	0	0	0	0	0	0	0	0	0	6	0	4	0	0	0	0	0	0	0	0	0
1247e9280e2159c6064aa20eeb20e7e1	0	0	0	0	0	0	0	0	0	0	0	0	0	0	0	0	0	0	6	0	4	0	0	1	0	0	1	1	1	0
e1b212cb7428564f2bbb9d4b1dd3435e	0	0	0	0	0	0	0	0	0	0	0	0	0	0	0	0	0	0	6	0	6	0	0	0	0	0	0	1	0	0
016f582edd18c9e1412c39403968ac69	0	0	0	0	0	0	0	0	0	0	0	0	0	0	0	0	0	0	6	0	9	0	0	2	0	0	0	1	0	3
f4a30d870551849b07fdd79e7a05f558	0	0	0	0	0	0	0	0	0	0	0	0	0	0	0	0	0	0	6	0	5	0	0	0	0	0	0	0	0	0
867f838e04a3670b514576bf093b836d	0	0	0	0	0	0	0	0	0	0	0	0	0	0	0	0	0	0	6	0	2	0	0	0	0	0	2	2	0	0
eefeaf92084ba9143ca26e650675e5b1	0	0	0	0	0	0	0	0	0	0	0	0	0	0	0	0	0	0	6	0	8	0	0	0	0	0	0	0	0	16
0ee908d220475a57463f31e808d7821a	0	0	0	0	0	0	0	0	0	0	0	0	0	0	0	0	0	0	6	0	7	0	0	1	0	0	0	0	0	1
c87ead1016affb6acbbfee7356afd119	0	0	0	0	0	0	0	0	0	0	0	0	0	0	0	0	0	0	6	0	6	0	0	2	0	0	2	0	2	0
383ef706105da7e61532e39853b7e060	0	0	0	0	0	0	0	0	0	0	0	0	0	0	0	0	0	0	6	0	1	0	0	2	0	0	2	0	0	2
66e53ae427727fecfeede4e1f777f168	0	0	0	0	0	0	0	0	0	0	0	0	0	0	0	0	0	0	6	0	7	0	0	0	0	0	0	0	0	0
29b5fb25154f7655891816ca143cf14f	0	0	0	0	0	0	0	0	0	0	0	0	0	0	0	0	0	0	6	0	3	0	0	1	0	0	0	0	0	0
e1c0c2e48cd6c95bb0a83ac559c5b47e	0	0	0	0	0	0	0	0	0	0	0	0	0	0	0	0	0	0	6	0	1	0	0	2	0	0	1	1	0	3
9b50cb41ec73fe87af989febf3fdd30b	0	0	0	0	0	0	0	0	0	0	0	0	0	0	0	0	0	0	6	0	7	0	0	0	0	0	1	0	1	3
cf6f36d2154ede2bc0d939cf9b97aa57	0	0	0	0	0	0	0	0	0	0	0	0	0	0	0	0	0	0	6	0	2	0	0	12	0	0	0	2	0	0
60c640a22d91067b3933c1bcd8bbd246	0	0	0	0	0	0	0	0	0	0	0	0	0	0	0	0	0	0	6	0	0	0	0	2	0	0	0	4	0	0
4dd271304d4e5204405c2bbda8b346ad	0	0	0	0	0	0	0	0	0	0	0	0	0	0	0	0	0	0	6	0	0	0	0	0	0	0	3	0	0	1
1c33cdbcbbfa93b8fe5d57f660d41cc3	0	0	0	0	0	0	0	0	0	0	0	0	0	0	0	0	0	0	5	0	6	0	0	3	0	0	0	0	0	0
953889cfd33d22ab799edfa1a4c73402	0	0	0	0	0	0	0	0	0	0	0	0	0	0	0	0	0	0	5	0	4	0	0	0	0	0	2	4	0	0
fdf689d53a13b76cbb15adc28911c05c	0	0	0	0	0	0	0	0	0	0	0	0	0	0	0	0	0	0	5	0	3	0	0	0	0	0	2	0	0	0
04191706018e1f04722c162eea7e3cf2	0	0	0	0	0	0	0	0	0	0	0	0	0	0	0	0	0	0	5	0	5	0	0	0	0	0	0	0	0	0
3fd0b2cac443a13d8eeefa568cdbf901	0	0	0	0	0	0	0	0	0	0	0	0	0	0	0	0	0	0	5	0	0	0	0	0	0	0	3	1	0	1
64ae55ad3ba20cc4116215a1b0e5d93b	0	0	0	0	0	0	0	0	0	0	0	0	0	0	0	0	0	0	5	0	6	0	0	0	0	0	0	0	0	6
5e953dde1426535cf42e08c5c299b705	0	0	0	0	0	0	0	0	0	0	0	0	0	0	0	0	0	0	5	0	1	0	0	1	0	0	0	0	0	4
b4c2f03eeaf5c37e3131e101fe47a6a2	0	0	0	0	0	0	0	0	0	0	0	0	0	0	0	0	0	0	5	0	1	0	0	1	0	0	0	1	0	2
78dce9168209e56f8dc3b1a357031d0f	0	0	0	0	0	0	0	0	0	0	0	0	0	0	0	0	0	0	5	0	6	0	0	0	0	0	0	0	0	0
008b138f9fb6694b3b18471e5ac78e73	0	0	0	0	0	0	0	0	0	0	0	0	0	0	0	0	0	0	5	0	1	0	0	0	0	0	0	2	1	7
fd52f54893edcd8fcaef350142957bd8	0	0	0	0	0	0	0	0	0	0	0	0	0	0	0	0	0	0	5	0	22	0	0	0	0	0	0	0	0	0
de2303fbcc22fbd154b820ea640b664a	0	0	0	0	0	0	0	0	0	0	0	0	0	0	0	0	0	0	5	0	4	0	0	0	0	0	1	0	0	0
479c1bbe6363ce0791fe4bd5f8bfa5c3	0	0	0	0	0	0	0	0	0	0	0	0	0	0	0	0	0	0	5	0	2	0	0	3	0	0	0	0	0	0
d9b873b57dbae7ca7e8fb6096701e9c7	0	0	0	0	0	0	0	0	0	0	0	0	0	0	0	0	0	0	5	0	1	0	0	1	0	0	0	4	0	0
de14a34b6b9424a0bd934b7179632409	0	0	0	0	0	0	0	0	0	0	0	0	0	0	0	0	0	0	5	0	6	0	0	0	0	0	0	1	0	0
24b88bb2e0f9d5453c288cc37c1b3a01	0	0	0	0	0	0	0	0	0	0	0	0	0	0	0	0	0	0	5	0	0	0	0	0	0	0	3	1	0	2
09cbe0bac7376ed9d2052c4d6d5f1b25	0	0	0	0	0	0	0	0	0	0	0	0	0	0	0	0	0	0	5	0	11	0	0	0	0	0	13	0	0	8
b6eaf203da3eb2277b1e3c1c697fc1ae	0	0	0	0	0	0	0	0	0	0	0	0	0	0	0	0	0	0	5	0	7	0	0	8	0	0	1	6	1	1
1bf6098338d4ff8f2daa1693f9dbe243	0	0	0	0	0	0	0	0	0	0	0	0	0	0	0	0	0	0	5	0	2	0	0	3	0	0	0	1	0	0
f98e49f67eb6a7206088b205466b03bf	0	0	0	0	0	0	0	0	0	0	0	0	0	0	0	0	0	0	5	0	0	0	0	0	0	0	4	0	0	3
72b054a76a7c9d8c3c1a4acc4806fda3	0	0	0	0	0	0	0	0	0	0	0	0	0	0	0	0	0	0	5	0	19	0	0	0	0	0	1	0	0	8
8ca5fd231e35f15c99f2caa3e1a9b126	0	0	0	0	0	0	0	0	0	0	0	0	0	0	0	0	0	0	5	0	3	0	0	25	0	0	6	4	0	3
ace531aa160fdb0beffe73c14f25f260	0	0	0	0	0	0	0	0	0	0	0	0	0	0	0	0	0	0	5	0	1	0	0	0	0	0	2	0	0	2
b447f428ec6007338e59d76405779103	0	0	0	0	0	0	0	0	0	0	0	0	0	0	0	0	0	0	5	0	0	0	0	15	0	0	35	6	0	29
2b3c9dc013c7b1f2f8264d85ec1eacff	0	0	0	0	0	0	0	0	0	0	0	0	0	0	0	0	0	0	5	0	14	0	0	0	0	0	4	0	0	4
09044a330f5de8a7ee19086b204cf3ee	0	0	0	0	0	0	0	0	0	0	0	0	0	0	0	0	0	0	5	0	5	0	0	4	0	0	1	15	0	1
4137cdca9ce3b02290c756e5a2ab362a	0	0	0	0	0	0	0	0	0	0	0	0	0	0	0	0	0	0	5	0	2	0	0	4	0	0	0	1	0	0
cb5f63e4e48dfa86a7c6ca0ff020221f	0	0	0	0	0	0	0	0	0	0	0	0	0	0	0	0	0	0	5	0	6	0	0	0	0	0	0	1	0	0
efc1da2133c943ddd58b8a2dadd9f3a7	0	0	0	0	0	0	0	0	0	0	0	0	0	0	0	0	0	0	5	0	25	0	0	2	0	0	5	6	0	13
d44e61080cb7989029dc1a54fbf12790	0	0	0	0	0	0	0	0	0	0	0	0	0	0	0	0	0	0	5	0	11	0	0	0	0	0	0	14	0	2
2cb084ae571329f917a803ad68727e84	0	0	0	0	0	0	0	0	0	0	0	0	0	0	0	0	0	0	5	0	41	0	0	0	0	0	2	0	0	1
101cdb2757089c5b1e66efb0b956e827	0	0	0	0	0	0	0	0	0	0	0	0	0	0	0	0	0	0	5	0	11	0	0	2	0	0	0	1	0	0
5740b80e1c3ad231d03932acbf4c0c69	0	0	0	0	0	0	0	0	0	0	0	0	0	0	0	0	0	0	5	0	4	0	0	2	0	0	4	1	0	1
0794313f1d30c0afff99ab02f3fcc5e1	0	0	0	0	0	0	0	0	0	0	0	0	0	0	0	0	0	0	5	0	3	0	0	2	0	0	0	0	0	1
e776f6a655cca53c343bc1260905b5cb	0	0	0	0	0	0	0	0	0	0	0	0	0	0	0	0	0	0	5	0	1	0	0	2	0	0	1	1	0	1
162d2ea08995057bcf49f03d4931394b	0	0	0	0	0	0	0	0	0	0	0	0	0	0	0	0	0	0	5	0	23	0	0	0	0	0	2	2	0	2
4387339c5d32b18a04d060866ea0cb70	0	0	0	0	0	0	0	0	0	0	0	0	0	0	0	0	0	0	5	0	0	0	0	11	0	0	2	2	0	0
244adc9581fd0aa331df7c88ae5a9d13	0	0	0	0	0	0	0	0	0	0	0	0	0	0	0	0	0	0	5	0	12	0	0	0	0	0	1	0	0	2
c77fb6f4c4b1420e58925f989fea5f09	0	0	0	0	0	0	0	0	0	0	0	0	0	0	0	0	0	0	4	0	2	0	0	3	0	0	0	1	0	0
8a61599c93cdce49958e44fb61932312	0	0	0	0	0	0	0	0	0	0	0	0	0	0	0	0	0	0	4	0	21	0	0	0	0	0	2	0	0	5
1f368e278df0ae4c776835d75546678a	0	0	0	0	0	0	0	0	0	0	0	0	0	0	0	0	0	0	4	0	0	0	0	0	0	0	5	0	0	1
706eb0c273e6086e9aff695cc8760ec6	0	0	0	0	0	0	0	0	0	0	0	0	0	0	0	0	0	0	4	0	11	0	0	2	0	0	6	0	5	5
dde4e956142b9bde9dcf0967387b181c	0	0	0	0	0	0	0	0	0	0	0	0	0	0	0	0	0	0	4	0	5	0	0	0	0	0	6	0	0	5
81d0e9fa4e97498ca7be5e6d689fc169	0	0	0	0	0	0	0	0	0	0	0	0	0	0	0	0	0	0	4	0	0	0	0	0	0	0	1	0	1	4
b511557d6a880071967e42e1073895b6	0	0	0	0	0	0	0	0	0	0	0	0	0	0	0	0	0	0	4	0	0	0	0	11	0	0	0	5	0	0
8088d8e78ad98dd726c73e7bfcd10fbc	0	0	0	0	0	0	0	0	0	0	0	0	0	0	0	0	0	0	4	0	13	0	0	0	0	0	0	0	0	0
1018e2e621790af2c3add6f2aa7c179b	0	0	0	0	0	0	0	0	0	0	0	0	0	0	0	0	0	0	4	0	7	0	0	1	0	0	0	0	0	0
f2da8a56b9306ebfae387171e48c296f	0	0	0	0	0	0	0	0	0	0	0	0	0	0	0	0	0	0	4	0	2	0	0	0	0	0	0	0	8	1
ed9baab6422a2457d6266c5a87e1288a	0	0	0	0	0	0	0	0	0	0	0	0	0	0	0	0	0	0	4	0	2	0	0	8	0	0	4	0	0	3
2d91678a9f4fd489ac330267c2e1850a	0	0	0	0	0	0	0	0	0	0	0	0	0	0	0	0	0	0	4	0	5	0	0	0	0	0	1	0	0	0
610fbdf01dc35e33bd4c0673e3fd8538	0	0	0	0	0	0	0	0	0	0	0	0	0	0	0	0	0	0	4	0	7	0	0	0	0	0	0	0	0	0
4edbbcf6ea5ce903ed99aa578742621d	0	0	0	0	0	0	0	0	0	0	0	0	0	0	0	0	0	0	4	0	6	0	0	0	0	0	0	0	0	0
429ae7396cc58d0155c2db9fc728e13f	0	0	0	0	0	0	0	0	0	0	0	0	0	0	0	0	0	0	4	0	10	0	0	5	0	0	2	8	0	1
42ca51b0c5ac79c49fabb6b2cb73e7ae	0	0	0	0	0	0	0	0	0	0	0	0	0	0	0	0	0	0	4	0	5	0	0	2	0	0	2	0	0	2
a2df32d3ad2ab73452f47f833ee9850b	0	0	0	0	0	0	0	0	0	0	0	0	0	0	0	0	0	0	4	0	0	0	0	1	0	0	3	1	1	2
31bcd15cf1d433a9c8d920867cd8467d	0	0	0	0	0	0	0	0	0	0	0	0	0	0	0	0	0	0	4	0	93	0	0	0	0	0	0	0	0	0
75f2c819836b69d3ea025bf1c574e3a1	0	0	0	0	0	0	0	0	0	0	0	0	0	0	0	0	0	0	4	0	2	0	0	1	0	0	0	2	0	1
af14ba4b8efb651abfa7e43acca62191	0	0	0	0	0	0	0	0	0	0	0	0	0	0	0	0	0	0	4	0	1	0	0	2	0	0	26	0	0	4
5270d22f08fb2e2c426f94d6dd89dfbf	0	0	0	0	0	0	0	0	0	0	0	0	0	0	0	0	0	0	4	0	1	0	0	5	0	0	2	4	0	0
a850a1ac7b7e8705917d63844ecf2b96	0	0	0	0	0	0	0	0	0	0	0	0	0	0	0	0	0	0	4	0	10	0	0	0	0	0	0	0	0	0
11e26195d94ab482c8c3e8375c513dbb	0	0	0	0	0	0	0	0	0	0	0	0	0	0	0	0	0	0	4	0	2	0	0	4	0	0	2	0	2	0
bd6b3f9a3515d566d6bd08980c7019f6	0	0	0	0	0	0	0	0	0	0	0	0	0	0	0	0	0	0	4	0	0	0	0	0	0	0	1	0	0	5
68d344dfde62e251df9a4744b51d4d39	0	0	0	0	0	0	0	0	0	0	0	0	0	0	0	0	0	0	4	0	8	0	0	10	0	0	0	12	0	0
02648d6aef521276d7a4c9cfed8e793f	0	0	0	0	0	0	0	0	0	0	0	0	0	0	0	0	0	0	4	0	3	0	0	4	0	0	2	10	0	0
1fe339ac9e71d6f22f4096af7585130c	0	0	0	0	0	0	0	0	0	0	0	0	0	0	0	0	0	0	4	0	7	0	0	0	0	0	3	0	6	6
fbb3339a26f2cdea625e0a286268ee32	0	0	0	0	0	0	0	0	0	0	0	0	0	0	0	0	0	0	4	0	1	0	0	2	0	0	0	2	0	1
66953536b1b398b5e03a11923a73bd9a	0	0	0	0	0	0	0	0	0	0	0	0	0	0	0	0	0	0	4	0	2	0	0	0	0	0	3	0	0	2
b408896bf366328517e518053d4a6dc1	0	0	0	0	0	0	0	0	0	0	0	0	0	0	0	0	0	0	4	0	19	0	0	0	0	0	1	0	0	1
8805a6e38d62bfb00a1c1a76ae026553	0	0	0	0	0	0	0	0	0	0	0	0	0	0	0	0	0	0	4	0	3	0	0	1	0	0	1	0	0	2
fa7c6bc4c82d33e099bcc76421533031	0	0	0	0	0	0	0	0	0	0	0	0	0	0	0	0	0	0	4	0	0	0	0	1	0	0	3	0	0	2
dee0927df21dfa25c662c58673202046	0	0	0	0	0	0	0	0	0	0	0	0	0	0	0	0	0	0	4	0	6	0	0	0	0	0	5	0	0	4
307e7a5178afd503b7ea0876e67bc016	0	0	0	0	0	0	0	0	0	0	0	0	0	0	0	0	0	0	4	0	5	0	0	0	0	0	0	0	0	2
bec0419ffdfecbc65ce05180ace552fd	0	0	0	0	0	0	0	0	0	0	0	0	0	0	0	0	0	0	4	0	9	0	0	34	0	0	27	4	0	5
0f80f91ffde5d276b62742b41e675d57	0	0	0	0	0	0	0	0	0	0	0	0	0	0	0	0	0	0	4	0	2	0	0	4	0	0	0	0	0	0
4f70e58d2eec3dcd1b576857b07efaa2	0	0	0	0	0	0	0	0	0	0	0	0	0	0	0	0	0	0	4	0	1	0	0	1	0	0	1	6	0	6
79207329739ef5d6e61ff78be80f4dd7	0	0	0	0	0	0	0	0	0	0	0	0	0	0	0	0	0	0	4	0	1	0	0	3	0	0	3	8	0	3
045dca2663867232685966bf8b9c1dc4	0	0	0	0	0	0	0	0	0	0	0	0	0	0	0	0	0	0	4	0	11	0	0	5	0	0	2	0	0	0
854da73f8ba2fc95e8a7de566b6297d6	0	0	0	0	0	0	0	0	0	0	0	0	0	0	0	0	0	0	4	0	4	0	0	0	0	0	0	1	0	2
00ccdcfefc8d958f47738baeddfd3c43	0	0	0	0	0	0	0	0	0	0	0	0	0	0	0	0	0	0	4	0	0	0	0	6	1	0	0	5	0	0
7be42d2b53ffd257aba140d48199a256	0	0	0	0	0	0	0	0	0	0	0	0	0	0	0	0	0	0	4	0	10	0	0	1	0	0	0	0	0	0
777ed1559991c8a7417c8e56d611cbc5	0	0	0	0	0	0	0	0	0	0	0	0	0	0	0	0	0	0	4	0	11	0	0	3	0	0	3	6	0	0
5fb8af4dcfd3e6ab32a83ef2f8245bdc	0	0	0	0	0	0	0	0	0	0	0	0	0	0	0	0	0	0	4	0	0	0	0	0	0	0	7	0	0	3
1ad4dc44fa1bd4db000cc02c8346f08b	0	0	0	0	0	0	0	0	0	0	0	0	0	0	0	0	0	0	4	0	11	0	0	1	0	0	1	5	0	2
4e54a81478b4099b390652365e955f4c	0	0	0	0	0	0	0	0	0	0	0	0	0	0	0	0	0	0	4	0	6	0	0	1	0	0	0	0	0	0
2fba74bb6599ec25589a058525ec9852	0	0	0	0	0	0	0	0	0	0	0	0	0	0	0	0	0	0	4	0	4	0	0	0	0	0	0	2	0	0
92f8ef8125427b154ec4d91bd8ec1f3a	0	0	0	0	0	0	0	0	0	0	0	0	0	0	0	0	0	0	4	0	1	0	0	0	0	0	0	0	5	4
c5c1240fc73aebd989fef14be939ac79	0	0	0	0	0	0	0	0	0	0	0	0	0	0	0	0	0	0	3	0	0	0	0	0	0	0	5	0	0	2
e97f004d46ebdc113b67cd730d5769d6	0	0	0	0	0	0	0	0	0	0	0	0	0	0	0	0	0	0	3	0	24	0	0	0	0	0	22	0	49	18
5cbe3a1f676553005bb51b7f67c9664f	0	0	0	0	0	0	0	0	0	0	0	0	0	0	0	0	0	0	3	0	5	0	0	4	0	0	0	3	1	0
517909e46644ccac198e25ec4e68b5f3	0	0	0	0	0	0	0	0	0	0	0	0	0	0	0	0	0	0	3	0	5	0	0	2	0	0	1	3	0	2
d9fc838d8dbc85b00ee13e9d8442fa80	0	0	0	0	0	0	0	0	0	0	0	0	0	0	0	0	0	0	3	0	3	0	0	0	0	0	5	0	30	2
f577163c0061ae54fc7655651a3a4e58	0	0	0	0	0	0	0	0	0	0	0	0	0	0	0	0	0	0	3	0	5	0	0	1	0	0	1	2	0	0
51ae185fb73191f29646323d617b6244	0	0	0	0	0	0	0	0	0	0	0	0	0	0	0	0	0	0	3	0	1	0	0	4	0	0	0	3	0	0
cdd47dcf572934dc0629612f0002e833	0	0	0	0	0	0	0	0	0	0	0	0	0	0	0	0	0	0	3	0	4	0	0	0	0	0	2	0	3	3
03c45d1299b2b1a5ecac390431c423c5	0	0	0	0	0	0	0	0	0	0	0	0	0	0	0	0	0	0	3	0	4	0	0	0	0	0	2	1	0	2
3a0b8c4e0d956f8db3222ab0535c40d1	0	0	0	0	0	0	0	0	0	0	0	0	0	0	0	0	0	0	3	0	9	0	0	0	0	0	0	0	0	0
bed2285514f9093c701ca698363d6dc4	0	0	0	0	0	0	0	0	0	0	0	0	0	0	0	0	0	0	3	0	0	0	0	0	0	0	3	1	0	3
3a981fec280adff75fcc129715d9eb79	0	0	0	0	0	0	0	0	0	0	0	0	0	0	0	0	0	0	3	0	5	0	0	0	0	0	1	1	1	0
7daf92b31c2e6812d1b0304248437b40	0	0	0	0	0	0	0	0	0	0	0	0	0	0	0	0	0	0	3	0	4	0	0	16	0	0	0	9	0	0
dd33177737a6cb5e0971308e75434e8a	0	0	0	0	0	0	0	0	0	0	0	0	0	0	0	0	0	0	3	0	2	0	0	4	0	0	0	1	0	0
a0276be505c2454b9df2ee6c449f2f10	0	0	0	0	0	0	0	0	0	0	0	0	0	0	0	0	0	0	3	0	6	0	0	0	0	0	1	0	0	0
b6a2c5fb9af51ff79473e45a37974c3a	0	0	0	0	0	0	0	0	0	0	0	0	0	0	0	0	0	0	3	0	7	0	0	5	0	0	1	1	0	0
d2ddfd12710812916034e7d6337b086d	0	0	0	0	0	0	0	0	0	0	0	0	0	0	0	0	0	0	3	0	13	0	0	0	0	0	0	5	7	0
c3a3d88cd6bde3f73aeb94ea508b0404	0	0	0	0	0	0	0	0	0	0	0	0	0	0	0	0	0	0	3	0	5	0	0	2	0	0	9	0	0	8
aab8bb492d58091d954af9e1b0913998	0	0	0	0	0	0	0	0	0	0	0	0	0	0	0	0	0	0	3	0	0	0	0	0	0	0	6	0	0	1
f5fb0a8cc3cb9c6ca27a237369fc7651	0	0	0	0	0	0	0	0	0	0	0	0	0	0	0	0	0	0	3	0	8	0	0	9	0	0	2	18	0	2
f75e021af72d6ffa22ab7922b4235d85	0	0	0	0	0	0	0	0	0	0	0	0	0	0	0	0	0	0	3	0	2	0	0	2	0	0	2	1	0	0
a18898de4406531f69ea548943bc41b8	0	0	0	0	0	0	0	0	0	0	0	0	0	0	0	0	0	0	3	0	2	0	0	7	0	0	0	1	0	0
d481ff3779cdd299a7b94a769a07246f	0	0	0	0	0	0	0	0	0	0	0	0	0	0	0	0	0	0	3	0	1	0	0	0	0	0	2	5	1	1
eec4581b4dc94101c21fc03a3ae1186e	0	0	0	0	0	0	0	0	0	0	0	0	0	0	0	0	0	0	3	0	3	0	0	1	0	0	2	0	0	2
87594aefc975c50bcf8ea616a790fbfc	0	0	0	0	0	0	0	0	0	0	0	0	0	0	0	0	0	0	3	0	3	0	0	3	0	0	0	1	0	0
05b28047ead6da4e9b194689b1dcff54	0	0	0	0	0	0	0	0	0	0	0	0	0	0	0	0	0	0	3	0	1	0	0	1	0	0	4	3	0	0
89a048a548ca7c89e3e69f013392d897	0	0	0	0	0	0	0	0	0	0	0	0	0	0	0	0	0	0	3	0	2	0	0	0	0	0	14	0	0	52
7e1aa53a3046cf49c5aa5d3708dbe70a	0	0	0	0	0	0	0	0	0	0	0	0	0	0	0	0	0	0	3	0	5	0	0	0	0	0	3	0	0	0
019a04bc807e0f619ae8ac13850a47e4	0	0	0	0	0	0	0	0	0	0	0	0	0	0	0	0	0	0	3	0	0	0	0	5	0	0	0	3	0	0
20ab41ded9bc997b9562c988be85e0d6	0	0	0	0	0	0	0	0	0	0	0	0	0	0	0	0	0	0	3	0	6	0	0	2	0	0	0	0	0	0
868e9c3cba4340ec1e49ffab9ff3697b	0	0	0	0	0	0	0	0	0	0	0	0	0	0	0	0	0	0	3	0	0	0	0	0	0	0	7	1	0	1
bb3d53934adda7ce3f353b0725506fbd	0	0	0	0	0	0	0	0	0	0	0	0	0	0	0	0	0	0	3	0	4	0	0	2	0	0	0	1	0	2
22662e861f2bfe0a5c92a2ea2261dbf8	0	0	0	0	0	0	0	0	0	0	0	0	0	0	0	0	0	0	3	0	10	0	0	6	0	0	1	0	0	0
c7a1fe660544c97f2f1d43d533a58a11	0	0	0	0	0	0	0	0	0	0	0	0	0	0	0	0	0	0	3	0	0	0	0	0	0	0	0	0	7	0
711a9d206bd98ff96bccc4d076af19a7	0	0	0	0	0	0	0	0	0	0	0	0	0	0	0	0	0	0	3	0	6	0	0	4	0	0	47	2	0	7
90de132c3a42fa041acc37d21cd2a79e	0	0	0	0	0	0	0	0	0	0	0	0	0	0	0	0	0	0	3	0	0	0	0	2	0	0	3	2	0	0
a113c74be7dd09a7d5d030859c77221c	0	0	0	0	0	0	0	0	0	0	0	0	0	0	0	0	0	0	3	0	5	0	0	7	0	0	6	0	0	1
575e22a9152a618c298e6e7037b20d2a	0	0	0	0	0	0	0	0	0	0	0	0	0	0	0	0	0	0	3	0	0	0	0	0	0	0	8	0	2	0
791c091f15d1bfdeeb30d4da02202aa3	0	0	0	0	0	0	0	0	0	0	0	0	0	0	0	0	0	0	3	0	0	0	0	25	0	0	6	16	0	5
0777ca475656fc65124cc17bcda2e9b2	0	0	0	0	0	0	0	0	0	0	0	0	0	0	0	0	0	0	3	0	10	0	0	0	0	0	0	0	0	1
1c55d1ae8f975a75d0db5837f6b8be05	0	0	0	0	0	0	0	0	0	0	0	0	0	0	0	0	0	0	3	0	2	0	0	6	0	0	5	0	0	5
160a0e797289821bcceec83b68cb2e8a	0	0	0	0	0	0	0	0	0	0	0	0	0	0	0	0	0	0	3	0	13	0	0	0	0	0	1	0	0	2
6f984cee6101206f79b6098651d80374	0	0	0	0	0	0	0	0	0	0	0	0	0	0	0	0	0	0	3	0	4	0	0	0	0	0	1	2	0	0
5cc734f3ba4b62c82f23c388e358bd34	0	0	0	0	0	0	0	0	0	0	0	0	0	0	0	0	0	0	3	0	0	0	0	0	0	0	13	0	13	9
7f5e8e3306ce1a0a1d025dbf5961521c	0	0	0	0	0	0	0	0	0	0	0	0	0	0	0	0	0	0	3	0	17	0	0	0	0	0	0	0	0	2
10170bdf575916b84a8da4751ba75b01	0	0	0	0	0	0	0	0	0	0	0	0	0	0	0	0	0	0	3	0	1	0	0	2	0	12	0	0	0	0
fc3800a1c64e5c9c4d00e2ce49ac247c	0	0	0	0	0	0	0	0	0	0	0	0	0	0	0	0	0	0	3	0	1	0	0	0	0	0	3	0	0	6
9c04517813e49485cde08f4582cf0360	0	0	0	0	0	0	0	0	0	0	0	0	0	0	0	0	0	0	3	0	0	0	0	0	0	0	4	0	7	3
01625d661e307861ebaa7c4d8f8196a3	0	0	0	0	0	0	0	0	0	0	0	0	0	0	0	0	0	0	3	0	9	0	0	0	0	0	0	0	0	0
6837cb6bc26cce9e1efcc079c56a8f96	0	0	0	0	0	0	0	0	0	0	0	0	0	0	0	0	0	0	3	0	6	0	0	1	0	0	0	0	0	1
b23d76a7666874781562183ba0222351	0	0	0	0	0	0	0	0	0	0	0	0	0	0	0	0	0	0	3	0	51	0	0	0	0	0	0	0	0	1
c7e7e30ab7568f0c32a1de462dfa06bc	0	0	0	0	0	0	0	0	0	0	0	0	0	0	0	0	0	0	3	0	5	0	0	0	0	0	12	0	0	27
66d9ea519c1f60597723127f43b9e773	0	0	0	0	0	0	0	0	0	0	0	0	0	0	0	0	0	0	3	0	0	0	0	18	0	0	31	15	0	20
3dcdd854378ccc72601599ef3819e2fc	0	0	0	0	0	0	0	0	0	0	0	0	0	0	0	0	0	0	3	0	0	0	0	0	0	0	16	2	1	15
521f217d246bc986c580e50d23a85317	0	0	0	0	0	0	0	0	0	0	0	0	0	0	0	0	0	0	3	0	4	0	0	0	0	0	2	0	4	0
d36bf4e7b2dc3f43f1e1819f05aad575	0	0	0	0	0	0	0	0	0	0	0	0	0	0	0	0	0	0	2	0	3	0	0	6	0	0	23	0	0	10
fe1bc5538ae33ab8d50cb1236a7d1662	0	0	0	0	0	0	0	0	0	0	0	0	0	0	0	0	0	0	2	0	9	0	0	0	0	0	0	0	0	0
198671a1c166a4b32d89d9d2e296989b	0	0	0	0	0	0	0	0	0	0	0	0	0	0	0	0	0	0	2	0	2	0	0	5	0	0	1	10	1	1
e3f884a0e55caeee04a7776c3ed4a57f	0	0	0	0	0	0	0	0	0	0	0	0	0	0	0	0	0	0	2	0	11	0	0	0	0	0	0	0	0	0
b3d1ee11307656e09934695d14cd386d	0	0	0	0	0	0	0	0	0	0	0	0	0	0	0	0	0	0	2	0	100	0	0	0	0	0	0	0	0	4
264fd1e6356411f6b0ce69130e9e3577	0	0	0	0	0	0	0	0	0	0	0	0	0	0	0	0	0	0	2	0	0	0	0	0	0	0	10	0	0	8
9fbd9aebc344afcc4ef2b9d701e72e74	0	0	0	0	0	0	0	0	0	0	0	0	0	0	0	0	0	0	2	0	111	0	0	0	0	0	0	0	0	10
b001737fa8cdc0b92156895704cfd1c9	0	0	0	0	0	0	0	0	0	0	0	0	0	0	0	0	0	0	2	0	0	0	0	0	0	0	9	0	3	12
3b8d91fbc2f50ded8179b8769d773d96	0	0	0	0	0	0	0	0	0	0	0	0	0	0	0	0	0	0	2	0	0	0	0	0	0	0	6	0	0	3
86794f27131dc5628f27d4e2282973e3	0	0	0	0	0	0	0	0	0	0	0	0	0	0	0	0	0	0	2	0	0	0	0	1	0	0	16	0	2	10
cb0e47a31ef255f82748c85ebb1e67f1	0	0	0	0	0	0	0	0	0	0	0	0	0	0	0	0	0	0	2	0	2	0	0	16	0	0	6	3	4	8
83aaa4b13d8f79c8e865b541444473d3	0	0	0	0	0	0	0	0	0	0	0	0	0	0	0	0	0	0	2	0	0	0	0	12	0	0	0	3	0	0
4b7ebcb9668d3af7da39950417313e2d	0	0	0	0	0	0	0	0	0	0	0	0	0	0	0	0	0	0	2	0	0	0	0	0	0	43	0	0	0	0
713d06ea6f9a61431f59c897f73ee8e2	0	0	0	0	0	0	0	0	0	0	0	0	0	0	0	0	0	0	2	0	12	0	0	0	0	0	0	0	0	1
b4a5b38897fe89ef118e54cad83cdbaa	0	0	0	0	0	0	0	0	0	0	0	0	0	0	0	0	0	0	2	0	8	0	0	2	0	0	0	2	0	2
fe507e16fe04a141138077b7d9acf065	0	0	0	0	0	0	0	0	0	0	0	0	0	0	0	0	0	0	2	0	5	0	0	1	0	0	1	6	0	1
4a40f3f02278df94cd96803a1eef18c9	0	0	0	0	0	0	0	0	0	0	0	0	0	0	0	0	0	0	2	0	8	0	0	0	0	0	0	0	0	0
d168e86a811dcd9fc948689412c7844f	0	0	0	0	0	0	0	0	0	0	0	0	0	0	0	0	0	0	2	0	0	0	0	5	0	0	0	8	0	1
cb24bd629b7e1a81cae201ff3ff96530	0	0	0	0	0	0	0	0	0	0	0	0	0	0	0	0	0	0	2	0	2	0	0	1	0	0	2	1	0	14
1ed815e8e98d38cfea066cbda3141a73	0	0	0	0	0	0	0	0	0	0	0	0	0	0	0	0	0	0	2	0	0	0	0	1	0	0	4	0	0	4
a2877164ee4220936fbb84985db49f68	0	0	0	0	0	0	0	0	0	0	0	0	0	0	0	0	0	0	2	0	0	0	0	3	0	0	3	1	0	3
55b76e2b8bbd0f0e2663984cef722ee2	0	0	0	0	0	0	0	0	0	0	0	0	0	0	0	0	0	0	2	0	46	0	0	0	0	0	0	0	0	0
1e75e93566dd7da59ed2fdfd42395257	0	0	0	0	0	0	0	0	0	0	0	0	0	0	0	0	0	0	2	0	9	0	0	0	0	0	0	0	0	0
68aea0afc7606a0666ed27ade08bad30	0	0	0	0	0	0	0	0	0	0	0	0	0	0	0	0	0	0	2	0	5	0	0	0	0	0	3	0	0	0
33256bc031761d5f3222364521828e18	0	0	0	0	0	0	0	0	0	0	0	0	0	0	0	0	0	0	2	0	1	0	0	0	0	0	0	1	11	2
41949bf821657a3f9dae2119ca3880d2	0	0	0	0	0	0	0	0	0	0	0	0	0	0	0	0	0	0	2	0	0	0	0	0	0	0	2	7	0	1
de208d7381c525b24c880545545aac5a	0	0	0	0	0	0	0	0	0	0	0	0	0	0	0	0	0	0	2	0	0	0	0	2	0	0	3	0	0	5
9b962a05c3b929e43f7005f58facf021	0	0	0	0	0	0	0	0	0	0	0	0	0	0	0	0	0	0	2	0	7	0	0	0	0	0	1	0	0	0
787af908b1a4ecae028149754248c562	0	0	0	0	0	0	0	0	0	0	0	0	0	0	0	0	0	0	2	0	4	0	0	10	0	0	18	2	2	2
82379bf2907925977342700d88efff6a	0	0	0	0	0	0	0	0	0	0	0	0	0	0	0	0	0	0	2	0	1	0	0	5	0	0	3	6	0	0
40f9d872e10a23bf67b08a80d2c0ef9f	0	0	0	0	0	0	0	0	0	0	0	0	0	0	0	0	0	0	2	0	0	0	0	0	0	0	12	1	0	0
f3f0172f31f0618c268ee638f6cca845	0	0	0	0	0	0	0	0	0	0	0	0	0	0	0	0	0	0	2	0	2	0	0	7	0	0	0	1	0	0
5b3adf0b2e41cc7c81b16bb25269b725	0	0	0	0	0	0	0	0	0	0	0	0	0	0	0	0	0	0	2	0	0	0	0	9	0	0	4	6	0	1
af0dfdb78ba7b7c7800cfd1d6608e5c4	0	0	0	0	0	0	0	0	0	0	0	0	0	0	0	0	0	0	2	0	11	0	0	0	0	0	0	0	0	0
f7042fecd929a16b66d701e267ce692c	0	0	0	0	0	0	0	0	0	0	0	0	0	0	0	0	0	0	2	0	8	0	0	1	0	0	2	2	0	20
eda489b439b70b59bbc59f9701528630	0	0	0	0	0	0	0	0	0	0	0	0	0	0	0	0	0	0	2	0	4	0	0	0	0	0	2	0	0	2
d185991b50b5b9f536ee0fff2737db15	0	0	0	0	0	0	0	0	0	0	0	0	0	0	0	0	0	0	2	0	8	0	0	0	0	0	0	0	18	5
b452c5061c150f4aa7f904302389719c	0	0	0	0	0	0	0	0	0	0	0	0	0	0	0	0	0	0	2	0	19	0	0	0	0	0	0	0	0	0
29a5b47db41403ae6cf21df0356a19b3	0	0	0	0	0	0	0	0	0	0	0	0	0	0	0	0	0	0	2	0	1	0	0	5	0	0	0	0	0	2
bbfd440cc323597f457ae6e64ca10173	0	0	0	0	0	0	0	0	0	0	0	0	0	0	0	0	0	0	2	0	0	0	5	0	0	0	4	5	0	0
fe3b5341f8eb9ff592e1b62f4747803f	0	0	0	0	0	0	0	0	0	0	0	0	0	0	0	0	0	0	2	0	1	0	0	0	0	0	4	1	0	9
5cb6e1e151122559f4bb2253b92ae9de	0	0	0	0	0	0	0	0	0	0	0	0	0	0	0	0	0	0	2	0	7	0	0	0	0	0	5	0	1	5
00212a1c9df1652a812e32b854ea19a6	0	0	0	0	0	0	0	0	0	0	0	0	0	0	0	0	0	0	2	0	8	0	0	1	0	0	0	0	0	0
1893cb99ccafcb942cc790775889eb0e	0	0	0	0	0	0	0	0	0	0	0	0	0	0	0	0	0	0	2	0	12	0	0	0	0	0	0	0	0	0
212c7aff81b7d7a441a6314a1df16838	0	0	0	0	0	0	0	0	0	0	0	0	0	0	0	0	0	0	2	0	12	0	0	0	0	0	5	0	0	7
a2399937b50c5b0c9fbb87a450043744	0	0	0	0	0	0	0	0	0	0	0	0	0	0	0	0	0	0	2	0	0	0	0	0	0	0	3	0	0	5
6abc5eaf3f45d72759927d73946855f8	0	0	0	0	0	0	0	0	0	0	0	0	0	0	0	0	0	0	2	0	6	0	0	0	0	0	6	0	0	0
3e35ab064585f7c3828c74c44e6845c6	0	0	0	0	0	0	0	0	0	0	0	0	0	0	0	0	0	0	2	0	0	0	0	0	0	0	6	0	0	2
03200b4b07d1514a4dcbaa5daa0b3f4f	0	0	0	0	0	0	0	0	0	0	0	0	0	0	0	0	0	0	2	0	9	0	0	0	0	0	0	0	0	1
80dbe56b5e926a941d889e75f6c46ca5	0	0	0	0	0	0	0	0	0	0	0	0	0	0	0	0	0	0	2	0	6	0	0	2	0	0	1	0	0	0
63db48e3362a3ce0f2f2fc934568b982	0	0	0	0	0	0	0	0	0	0	0	0	0	0	0	0	0	0	2	0	3	0	0	0	0	0	0	0	3	3
35822886f4c21ecb19fca708b367ef3c	0	0	0	0	0	0	0	0	0	0	0	0	0	0	0	0	0	0	2	0	18	0	0	0	0	0	0	0	0	0
d92967c519d4fc49f3894aaec85ee7a4	0	0	0	0	0	0	0	0	0	0	0	0	0	0	0	0	0	0	2	0	11	0	0	0	0	0	5	0	0	5
2f9a2cf91dc7a41837bad475a051ff5c	0	0	0	0	0	0	0	0	0	0	0	0	0	0	0	0	0	0	2	0	0	0	0	6	0	0	0	1	0	1
377db2515a466549d6511c07caf287cc	0	0	0	0	0	0	0	0	0	0	0	0	0	0	0	0	0	0	2	0	0	0	0	6	0	0	2	3	0	3
b80f88c84688595c22b6591a6e07dd60	0	0	0	0	0	0	0	0	0	0	0	0	0	0	0	0	0	0	2	0	0	0	0	5	0	0	15	0	0	4
873c52ba56c1e1db1e46277e6309c274	0	0	0	0	0	0	0	0	0	0	0	0	0	0	0	0	0	0	2	0	8	0	0	0	0	0	0	0	0	0
d9b21224838681bc686975586c96d162	0	0	0	0	0	0	0	0	0	0	0	0	0	0	0	0	0	0	2	0	0	0	0	0	23	0	0	0	0	0
771c1611c9d3ff9685e501017766f787	0	0	0	0	0	0	0	0	0	0	0	0	0	0	0	0	0	0	2	0	0	0	0	6	0	0	0	5	0	0
f3b4e23e32da9f4302c464e7ce9c00d0	0	0	0	0	0	0	0	0	0	0	0	0	0	0	0	0	0	0	2	0	1	0	0	2	0	0	5	1	0	6
502f0f9ee9d8678253d0a55c6dd00a0d	0	0	0	0	0	0	0	0	0	0	0	0	0	0	0	0	0	0	2	0	0	0	0	12	0	0	0	4	0	0
2a1c8f5c23237cf8ea6813c795266715	0	0	0	0	0	0	0	0	0	0	0	0	0	0	0	0	0	0	2	0	1	0	0	17	0	0	0	9	0	0
c818c014245b49d0838643c182460b66	0	0	0	0	0	0	0	0	0	0	0	0	0	0	0	0	0	0	2	0	6	0	0	4	0	0	4	0	0	0
2785f8c1bc852244541e0148d7b82449	0	0	0	0	0	0	0	0	0	0	0	0	0	0	0	0	0	0	2	0	0	0	0	1	0	0	7	0	0	9
52bd12876fa9d73c161ecbae5f3023e2	0	0	0	0	0	0	0	0	0	0	0	0	0	0	0	0	0	0	1	0	8	0	0	0	0	0	0	1	0	0
14272745adc3db025f87de13f0571618	0	0	0	0	0	0	0	0	0	0	0	0	0	0	0	0	0	0	1	0	0	0	0	4	0	0	5	1	2	1
fd5aceec276f98186da73bde95d7b7f6	0	0	0	0	0	0	0	0	0	0	0	0	0	0	0	0	0	0	1	1	1	0	0	0	0	0	5	0	2	5
7910dd9fa8d26b1968298a1dc9b9cef0	0	0	0	0	0	0	0	0	0	0	0	0	0	0	0	0	0	0	1	0	0	0	0	57	0	0	0	24	0	0
a47dd15456539a21a29e3c565c99fd1d	0	0	0	0	0	0	0	0	0	0	0	0	0	0	0	0	0	0	1	0	10	0	0	0	0	0	0	0	0	0
5863259c9aa15212ba6aac546bc68b85	0	0	0	0	0	0	0	0	0	0	0	0	0	0	0	0	0	0	1	0	4	0	0	2	0	0	4	11	5	8
898d3cfc51bb6b56749fa07186a71774	0	0	0	0	0	0	0	0	0	0	0	0	0	0	0	0	0	0	1	0	0	0	0	12	0	0	4	10	0	4
010199fcd0ebbd2dbaea5ba825b25690	0	0	0	0	0	0	0	0	0	0	0	0	0	0	0	0	0	0	1	0	0	0	0	5	0	0	2	0	0	3
2b48b1f4cbd33a5727a595b8bbf1211f	0	0	0	0	0	0	0	0	0	0	0	0	0	0	0	0	0	0	1	0	10	0	0	0	0	0	0	0	0	0
0a0914a029fbf73659dfd355076ccf8c	0	0	0	0	0	0	0	0	0	0	0	0	0	0	0	0	0	0	1	0	9	0	0	0	0	0	0	0	1	1
2bd96200b3e15f66d2f58e4dcfa8c191	0	0	0	0	0	0	0	0	0	0	0	0	0	0	0	0	0	0	1	0	0	0	0	1	0	0	0	5	0	5
46d2cc223b484f0a43d12b2401ae5f50	0	0	0	0	0	0	0	0	0	0	0	0	0	0	0	0	0	0	1	0	1	0	0	0	0	0	0	3	8	2
6d23c09da6b8ac2232a86dde1c953aa8	0	0	0	0	0	0	0	0	0	0	0	0	0	0	0	0	0	0	1	0	0	0	0	3	0	0	1	3	3	2
317f4583aec4ff90073f5404229ea907	0	0	0	0	0	0	0	0	0	0	0	0	0	0	0	0	0	0	1	0	0	0	0	0	0	0	4	0	0	10
9fdd5d664e7a1339a8ec25c204b34ab1	0	0	0	0	0	0	0	0	0	0	0	0	0	0	0	0	0	0	1	0	6	0	0	0	0	0	2	0	0	4
577557ecaeb3ba28763c954cf9ecb1f2	0	0	0	0	0	0	0	0	0	0	0	0	0	0	0	0	0	0	1	0	3	0	0	7	0	0	2	0	0	0
70fb920f35371d4fc5eb646faafe5596	0	0	0	0	0	0	0	0	0	0	0	0	0	0	0	0	0	0	1	0	41	0	0	12	0	0	0	3	0	1
3a0f01e169468049b43de94eabb50cb0	0	0	0	0	0	0	0	0	0	0	0	0	0	0	0	0	0	0	1	0	0	0	0	0	0	0	6	0	0	4
c0933446d0f8dabf5c854d552980e875	0	0	0	0	0	0	0	0	0	0	0	0	0	0	0	0	0	0	1	0	9	0	0	6	0	0	0	5	0	4
fc5ce59a1ea1b80ab40b0e4d61f7bf98	0	0	0	0	0	0	0	0	0	0	0	0	0	0	0	0	0	0	1	65	0	30	0	0	0	0	0	0	10	0
f1d4981cce1a731f5dc6208d44d7368f	0	0	0	0	0	0	0	0	0	0	0	0	0	0	0	0	0	0	1	0	8	0	0	2	0	0	4	2	0	1
f2267363f8d7b3f04bfc4b832b9cb961	0	0	0	0	0	0	0	0	0	0	0	0	0	0	0	0	0	0	1	0	0	0	0	11	0	0	0	9	0	0
829006641591981fd6801a1d1881ea41	0	0	0	0	0	0	0	0	0	0	0	0	0	0	0	0	0	0	1	0	3	0	0	0	0	0	6	1	4	0
b9fe0d74b9aad44f98ac774899392ff3	0	0	0	0	0	0	0	0	0	0	0	0	0	0	0	0	0	0	1	0	1	0	0	3	0	0	2	2	0	1
69c452157381e31f77b36f030ea31b2c	0	0	0	0	0	0	0	0	0	0	0	0	0	0	0	0	0	0	1	0	18	0	0	0	0	0	0	0	1	3
9fb8fe3e21c81983cd28f73032d0f116	0	0	0	0	0	0	0	0	0	0	0	0	0	0	0	0	0	0	1	0	0	0	0	13	0	0	6	2	0	2
202e9146700735feb6b22d6a4cccf629	0	0	0	0	0	0	0	0	0	0	0	0	0	0	0	0	0	0	1	0	8	0	0	2	0	0	0	4	0	0
bb18ed628bc6c3dc91afbc35a9eaf2ee	0	0	0	0	0	0	0	0	0	0	0	0	0	0	0	0	0	0	1	0	0	0	0	1	0	0	3	0	2	7
27eea960e55d0ce871424307e25044da	0	0	0	0	0	0	0	0	0	0	0	0	0	0	0	0	0	0	1	0	0	0	0	2	0	0	6	1	0	2
d5882b9a8ecec7e3c5d056dd37658659	0	0	0	0	0	0	0	0	0	0	0	0	0	0	0	0	0	0	1	0	4	0	0	5	0	0	8	0	0	5
28aec38f0d7383910f57106a11735ee5	0	0	0	0	0	0	0	0	0	0	0	0	0	0	0	0	0	0	1	0	1	0	0	4	0	0	17	1	3	6
27f8f4ec9083b6748690662c6c67ff32	0	0	0	0	0	0	0	0	0	0	0	0	0	0	0	0	0	0	1	0	11	0	0	0	0	0	16	0	7	9
9e0e7f4e9b07e2133287535f2ddd0488	0	0	0	0	0	0	0	0	0	0	0	0	0	0	0	0	0	0	1	0	1	0	0	1	0	0	10	1	0	14
043d4647bfdb4457a42e450b6a79a912	0	0	0	0	0	0	0	0	0	0	0	0	0	0	0	0	0	0	1	0	1	0	0	2	0	0	0	6	0	0
055dbb04a1cb3d46bea26686cd245113	0	0	0	0	0	0	0	0	0	0	0	0	0	0	0	0	0	0	1	0	0	0	0	0	0	0	7	0	0	3
3b8a40e163d91d46d44dedc5faaed209	0	0	0	0	0	0	0	0	0	0	0	0	0	0	0	0	0	0	1	0	6	0	0	0	0	0	1	4	1	3
f52ddfc63c11ccb09df6c0eed03067a0	0	0	0	0	0	0	0	0	0	0	0	0	0	0	0	0	0	0	1	0	0	0	0	0	0	28	0	1	0	1
3bbb629450a340a9b7cf62848d92703c	0	0	0	0	0	0	0	0	0	0	0	0	0	0	0	0	0	0	1	0	3	0	0	0	0	0	1	0	5	1
55f2a6aa4d76bbddb6bfb9291752bc69	0	0	0	0	0	0	0	0	0	0	0	0	0	0	0	0	0	0	1	0	11	0	0	5	0	0	5	9	0	4
e413f1474010c018386b5fb701a3eeab	0	0	0	0	0	0	0	0	0	0	0	0	0	0	0	0	0	0	1	0	1	0	0	7	0	0	0	1	0	1
0c36131a95271949f8a6e9ce9d8d5df9	0	0	0	0	0	0	0	0	0	0	0	0	0	0	0	0	0	0	1	0	0	0	0	0	0	17	0	0	0	0
cb9aa23dde46d4896c741910d3f7d58a	0	0	0	0	0	0	0	0	0	0	0	0	0	0	0	0	0	0	1	0	2	0	0	2	0	0	2	1	0	2
ddaaca75797f200f20b889610da1fdf2	0	0	0	0	0	0	0	0	0	0	0	0	0	0	0	0	0	0	1	0	0	0	0	0	0	0	9	0	0	0
5e43346f0190a8ae7cea4933a8b3e707	0	0	0	0	0	0	0	0	0	0	0	0	0	0	0	0	0	0	1	0	0	0	0	3	0	0	3	3	0	1
d5866cfd29b386686f2089b7d9576493	0	0	0	0	0	0	0	0	0	0	0	0	0	0	0	0	0	0	1	0	0	0	0	29	0	0	0	108	0	0
0dac4d6c838f27d93f23defa37e5db07	0	0	0	0	0	0	0	0	0	0	0	0	0	0	0	0	0	0	1	0	1	0	0	0	0	0	1	0	0	11
3f0a02fda8e4a3b5b8c7551df5be6d58	0	0	0	0	0	0	0	0	0	0	0	0	0	0	0	0	0	0	1	0	89	0	0	7	0	0	1	0	0	0
84b8a52d056e816e0ef52f1e0a2fad5b	0	0	0	0	0	0	0	0	0	0	0	0	0	0	0	0	0	0	1	0	3	0	0	5	0	0	10	1	1	14
b9150ce809475b7e03f6599f7efcc91c	0	0	0	0	0	0	0	0	0	0	0	0	0	0	0	0	0	0	1	0	0	0	0	0	0	0	0	0	5	4
810fdf455e102283f2942fb160fbc504	0	0	0	0	0	0	0	0	0	0	0	0	0	0	0	0	0	0	1	0	0	0	0	2	0	0	104	1	0	63
407b819cfa04a761ecc3fb8af1f70a13	0	0	0	0	0	0	0	0	0	0	0	0	0	0	0	0	0	0	1	0	6	0	0	0	0	0	10	0	0	14
3bde8a74732903d8aa8181d87cbbc59a	0	0	0	0	0	0	0	0	0	0	0	0	0	0	0	0	0	0	1	0	0	0	0	0	14	0	0	0	0	0
d102a6da0536703bd6abbb3eef930ed3	0	0	0	0	0	0	0	0	0	0	0	0	0	0	0	0	0	0	1	0	3	0	0	5	0	0	1	3	0	1
7e7872a20d90ab871efdee2e2549bfbc	0	0	0	0	0	0	0	0	0	0	0	0	0	0	0	0	0	0	1	0	0	0	0	0	0	0	0	0	0	9
b88c5b8afbcaae17844463d278eb23fe	0	0	0	0	0	0	0	0	0	0	0	0	0	0	0	0	0	0	1	0	0	0	0	19	0	0	1	2	0	0
34c18fe0aa02ec2a7cd9da23720817c5	0	0	0	0	0	0	0	0	0	0	0	0	0	0	0	0	0	0	1	0	0	0	0	0	0	46	0	0	22	0
c2e0c925d3153f3b2bb6fb4f34db9975	0	0	0	0	0	0	0	0	0	0	0	0	0	0	0	0	0	0	1	0	5	0	0	1	0	0	3	1	0	2
d6f9213792933d1d7beefd9369695848	0	0	0	0	0	0	0	0	0	0	0	0	0	0	0	0	0	0	1	0	0	0	0	0	0	0	3	0	16	0
08b190ee2f05ff57ed39b77bc593aeb0	0	0	0	0	0	0	0	0	0	0	0	0	0	0	0	0	0	0	1	0	2	0	0	0	0	0	21	0	0	4
33c8f490cf5197801e3635b43f62ba21	0	0	0	0	0	0	0	0	0	0	0	0	0	0	0	0	0	0	1	0	1	0	0	4	0	0	0	4	0	0
ecb27c60b4bc8982875070a8a50d1684	0	0	0	0	0	0	0	0	0	0	0	0	0	0	0	0	0	0	1	0	3	0	0	2	0	0	1	1	0	4
fd014d905ac2e9e9934988e46bf95429	0	0	0	0	0	0	0	0	0	0	0	0	0	0	0	0	0	0	1	0	1	0	1	0	0	0	6	0	0	1
a865ab544656ae21fe68e56dede634fe	0	0	0	0	0	0	0	0	0	0	0	0	0	0	0	0	0	0	1	0	5	0	0	21	0	0	0	1	0	0
f8f072017bbf10175fe5d191cb48f503	0	0	0	0	0	0	0	0	0	0	0	0	0	0	0	0	0	0	1	0	5	0	0	2	0	0	0	0	5	1
4fbb91f4dba7f16be6a5372b140d1c03	0	0	0	0	0	0	0	0	0	0	0	0	0	0	0	0	0	0	1	0	0	0	0	17	0	0	0	8	0	0
f0428ac2ad2e37907be452ab8002e5d5	0	0	0	0	0	0	0	0	0	0	0	0	0	0	0	0	0	0	1	0	1	0	0	2	0	0	6	5	22	12
a13dbf6a511a3efa5ec226737a70ab26	0	0	0	0	0	0	0	0	0	0	0	0	0	0	0	0	0	0	1	0	0	0	0	2	0	0	11	0	0	2
0a8b9b799281dbad0bb476fc65402f57	0	0	0	0	0	0	0	0	0	0	0	0	0	0	0	0	0	0	1	0	0	0	0	1	0	0	0	0	17	1
f1200771fc0dc83d2e4d79598b5bc034	0	0	0	0	0	0	0	0	0	0	0	0	0	0	0	0	0	0	1	0	3	0	0	3	0	0	2	4	0	0
6edc0392ab71f5273fe3c9574b48c425	0	0	0	0	0	0	0	0	0	0	0	0	0	0	0	0	0	0	1	0	0	0	0	0	0	0	7	0	0	4
2c4408ede299f0dade186ad66362b38f	0	0	0	0	0	0	0	0	0	0	0	0	0	0	0	0	0	0	1	0	1	0	0	1	1	0	3	2	0	34
1b399701433426d146bf87ab9f92b910	0	0	0	0	0	0	0	0	0	0	0	0	0	0	0	0	0	0	1	0	10	0	0	0	0	0	0	5	0	2
7df5fe241194b2278db003cd1dedf72b	0	0	0	0	0	0	0	0	0	0	0	0	0	0	0	0	0	0	1	0	1	0	0	1	0	0	5	0	0	3
74f55b87d3b9809186cfde46af969be7	0	0	0	0	0	0	0	0	0	0	0	0	0	0	0	0	0	0	1	0	0	0	0	11	0	0	0	1	0	0
45c87b7e535dd784e74025d7924c27b7	0	0	0	0	0	0	0	0	0	0	0	0	0	0	0	0	0	0	1	0	11	0	0	0	0	0	2	0	0	0
dcea17576e58009d573942670e2bbcd7	0	0	0	0	0	0	0	0	0	0	0	0	0	0	0	0	0	0	1	0	1	0	0	0	0	0	9	0	0	14
0fbcf84270132f2928626207e001fb48	0	0	0	0	0	0	0	0	0	0	0	0	0	0	0	0	0	0	1	0	1	0	0	0	0	0	4	0	6	5
5fd6021c7ac9674352c6f556f8d01632	0	0	0	0	0	0	0	0	0	0	0	0	0	0	0	0	0	0	1	0	0	0	0	1	0	0	10	0	0	4
5147e076f69645e92ff7320959e93119	0	0	0	0	0	0	0	0	0	0	0	0	0	0	0	0	0	0	1	0	4	0	0	0	0	0	4	0	0	2
6d07e95441f68360da4ffe0af5487117	0	0	0	0	0	0	0	0	0	0	0	0	0	0	0	0	0	0	1	0	0	0	0	0	0	0	7	0	0	8
8f10e82fc706a0ba874fe70f8f3604d8	0	0	0	0	0	0	0	0	0	0	0	0	0	0	0	0	0	0	1	0	0	0	0	34	0	0	0	13	0	0
7a345d950d6903d548a3c27e25951d29	0	0	0	0	0	0	0	0	0	0	0	0	0	0	0	0	0	0	1	0	1	0	0	0	0	0	5	0	0	3
cfa34b6b6dfb179f781dbda5940bf9b1	0	0	0	0	0	0	0	0	0	0	0	0	0	0	0	0	0	0	1	0	0	0	0	0	0	0	5	0	0	4
68f9f8096ac0f68ad2da93da7a492e68	0	0	0	0	0	0	0	0	0	0	0	0	0	0	0	0	0	0	1	0	14	0	0	0	0	0	0	0	0	1
f603f1dd4819ea13dbac8ea20bcacfc7	0	0	0	0	0	0	0	0	0	0	0	0	0	0	0	0	0	0	1	0	0	0	0	3	0	0	1	0	9	0
bf445c39a53c1233e093beb822d1ee76	0	0	0	0	0	0	0	0	0	0	0	0	0	0	0	0	0	0	1	0	1	0	0	0	0	17	9	0	18	6
cae305ca4d60741b14d914bb9f11580f	0	0	0	0	0	0	0	0	0	0	0	0	0	0	0	0	0	0	1	0	0	0	0	1	0	0	7	0	0	8
e8abde49d310800d78a9253407893cfc	0	0	0	0	0	0	0	0	0	0	0	0	0	0	0	0	0	0	1	0	0	0	0	8	0	0	0	5	0	0
eff1a002f07c077bff4b478dfe28fd4c	0	0	0	0	0	0	0	0	0	0	0	0	0	0	0	0	0	0	1	0	3	0	0	0	0	0	10	0	0	10
c68938cddeae72ee96e601a9d765591f	0	0	0	0	0	0	0	0	0	0	0	0	0	0	0	0	0	0	1	0	10	0	0	7	0	0	1	5	0	0
d24ddebfc0a34a2e16678ae5afe3aaa0	0	0	0	0	0	0	0	0	0	0	0	0	0	0	0	0	0	0	0	79	0	0	0	0	0	0	0	0	0	0
21eb16b4fb182b61fa61ff8a7671a23d	0	0	0	0	0	0	0	0	0	0	0	0	0	0	0	0	0	0	0	52	1	0	0	13	0	0	0	7	0	0
ef30daff536a13dd546f0f205837b613	0	0	0	0	0	0	0	0	0	0	0	0	0	0	0	0	0	0	0	50	0	1	0	0	0	0	0	0	0	0
5e5abb3566b6e1ce6fc3272c566929a5	0	0	0	0	0	0	0	0	0	0	0	0	0	0	0	0	0	0	0	43	0	5	0	0	0	0	0	0	0	0
e8abdb54cf01c0cc21b18606717d0a04	0	0	0	0	0	0	0	0	0	0	0	0	0	0	0	0	0	0	0	35	0	2	0	0	0	0	0	0	0	0
5e80bd7da680ea92d606384e45467890	0	0	0	0	0	0	0	0	0	0	0	0	0	0	0	0	0	0	0	35	0	0	0	0	0	0	0	0	0	0
ecfbc5de05c4badd4bda4fba16a9e16f	0	0	0	0	0	0	0	0	0	0	0	0	0	0	0	0	0	0	0	34	0	0	0	0	0	0	0	0	0	0
1462ed88061e213be7fb34686da8e741	0	0	0	0	0	0	0	0	0	0	0	0	0	0	0	0	0	0	0	34	0	0	0	0	0	0	0	0	0	0
a4656f8c80e30d7a4a28aa20ddcb453b	0	0	0	0	0	0	0	0	0	0	0	0	0	0	0	0	0	0	0	34	0	0	0	0	0	0	0	0	0	0
754a61b4cf0a970ae53ab521f881dd22	0	0	0	0	0	0	0	0	0	0	0	0	0	0	0	0	0	0	0	31	0	72	19	0	0	0	0	0	0	0
484876dbe886d74aa78701c9c4ab2340	0	0	0	0	0	0	0	0	0	0	0	0	0	0	0	0	0	0	0	31	0	0	0	0	0	0	0	0	0	0
1d3cadcacdb54da64303541e1775e633	0	0	0	0	0	0	0	0	0	0	0	0	0	0	0	0	0	0	0	30	0	0	14	0	0	0	0	0	0	0
81a11a1ed7c4e90d46fac566a6e38246	0	0	0	0	0	0	0	0	0	0	0	0	0	0	0	0	0	0	0	29	0	0	0	0	0	0	0	0	0	0
e3bf2cc3046a48c05b2ea9e0a368e110	0	0	0	0	0	0	0	0	0	0	0	0	0	0	0	0	0	0	0	28	0	5	1	0	0	0	0	0	0	0
6d6f630468ebbc348ca3fbb04c7e78ad	0	0	0	0	0	0	0	0	0	0	0	0	0	0	0	0	0	0	0	28	0	0	9	0	0	0	0	0	3	0
8fc6aff744ba2dba26d8c548b7e3ef5e	0	0	0	0	0	0	0	0	0	0	0	0	0	0	0	0	0	0	0	27	0	26	36	0	0	0	0	0	0	0
f50bb34b6257aa7a529d0d2162a05631	0	0	0	0	0	0	0	0	0	0	0	0	0	0	0	0	0	0	0	27	0	3	0	0	0	0	0	0	0	0
ca7e131e8bed718fc894ff55e5cb4e8f	0	0	0	0	0	0	0	0	0	0	0	0	0	0	0	0	0	0	0	26	0	1	0	0	0	0	0	0	0	0
1b44379d4bef815c18d75c5827f66f65	0	0	0	0	0	0	0	0	0	0	0	0	0	0	0	0	0	0	0	26	0	1	0	0	0	0	0	0	0	0
831cea8ccf2122e70b55bce1bbc57a49	0	0	0	0	0	0	0	0	0	0	0	0	0	0	0	0	0	0	0	25	0	0	3	0	0	0	1	0	0	5
b993cb2dbdcba91205b44c79327e2c10	0	0	0	0	0	0	0	0	0	0	0	0	0	0	0	0	0	0	0	24	0	5	0	0	0	0	0	0	0	1
1f5045eacc31033ecb4e6b619dfbef41	0	0	0	0	0	0	0	0	0	0	0	0	0	0	0	0	0	0	0	24	0	0	25	0	0	0	0	0	0	0
b64fca1ccce13b92b0241df004ab41b5	0	0	0	0	0	0	0	0	0	0	0	0	0	0	0	0	0	0	0	24	0	8	17	0	0	0	0	0	1	0
df2017a656bf75f8e1892f2b72168b81	0	0	0	0	0	0	0	0	0	0	0	0	0	0	0	0	0	0	0	23	0	17	0	0	0	0	0	0	0	2
58843817e94bfefcec832ea424925bb0	0	0	0	0	0	0	0	0	0	0	0	0	0	0	0	0	0	0	0	23	0	0	0	0	0	0	0	0	0	0
681b7782d07b61d0af9341be95ca0ddc	0	0	0	0	0	0	0	0	0	0	0	0	0	0	0	0	0	0	0	23	0	44	23	0	0	0	0	0	0	0
3f5f586d3e4bdcca58b408eb5f123f27	0	0	0	0	0	0	0	0	0	0	0	0	0	0	0	0	0	0	0	22	0	6	4	0	0	0	0	0	0	0
e49950f61bead7488de308e6cf6f0328	0	0	0	0	0	0	0	0	0	0	0	0	0	0	0	0	0	0	0	21	0	1	0	0	0	0	0	0	0	0
6ecc7f72bf505d5ba9a426edb27040e5	0	0	0	0	0	0	0	0	0	0	0	0	0	0	0	0	0	0	0	21	0	23	7	0	0	0	0	0	0	1
b8930dcdfd8511136370a00064058b4c	0	0	0	0	0	0	0	0	0	0	0	0	0	0	0	0	0	0	0	21	0	17	40	0	0	0	0	0	0	0
58740f0c2723244ca05722773ab3639e	0	0	0	0	0	0	0	0	0	0	0	0	0	0	0	0	0	0	0	20	0	6	8	0	0	0	0	0	0	0
76cae2576192c1da7432538ea8e80876	0	0	0	0	0	0	0	0	0	0	0	0	0	0	0	0	0	0	0	20	0	3	0	0	0	0	0	0	0	0
e7c29307fdfd34a71bb2764cd07887a9	0	0	0	0	0	0	0	0	0	0	0	0	0	0	0	0	0	0	0	20	0	0	0	0	0	0	0	0	0	0
74fd725ff7e5197f8ddda99bc0d13ab5	0	0	0	0	0	0	0	0	0	0	0	0	0	0	0	0	0	0	0	20	0	0	0	0	0	0	0	0	0	0
54004e8b97c4f0c358780dabb1de27f1	0	0	0	0	0	0	0	0	0	0	0	0	0	0	0	0	0	0	0	19	0	2	0	2	0	0	0	1	0	0
8b4397c16e7958ae5eab1a6ff57f5e9a	0	0	0	0	0	0	0	0	0	0	0	0	0	0	0	0	0	0	0	19	0	0	0	0	0	0	0	0	0	1
7466eb8cb75ce7f483917c59480d1604	0	0	0	0	0	0	0	0	0	0	0	0	0	0	0	0	0	0	0	19	0	0	4	0	0	0	0	0	0	0
f89091e09e7fea7b264c4f5202e0ef16	0	0	0	0	0	0	0	0	0	0	0	0	0	0	0	0	0	0	0	18	0	0	0	0	0	0	0	0	0	0
f0b565d3f63178e3780663a0062a6900	0	0	0	0	0	0	0	0	0	0	0	0	0	0	0	0	0	0	0	18	0	0	0	0	0	0	0	0	0	0
96273ebc18b84d2b87a6ba13ab921340	0	0	0	0	0	0	0	0	0	0	0	0	0	0	0	0	0	0	0	18	0	0	0	0	0	0	0	0	0	0
817ae11b66fb1b13a0ff1fe5fbf8468b	0	0	0	0	0	0	0	0	0	0	0	0	0	0	0	0	0	0	0	18	0	4	1	0	0	0	0	0	5	0
a5b30120da83d861e014a861c500043e	0	0	0	0	0	0	0	0	0	0	0	0	0	0	0	0	0	0	0	18	0	0	0	0	0	0	0	0	0	0
123051589e8f96869ac40fd24329e23d	0	0	0	0	0	0	0	0	0	0	0	0	0	0	0	0	0	0	0	17	0	34	0	0	0	0	3	0	0	0
e37f15a0dd55aeca5ba5d751e42b69c5	0	0	0	0	0	0	0	0	0	0	0	0	0	0	0	0	0	0	0	17	0	0	0	0	0	0	0	0	0	0
9395410420ae5014b2b0c723cd398e63	0	0	0	0	0	0	0	0	0	0	0	0	0	0	0	0	0	0	0	17	0	14	0	0	0	0	0	0	0	1
4254fc09cb9c3ddf5d1fdbddce64dd82	0	0	0	0	0	0	0	0	0	0	0	0	0	0	0	0	0	0	0	17	0	18	9	0	0	0	0	0	0	1
3c84043c373792f688428e8a6461c5c9	0	0	0	0	0	0	0	0	0	0	0	0	0	0	0	0	0	0	0	17	0	0	0	0	0	0	0	0	0	0
5d558fbeaacd9701b5de4ee18084bd32	0	0	0	0	0	0	0	0	0	0	0	0	0	0	0	0	0	0	0	16	0	2	2	0	0	0	0	0	0	0
91cd267f716ad50f7d07e79f7cdedbee	0	0	0	0	0	0	0	0	0	0	0	0	0	0	0	0	0	0	0	16	0	79	3	0	0	0	0	0	0	0
2fea8cab70d0b78a47d7682426878075	0	0	0	0	0	0	0	0	0	0	0	0	0	0	0	0	0	0	0	15	0	12	5	1	0	0	0	0	0	0
22d03aae0be4c6c4de3b62b1482fe5b0	0	0	0	0	0	0	0	0	0	0	0	0	0	0	0	0	0	0	0	15	0	0	0	0	0	0	0	0	0	0
1f0799601be807a15331934b1cb58603	0	0	0	0	0	0	0	0	0	0	0	0	0	0	0	0	0	0	0	15	0	0	0	0	0	0	0	0	0	0
33078f5ea2ac9d061704b2ee978bc31e	0	0	0	0	0	0	0	0	0	0	0	0	0	0	0	0	0	0	0	15	0	12	6	0	0	0	0	0	0	0
3cd329fa3a7902f4b648757cca5225d2	0	0	0	0	0	0	0	0	0	0	0	0	0	0	0	0	0	0	0	15	0	2	0	0	0	0	0	0	1	0
02d1f96878a342f5143bc899087c51b8	0	0	0	0	0	0	0	0	0	0	0	0	0	0	0	0	0	0	0	14	0	19	0	0	0	0	0	0	0	0
386bb3a426b53c041629649144dc6e6a	0	0	0	0	0	0	0	0	0	0	0	0	0	0	0	0	0	0	0	14	2	10	3	0	0	0	0	0	0	0
1ba815f621c550e4db6f48ba4c82341b	0	0	0	0	0	0	0	0	0	0	0	0	0	0	0	0	0	0	0	14	0	0	0	0	0	0	0	0	0	1
8785ea695d45021311c33da6440b95b3	0	0	0	0	0	0	0	0	0	0	0	0	0	0	0	0	0	0	0	14	0	5	4	0	0	0	0	0	0	0
8fe6cbb6af599dcccf948f3e22341bad	0	0	0	0	0	0	0	0	0	0	0	0	0	0	0	0	0	0	0	14	0	0	2	0	0	0	0	0	0	0
99190b5f6b049fce7d977bc7637aabbd	0	0	0	0	0	0	0	0	0	0	0	0	0	0	0	0	0	0	0	14	0	0	0	0	0	0	0	0	0	0
67dc09d509522cf9399728846acc4ac5	0	0	0	0	0	0	0	0	0	0	0	0	0	0	0	0	0	0	0	13	0	0	0	0	0	0	0	0	0	0
bfb8f94d70ce95ec43e34f1a2031faf4	0	0	0	0	0	0	0	0	0	0	0	0	0	0	0	0	0	0	0	13	0	4	0	0	0	0	0	0	0	0
22bb9dd9b891b4cf023634bad750b7c4	0	0	0	0	0	0	0	0	0	0	0	0	0	0	0	0	0	0	0	13	0	5	9	0	0	0	0	0	0	0
ea940458d653ee72c26d737e072402ba	0	0	0	0	0	0	0	0	0	0	0	0	0	0	0	0	0	0	0	12	0	0	0	0	0	0	0	0	0	0
823674531a47ed713ffe0e254da88b06	0	0	0	0	0	0	0	0	0	0	0	0	0	0	0	0	0	0	0	12	0	1	1	0	0	0	0	0	0	0
77991f429d16b8aacdc1a3fa6b93aa7d	0	0	0	0	0	0	0	0	0	0	0	0	0	0	0	0	0	0	0	12	0	6	16	1	0	0	0	1	0	0
0144a9885f63b60e56bfb072c08ac8dd	0	0	0	0	0	0	0	0	0	0	0	0	0	0	0	0	0	0	0	12	0	0	0	0	0	0	0	0	0	0
0a7bf2e06a77d976cdc180c544dc9ea0	0	0	0	0	0	0	0	0	0	0	0	0	0	0	0	0	0	0	0	12	0	0	0	0	0	0	0	0	5	0
1cc46fc1076562ecc42df187f3251677	0	0	0	0	0	0	0	0	0	0	0	0	0	0	0	0	0	0	0	12	0	3	0	0	0	0	0	0	0	1
f4918695c2d15380eab8605ad4de1fde	0	0	0	0	0	0	0	0	0	0	0	0	0	0	0	0	0	0	0	12	0	14	18	0	0	0	1	3	3	3
dcc3a7f961144998b350edcf39fb10ad	0	0	0	0	0	0	0	0	0	0	0	0	0	0	0	0	0	0	0	12	0	1	4	0	0	0	0	0	0	0
d0ea5ccded0cea074e101a7481df6cf6	0	0	0	0	0	0	0	0	0	0	0	0	0	0	0	0	0	0	0	12	0	3	0	0	0	0	0	0	0	0
1d5644b617da7e60e0c0d8829966c465	0	0	0	0	0	0	0	0	0	0	0	0	0	0	0	0	0	0	0	12	0	4	0	0	0	0	0	0	0	0
c5785c6cb42a8f915417079c08d92c3b	0	0	0	0	0	0	0	0	0	0	0	0	0	0	0	0	0	0	0	12	0	0	0	0	0	0	0	0	0	0
17587c1adeb2fc42c3b509f885709a85	0	0	0	0	0	0	0	0	0	0	0	0	0	0	0	0	0	0	0	12	0	25	14	0	0	0	0	0	0	0
68e013bc88cf06f54e9604da81553fa7	0	0	0	0	0	0	0	0	0	0	0	0	0	0	0	0	0	0	0	11	0	12	2	0	0	0	0	0	0	0
2bebfc3142cb1ace089651b9f0b14d0f	0	0	0	0	0	0	0	0	0	0	0	0	0	0	0	0	0	0	0	11	0	0	0	0	0	0	0	0	0	0
49d0fdf691ec10420a0793a95ec336a5	0	0	0	0	0	0	0	0	0	0	0	0	0	0	0	0	0	0	0	11	0	0	0	0	0	0	0	0	0	0
c25112d957d6d4d28580423ec1ec97ac	0	0	0	0	0	0	0	0	0	0	0	0	0	0	0	0	0	0	0	11	0	0	1	0	0	0	0	0	0	0
23a8575416aa1b03180d583bbd096921	0	0	0	0	0	0	0	0	0	0	0	0	0	0	0	0	0	0	0	11	0	0	0	0	0	0	0	0	0	0
581f118f173969d294c4199092fb5233	0	0	0	0	0	0	0	0	0	0	0	0	0	0	0	0	0	0	0	11	0	0	0	0	0	0	0	0	0	0
5120670aa26ccba05d41c2b0ec7995d1	0	0	0	0	0	0	0	0	0	0	0	0	0	0	0	0	0	0	0	11	0	1	0	0	0	0	0	0	0	0
1196d486074d8b700581ff221d410b46	0	0	0	0	0	0	0	0	0	0	0	0	0	0	0	0	0	0	0	10	0	6	0	0	0	0	3	0	0	0
5de5f247d80990c68896937afcc5330c	0	0	0	0	0	0	0	0	0	0	0	0	0	0	0	0	0	0	0	10	0	0	0	0	0	0	0	0	0	0
9f5e74c53641a49649b2344b07460fca	0	0	0	0	0	0	0	0	0	0	0	0	0	0	0	0	0	0	0	10	0	3	9	0	0	0	0	0	0	0
f1e72d95909096c06a2eead463ad1b2f	0	0	0	0	0	0	0	0	0	0	0	0	0	0	0	0	0	0	0	10	0	44	21	0	0	0	6	0	0	2
b175a13b4174497bc28f4578b8bc3d4a	0	0	0	0	0	0	0	0	0	0	0	0	0	0	0	0	0	0	0	10	0	0	22	0	0	0	0	0	0	0
e80f7097003ca4e58117def46835b44f	0	0	0	0	0	0	0	0	0	0	0	0	0	0	0	0	0	0	0	10	0	16	22	0	0	0	0	0	0	0
2bc465a79c4b789c2f3363a7033ce1b8	0	0	0	0	0	0	0	0	0	0	0	0	0	0	0	0	0	0	0	10	0	3	0	0	0	0	0	0	0	0
04bddfd92e59f0a0f83f99ed9fa1c127	0	0	0	0	0	0	0	0	0	0	0	0	0	0	0	0	0	0	0	10	0	0	0	0	0	0	0	0	0	0
8da94a6f7288c93a3298cc2bc0f0936d	0	0	0	0	0	0	0	0	0	0	0	0	0	0	0	0	0	0	0	10	0	0	0	0	0	0	0	0	0	0
cdad049ab9798171342a73c9fa6f7ca7	0	0	0	0	0	0	0	0	0	0	0	0	0	0	0	0	0	0	0	10	0	1	2	0	0	0	0	0	0	0
11261b945ed82f3b6742a453fdd198c7	0	0	0	0	0	0	0	0	0	0	0	0	0	0	0	0	0	0	0	10	0	0	0	6	0	0	0	0	0	0
d0eaff65950f94d061c8842f08d9a03a	0	0	0	0	0	0	0	0	0	0	0	0	0	0	0	0	0	0	0	10	0	2	0	0	0	0	0	0	0	0
b3bd014528a39d2d7f90339d2c252f32	0	0	0	0	0	0	0	0	0	0	0	0	0	0	0	0	0	0	0	10	0	13	1	0	0	0	0	0	0	0
345dbd657991ee01e61c78dcfd6e0493	0	0	0	0	0	0	0	0	0	0	0	0	0	0	0	0	0	0	0	10	0	0	0	0	0	0	0	0	0	0
2e11688d037929d9f578b20dc6416c63	0	0	0	0	0	0	0	0	0	0	0	0	0	0	0	0	0	0	0	10	0	7	0	0	0	0	0	0	0	0
c5653d38a3eaccf635255d6252819831	0	0	0	0	0	0	0	0	0	0	0	0	0	0	0	0	0	0	0	10	0	0	0	0	0	0	0	0	0	0
a1f21aa0a7a076aa9dcee1d4953d3e51	0	0	0	0	0	0	0	0	0	0	0	0	0	0	0	0	0	0	0	10	0	0	0	0	0	0	0	0	0	0
04ded9fc3ce344e84a138df0cb07f090	0	0	0	0	0	0	0	0	0	0	0	0	0	0	0	0	0	0	0	10	0	1	2	0	0	0	0	0	0	1
0c00b1774e1878e376cbfaaaf6bab7f4	0	0	0	0	0	0	0	0	0	0	0	0	0	0	0	0	0	0	0	10	0	30	1	0	0	0	0	0	0	0
85b25d82234863d0a31b6d7a0d467701	0	0	0	0	0	0	0	0	0	0	0	0	0	0	0	0	0	0	0	9	0	2	7	0	0	0	0	0	0	0
bf56cd59e6c2e5a3ed63440b98d36686	0	0	0	0	0	0	0	0	0	0	0	0	0	0	0	0	0	0	0	9	0	3	0	0	0	0	0	0	0	0
e93c6e82d1f8ae6ac10e5493821c11b3	0	0	0	0	0	0	0	0	0	0	0	0	0	0	0	0	0	0	0	9	0	3	9	0	0	0	0	0	0	0
277a8e54eecee5cc01a0717942f2a98f	0	0	0	0	0	0	0	0	0	0	0	0	0	0	0	0	0	0	0	9	0	0	1	0	0	0	0	0	0	0
8536bc519fae414fc9f665a007e8aa15	0	0	0	0	0	0	0	0	0	0	0	0	0	0	0	0	0	0	0	9	0	1	1	0	0	0	1	0	0	0
a8d362afea6ce802e94610109e072f76	0	0	0	0	0	0	0	0	0	0	0	0	0	0	0	0	0	0	0	9	0	0	2	0	0	0	0	0	0	0
c52bd8753d026899424b923aec47165d	0	0	0	0	0	0	0	0	0	0	0	0	0	0	0	0	0	0	0	9	0	15	4	0	0	0	0	0	0	0
5d29c203085dee95db86212a13953497	0	0	0	0	0	0	0	0	0	0	0	0	0	0	0	0	0	0	0	9	0	3	7	1	0	0	0	0	0	0
1d569c8ac1482d0b840c1dbcef0b789a	0	0	0	0	0	0	0	0	0	0	0	0	0	0	0	0	0	0	0	9	0	0	0	2	0	0	0	0	0	0
e7b77c1b2baea8a10d65572b1a86af27	0	0	0	0	0	0	0	0	0	0	0	0	0	0	0	0	0	0	0	9	0	1	0	0	0	0	0	0	0	0
c3a7d161159f1d98ed701f717cce3dc5	0	0	0	0	0	0	0	0	0	0	0	0	0	0	0	0	0	0	0	9	0	1	14	0	0	0	0	0	0	0
5a19948b25f4670f9b7939da0e433308	0	0	0	0	0	0	0	0	0	0	0	0	0	0	0	0	0	0	0	9	0	0	1	0	0	0	0	0	1	0
91f1641486e0a10271c15605e28ab363	0	0	0	0	0	0	0	0	0	0	0	0	0	0	0	0	0	0	0	9	0	0	0	0	0	0	1	1	0	0
9eee9a8ee44ca86ce45181d06c324396	0	0	0	0	0	0	0	0	0	0	0	0	0	0	0	0	0	0	0	8	0	2	1	0	0	0	0	0	0	1
06837044c89a36b46f1fb83fa3bba0c0	0	0	0	0	0	0	0	0	0	0	0	0	0	0	0	0	0	0	0	8	0	3	0	0	0	0	0	0	0	0
022d3ca75f29aabe88895d60ad63ed26	0	0	0	0	0	0	0	0	0	0	0	0	0	0	0	0	0	0	0	8	0	29	0	0	0	0	0	0	0	0
66d410013db6d020a1649b8b63b002bb	0	0	0	0	0	0	0	0	0	0	0	0	0	0	0	0	0	0	0	8	0	0	5	0	0	0	0	0	0	0
5abdd27a3e1b28716ccf91faf25845f8	0	0	0	0	0	0	0	0	0	0	0	0	0	0	0	0	0	0	0	8	0	0	9	0	0	0	0	0	0	0
c50f537f1ae19361db552b3d930f5d66	0	0	0	0	0	0	0	0	0	0	0	0	0	0	0	0	0	0	0	8	0	0	0	2	0	0	0	2	0	0
e1f2fdd31bf94be934fa3022092603e7	0	0	0	0	0	0	0	0	0	0	0	0	0	0	0	0	0	0	0	8	0	2	0	0	0	0	0	0	0	0
7e9f7ae52fda340f7e74bec3275041f0	0	0	0	0	0	0	0	0	0	0	0	0	0	0	0	0	0	0	0	8	0	4	0	0	0	0	0	1	0	0
d520e162676940d6e0a260fbf8f347a2	0	0	0	0	0	0	0	0	0	0	0	0	0	0	0	0	0	0	0	8	0	3	0	0	0	0	0	0	0	0
e8752a7e69d92550d45ae6621e5d88c7	0	0	0	0	0	0	0	0	0	0	0	0	0	0	0	0	0	0	0	8	0	0	0	0	0	0	1	0	2	1
bc94ebd75659415856be58d42ca3df89	0	0	0	0	0	0	0	0	0	0	0	0	0	0	0	0	0	0	0	8	0	4	2	0	0	0	0	0	0	0
0fd66ece5d31beac1d91d09be752d0aa	0	0	0	0	0	0	0	0	0	0	0	0	0	0	0	0	0	0	0	8	0	3	0	0	0	0	0	0	0	0
ab4c9897226d720a52e50bd69a7d79eb	0	0	0	0	0	0	0	0	0	0	0	0	0	0	0	0	0	0	0	8	0	4	3	0	0	0	1	0	0	0
d3ac8a77825a5cdc43cb5b4a28b8e9dd	0	0	0	0	0	0	0	0	0	0	0	0	0	0	0	0	0	0	0	7	0	0	3	0	0	0	2	0	0	0
db099b56283b70ac011c6026296acfc9	0	0	0	0	0	0	0	0	0	0	0	0	0	0	0	0	0	0	0	7	0	1	0	0	0	0	1	1	0	0
43208f6594b1d38140a76bd9d74d24b2	0	0	0	0	0	0	0	0	0	0	0	0	0	0	0	0	0	0	0	7	0	0	51	0	0	0	0	0	1	0
20e892d6c62e2a3552b15aa7a053e51b	0	0	0	0	0	0	0	0	0	0	0	0	0	0	0	0	0	0	0	7	0	3	0	0	0	0	0	0	0	0
94906b5511cb1aae63f30511331e6b9f	0	0	0	0	0	0	0	0	0	0	0	0	0	0	0	0	0	0	0	6	0	7	0	0	0	0	0	0	0	0
c76936ad6b997490c2bc4fbdce88f704	0	0	0	0	0	0	0	0	0	0	0	0	0	0	0	0	0	0	0	6	0	3	1	0	0	0	0	0	0	1
37594a5a44e18df6cacfde76aa11189a	0	0	0	0	0	0	0	0	0	0	0	0	0	0	0	0	0	0	0	6	0	4	0	0	0	0	0	0	0	0
785355fce96b93a66e2deddfcd09613a	0	0	0	0	0	0	0	0	0	0	0	0	0	0	0	0	0	0	0	6	0	0	2	0	0	0	2	0	0	0
db8eec79f25cd209d3ff202f67fa82b5	0	0	0	0	0	0	0	0	0	0	0	0	0	0	0	0	0	0	0	6	0	0	21	0	0	0	0	0	0	0
a6304a8b66587aac05e951be1b977f0a	0	0	0	0	0	0	0	0	0	0	0	0	0	0	0	0	0	0	0	6	0	5	0	0	0	0	0	0	0	0
10adf88b1d43f44b8a65489e5535db6b	0	0	0	0	0	0	0	0	0	0	0	0	0	0	0	0	0	0	0	6	0	2	6	0	0	0	0	0	0	1
26d48ced0b35334b72397dadc753fd16	0	0	0	0	0	0	0	0	0	0	0	0	0	0	0	0	0	0	0	6	0	28	0	0	0	0	0	0	0	0
f04528af8ca9beb1518d71ef11d34e2d	0	0	0	0	0	0	0	0	0	0	0	0	0	0	0	0	0	0	0	6	0	7	0	0	0	0	0	1	0	0
d551319d300a4079632dd0d95f033ee6	0	0	0	0	0	0	0	0	0	0	0	0	0	0	0	0	0	0	0	6	0	5	0	0	0	0	0	0	0	0
fb1b40e5c4f76a0479b2a2e49cc41c91	0	0	0	0	0	0	0	0	0	0	0	0	0	0	0	0	0	0	0	6	0	5	1	0	0	0	0	0	0	0
3c6f54db5a5ea91297dac3a7122762a8	0	0	0	0	0	0	0	0	0	0	0	0	0	0	0	0	0	0	0	6	0	0	9	0	0	0	0	1	0	0
f182ec7f3cfdb3fbabd7d89a31f2af90	0	0	0	0	0	0	0	0	0	0	0	0	0	0	0	0	0	0	0	6	0	0	27	0	0	0	0	0	0	0
f66837371432f81c35b3b378864640f3	0	0	0	0	0	0	0	0	0	0	0	0	0	0	0	0	0	0	0	6	0	0	10	0	0	0	0	0	0	0
0a6f827c4644d43c1bf77e534122d77e	0	0	0	0	0	0	0	0	0	0	0	0	0	0	0	0	0	0	0	5	0	7	6	0	0	0	0	0	0	0
402f93bae9a296d574af25b0494e0b05	0	0	0	0	0	0	0	0	0	0	0	0	0	0	0	0	0	0	0	5	0	0	0	0	0	0	0	6	0	0
edac6b0cd8e8f74bba8425285a034eca	0	0	0	0	0	0	0	0	0	0	0	0	0	0	0	0	0	0	0	5	0	8	0	0	0	0	0	0	0	0
b816920125fa36bec96c19eead10c05c	0	0	0	0	0	0	0	0	0	0	0	0	0	0	0	0	0	0	0	5	0	13	5	0	0	0	0	0	0	0
9365e91229568de91a3da14bda0195a9	0	0	0	0	0	0	0	0	0	0	0	0	0	0	0	0	0	0	0	5	0	5	1	0	0	0	0	0	0	0
293a1a9a7f06462b8bf77c66fa982280	0	0	0	0	0	0	0	0	0	0	0	0	0	0	0	0	0	0	0	5	0	20	7	0	0	0	0	0	0	0
ec57db3ef1a009ab73c3bf90d20f9852	0	0	0	0	0	0	0	0	0	0	0	0	0	0	0	0	0	0	0	5	0	6	3	0	0	0	0	0	0	0
e14ec6c1163753e5f04433f6a79c4537	0	0	0	0	0	0	0	0	0	0	0	0	0	0	0	0	0	0	0	5	0	0	0	0	0	0	4	0	0	6
2b1d79f3b40b98c03cf9b58eb74683ff	0	0	0	0	0	0	0	0	0	0	0	0	0	0	0	0	0	0	0	4	0	0	60	0	0	0	0	0	0	0
53822136d0495c449771885357052f98	0	0	0	0	0	0	0	0	0	0	0	0	0	0	0	0	0	0	0	4	0	0	7	0	0	0	0	0	0	0
7d1b74dbc0805e4270843c614f5f0e2b	0	0	0	0	0	0	0	0	0	0	0	0	0	0	0	0	0	0	0	4	0	4	4	0	0	0	0	0	0	0
359582976922a698eea5d87625b7302a	0	0	0	0	0	0	0	0	0	0	0	0	0	0	0	0	0	0	0	4	0	0	11	0	0	0	0	0	0	0
824397ee2fbb521f9c09166a9dce85b6	0	0	0	0	0	0	0	0	0	0	0	0	0	0	0	0	0	0	0	4	0	2	41	0	0	0	1	4	0	1
d4b8e78e2b4129fbe4255d57da666a7f	0	0	0	0	0	0	0	0	0	0	0	0	0	0	0	0	0	0	0	4	0	0	7	0	0	0	0	0	0	0
98034f81eed8a8c9c82bce058a9b118b	0	0	0	0	0	0	0	0	0	0	0	0	0	0	0	0	0	0	0	4	0	2	6	0	0	0	0	0	0	0
b06f345d5f66dff627072698366f53bc	0	0	0	0	0	0	0	0	0	0	0	0	0	0	0	0	0	0	0	4	5	0	3	1	0	0	3	0	1	2
2fbfdb4e91fc436762843989d258d089	0	0	0	0	0	0	0	0	0	0	0	0	0	0	0	0	0	0	0	3	0	0	19	0	0	0	0	0	0	0
a1c57636d8c662c09007f98f7f5d902c	0	0	0	0	0	0	0	0	0	0	0	0	0	0	0	0	0	0	0	3	0	3	20	0	0	0	1	0	0	1
a18f9b8713c7515d5bcdb02a7ab24bac	0	0	0	0	0	0	0	0	0	0	0	0	0	0	0	0	0	0	0	3	0	0	10	0	0	0	0	0	0	0
7d98fb8b5fb7e40da96eab9018b353cf	0	0	0	0	0	0	0	0	0	0	0	0	0	0	0	0	0	0	0	3	0	14	0	0	0	0	0	0	1	4
213637201f22f5fe93737843ff329227	0	0	0	0	0	0	0	0	0	0	0	0	0	0	0	0	0	0	0	3	0	0	11	0	0	0	0	0	0	0
a72d6dea52f869b38362cfa177cac537	0	0	0	0	0	0	0	0	0	0	0	0	0	0	0	0	0	0	0	3	1	3	4	0	0	0	0	0	1	0
2531d138f6a237be55ed112f363f4cc3	0	0	0	0	0	0	0	0	0	0	0	0	0	0	0	0	0	0	0	3	0	7	0	0	0	0	0	0	0	0
d87220259613a2b91cf3f2ad350e1353	0	0	0	0	0	0	0	0	0	0	0	0	0	0	0	0	0	0	0	3	0	6	0	0	0	0	0	0	0	2
bb7c06d927af155c610b851b0ed01a62	0	0	0	0	0	0	0	0	0	0	0	0	0	0	0	0	0	0	0	3	0	0	17	0	0	0	0	0	0	0
62d4295c2cd29dac5b9641b4d59ad4e6	0	0	0	0	0	0	0	0	0	0	0	0	0	0	0	0	0	0	0	3	0	8	2	0	0	0	9	0	0	1
8fa6c3f16e77e5af9c449e300627331f	0	0	0	0	0	0	0	0	0	0	0	0	0	0	0	0	0	0	0	3	0	11	1	0	0	0	0	0	0	0
7e9fb5288b2cf8fc8ad4fb4570fef283	0	0	0	0	0	0	0	0	0	0	0	0	0	0	0	0	0	0	0	3	0	0	0	0	0	0	7	0	0	2
497a281f72e7852af160d0b0e3372ef9	0	0	0	0	0	0	0	0	0	0	0	0	0	0	0	0	0	0	0	3	0	0	4	0	0	0	0	0	2	1
aa63c1d491620ef6e79c900c102769a4	0	0	0	0	0	0	0	0	0	0	0	0	0	0	0	0	0	0	0	3	1	3	14	0	0	0	0	0	1	1
6b8646fbff6dfdf0efc5b4d4f913f33e	0	0	0	0	0	0	0	0	0	0	0	0	0	0	0	0	0	0	0	3	0	0	9	0	0	0	0	0	0	0
4084254433323ad1e2ee49dcf2df232c	0	0	0	0	0	0	0	0	0	0	0	0	0	0	0	0	0	0	0	3	0	5	26	0	0	0	0	0	0	0
62a958129297d456ce45c461043c91be	0	0	0	0	0	0	0	0	0	0	0	0	0	0	0	0	0	0	0	3	0	0	0	1	0	0	3	1	0	5
ecc51e9a6aa8a5d5480350cedf5923e7	0	0	0	0	0	0	0	0	0	0	0	0	0	0	0	0	0	0	0	3	0	3	3	0	0	0	0	0	0	2
bfaa7449e91b68c81661273ccbe6ca19	0	0	0	0	0	0	0	0	0	0	0	0	0	0	0	0	0	0	0	3	0	1	7	0	0	0	0	0	0	0
b2201706e6577ce3260fb965885bed33	0	0	0	0	0	0	0	0	0	0	0	0	0	0	0	0	0	0	0	3	2	0	0	1	0	0	0	4	1	0
124cd92d34f11e6a2407c16bbdd5f827	0	0	0	0	0	0	0	0	0	0	0	0	0	0	0	0	0	0	0	3	0	0	7	0	0	0	0	0	0	0
d94a780e52e2a972f77126f99b05f439	0	0	0	0	0	0	0	0	0	0	0	0	0	0	0	0	0	0	0	3	0	0	41	0	0	0	0	0	0	0
c02d008a681bf720fb03d063adaaedd7	0	0	0	0	0	0	0	0	0	0	0	0	0	0	0	0	0	0	0	3	0	0	5	0	0	0	2	0	0	0
f2cf6420983c9243104df800cb967958	0	0	0	0	0	0	0	0	0	0	0	0	0	0	0	0	0	0	0	2	1	3	1	0	0	0	6	0	2	7
6223d77a50c307d54019bf14a4b04056	0	0	0	0	0	0	0	0	0	0	0	0	0	0	0	0	0	0	0	2	0	0	18	0	0	0	0	0	0	0
1cdce69a6e01b4733c01e99e94c4db5b	0	0	0	0	0	0	0	0	0	0	0	0	0	0	0	0	0	0	0	2	0	0	13	0	0	0	0	0	0	0
a417e6543f740833360e4b64f631fe59	0	0	0	0	0	0	0	0	0	0	0	0	0	0	0	0	0	0	0	2	0	8	4	0	0	0	0	0	0	0
09d34645ef607f7d08529a7b46a73399	0	0	0	0	0	0	0	0	0	0	0	0	0	0	0	0	0	0	0	2	0	4	8	0	0	0	2	0	0	0
821cf298c98bd99697e268fb7faf6487	0	0	0	0	0	0	0	0	0	0	0	0	0	0	0	0	0	0	0	2	0	2	0	5	0	0	0	2	0	0
2dd902fbd68e8e18fd21ec9e8a1b7595	0	0	0	0	0	0	0	0	0	0	0	0	0	0	0	0	0	0	0	2	0	1	32	0	0	0	0	0	0	0
1ce67c7329e25f548e17aaf7926826ba	0	0	0	0	0	0	0	0	0	0	0	0	0	0	0	0	0	0	0	2	0	0	16	0	0	0	0	0	0	0
87624b803cc819d95fb8e8dd2cff2328	0	0	0	0	0	0	0	0	0	0	0	0	0	0	0	0	0	0	0	2	0	0	0	6	0	0	36	6	0	14
e85c978e736a864f1b0fc91424c7ca73	0	0	0	0	0	0	0	0	0	0	0	0	0	0	0	0	0	0	0	2	0	1	0	75	0	0	80	16	0	20
6bb5ecdfbce7238ef0bdeca1db48a1a5	0	0	0	0	0	0	0	0	0	0	0	0	0	0	0	0	0	0	0	2	0	0	10	4	0	0	0	0	0	0
d60c021a3b33e4ae3d38253fae92dddb	0	0	0	0	0	0	0	0	0	0	0	0	0	0	0	0	0	0	0	2	0	0	26	0	0	0	0	0	0	0
c1947bb5e1de2f933db0998958b7a6b6	0	0	0	0	0	0	0	0	0	0	0	0	0	0	0	0	0	0	0	2	0	5	3	0	0	0	0	0	0	0
872961b2776cf03ad4950c46aeaf9e48	0	0	0	0	0	0	0	0	0	0	0	0	0	0	0	0	0	0	0	2	0	2	6	0	0	0	0	0	0	0
941459cf1301483cd78a4dd7181d9691	0	0	0	0	0	0	0	0	0	0	0	0	0	0	0	0	0	0	0	1	0	9	0	0	0	0	0	0	0	0
c44b8017e53be3a43c1cca01af02d5be	0	0	0	0	0	0	0	0	0	0	0	0	0	0	0	0	0	0	0	1	0	5	6	0	0	0	1	0	0	0
f04096d01788dcee97651b3accfb1e2e	0	0	0	0	0	0	0	0	0	0	0	0	0	0	0	0	0	0	0	1	0	3	7	0	0	0	0	0	0	0
3f880004fb1b4cedda46b05287fc1af8	0	0	0	0	0	0	0	0	0	0	0	0	0	0	0	0	0	0	0	1	0	0	22	0	0	0	0	0	0	0
86aef9fad7011152bd269bfca0e70550	0	0	0	0	0	0	0	0	0	0	0	0	0	0	0	0	0	0	0	1	0	0	0	0	0	0	11	0	0	2
042569d68dea081bfd9872b101a33f1c	0	0	0	0	0	0	0	0	0	0	0	0	0	0	0	0	0	0	0	1	0	0	0	14	0	0	11	1	0	11
02eb4b727549ae9dc3075eb797f5a474	0	0	0	0	0	0	0	0	0	0	0	0	0	0	0	0	0	0	0	1	0	6	4	0	0	0	0	0	0	0
fe4fcb9c40043989c6e4e27c86105028	0	0	0	0	0	0	0	0	0	0	0	0	0	0	0	0	0	0	0	1	0	0	1	7	0	0	4	5	0	0
cbdb203d2b07233a5943a1625e120bff	0	0	0	0	0	0	0	0	0	0	0	0	0	0	0	0	0	0	0	1	0	1	16	0	0	0	0	0	0	0
8603134546fe2a06bae6f8ff743ade6d	0	0	0	0	0	0	0	0	0	0	0	0	0	0	0	0	0	0	0	1	0	1	5	0	0	0	0	1	1	1
5bb767a328196a41503127d21bd3095a	0	0	0	0	0	0	0	0	0	0	0	0	0	0	0	0	0	0	0	1	0	0	13	0	0	0	0	0	0	0
9e71fdc37e5be4f6b4fcbb5a2a27051d	0	0	0	0	0	0	0	0	0	0	0	0	0	0	0	0	0	0	0	1	0	6	4	0	0	0	0	0	0	0
be3c84b02c0a96f00eb22a4da7ed1f36	0	0	0	0	0	0	0	0	0	0	0	0	0	0	0	0	0	0	0	1	0	0	0	5	0	0	6	0	0	1
601015ddae8174ae8a29575e32860df3	0	0	0	0	0	0	0	0	0	0	0	0	0	0	0	0	0	0	0	1	0	3	5	0	0	0	0	0	0	1
e3e3eb6edb6b752aedfab2befb73534b	0	0	0	0	0	0	0	0	0	0	0	0	0	0	0	0	0	0	0	1	0	1	0	3	0	0	20	1	0	19
8f8786805b970068d37671ff71f4a1b1	0	0	0	0	0	0	0	0	0	0	0	0	0	0	0	0	0	0	0	1	0	2	19	0	0	0	0	0	0	0
2c1fd4c325a7baf520a13bde35211440	0	0	0	0	0	0	0	0	0	0	0	0	0	0	0	0	0	0	0	1	0	0	3	3	0	0	2	1	0	4
9f06a7b11db16013f28b11686da45a9d	0	0	0	0	0	0	0	0	0	0	0	0	0	0	0	0	0	0	0	1	0	0	0	9	0	0	0	0	0	0
eee59d4699cbf2a6c11a58d9007cf44e	0	0	0	0	0	0	0	0	0	0	0	0	0	0	0	0	0	0	0	1	0	16	2	0	0	0	0	0	0	0
62e3caaf1e4ad68e08eba54ad234e898	0	0	0	0	0	0	0	0	0	0	0	0	0	0	0	0	0	0	0	1	0	3	2	0	0	0	0	0	9	0
f5b925ea99fc9cb03255faa593f4e8ab	0	0	0	0	0	0	0	0	0	0	0	0	0	0	0	0	0	0	0	1	0	0	1	0	0	0	8	0	0	1
ca969d2d7d99c2eb01259ef3ae96ea01	0	0	0	0	0	0	0	0	0	0	0	0	0	0	0	0	0	0	0	1	0	0	1	0	0	0	4	0	0	5
15ea44ed20c57753f7bff8e9a3c415f8	0	0	0	0	0	0	0	0	0	0	0	0	0	0	0	0	0	0	0	1	0	0	0	12	0	0	6	2	0	2
a8f273a4c0fb98762583f02480a69437	0	0	0	0	0	0	0	0	0	0	0	0	0	0	0	0	0	0	0	1	0	5	9	0	0	0	0	0	0	0
45a53072d359e0a661179fda02a53dc9	0	0	0	0	0	0	0	0	0	0	0	0	0	0	0	0	0	0	0	0	82	0	0	3	0	0	0	3	0	0
f33a6c8ba9c2b02b83800d50fd54a32a	0	0	0	0	0	0	0	0	0	0	0	0	0	0	0	0	0	0	0	0	40	0	0	0	0	0	0	0	2	0
b5a31c0da77e9afe2a65340ef27ff75f	0	0	0	0	0	0	0	0	0	0	0	0	0	0	0	0	0	0	0	0	32	0	0	0	0	0	0	0	0	0
791505e29291bb1c297ada48db4ae50a	0	0	0	0	0	0	0	0	0	0	0	0	0	0	0	0	0	0	0	0	25	0	0	0	0	0	0	0	0	2
8998e87d7412924d081b3e6a3ad3781e	0	0	0	0	0	0	0	0	0	0	0	0	0	0	0	0	0	0	0	0	24	0	0	0	0	0	0	0	0	5
819b22a09bbcf55619dcb2228961c074	0	0	0	0	0	0	0	0	0	0	0	0	0	0	0	0	0	0	0	0	18	0	0	0	0	0	0	1	0	1
5bcff8d4a820caf470b8b562d6367073	0	0	0	0	0	0	0	0	0	0	0	0	0	0	0	0	0	0	0	0	17	0	0	1	0	0	0	0	0	1
e43441e131c89dfec64161e6253f79e1	0	0	0	0	0	0	0	0	0	0	0	0	0	0	0	0	0	0	0	0	17	0	0	2	0	0	1	0	0	0
470a656abd66f4d5bf9ca6ba60b1120c	0	0	0	0	0	0	0	0	0	0	0	0	0	0	0	0	0	0	0	0	13	0	0	0	0	0	2	0	0	0
eddc181e5e517a1bdd660b33705a7394	0	0	0	0	0	0	0	0	0	0	0	0	0	0	0	0	0	0	0	0	13	0	0	0	0	0	0	0	0	0
57d503ea94311b84d0a2e05a13056113	0	0	0	0	0	0	0	0	0	0	0	0	0	0	0	0	0	0	0	0	13	0	0	0	0	0	0	0	0	1
850c54ab71eed6bb7a901796de20af58	0	0	0	0	0	0	0	0	0	0	0	0	0	0	0	0	0	0	0	0	13	0	0	0	0	0	0	1	0	0
365a5847666cbbe040e55ad01dd047f8	0	0	0	0	0	0	0	0	0	0	0	0	0	0	0	0	0	0	0	0	13	0	0	0	0	0	1	0	0	0
6c024f1c48cc97f967d42034c88a72ac	0	0	0	0	0	0	0	0	0	0	0	0	0	0	0	0	0	0	0	0	12	0	0	0	0	0	0	0	0	0
b171d6c80ac342e41bf0b8f95e41b6a8	0	0	0	0	0	0	0	0	0	0	0	0	0	0	0	0	0	0	0	0	11	0	0	0	0	0	0	0	0	0
d9355667b916e95985440904c093c81e	0	0	0	0	0	0	0	0	0	0	0	0	0	0	0	0	0	0	0	0	11	0	0	1	0	0	0	0	0	0
88f8c97ee54b950c40a943de9ab06998	0	0	0	0	0	0	0	0	0	0	0	0	0	0	0	0	0	0	0	0	11	0	0	0	0	0	0	0	0	0
9c3ee5931a8db0a3dd81072f6601040a	0	0	0	0	0	0	0	0	0	0	0	0	0	0	0	0	0	0	0	0	10	0	0	0	0	0	0	0	0	0
1776bcd3c7b9595e4469ad4313fd9586	0	0	0	0	0	0	0	0	0	0	0	0	0	0	0	0	0	0	0	0	10	0	0	0	0	0	0	0	0	0
ea02b89062d526b27aac4e7d55e72561	0	0	0	0	0	0	0	0	0	0	0	0	0	0	0	0	0	0	0	0	10	0	0	0	0	0	14	0	0	14
c069681367d82f29aabafcad6852bc18	0	0	0	0	0	0	0	0	0	0	0	0	0	0	0	0	0	0	0	0	9	0	0	0	0	0	0	1	0	3
d37ae15eb65f394c794e80784a90909f	0	0	0	0	0	0	0	0	0	0	0	0	0	0	0	0	0	0	0	0	9	0	0	4	0	0	0	0	0	0
73260d9896d55fa2f9fad32af9a4f4ce	0	0	0	0	0	0	0	0	0	0	0	0	0	0	0	0	0	0	0	0	8	0	0	3	0	0	1	0	6	0
e4f6c23f6fce63d3d5ea5af0a6f87fd1	0	0	0	0	0	0	0	0	0	0	0	0	0	0	0	0	0	0	0	0	8	0	0	8	0	0	0	15	0	4
a9dd540e7b815ac0a1114dccba0b7427	0	0	0	0	0	0	0	0	0	0	0	0	0	0	0	0	0	0	0	0	8	0	0	2	0	0	2	1	12	13
9d6e6ffe0c37308cd8d06553d5db746e	0	0	0	0	0	0	0	0	0	0	0	0	0	0	0	0	0	0	0	0	6	0	0	1	0	0	2	0	0	3
1bc9fdd569cab65d636ad5aae2cf196b	0	0	0	0	0	0	0	0	0	0	0	0	0	0	0	0	0	0	0	0	6	0	0	0	0	0	2	0	7	0
d741109a999a2462b17fa70f738284fc	0	0	0	0	0	0	0	0	0	0	0	0	0	0	0	0	0	0	0	0	5	0	0	2	0	98	0	0	0	0
101976a68e3d3cfad45d1866d5f0bafa	0	0	0	0	0	0	0	0	0	0	0	0	0	0	0	0	0	0	0	0	5	0	1	0	0	0	14	0	0	6
d4c0a71292ca24f054f7732b39ac5ed3	0	0	0	0	0	0	0	0	0	0	0	0	0	0	0	0	0	0	0	0	5	0	0	0	0	0	3	0	0	3
a3d233abda0eb5447b7802b88fa02335	0	0	0	0	0	0	0	0	0	0	0	0	0	0	0	0	0	0	0	0	5	0	0	3	0	0	1	3	0	0
001eb2f6938d229a492ab9fd1d7f4117	0	0	0	0	0	0	0	0	0	0	0	0	0	0	0	0	0	0	0	0	5	0	0	5	0	0	4	3	0	3
53f8228a03824898983f9e418dd4a19b	0	0	0	0	0	0	0	0	0	0	0	0	0	0	0	0	0	0	0	0	5	0	0	1	0	0	0	0	3	4
f25c9591dc7bf167cb6b70eb63c9d5ef	0	0	0	0	0	0	0	0	0	0	0	0	0	0	0	0	0	0	0	0	5	0	0	6	0	0	0	3	0	0
17115c33b50f97f8d8d751187ac7398d	0	0	0	0	0	0	0	0	0	0	0	0	0	0	0	0	0	0	0	0	4	0	0	0	0	0	3	0	2	3
4cc9c9dcde7b406bfa66518173c50de2	0	0	0	0	0	0	0	0	0	0	0	0	0	0	0	0	0	0	0	0	4	0	0	3	2	0	1	1	5	8
a4ebcbf4cd8f2f508023cb65e25df41b	0	0	0	0	0	0	0	0	0	0	0	0	0	0	0	0	0	0	0	0	4	0	0	7	0	0	0	10	0	0
e69767bdc8e775055c05ddbac19c790b	0	0	0	0	0	0	0	0	0	0	0	0	0	0	0	0	0	0	0	0	4	0	0	3	0	0	1	0	3	1
6d0d08c3b709aae9760351a8ebc880bc	0	0	0	0	0	0	0	0	0	0	0	0	0	0	0	0	0	0	0	0	4	0	0	3	0	0	0	0	0	4
6b8e9e5b8cbd4eaaf4b1bbf335da1615	0	0	0	0	0	0	0	0	0	0	0	0	0	0	0	0	0	0	0	0	4	0	0	1	0	0	2	0	7	0
342ad133c333122ff3b0cd84a2d0015b	0	0	0	0	0	0	0	0	0	0	0	0	0	0	0	0	0	0	0	0	4	0	0	0	0	0	0	5	0	1
7046bdf6e2fc10ebd5faef250a922cb8	0	0	0	0	0	0	0	0	0	0	0	0	0	0	0	0	0	0	0	0	4	0	0	0	0	0	3	4	0	0
ec75d0322b3b3a52429299bf2eb81cbe	0	0	0	0	0	0	0	0	0	0	0	0	0	0	0	0	0	0	0	0	4	0	0	0	0	3	4	0	4	0
5dae68328e694a3460ec5a530e2722b7	0	0	0	0	0	0	0	0	0	0	0	0	0	0	0	0	0	0	0	0	4	0	0	0	0	0	1	3	0	4
8b1e962fbd3b9ba81bd69b93176db8f6	0	0	0	0	0	0	0	0	0	0	0	0	0	0	0	0	0	0	0	0	4	0	0	6	0	0	0	0	0	0
1d6aa0bbc366b39ce78ccb5ea98b9a5f	0	0	0	0	0	0	0	0	0	0	0	0	0	0	0	0	0	0	0	0	4	0	0	2	0	0	11	1	0	8
32d3ef81124757bbe920d2e4ec6a420d	0	0	0	0	0	0	0	0	0	0	0	0	0	0	0	0	0	0	0	0	3	0	0	6	0	0	0	6	0	0
0a150a05835a095875a0e8a2d80b1b79	0	0	0	0	0	0	0	0	0	0	0	0	0	0	0	0	0	0	0	0	3	0	0	7	0	0	3	3	0	0
2126e628e03337657b3f1dab5836f73b	0	0	0	0	0	0	0	0	0	0	0	0	0	0	0	0	0	0	0	0	3	0	0	4	0	1	2	0	0	2
1651f23a291eb055c7881cf97da45086	0	0	0	0	0	0	0	0	0	0	0	0	0	0	0	0	0	0	0	0	3	0	0	1	0	0	0	6	0	0
06b9d58ea23eef902fdebc08dd32231b	0	0	0	0	0	0	0	0	0	0	0	0	0	0	0	0	0	0	0	0	3	0	0	0	0	0	3	0	2	6
c359bba9ca2b55d990c0c9779efe4fdb	0	0	0	0	0	0	0	0	0	0	0	0	0	0	0	0	0	0	0	0	3	0	0	0	0	0	0	1	5	6
c6df0cf3c8d8aeb953d4f6c165693d06	0	0	0	0	0	0	0	0	0	0	0	0	0	0	0	0	0	0	0	0	3	0	0	1	0	0	23	0	73	20
1c602c073a74b4729f46c30780c0a1bf	0	0	0	0	0	0	0	0	0	0	0	0	0	0	0	0	0	0	0	0	3	0	0	0	0	0	1	4	0	2
b87767eae94efe73c0fe1bf78f8db4aa	0	0	0	0	0	0	0	0	0	0	0	0	0	0	0	0	0	0	0	0	3	0	0	5	0	0	6	0	3	15
67443a580eada2ae05ed35972ec25679	0	0	0	0	0	0	0	0	0	0	0	0	0	0	0	0	0	0	0	0	3	0	0	4	1	0	0	4	1	3
5224125f13af033eca47b421e9ec6a39	0	0	0	0	0	0	0	0	0	0	0	0	0	0	0	0	0	0	0	0	3	0	0	0	0	0	0	2	2	6
2b19012c7fdec5545e53ef5488899028	0	0	0	0	0	0	0	0	0	0	0	0	0	0	0	0	0	0	0	0	3	0	0	0	0	0	0	0	8	2
4b906a5b58787f575581b3353cae57e3	0	0	0	0	0	0	0	0	0	0	0	0	0	0	0	0	0	0	0	0	3	0	0	0	0	0	0	0	6	2
df5701c8948eefb28bf470a40a4897b0	0	0	0	0	0	0	0	0	0	0	0	0	0	0	0	0	0	0	0	0	3	0	0	1	0	0	1	0	6	5
1bed0191aa01292696363523b374d4ab	0	0	0	0	0	0	0	0	0	0	0	0	0	0	0	0	0	0	0	0	3	0	0	0	0	0	4	1	1	1
65bc847f1059b3d445d116c2e904f8d0	0	0	0	0	0	0	0	0	0	0	0	0	0	0	0	0	0	0	0	0	3	0	0	0	0	0	0	0	25	0
8e07c10c9874951773adea861a74b6d3	0	0	0	0	0	0	0	0	0	0	0	0	0	0	0	0	0	0	0	0	2	0	0	0	0	0	16	0	0	52
56283359bb46ed7557877befbdca7ba1	0	0	0	0	0	0	0	0	0	0	0	0	0	0	0	0	0	0	0	0	2	0	0	0	0	0	1	0	0	17
f602b76e62cd62d31864aa5015f3f4b2	0	0	0	0	0	0	0	0	0	0	0	0	0	0	0	0	0	0	0	0	2	0	0	0	0	0	1	0	0	8
b55612a3f83ab7f27dcec3ffae4a7afb	0	0	0	0	0	0	0	0	0	0	0	0	0	0	0	0	0	0	0	0	2	0	0	0	0	0	0	0	8	0
576b000991e2e8649010aecdf02c27fa	0	0	0	0	0	0	0	0	0	0	0	0	0	0	0	0	0	0	0	0	2	0	0	1	0	0	6	0	0	3
360db9498476a49028033c73e5642f1a	0	0	0	0	0	0	0	0	0	0	0	0	0	0	0	0	0	0	0	0	2	0	0	2	0	0	2	3	0	2
b92e3ef75fce3c95368dc2acaafefc2f	0	0	0	0	0	0	0	0	0	0	0	0	0	0	0	0	0	0	0	0	2	0	0	0	0	0	0	10	0	0
509dd47d6707d24b1fed20249c8e4dea	0	0	0	0	0	0	0	0	0	0	0	0	0	0	0	0	0	0	0	0	2	0	0	0	0	0	0	0	11	1
00dde4b62b2fb82fd9473f52deaa17e0	0	0	0	0	0	0	0	0	0	0	0	0	0	0	0	0	0	0	0	0	2	0	0	0	0	0	0	0	9	0
b84a74a4e3e385dac0cd20e34e178492	0	0	0	0	0	0	0	0	0	0	0	0	0	0	0	0	0	0	0	0	2	0	0	8	0	0	2	0	1	1
23fedf696cb61e9f72b756625452b954	0	0	0	0	0	0	0	0	0	0	0	0	0	0	0	0	0	0	0	0	2	0	0	7	5	0	10	3	0	5
6742ebc3b882c309dc3bbef5d34fc3dd	0	0	0	0	0	0	0	0	0	0	0	0	0	0	0	0	0	0	0	0	2	0	0	0	0	0	3	0	5	1
970b2600c318dd3d1d74556703d97573	0	0	0	0	0	0	0	0	0	0	0	0	0	0	0	0	0	0	0	0	2	0	0	0	0	0	2	0	6	1
e3f21a235ecf233f809bcde2fcb1f6db	0	0	0	0	0	0	0	0	0	0	0	0	0	0	0	0	0	0	0	0	2	0	0	13	0	0	0	0	0	0
5d3a7c7254e40482c309dd7581c7ce63	0	0	0	0	0	0	0	0	0	0	0	0	0	0	0	0	0	0	0	0	2	0	0	10	0	0	5	3	1	2
231d7b27919cc32f909d0639ee625e12	0	0	0	0	0	0	0	0	0	0	0	0	0	0	0	0	0	0	0	0	2	0	0	1	0	0	5	2	0	5
3785fb2a545a29b2ae7dc12a285f0bc9	0	0	0	0	0	0	0	0	0	0	0	0	0	0	0	0	0	0	0	0	2	0	1	9	0	0	5	10	0	2
7e7937d406bda5261a0f74a6bc68668b	0	0	0	0	0	0	0	0	0	0	0	0	0	0	0	0	0	0	0	0	2	0	0	0	0	0	13	0	0	4
58ed03fe8446a1f05b7e914c0b8a20a6	0	0	0	0	0	0	0	0	0	0	0	0	0	0	0	0	0	0	0	0	2	0	0	0	0	0	19	0	3	18
5a21661910d29438db9d6bc74434f250	0	0	0	0	0	0	0	0	0	0	0	0	0	0	0	0	0	0	0	0	2	0	0	0	0	0	0	9	0	0
22ad47a62940c4f926ef64b5e3561f6c	0	0	0	0	0	0	0	0	0	0	0	0	0	0	0	0	0	0	0	0	2	0	0	3	0	0	4	0	0	3
b41cfd3596896b6476ea60131ae8f34f	0	0	0	0	0	0	0	0	0	0	0	0	0	0	0	0	0	0	0	0	2	0	0	0	9	0	2	0	1	1
b4942c05e90a75df10f60191b78eb671	0	0	0	0	0	0	0	0	0	0	0	0	0	0	0	0	0	0	0	0	2	0	0	0	0	0	4	2	0	7
56ec95f8e15687e916575ea5bd2cde08	0	0	0	0	0	0	0	0	0	0	0	0	0	0	0	0	0	0	0	0	2	0	0	2	0	0	25	0	0	13
b07d18488dbc9325e5765bc35d3ba33d	0	0	0	0	0	0	0	0	0	0	0	0	0	0	0	0	0	0	0	0	2	0	0	0	0	0	0	0	7	1
d29713492b6413ecc33182e5ee1e3e28	0	0	0	0	0	0	0	0	0	0	0	0	0	0	0	0	0	0	0	0	1	0	0	0	16	0	0	0	0	6
fa594b13126acb022fe57730bebf2f57	0	0	0	0	0	0	0	0	0	0	0	0	0	0	0	0	0	0	0	0	1	0	0	9	0	0	0	3	0	0
a48edb309495108325eb9aebcaaf3913	0	0	0	0	0	0	0	0	0	0	0	0	0	0	0	0	0	0	0	0	1	0	0	2	0	0	0	1	0	6
816ceb05a249bb0418e37f642bb3cc01	0	0	0	0	0	0	0	0	0	0	0	0	0	0	0	0	0	0	0	0	1	0	0	0	0	1	8	0	0	0
a71b9fafc02cfcd0bf63681f5268f5e6	0	0	0	0	0	0	0	0	0	0	0	0	0	0	0	0	0	0	0	0	1	0	0	2	0	0	12	0	0	2
6b07a802df508ddc4a9eb6009d1454d2	0	0	0	0	0	0	0	0	0	0	0	0	0	0	0	0	0	0	0	0	1	0	0	0	0	0	4	0	22	41
0a0d5ee577bf9767a6242644cce4a573	0	0	0	0	0	0	0	0	0	0	0	0	0	0	0	0	0	0	0	0	1	0	0	0	0	0	12	0	0	0
35969fade6d77b885a760e3857ca15cc	0	0	0	0	0	0	0	0	0	0	0	0	0	0	0	0	0	0	0	0	1	0	0	0	0	0	18	0	0	10
f82fa61ccf79b98ccffafb6c9e0ffc0c	0	0	0	0	0	0	0	0	0	0	0	0	0	0	0	0	0	0	0	0	1	0	0	2	0	0	3	3	2	3
4ae8b450260591c68bffb2765a9a8ca8	0	0	0	0	0	0	0	0	0	0	0	0	0	0	0	0	0	0	0	0	1	0	0	0	0	0	2	0	15	11
3b6f28ba81fa7933ade5351f1630739d	0	0	0	0	0	0	0	0	0	0	0	0	0	0	0	0	0	0	0	0	1	0	0	0	20	12	0	1	0	0
9070b2aff58fece47a9aeb0d77c39c7d	0	0	0	0	0	0	0	0	0	0	0	0	0	0	0	0	0	0	0	0	1	0	0	0	0	0	0	0	5	8
d48ad35514e0906e4defc52ca7c6ceda	0	0	0	0	0	0	0	0	0	0	0	0	0	0	0	0	0	0	0	0	1	0	0	0	0	0	5	0	3	2
4ed8d6141d50dd9f2b40cc77abf0271c	0	0	0	0	0	0	0	0	0	0	0	0	0	0	0	0	0	0	0	0	1	0	0	0	0	0	5	2	0	9
976e97741fdbbd5b6c08be6f9c4d31b3	0	0	0	0	0	0	0	0	0	0	0	0	0	0	0	0	0	0	0	0	1	0	0	3	1	0	0	5	4	0
563194eb41ac06040e399730e7bb0ef9	0	0	0	0	0	0	0	0	0	0	0	0	0	0	0	0	0	0	0	0	1	0	0	0	0	0	4	0	5	3
958c1d6b3ea80eb5bd1e6cc8dfcbd16c	0	0	0	0	0	0	0	0	0	0	0	0	0	0	0	0	0	0	0	0	1	0	0	0	0	0	4	4	0	3
6df13a8c61f6546b4e4ec2a6a7551bb7	0	0	0	0	0	0	0	0	0	0	0	0	0	0	0	0	0	0	0	0	1	0	1	1	0	0	11	0	0	2
d597ecf6229ed5cf980ca74db1997b64	0	0	0	0	0	0	0	0	0	0	0	0	0	0	0	0	0	0	0	0	1	0	0	0	0	0	0	0	9	0
6ff0ebb06267b458c3c71eb5aca33e07	0	0	0	0	0	0	0	0	0	0	0	0	0	0	0	0	0	0	0	0	1	0	0	16	0	0	0	0	0	0
440f40697fb9176946c90987d0c0e897	0	0	0	0	0	0	0	0	0	0	0	0	0	0	0	0	0	0	0	0	1	0	0	6	0	0	5	9	0	0
a63cfe24027ab8e8377bfd89aa37b336	0	0	0	0	0	0	0	0	0	0	0	0	0	0	0	0	0	0	0	0	1	0	0	9	0	0	0	5	0	0
bbee9773fbf8a5559498fc4a802c6bb5	0	0	0	0	0	0	0	0	0	0	0	0	0	0	0	0	0	0	0	0	1	0	0	11	0	0	0	1	0	0
04b4d031b118366805976168fc208d66	0	0	0	0	0	0	0	0	0	0	0	0	0	0	0	0	0	0	0	0	1	0	0	0	0	0	8	0	2	7
55652eeff7565d2396d60c82fb1b0f61	0	0	0	0	0	0	0	0	0	0	0	0	0	0	0	0	0	0	0	0	1	0	0	0	0	0	2	0	10	1
2e62cd28698a238ef42165e02e5c7866	0	0	0	0	0	0	0	0	0	0	0	0	0	0	0	0	0	0	0	0	1	0	0	2	0	0	21	0	0	0
b1e626b39181ff3e8a8e35385928f8da	0	0	0	0	0	0	0	0	0	0	0	0	0	0	0	0	0	0	0	0	1	0	0	4	0	0	5	2	0	0
c5dd7746bb7d8776788f36571bc23d8d	0	0	0	0	0	0	0	0	0	0	0	0	0	0	0	0	0	0	0	0	1	0	0	4	0	0	1	3	0	2
14915241ee744a10d18624ba306e1d47	0	0	0	0	0	0	0	0	0	0	0	0	0	0	0	0	0	0	0	0	1	0	0	0	0	502	0	0	0	0
5519cf884724131769a81afa983c900a	0	0	0	0	0	0	0	0	0	0	0	0	0	0	0	0	0	0	0	0	1	0	0	6	0	0	4	4	0	5
064376fbb7d98121fa1a90dcd9469d64	0	0	0	0	0	0	0	0	0	0	0	0	0	0	0	0	0	0	0	0	1	0	0	8	0	0	0	1	0	0
d2cbea8de6e563c78a32b98ff339d925	0	0	0	0	0	0	0	0	0	0	0	0	0	0	0	0	0	0	0	0	1	0	0	18	0	0	7	9	0	6
d14ef1a6cb4e68607bb2a9741958c13b	0	0	0	0	0	0	0	0	0	0	0	0	0	0	0	0	0	0	0	0	1	0	0	1	0	0	1	4	0	3
0b84da8f60ed27a4d396aca8f13d7f4f	0	0	0	0	0	0	0	0	0	0	0	0	0	0	0	0	0	0	0	0	1	0	0	1	0	0	4	0	0	5
40d3d2da9e9dcf760cbca3f0f94edce5	0	0	0	0	0	0	0	0	0	0	0	0	0	0	0	0	0	0	0	0	0	42	0	0	0	0	0	0	7	19
e05a5d9e5df46df0977fe471c9de723a	0	0	0	0	0	0	0	0	0	0	0	0	0	0	0	0	0	0	0	0	0	28	14	0	0	0	0	0	0	0
8e3ed5ba45fcbae4f774fbe5ec320d6f	0	0	0	0	0	0	0	0	0	0	0	0	0	0	0	0	0	0	0	0	0	25	0	0	0	0	0	0	0	0
b1e205d559c9b0ef71b8f57a86d4d935	0	0	0	0	0	0	0	0	0	0	0	0	0	0	0	0	0	0	0	0	0	23	4	0	0	0	0	0	0	0
037001dda678e5b15e1d6c9632a38fa7	0	0	0	0	0	0	0	0	0	0	0	0	0	0	0	0	0	0	0	0	0	19	0	0	0	0	0	0	0	0
a666085c047f89b7bf815041b6282fa7	0	0	0	0	0	0	0	0	0	0	0	0	0	0	0	0	0	0	0	0	0	18	0	0	0	0	0	0	0	0
4dd0e084fcfd687dda8aec180b583a04	0	0	0	0	0	0	0	0	0	0	0	0	0	0	0	0	0	0	0	0	0	15	0	0	0	0	0	0	0	0
d02d4121fabfbc8485885ca6a8f2713a	0	0	0	0	0	0	0	0	0	0	0	0	0	0	0	0	0	0	0	0	0	15	0	0	0	0	0	0	0	0
f0fe8705ec01e1e0fa208ccea1d8efbf	0	0	0	0	0	0	0	0	0	0	0	0	0	0	0	0	0	0	0	0	0	14	0	0	0	0	0	0	0	1
667c2097238deb2c1da078b39db1a0d2	0	0	0	0	0	0	0	0	0	0	0	0	0	0	0	0	0	0	0	0	0	13	3	0	0	0	0	0	0	0
802a93549ab9cb44c3c8dd3792934bf6	0	0	0	0	0	0	0	0	0	0	0	0	0	0	0	0	0	0	0	0	0	12	0	0	0	0	0	0	0	0
27d072a83a38169f33b2875af84967d4	0	0	0	0	0	0	0	0	0	0	0	0	0	0	0	0	0	0	0	0	0	12	0	0	0	0	0	0	0	0
2a81a8e78c081ee9264f765434b4b0c0	0	0	0	0	0	0	0	0	0	0	0	0	0	0	0	0	0	0	0	0	0	11	4	0	0	0	0	0	0	0
39f79c21c5c93b8abf8d7fe45f73e10c	0	0	0	0	0	0	0	0	0	0	0	0	0	0	0	0	0	0	0	0	0	10	0	0	0	0	0	0	0	0
3248fb33a3d4e46d3ee6ed03646d87bc	0	0	0	0	0	0	0	0	0	0	0	0	0	0	0	0	0	0	0	0	0	10	0	0	0	0	0	0	0	0
183e72dfc6ff90c626c0241c8a78ea64	0	0	0	0	0	0	0	0	0	0	0	0	0	0	0	0	0	0	0	0	0	10	0	0	0	0	0	0	0	0
765914b92b7d5ea2da16ed5a06cbbd5a	0	0	0	0	0	0	0	0	0	0	0	0	0	0	0	0	0	0	0	0	0	10	20	0	0	0	1	1	0	2
61657076ddf231aa5dfd6d9f95618f4e	0	0	0	0	0	0	0	0	0	0	0	0	0	0	0	0	0	0	0	0	0	9	3	0	0	0	0	0	0	0
72bb42065121b911003425582308f0f5	0	0	0	0	0	0	0	0	0	0	0	0	0	0	0	0	0	0	0	0	0	7	3	0	0	0	0	0	0	0
fd6d8d738a1ad932fa9c9d48ea02ecd5	0	0	0	0	0	0	0	0	0	0	0	0	0	0	0	0	0	0	0	0	0	7	11	1	0	0	0	0	0	0
60814a2685939943533ce16d096891ea	0	0	0	0	0	0	0	0	0	0	0	0	0	0	0	0	0	0	0	0	0	7	9	0	0	0	0	0	0	0
e9ddb4525e9ac688e71011da0a256534	0	0	0	0	0	0	0	0	0	0	0	0	0	0	0	0	0	0	0	0	0	6	63	4	0	0	6	4	0	0
447ced7f36e0238a4b5cb56afc938ab2	0	0	0	0	0	0	0	0	0	0	0	0	0	0	0	0	0	0	0	0	0	6	7	0	0	0	0	0	2	0
6fbfcb1cd9795f00ec65ca020d24b0f6	0	0	0	0	0	0	0	0	0	0	0	0	0	0	0	0	0	0	0	0	0	6	8	0	0	0	0	0	0	0
ed1ea599ee76469516d02458662c1ce0	0	0	0	0	0	0	0	0	0	0	0	0	0	0	0	0	0	0	0	0	0	6	5	0	0	0	0	0	0	0
67d969c7c39a930c0f2c83ae57045d05	0	0	0	0	0	0	0	0	0	0	0	0	0	0	0	0	0	0	0	0	0	6	24	0	0	0	0	0	0	1
772e77b03485bdfc4b9d0e422a37a282	0	0	0	0	0	0	0	0	0	0	0	0	0	0	0	0	0	0	0	0	0	5	0	0	0	0	1	0	3	1
9fb0dc9e69117c232e8016d04d678524	0	0	0	0	0	0	0	0	0	0	0	0	0	0	0	0	0	0	0	0	0	5	14	19	0	0	0	0	0	0
6b45f85f4ea1a5226a8a1f752c9ce440	0	0	0	0	0	0	0	0	0	0	0	0	0	0	0	0	0	0	0	0	0	4	12	0	0	0	0	0	0	0
6a4da7326d8be5870a058e95912daa46	0	0	0	0	0	0	0	0	0	0	0	0	0	0	0	0	0	0	0	0	0	4	31	0	0	0	0	0	0	0
4b065b2fe690ebc624713c2099b8e186	0	0	0	0	0	0	0	0	0	0	0	0	0	0	0	0	0	0	0	0	0	3	8	0	0	0	0	0	0	0
c6aa933257e02e74e9f66995cb7c8e52	0	0	0	0	0	0	0	0	0	0	0	0	0	0	0	0	0	0	0	0	0	3	5	1	0	0	1	2	0	0
79cc44b44c3dbafe7382cf71f8237269	0	0	0	0	0	0	0	0	0	0	0	0	0	0	0	0	0	0	0	0	0	2	8	0	0	0	0	0	1	0
c44f0095d11ce10159cb8c3f72fd29a7	0	0	0	0	0	0	0	0	0	0	0	0	0	0	0	0	0	0	0	0	0	2	13	0	0	0	0	0	0	0
ca7ef448d3e43f23049696a73d086c05	0	0	0	0	0	0	0	0	0	0	0	0	0	0	0	0	0	0	0	0	0	2	24	0	0	0	0	0	0	0
86c69d88093ccf2ee36f4e04f1203c34	0	0	0	0	0	0	0	0	0	0	0	0	0	0	0	0	0	0	0	0	0	2	7	0	0	0	1	0	0	0
f89dc9ee08d8f0951c2c8aecae12b34a	0	0	0	0	0	0	0	0	0	0	0	0	0	0	0	0	0	0	0	0	0	2	22	0	0	0	0	0	0	0
d383379454b0aa53292dd151fd8be865	0	0	0	0	0	0	0	0	0	0	0	0	0	0	0	0	0	0	0	0	0	2	28	1	0	0	3	0	0	0
bf412d4c0b1c10e996b21ef6198d6a1b	0	0	0	0	0	0	0	0	0	0	0	0	0	0	0	0	0	0	0	0	0	2	7	0	0	0	3	0	0	1
0a5166c3b9e8fd47f83aad6a752ae852	0	0	0	0	0	0	0	0	0	0	0	0	0	0	0	0	0	0	0	0	0	2	15	0	0	0	0	0	0	0
975e13a30529e806b0bbc148c29b0af6	0	0	0	0	0	0	0	0	0	0	0	0	0	0	0	0	0	0	0	0	0	1	10	0	0	0	0	0	0	0
37a7081ede73a30ea02be7b8be24fc9f	0	0	0	0	0	0	0	0	0	0	0	0	0	0	0	0	0	0	0	0	0	1	0	9	0	0	0	2	0	0
39314c2ace4e27a82164ead41b217966	0	0	0	0	0	0	0	0	0	0	0	0	0	0	0	0	0	0	0	0	0	1	10	4	0	0	2	0	0	0
86e53608d971ba6fcd60dd33ca036115	0	0	0	0	0	0	0	0	0	0	0	0	0	0	0	0	0	0	0	0	0	1	10	0	0	0	0	0	0	0
1dd9b1d2be16370f64816ab8590d3f94	0	0	0	0	0	0	0	0	0	0	0	0	0	0	0	0	0	0	0	0	0	1	0	6	0	0	0	3	0	1
1d1ef2e4d402f0bc62ceca0b178f8aea	0	0	0	0	0	0	0	0	0	0	0	0	0	0	0	0	0	0	0	0	0	1	19	0	0	0	0	0	0	0
138fe33e90b67e9114429345e7dfe8df	0	0	0	0	0	0	0	0	0	0	0	0	0	0	0	0	0	0	0	0	0	1	10	0	0	0	0	0	0	0
9eded93530ef11d93fd21ccf6ee833d7	0	0	0	0	0	0	0	0	0	0	0	0	0	0	0	0	0	0	0	0	0	1	0	3	0	0	4	0	0	2
abcbf1a996848927e992e57dfe5da792	0	0	0	0	0	0	0	0	0	0	0	0	0	0	0	0	0	0	0	0	0	1	11	0	0	0	0	0	1	0
2605961d7f69e5821f482ecce2870ea6	0	0	0	0	0	0	0	0	0	0	0	0	0	0	0	0	0	0	0	0	0	1	0	3	0	0	3	2	0	2
53fae41d3abe18b077f835a078d91a14	0	0	0	0	0	0	0	0	0	0	0	0	0	0	0	0	0	0	0	0	0	1	0	14	0	0	0	7	0	0
01075170ea5740b1da6a2a839dc38c74	0	0	0	0	0	0	0	0	0	0	0	0	0	0	0	0	0	0	0	0	0	0	67	0	0	0	0	0	0	0
9db726c949b37c8125287d783f38a98f	0	0	0	0	0	0	0	0	0	0	0	0	0	0	0	0	0	0	0	0	0	0	52	0	0	0	0	0	0	0
ecffa68ee688f5b6de9c43c8395cd8ca	0	0	0	0	0	0	0	0	0	0	0	0	0	0	0	0	0	0	0	0	0	0	44	0	0	0	0	0	0	0
701f53d02e5b4b224acd03c1b38109a0	0	0	0	0	0	0	0	0	0	0	0	0	0	0	0	0	0	0	0	0	0	0	39	0	0	0	0	0	0	0
a2e0bb4282c29a2fd92f655e70f5461a	0	0	0	0	0	0	0	0	0	0	0	0	0	0	0	0	0	0	0	0	0	0	38	0	0	0	0	0	0	0
468c140015989140d01b97bb448394af	0	0	0	0	0	0	0	0	0	0	0	0	0	0	0	0	0	0	0	0	0	0	36	0	0	0	0	0	0	0
9846beea41954d407daca5aa873b413f	0	0	0	0	0	0	0	0	0	0	0	0	0	0	0	0	0	0	0	0	0	0	31	0	0	0	0	0	0	0
e975fb09d72f4f48f1900be0577bec42	0	0	0	0	0	0	0	0	0	0	0	0	0	0	0	0	0	0	0	0	0	0	29	0	0	0	0	0	0	0
d72e686eca983b71c96fb55ac1a4b30e	0	0	0	0	0	0	0	0	0	0	0	0	0	0	0	0	0	0	0	0	0	0	26	0	0	0	0	0	0	0
35d54f826f29b8d513170987c2512a39	0	0	0	0	0	0	0	0	0	0	0	0	0	0	0	0	0	0	0	0	0	0	26	0	0	0	0	0	0	0
e55f2ef616cc066c2694664879e47bf7	0	0	0	0	0	0	0	0	0	0	0	0	0	0	0	0	0	0	0	0	0	0	25	1	0	0	0	0	0	0
49a71a406d0c2d3fa97b53e532944578	0	0	0	0	0	0	0	0	0	0	0	0	0	0	0	0	0	0	0	0	0	0	24	0	0	0	0	0	0	0
11405025f080334257e3442b16c2cb86	0	0	0	0	0	0	0	0	0	0	0	0	0	0	0	0	0	0	0	0	0	0	23	0	0	0	0	0	0	0
ca04c2ba6c73f07a8cc0648e2873e186	0	0	0	0	0	0	0	0	0	0	0	0	0	0	0	0	0	0	0	0	0	0	23	0	0	0	0	0	0	0
438016324c037edc9c3a47262956850c	0	0	0	0	0	0	0	0	0	0	0	0	0	0	0	0	0	0	0	0	0	0	20	0	0	0	0	0	0	0
f29ebb16440551c955f3831174fdf86f	0	0	0	0	0	0	0	0	0	0	0	0	0	0	0	0	0	0	0	0	0	0	20	0	0	0	0	0	0	0
f4952f7d4b2456916db34805158e541a	0	0	0	0	0	0	0	0	0	0	0	0	0	0	0	0	0	0	0	0	0	0	19	0	0	0	0	0	0	0
0d4a51c9a064c09cb05fb300c8e62a7e	0	0	0	0	0	0	0	0	0	0	0	0	0	0	0	0	0	0	0	0	0	0	19	0	0	0	0	0	0	0
c3339e820d689ba0a42f2c9d0fed6930	0	0	0	0	0	0	0	0	0	0	0	0	0	0	0	0	0	0	0	0	0	0	18	0	0	0	0	0	0	0
cb18191261b461e1291584f26fb44789	0	0	0	0	0	0	0	0	0	0	0	0	0	0	0	0	0	0	0	0	0	0	18	0	0	0	0	0	0	0
7223b54edef44b641468773890fbb9c7	0	0	0	0	0	0	0	0	0	0	0	0	0	0	0	0	0	0	0	0	0	0	18	0	0	0	0	0	0	0
fa34bf4c581e1b9a4fdb4a7f4f13b55a	0	0	0	0	0	0	0	0	0	0	0	0	0	0	0	0	0	0	0	0	0	0	18	0	0	0	0	0	0	0
ca6698da55984f1769d189d6973603a1	0	0	0	0	0	0	0	0	0	0	0	0	0	0	0	0	0	0	0	0	0	0	17	0	0	0	0	0	0	0
a7f64032e52769f3f4491b3bd3d31287	0	0	0	0	0	0	0	0	0	0	0	0	0	0	0	0	0	0	0	0	0	0	17	0	0	0	0	0	0	0
3f61fa4093d283379a7435dc89dfe528	0	0	0	0	0	0	0	0	0	0	0	0	0	0	0	0	0	0	0	0	0	0	17	0	0	0	0	0	0	0
9a4b1cefbd5a9edd7f9334f87f1b2b52	0	0	0	0	0	0	0	0	0	0	0	0	0	0	0	0	0	0	0	0	0	0	17	0	0	0	0	0	0	0
d70c2fa62ea2a6159a74527f31382237	0	0	0	0	0	0	0	0	0	0	0	0	0	0	0	0	0	0	0	0	0	0	16	0	0	0	0	0	0	0
c9013ae3612c3a22942c9c0077bfb173	0	0	0	0	0	0	0	0	0	0	0	0	0	0	0	0	0	0	0	0	0	0	15	0	0	0	0	0	0	0
60a47315ab296b3dc911b60187156e71	0	0	0	0	0	0	0	0	0	0	0	0	0	0	0	0	0	0	0	0	0	0	15	0	0	0	0	0	0	0
b6d5cbf7ca13c424613c669a2822e115	0	0	0	0	0	0	0	0	0	0	0	0	0	0	0	0	0	0	0	0	0	0	15	0	0	0	0	0	0	0
194406d46c1eb8a12e80540af1e92dcb	0	0	0	0	0	0	0	0	0	0	0	0	0	0	0	0	0	0	0	0	0	0	14	0	0	0	0	0	0	0
a49a462586b0c42a501071b3384f2d17	0	0	0	0	0	0	0	0	0	0	0	0	0	0	0	0	0	0	0	0	0	0	13	0	0	0	0	0	0	0
022e8394aadce4467c5a8fc847956f6d	0	0	0	0	0	0	0	0	0	0	0	0	0	0	0	0	0	0	0	0	0	0	13	0	0	0	0	0	0	0
cb0243fb60d05a2e935f6ccafed732e6	0	0	0	0	0	0	0	0	0	0	0	0	0	0	0	0	0	0	0	0	0	0	13	0	0	0	4	1	0	0
4cc045f74d90c404105ad049aeb2b106	0	0	0	0	0	0	0	0	0	0	0	0	0	0	0	0	0	0	0	0	0	0	13	0	0	0	0	0	0	0
049ab2740ed59a9f67c142cb8e1f0a06	0	0	0	0	0	0	0	0	0	0	0	0	0	0	0	0	0	0	0	0	0	0	13	0	0	0	0	0	0	0
474d54a080ef682276218a3cb6797d97	0	0	0	0	0	0	0	0	0	0	0	0	0	0	0	0	0	0	0	0	0	0	13	0	0	0	0	0	0	0
21c6ec59026bc3a0a1ff56376597210c	0	0	0	0	0	0	0	0	0	0	0	0	0	0	0	0	0	0	0	0	0	0	13	0	0	0	0	0	0	0
a923a97586c655e0aa0542a50a476ff6	0	0	0	0	0	0	0	0	0	0	0	0	0	0	0	0	0	0	0	0	0	0	12	0	0	0	0	0	0	0
9d87df308deca549c6ce1fa02e32122b	0	0	0	0	0	0	0	0	0	0	0	0	0	0	0	0	0	0	0	0	0	0	12	0	0	0	0	0	0	0
6ce5e9e964b5f658831dcc5d81fb41e9	0	0	0	0	0	0	0	0	0	0	0	0	0	0	0	0	0	0	0	0	0	0	12	0	0	0	0	0	0	0
c205ebcabb4f146083597d9dbbbd81bc	0	0	0	0	0	0	0	0	0	0	0	0	0	0	0	0	0	0	0	0	0	0	12	0	0	0	3	0	0	0
8b0f29f585d9ea783f3498403b866ba5	0	0	0	0	0	0	0	0	0	0	0	0	0	0	0	0	0	0	0	0	0	0	11	0	0	0	0	0	0	0
e5b526eb6e716e6197ab9b6752de7bd6	0	0	0	0	0	0	0	0	0	0	0	0	0	0	0	0	0	0	0	0	0	0	11	0	0	0	0	0	0	0
86a1b545fbcb5e1fca00f01f2d1b9f54	0	0	0	0	0	0	0	0	0	0	0	0	0	0	0	0	0	0	0	0	0	0	11	0	0	0	0	0	0	0
f84490ba21afd602dd609bf2cf0ebe1a	0	0	0	0	0	0	0	0	0	0	0	0	0	0	0	0	0	0	0	0	0	0	11	0	0	0	0	0	0	0
29f07ce1a64f2b4fbf2efc78c8df3d47	0	0	0	0	0	0	0	0	0	0	0	0	0	0	0	0	0	0	0	0	0	0	11	0	0	0	0	0	0	0
ba9dd8c4ce0ebcc84694710052aaa3ac	0	0	0	0	0	0	0	0	0	0	0	0	0	0	0	0	0	0	0	0	0	0	11	0	0	0	0	0	0	0
0671716bbea323649a294bb71cf21687	0	0	0	0	0	0	0	0	0	0	0	0	0	0	0	0	0	0	0	0	0	0	11	0	0	0	0	0	0	0
282814662ba742f99460653c631ada4b	0	0	0	0	0	0	0	0	0	0	0	0	0	0	0	0	0	0	0	0	0	0	11	0	0	0	0	0	0	0
65044de9729a0e2239119540fbf9f806	0	0	0	0	0	0	0	0	0	0	0	0	0	0	0	0	0	0	0	0	0	0	11	0	0	0	0	0	0	0
d1077c0f3cad1ec00453ba3c2d25e3f1	0	0	0	0	0	0	0	0	0	0	0	0	0	0	0	0	0	0	0	0	0	0	11	0	0	0	0	0	0	0
4e7248b8fd3f3546b2ddb73dac7a8734	0	0	0	0	0	0	0	0	0	0	0	0	0	0	0	0	0	0	0	0	0	0	10	0	0	0	0	0	0	0
8eac004fe1d260bb56754f682a797af8	0	0	0	0	0	0	0	0	0	0	0	0	0	0	0	0	0	0	0	0	0	0	10	0	0	0	0	0	0	0
9ee914ea05294fe80a74e29d3413ccbc	0	0	0	0	0	0	0	0	0	0	0	0	0	0	0	0	0	0	0	0	0	0	10	0	0	0	0	0	0	0
88e31251063d7ce478fe1514d4c957bd	0	0	0	0	0	0	0	0	0	0	0	0	0	0	0	0	0	0	0	0	0	0	10	0	0	0	0	0	0	0
f4b0a0ea06109210f4d1b6a2c21ed319	0	0	0	0	0	0	0	0	0	0	0	0	0	0	0	0	0	0	0	0	0	0	9	1	0	0	0	2	0	0
667f6a753ccc17dddcf9e2447f35e864	0	0	0	0	0	0	0	0	0	0	0	0	0	0	0	0	0	0	0	0	0	0	9	0	0	0	0	0	0	1
5d3771714b3877cf90471f113901b9b1	0	0	0	0	0	0	0	0	0	0	0	0	0	0	0	0	0	0	0	0	0	0	8	0	0	0	0	2	0	0
3064d602a359cb935cbbf5385ae176d5	0	0	0	0	0	0	0	0	0	0	0	0	0	0	0	0	0	0	0	0	0	0	8	0	0	0	0	0	2	0
7447c2765e7315cbf1ef6fbf5753570b	0	0	0	0	0	0	0	0	0	0	0	0	0	0	0	0	0	0	0	0	0	0	2	11	0	0	0	4	0	0
65263ce870592776f83feef4b2294dce	0	0	0	0	0	0	0	0	0	0	0	0	0	0	0	0	0	0	0	0	0	0	1	7	0	0	7	1	0	0
77f58c1243389cc1050708231f94cb5c	0	0	0	0	0	0	0	0	0	0	0	0	0	0	0	0	0	0	0	0	0	0	1	8	0	0	7	4	0	1
b274a62cef97045eb072f162e408718d	0	0	0	0	0	0	0	0	0	0	0	0	0	0	0	0	0	0	0	0	0	0	1	0	0	0	5	0	0	10
f0c212406208d74df7b424fd2de301b2	0	0	0	0	0	0	0	0	0	0	0	0	0	0	0	0	0	0	0	0	0	0	1	0	0	0	9	2	0	3
5a90a6ab4f8d49f3fb72a9ec47dc7e41	0	0	0	0	0	0	0	0	0	0	0	0	0	0	0	0	0	0	0	0	0	0	0	66	0	0	3	2	0	4
16c94fb2e31c430da3b90f67832a828f	0	0	0	0	0	0	0	0	0	0	0	0	0	0	0	0	0	0	0	0	0	0	0	49	0	0	0	16	0	0
aab30314043ca47c47e5a65d887e2941	0	0	0	0	0	0	0	0	0	0	0	0	0	0	0	0	0	0	0	0	0	0	0	43	0	0	2	26	0	0
89bf3396e73362ed6d4ef7941c338dc5	0	0	0	0	0	0	0	0	0	0	0	0	0	0	0	0	0	0	0	0	0	0	0	26	0	0	2	8	0	0
8cab92c6cccb0200c18520efd114e5dc	0	0	0	0	0	0	0	0	0	0	0	0	0	0	0	0	0	0	0	0	0	0	0	25	0	0	0	6	0	0
959e3e1553b815d2a939b6b6a2e8143b	0	0	0	0	0	0	0	0	0	0	0	0	0	0	0	0	0	0	0	0	0	0	0	25	0	0	0	47	0	0
a3e73d6836658374e2428b181409f238	0	0	0	0	0	0	0	0	0	0	0	0	0	0	0	0	0	0	0	0	0	0	0	22	0	0	0	7	0	0
ef5b048ad854e571ea90e338bf72c41a	0	0	0	0	0	0	0	0	0	0	0	0	0	0	0	0	0	0	0	0	0	0	0	22	0	0	0	24	0	5
45fa0dd6aa2a0f5c1ec9eb3051498e0d	0	0	0	0	0	0	0	0	0	0	0	0	0	0	0	0	0	0	0	0	0	0	0	19	0	0	3	4	0	3
fbf8b201a7090d252ac80323a7e5c2f7	0	0	0	0	0	0	0	0	0	0	0	0	0	0	0	0	0	0	0	0	0	0	0	18	0	0	0	3	0	0
a5794988e341ca5419de45180be994aa	0	0	0	0	0	0	0	0	0	0	0	0	0	0	0	0	0	0	0	0	0	0	0	18	0	0	6	4	0	10
70f0814af249c1d04a445d2d9394dd9a	0	0	0	0	0	0	0	0	0	0	0	0	0	0	0	0	0	0	0	0	0	0	0	18	0	0	0	5	0	0
aea28b12b37482319dcaf5e68dc24910	0	0	0	0	0	0	0	0	0	0	0	0	0	0	0	0	0	0	0	0	0	0	0	17	0	0	0	9	0	0
9e3a85883ea93ad275539908da08a9bc	0	0	0	0	0	0	0	0	0	0	0	0	0	0	0	0	0	0	0	0	0	0	0	17	0	0	6	14	0	5
bcec9036a343e3ce9dd78c19654a77be	0	0	0	0	0	0	0	0	0	0	0	0	0	0	0	0	0	0	0	0	0	0	0	17	0	0	2	3	0	0
43f795cb01c1f2f8d8bdf35021697efa	0	0	0	0	0	0	0	0	0	0	0	0	0	0	0	0	0	0	0	0	0	0	0	17	0	0	2	7	0	0
0953bcb2c6f9ad97ac25a51c4aa6f7c9	0	0	0	0	0	0	0	0	0	0	0	0	0	0	0	0	0	0	0	0	0	0	0	16	0	0	0	4	0	0
eb53399682f8fd9816b83ffbf9236817	0	0	0	0	0	0	0	0	0	0	0	0	0	0	0	0	0	0	0	0	0	0	0	16	0	0	12	9	0	7
6e2fa1d3cddc2279cdc8e94c0d9aaa1c	0	0	0	0	0	0	0	0	0	0	0	0	0	0	0	0	0	0	0	0	0	0	0	16	0	0	5	15	0	12
c3edde232ab9c3bdba1dd4de04521ffb	0	0	0	0	0	0	0	0	0	0	0	0	0	0	0	0	0	0	0	0	0	0	0	15	0	0	0	4	0	3
da41477aaf934aefcec475a446848c52	0	0	0	0	0	0	0	0	0	0	0	0	0	0	0	0	0	0	0	0	0	0	0	15	0	0	14	7	0	4
d38d1efcfc504d4f0d9b45b72556c9ca	0	0	0	0	0	0	0	0	0	0	0	0	0	0	0	0	0	0	0	0	0	0	0	14	0	0	0	17	0	0
79c2991cf1f693adeb12c9a3f36423d3	0	0	0	0	0	0	0	0	0	0	0	0	0	0	0	0	0	0	0	0	0	0	0	14	0	0	1	1	0	0
247394a5d56249e63602d53930fa0e40	0	0	0	0	0	0	0	0	0	0	0	0	0	0	0	0	0	0	0	0	0	0	0	14	0	0	2	1	0	0
a2ade8efc6ee0a754b9718c8eb1b113e	0	0	0	0	0	0	0	0	0	0	0	0	0	0	0	0	0	0	0	0	0	0	0	14	0	0	0	0	0	0
c133bd8e23b68211fd08ff75e1493aed	0	0	0	0	0	0	0	0	0	0	0	0	0	0	0	0	0	0	0	0	0	0	0	13	0	0	0	2	0	2
d7ecc49908f1152f3643d6ed3feec16d	0	0	0	0	0	0	0	0	0	0	0	0	0	0	0	0	0	0	0	0	0	0	0	13	0	0	0	0	0	0
c601ecc64d55fcd583565124ff101a23	0	0	0	0	0	0	0	0	0	0	0	0	0	0	0	0	0	0	0	0	0	0	0	13	0	0	0	13	0	0
81eeee258769fd162fc9b4e874435234	0	0	0	0	0	0	0	0	0	0	0	0	0	0	0	0	0	0	0	0	0	0	0	13	0	0	0	14	0	0
641eb8762e0fa0d36b3cf5e4bfb4a793	0	0	0	0	0	0	0	0	0	0	0	0	0	0	0	0	0	0	0	0	0	0	0	12	0	0	0	6	0	0
b387390e1bfe058366fcab13e32a0610	0	0	0	0	0	0	0	0	0	0	0	0	0	0	0	0	0	0	0	0	0	0	0	12	0	0	0	14	0	0
8499ce79d28b20374866b820bd7cc8a7	0	0	0	0	0	0	0	0	0	0	0	0	0	0	0	0	0	0	0	0	0	0	0	12	0	0	1	5	0	0
031315c141f96d43a132c855b3ea7dba	0	0	0	0	0	0	0	0	0	0	0	0	0	0	0	0	0	0	0	0	0	0	0	11	0	0	4	5	0	0
17f6228627a49ec6ef99474dd10a49cc	0	0	0	0	0	0	0	0	0	0	0	0	0	0	0	0	0	0	0	0	0	0	0	11	0	0	6	2	0	0
282bf83d568190fa65d25f037a93a6ba	0	0	0	0	0	0	0	0	0	0	0	0	0	0	0	0	0	0	0	0	0	0	0	11	0	0	1	30	0	2
fe67fd71040def7327c71e971464306b	0	0	0	0	0	0	0	0	0	0	0	0	0	0	0	0	0	0	0	0	0	0	0	11	0	0	0	3	0	0
ad0f3947c175fdb2af6d27c62af8de4a	0	0	0	0	0	0	0	0	0	0	0	0	0	0	0	0	0	0	0	0	0	0	0	11	0	0	0	5	0	0
05c2bcc044cf119143499fe786f72bb8	0	0	0	0	0	0	0	0	0	0	0	0	0	0	0	0	0	0	0	0	0	0	0	11	0	0	0	11	0	0
dea1552c5958dc953d3b1bb6ca725927	0	0	0	0	0	0	0	0	0	0	0	0	0	0	0	0	0	0	0	0	0	0	0	11	0	0	0	3	0	1
7f0bfbc0fe07ebb2884f6c86162fd314	0	0	0	0	0	0	0	0	0	0	0	0	0	0	0	0	0	0	0	0	0	0	0	10	0	0	4	10	0	0
3874aa6f9a103ce0720ee01a61c4f9e5	0	0	0	0	0	0	0	0	0	0	0	0	0	0	0	0	0	0	0	0	0	0	0	10	0	0	0	3	0	0
8ea98a131cc6399b02866d0ab6176a0c	0	0	0	0	0	0	0	0	0	0	0	0	0	0	0	0	0	0	0	0	0	0	0	10	0	0	0	5	0	0
19653d281eece9d04f15f53498754519	0	0	0	0	0	0	0	0	0	0	0	0	0	0	0	0	0	0	0	0	0	0	0	10	0	0	2	0	0	2
f2cd86730c4d643727aa9b92c46b29d3	0	0	0	0	0	0	0	0	0	0	0	0	0	0	0	0	0	0	0	0	0	0	0	10	0	0	1	0	0	0
2053e33e9545c5d1c27955120fdeedeb	0	0	0	0	0	0	0	0	0	0	0	0	0	0	0	0	0	0	0	0	0	0	0	10	0	0	0	4	0	0
e93b5307b03eb0c843c37972e8f47e46	0	0	0	0	0	0	0	0	0	0	0	0	0	0	0	0	0	0	0	0	0	0	0	10	0	0	0	15	0	0
90f965e8d8a7239d49e420c9ca5f2f34	0	0	0	0	0	0	0	0	0	0	0	0	0	0	0	0	0	0	0	0	0	0	0	10	0	0	0	5	0	0
251ac64dc9b241c33fce7a480441bf08	0	0	0	0	0	0	0	0	0	0	0	0	0	0	0	0	0	0	0	0	0	0	0	10	0	0	0	2	0	0
4fed0729e5c2c396f976d49a5671fefa	0	0	0	0	0	0	0	0	0	0	0	0	0	0	0	0	0	0	0	0	0	0	0	10	0	0	1	0	0	0
cd1fb5fde893565fffcdbda0d0eeaa63	0	0	0	0	0	0	0	0	0	0	0	0	0	0	0	0	0	0	0	0	0	0	0	10	0	0	0	13	0	0
9016c7913d6e122d9d9c6cb97957a700	0	0	0	0	0	0	0	0	0	0	0	0	0	0	0	0	0	0	0	0	0	0	0	9	0	0	0	4	0	0
99bde1afaf1bda7408821714da54a5b8	0	0	0	0	0	0	0	0	0	0	0	0	0	0	0	0	0	0	0	0	0	0	0	9	0	0	0	6	0	0
d85738c071ac7782359038d397fe78b1	0	0	0	0	0	0	0	0	0	0	0	0	0	0	0	0	0	0	0	0	0	0	0	9	0	0	2	5	0	0
bf83a1f22387cbc5e418963e9da8044d	0	0	0	0	0	0	0	0	0	0	0	0	0	0	0	0	0	0	0	0	0	0	0	9	0	0	0	27	0	2
c207363aa02408250aab2d9d8ba121cf	0	0	0	0	0	0	0	0	0	0	0	0	0	0	0	0	0	0	0	0	0	0	0	9	0	0	3	2	0	0
123382ae8c1bbd2bf817031d2b163d74	0	0	0	0	0	0	0	0	0	0	0	0	0	0	0	0	0	0	0	0	0	0	0	9	0	0	0	6	0	1
0fddf2e315bc0853e503a69189c81f67	0	0	0	0	0	0	0	0	0	0	0	0	0	0	0	0	0	0	0	0	0	0	0	8	0	0	0	2	0	0
5767198fe0c9adaf1ccd5fc293b354ff	0	0	0	0	0	0	0	0	0	0	0	0	0	0	0	0	0	0	0	0	0	0	0	8	0	0	1	2	0	0
d50d4bbfedcceda7c136a5b8bbe12f59	0	0	0	0	0	0	0	0	0	0	0	0	0	0	0	0	0	0	0	0	0	0	0	8	0	0	0	5	0	0
c9fff7a86fae506718935dbfb871eded	0	0	0	0	0	0	0	0	0	0	0	0	0	0	0	0	0	0	0	0	0	0	0	8	0	0	4	1	0	1
894622ee94b2f64778becbf24d078345	0	0	0	0	0	0	0	0	0	0	0	0	0	0	0	0	0	0	0	0	0	0	0	8	0	0	0	2	0	0
4e1a0c7a60181c1fdf15e4998bbf8eb7	0	0	0	0	0	0	0	0	0	0	0	0	0	0	0	0	0	0	0	0	0	0	0	8	0	0	0	3	0	0
5deebe6e60932394add186c70f2b3e12	0	0	0	0	0	0	0	0	0	0	0	0	0	0	0	0	0	0	0	0	0	0	0	8	0	0	0	3	0	0
53c79e129b933b93eb9d132b88246ca7	0	0	0	0	0	0	0	0	0	0	0	0	0	0	0	0	0	0	0	0	0	0	0	8	0	0	0	2	0	0
47c499cb016aba91d7e60d527cf25a10	0	0	0	0	0	0	0	0	0	0	0	0	0	0	0	0	0	0	0	0	0	0	0	7	0	0	1	5	0	0
398204335f9c6570501d4a9367fe32b2	0	0	0	0	0	0	0	0	0	0	0	0	0	0	0	0	0	0	0	0	0	0	0	7	0	0	18	0	1	6
33e1e4c572efe3c39d1222d028973e12	0	0	0	0	0	0	0	0	0	0	0	0	0	0	0	0	0	0	0	0	0	0	0	7	0	0	0	1	0	2
ce0e0e82c15a4f2e11709b6e77cbf8c4	0	0	0	0	0	0	0	0	0	0	0	0	0	0	0	0	0	0	0	0	0	0	0	7	0	0	0	4	0	0
be50d4c5f04b5812fb9c48e57f5f2fed	0	0	0	0	0	0	0	0	0	0	0	0	0	0	0	0	0	0	0	0	0	0	0	7	0	0	6	2	0	0
87fe606ff14b6f1496eaca5707413b3f	0	0	0	0	0	0	0	0	0	0	0	0	0	0	0	0	0	0	0	0	0	0	0	7	0	0	0	7	0	0
ab156eb7ae7a6b5cc8466a871a781fa1	0	0	0	0	0	0	0	0	0	0	0	0	0	0	0	0	0	0	0	0	0	0	0	7	0	0	2	1	0	1
060ed06c7ef1e4c598c523a34c1de300	0	0	0	0	0	0	0	0	0	0	0	0	0	0	0	0	0	0	0	0	0	0	0	7	0	0	0	6	0	0
5189aed095542af28304ce6d6ac2cea0	0	0	0	0	0	0	0	0	0	0	0	0	0	0	0	0	0	0	0	0	0	0	0	7	0	0	5	0	0	9
f5aca6a6e2f72ec75959632206daeb15	0	0	0	0	0	0	0	0	0	0	0	0	0	0	0	0	0	0	0	0	0	0	0	7	0	0	1	2	0	0
2e3a4ff7c476b160dda4f2a8a351fc08	0	0	0	0	0	0	0	0	0	0	0	0	0	0	0	0	0	0	0	0	0	0	0	7	0	0	0	12	0	0
665b739c9f0b877eb4bad0afef37a4ca	0	0	0	0	0	0	0	0	0	0	0	0	0	0	0	0	0	0	0	0	0	0	0	7	0	0	6	2	0	0
ed287156822e9fb771d3841d2dff1a44	0	0	0	0	0	0	0	0	0	0	0	0	0	0	0	0	0	0	0	0	0	0	0	7	0	0	0	3	0	0
97ddbc4350cf35c6dd78b09eb3cfd6c2	0	0	0	0	0	0	0	0	0	0	0	0	0	0	0	0	0	0	0	0	0	0	0	7	0	0	1	6	0	0
d171acf83153638ded72da203a36ad86	0	0	0	0	0	0	0	0	0	0	0	0	0	0	0	0	0	0	0	0	0	0	0	7	0	0	2	4	0	0
ddc27c9d4b6ec4248eeef848f482d564	0	0	0	0	0	0	0	0	0	0	0	0	0	0	0	0	0	0	0	0	0	0	0	7	0	0	1	3	0	1
14fcf8059ba3e03f7312f8ec24d24e42	0	0	0	0	0	0	0	0	0	0	0	0	0	0	0	0	0	0	0	0	0	0	0	7	0	0	0	3	0	1
09fe0657b6490f6bb1ca50eebcb384c8	0	0	0	0	0	0	0	0	0	0	0	0	0	0	0	0	0	0	0	0	0	0	0	7	0	0	0	10	0	0
f619e0b36d07b338fdae668708f47277	0	0	0	0	0	0	0	0	0	0	0	0	0	0	0	0	0	0	0	0	0	0	0	7	0	0	0	6	0	0
1db917fac2c770a6de3a58b4c0007dc0	0	0	0	0	0	0	0	0	0	0	0	0	0	0	0	0	0	0	0	0	0	0	0	6	0	0	0	4	0	0
1c359baaf1466e5443f7f2e1d2f343cf	0	0	0	0	0	0	0	0	0	0	0	0	0	0	0	0	0	0	0	0	0	0	0	6	0	0	2	0	0	2
71d6ac57eec4e561b293adc7356cd99f	0	0	0	0	0	0	0	0	0	0	0	0	0	0	0	0	0	0	0	0	0	0	0	6	0	0	4	2	0	2
e3b60d4d57488328e4f835e6daa24959	0	0	0	0	0	0	0	0	0	0	0	0	0	0	0	0	0	0	0	0	0	0	0	6	0	0	3	1	0	0
d88604709a9dcc23d5817e3f86866cfc	0	0	0	0	0	0	0	0	0	0	0	0	0	0	0	0	0	0	0	0	0	0	0	6	0	0	0	3	5	1
d3a40e573fc6662ee27cd2c88e3da194	0	0	0	0	0	0	0	0	0	0	0	0	0	0	0	0	0	0	0	0	0	0	0	6	0	0	20	10	0	0
e0d114842c1cbc130f94786eaf1640eb	0	0	0	0	0	0	0	0	0	0	0	0	0	0	0	0	0	0	0	0	0	0	0	6	0	0	2	1	0	2
b17028fe818d41d5c92401c319c89395	0	0	0	0	0	0	0	0	0	0	0	0	0	0	0	0	0	0	0	0	0	0	0	6	0	0	1	4	0	0
3c3ccb45781fe626b4faf968f6f0a466	0	0	0	0	0	0	0	0	0	0	0	0	0	0	0	0	0	0	0	0	0	0	0	6	0	0	0	4	0	3
48df156379a0d52fd0f7c4fb57180ddc	0	0	0	0	0	0	0	0	0	0	0	0	0	0	0	0	0	0	0	0	0	0	0	6	0	0	0	4	0	0
2fddce24edee3e57c0f3f2788da4fb24	0	0	0	0	0	0	0	0	0	0	0	0	0	0	0	0	0	0	0	0	0	0	0	6	0	0	2	1	0	6
d6d8c45f55985303c1731266d9fbaa23	0	0	0	0	0	0	0	0	0	0	0	0	0	0	0	0	0	0	0	0	0	0	0	6	0	0	7	1	0	10
52f0dd029d46591f6d5551376e549991	0	0	0	0	0	0	0	0	0	0	0	0	0	0	0	0	0	0	0	0	0	0	0	6	0	0	0	0	15	0
e84f9739da5700051e59a2c94c9ea699	0	0	0	0	0	0	0	0	0	0	0	0	0	0	0	0	0	0	0	0	0	0	0	6	0	0	0	8	0	0
15cf4aa5a4f6214392367b7bcf5fe5e6	0	0	0	0	0	0	0	0	0	0	0	0	0	0	0	0	0	0	0	0	0	0	0	6	0	0	0	4	0	0
d6d89c7f022e5210853a6cc5072bd76d	0	0	0	0	0	0	0	0	0	0	0	0	0	0	0	0	0	0	0	0	0	0	0	5	0	0	7	0	0	3
f00707cc57ec7826cbcc3ff28814c805	0	0	0	0	0	0	0	0	0	0	0	0	0	0	0	0	0	0	0	0	0	0	0	5	5	22	0	0	0	0
0360c97823605f99023b43a60b4ca357	0	0	0	0	0	0	0	0	0	0	0	0	0	0	0	0	0	0	0	0	0	0	0	5	0	0	0	9	0	0
97bbbad2efa7f0eb217c847329dc1c2a	0	0	0	0	0	0	0	0	0	0	0	0	0	0	0	0	0	0	0	0	0	0	0	5	0	0	0	7	0	0
57d5ca967f9b5b92749141ce85cb2a3c	0	0	0	0	0	0	0	0	0	0	0	0	0	0	0	0	0	0	0	0	0	0	0	5	0	0	5	4	0	11
4e968f99a77bb660dbabfeee5b46cce8	0	0	0	0	0	0	0	0	0	0	0	0	0	0	0	0	0	0	0	0	0	0	0	5	0	0	9	1	0	5
585a76630d5a2e21176e668d181bdf2c	0	0	0	0	0	0	0	0	0	0	0	0	0	0	0	0	0	0	0	0	0	0	0	5	0	0	2	4	0	3
e19cb0ca8304b8086e9b94d6940c5acc	0	0	0	0	0	0	0	0	0	0	0	0	0	0	0	0	0	0	0	0	0	0	0	5	0	0	0	5	0	0
06da5e02d0367441f1c5ecb3c1157544	0	0	0	0	0	0	0	0	0	0	0	0	0	0	0	0	0	0	0	0	0	0	0	5	0	0	34	0	0	11
54feec2a34d332638678d6aa4ad70e00	0	0	0	0	0	0	0	0	0	0	0	0	0	0	0	0	0	0	0	0	0	0	0	5	0	0	6	4	0	0
5a77ea6f97ad41958214ef7faaff74f3	0	0	0	0	0	0	0	0	0	0	0	0	0	0	0	0	0	0	0	0	0	0	0	5	0	0	1	4	0	0
ea0b8b1cd176efbf202caa545e57fb85	0	0	0	0	0	0	0	0	0	0	0	0	0	0	0	0	0	0	0	0	0	0	0	5	0	0	11	2	0	8
ae6d850c033578d32c7fc2abf1191c9c	0	0	0	0	0	0	0	0	0	0	0	0	0	0	0	0	0	0	0	0	0	0	0	5	0	0	12	2	0	9
c139d2e0f06e23831c90156f557a2c09	0	0	0	0	0	0	0	0	0	0	0	0	0	0	0	0	0	0	0	0	0	0	0	4	0	0	5	2	0	0
f088090ae88d17f39f005b6af1422f91	0	0	0	0	0	0	0	0	0	0	0	0	0	0	0	0	0	0	0	0	0	0	0	4	0	0	6	1	0	2
cd73cd08950de8b6a6fc38dbce9eea20	0	0	0	0	0	0	0	0	0	0	0	0	0	0	0	0	0	0	0	0	0	0	0	4	0	0	6	0	0	3
b2e43cae6a7ed71d4cf41e4dd119b55e	0	0	0	0	0	0	0	0	0	0	0	0	0	0	0	0	0	0	0	0	0	0	0	4	0	0	190	0	0	81
c39b45c0e6ac4a65cc87ca9a97990821	0	0	0	0	0	0	0	0	0	0	0	0	0	0	0	0	0	0	0	0	0	0	0	4	0	0	6	0	0	5
bb4df01a184b95a135b57acf34e2e83f	0	0	0	0	0	0	0	0	0	0	0	0	0	0	0	0	0	0	0	0	0	0	0	4	0	0	0	7	1	0
f485a7d4f95e889a3c8c20e3aadcf833	0	0	0	0	0	0	0	0	0	0	0	0	0	0	0	0	0	0	0	0	0	0	0	4	0	0	6	1	0	1
5b00e1dee421a62dce9f9c1a62fdbeb3	0	0	0	0	0	0	0	0	0	0	0	0	0	0	0	0	0	0	0	0	0	0	0	4	0	0	0	35	0	0
67d3bd4b8150a3cd993974da84047cfe	0	0	0	0	0	0	0	0	0	0	0	0	0	0	0	0	0	0	0	0	0	0	0	4	0	0	1	8	0	5
b7f7ae782c1c3876542ba673c4bd764f	0	0	0	0	0	0	0	0	0	0	0	0	0	0	0	0	0	0	0	0	0	0	0	4	0	0	3	0	0	3
0b67efbfaf30d2b95506f833e104e4c9	0	0	0	0	0	0	0	0	0	0	0	0	0	0	0	0	0	0	0	0	0	0	0	4	0	0	3	3	0	0
d311b44b60a279f0e6b49242df98dd2a	0	0	0	0	0	0	0	0	0	0	0	0	0	0	0	0	0	0	0	0	0	0	0	4	0	0	2	1	1	3
e571e52b12d5eb376e8aaf30b06e171a	0	0	0	0	0	0	0	0	0	0	0	0	0	0	0	0	0	0	0	0	0	0	0	4	0	0	0	20	0	0
d4d83bb6243ced2ab34e3c6af4d4e101	0	0	0	0	0	0	0	0	0	0	0	0	0	0	0	0	0	0	0	0	0	0	0	4	0	0	1	4	0	4
0cc81bdd2cab5a84d8f610c208fbe6e9	0	0	0	0	0	0	0	0	0	0	0	0	0	0	0	0	0	0	0	0	0	0	0	4	0	0	5	0	0	2
190853229b6d575ec7d5a49fbb2af46a	0	0	0	0	0	0	0	0	0	0	0	0	0	0	0	0	0	0	0	0	0	0	0	4	0	0	1	10	0	0
ee1de0ff09d5a3ea7f8d2acd3d292461	0	0	0	0	0	0	0	0	0	0	0	0	0	0	0	0	0	0	0	0	0	0	0	4	0	0	0	8	0	0
06267f8b37347784fd35ea5ddcd3efad	0	0	0	0	0	0	0	0	0	0	0	0	0	0	0	0	0	0	0	0	0	0	0	3	0	0	7	0	1	5
780a5c1d355fcb69d5f34c024cb59d6c	0	0	0	0	0	0	0	0	0	0	0	0	0	0	0	0	0	0	0	0	0	0	0	3	0	0	0	7	0	0
2c67a0b8c2de52e1a4db7b5aadfeb470	0	0	0	0	0	0	0	0	0	0	0	0	0	0	0	0	0	0	0	0	0	0	0	3	0	0	20	3	0	3
8e511ddef695a86d5f7ecfefd0d104f1	0	0	0	0	0	0	0	0	0	0	0	0	0	0	0	0	0	0	0	0	0	0	0	3	0	0	1	0	23	9
a0620165a86fa4879c194e3d7e595f51	0	0	0	0	0	0	0	0	0	0	0	0	0	0	0	0	0	0	0	0	0	0	0	3	0	0	1	3	1	10
9342564daac0fea31a8ca665f0c28cbd	0	0	0	0	0	0	0	0	0	0	0	0	0	0	0	0	0	0	0	0	0	0	0	3	0	0	10	0	0	5
2a562c04a92fc816de51a330491d2056	0	0	0	0	0	0	0	0	0	0	0	0	0	0	0	0	0	0	0	0	0	0	0	3	0	0	9	1	7	6
2a17803b86e5ea91c663701d878d774d	0	0	0	0	0	0	0	0	0	0	0	0	0	0	0	0	0	0	0	0	0	0	0	3	0	0	5	5	0	0
3c157efcafc08eba03fe1cccd9451e58	0	0	0	0	0	0	0	0	0	0	0	0	0	0	0	0	0	0	0	0	0	0	0	3	0	0	5	0	0	2
4e8d914bc2c4e5c14f2a5c1559a92a51	0	0	0	0	0	0	0	0	0	0	0	0	0	0	0	0	0	0	0	0	0	0	0	3	0	0	21	1	0	5
e036f517f3a2e974e233c8cdf1c47352	0	0	0	0	0	0	0	0	0	0	0	0	0	0	0	0	0	0	0	0	0	0	0	3	0	0	9	0	0	5
b8b851a0caf6ca9e8c9b7ea69866c38e	0	0	0	0	0	0	0	0	0	0	0	0	0	0	0	0	0	0	0	0	0	0	0	3	0	0	2	0	0	5
de95150223ffc205858e9e7f2803fec2	0	0	0	0	0	0	0	0	0	0	0	0	0	0	0	0	0	0	0	0	0	0	0	2	0	0	6	0	0	2
f205d52801f9dfbb835da2d910a2ab1b	0	0	0	0	0	0	0	0	0	0	0	0	0	0	0	0	0	0	0	0	0	0	0	2	0	0	3	2	0	7
33f42ba7418848a450bff691b4acd277	0	0	0	0	0	0	0	0	0	0	0	0	0	0	0	0	0	0	0	0	0	0	0	2	10	9	1	0	0	0
8fb2c1effec11595ce12ca0288bafd7b	0	0	0	0	0	0	0	0	0	0	0	0	0	0	0	0	0	0	0	0	0	0	0	2	0	0	3	2	0	3
16d2d724f3a03b94f47ef9510542d43f	0	0	0	0	0	0	0	0	0	0	0	0	0	0	0	0	0	0	0	0	0	0	0	2	0	0	13	0	0	4
fc2ed74c864b008301573b5757687bd9	0	0	0	0	0	0	0	0	0	0	0	0	0	0	0	0	0	0	0	0	0	0	0	2	0	15	0	0	0	0
74594c3a483148f0e43729c4a63aef5d	0	0	0	0	0	0	0	0	0	0	0	0	0	0	0	0	0	0	0	0	0	0	0	2	0	0	3	1	5	2
557b335b0af230328600951b6aa748db	0	0	0	0	0	0	0	0	0	0	0	0	0	0	0	0	0	0	0	0	0	0	0	2	0	0	16	0	0	17
fe1a3b013c5c7711ffd634a0cc510026	0	0	0	0	0	0	0	0	0	0	0	0	0	0	0	0	0	0	0	0	0	0	0	2	0	0	5	3	1	5
179165f67b77312af8a8e83380903a88	0	0	0	0	0	0	0	0	0	0	0	0	0	0	0	0	0	0	0	0	0	0	0	2	0	0	8	0	0	3
74353a57344522d07a892e468ac93021	0	0	0	0	0	0	0	0	0	0	0	0	0	0	0	0	0	0	0	0	0	0	0	2	0	0	4	0	3	5
860f3e495f15ec4a851c597342342098	0	0	0	0	0	0	0	0	0	0	0	0	0	0	0	0	0	0	0	0	0	0	0	2	0	0	12	1	1	2
7df6ac33fefec9c58c05146d2db2b305	0	0	0	0	0	0	0	0	0	0	0	0	0	0	0	0	0	0	0	0	0	0	0	2	0	0	0	0	13	4
15ffd9061491ab4653b5bdf9d0b73ef6	0	0	0	0	0	0	0	0	0	0	0	0	0	0	0	0	0	0	0	0	0	0	0	2	0	0	0	3	14	0
dec1207e088b14a252e020851deb94fb	0	0	0	0	0	0	0	0	0	0	0	0	0	0	0	0	0	0	0	0	0	0	0	2	0	0	5	0	0	11
36fe35e7a4b7085f7312269737a5c06c	0	0	0	0	0	0	0	0	0	0	0	0	0	0	0	0	0	0	0	0	0	0	0	2	0	0	5	0	0	7
79218f8befdf79bee2acc002b31a16a0	0	0	0	0	0	0	0	0	0	0	0	0	0	0	0	0	0	0	0	0	0	0	0	2	0	0	6	0	0	3
e538a67b853f581b54bf3a8658d5fd52	0	0	0	0	0	0	0	0	0	0	0	0	0	0	0	0	0	0	0	0	0	0	0	2	0	0	10	0	0	4
3b8984a052f60f1f8a4644a541d3ca29	0	0	0	0	0	0	0	0	0	0	0	0	0	0	0	0	0	0	0	0	0	0	0	2	0	0	10	1	0	9
f8ec05e57b3a33f7f87345b63953e6e0	0	0	0	0	0	0	0	0	0	0	0	0	0	0	0	0	0	0	0	0	0	0	0	2	14	0	0	0	1	2
dc1b2f006879228aabcbdc17d4d67c40	0	0	0	0	0	0	0	0	0	0	0	0	0	0	0	0	0	0	0	0	0	0	0	1	0	0	22	0	0	3
e3828a3ef6b55724cb588cf8ff7a2b2e	0	0	0	0	0	0	0	0	0	0	0	0	0	0	0	0	0	0	0	0	0	0	0	1	0	0	0	10	0	0
78a289c49b976c1c29b5ba7239655939	0	0	0	0	0	0	0	0	0	0	0	0	0	0	0	0	0	0	0	0	0	0	0	1	0	0	15	1	3	7
033e4af1ae9f28ef8b5568a83dc6535f	0	0	0	0	0	0	0	0	0	0	0	0	0	0	0	0	0	0	0	0	0	0	0	1	0	0	20	2	1	5
50d88f8ed98e51fbbefe713be869b4b8	0	0	0	0	0	0	0	0	0	0	0	0	0	0	0	0	0	0	0	0	0	0	0	1	0	0	5	0	6	0
d54d97764666ba84b7b1f59fcddbe0ce	0	0	0	0	0	0	0	0	0	0	0	0	0	0	0	0	0	0	0	0	0	0	0	1	0	0	5	0	0	42
a7e67a0404e816884a985ee3408628b8	0	0	0	0	0	0	0	0	0	0	0	0	0	0	0	0	0	0	0	0	0	0	0	1	0	0	10	0	0	9
d0a8dd2d50b23c894217a381f2337794	0	0	0	0	0	0	0	0	0	0	0	0	0	0	0	0	0	0	0	0	0	0	0	1	0	0	0	0	9	5
93d01c533a8aa22acb36dc11c904d4bb	0	0	0	0	0	0	0	0	0	0	0	0	0	0	0	0	0	0	0	0	0	0	0	1	0	0	23	2	0	21
4452452454d7d299c1844e51693629de	0	0	0	0	0	0	0	0	0	0	0	0	0	0	0	0	0	0	0	0	0	0	0	1	0	0	0	0	12	1
882606a33a308d45ed6e1b916e4d96ea	0	0	0	0	0	0	0	0	0	0	0	0	0	0	0	0	0	0	0	0	0	0	0	1	0	36	0	2	0	0
f4d64e37da1fad25e2b66d7cd8e59997	0	0	0	0	0	0	0	0	0	0	0	0	0	0	0	0	0	0	0	0	0	0	0	1	0	0	5	0	0	9
11b9791975a7649e663a75499d4bd3be	0	0	0	0	0	0	0	0	0	0	0	0	0	0	0	0	0	0	0	0	0	0	0	1	0	0	2	0	27	0
0cdb33311d180c249cbc0f57b3c58ee7	0	0	0	0	0	0	0	0	0	0	0	0	0	0	0	0	0	0	0	0	0	0	0	1	0	0	7	0	0	6
146f673fa7230c4556cac2238da6abb4	0	0	0	0	0	0	0	0	0	0	0	0	0	0	0	0	0	0	0	0	0	0	0	1	0	0	4	0	2	14
d3ab368f2a6f211bd381cf00f11223cf	0	0	0	0	0	0	0	0	0	0	0	0	0	0	0	0	0	0	0	0	0	0	0	1	0	0	4	1	1	6
b792cb3d4d9ba357cab996938d4f5005	0	0	0	0	0	0	0	0	0	0	0	0	0	0	0	0	0	0	0	0	0	0	0	1	0	0	0	0	11	0
0bc1e13a22602620a7527d2e9fb9c038	0	0	0	0	0	0	0	0	0	0	0	0	0	0	0	0	0	0	0	0	0	0	0	1	0	0	5	0	0	4
0dff4cd5e1039a54fad29eadc91e2f76	0	0	0	0	0	0	0	0	0	0	0	0	0	0	0	0	0	0	0	0	0	0	0	1	0	0	9	0	0	9
7c6330c10007619b43883a09bd3b9cd7	0	0	0	0	0	0	0	0	0	0	0	0	0	0	0	0	0	0	0	0	0	0	0	1	0	0	7	1	0	6
b5b99efb041654ae5b2c9ec183110417	0	0	0	0	0	0	0	0	0	0	0	0	0	0	0	0	0	0	0	0	0	0	0	1	9	3	0	0	3	1
061e6901117c6fca26e04c8791718c75	0	0	0	0	0	0	0	0	0	0	0	0	0	0	0	0	0	0	0	0	0	0	0	1	0	0	10	0	0	3
5b20d55690b2b2c4904181001397730f	0	0	0	0	0	0	0	0	0	0	0	0	0	0	0	0	0	0	0	0	0	0	0	0	85	0	0	0	0	0
5d684a62bd09462621192b0673918a27	0	0	0	0	0	0	0	0	0	0	0	0	0	0	0	0	0	0	0	0	0	0	0	0	81	0	0	0	0	0
94c172da66a46e67e82176b916f01750	0	0	0	0	0	0	0	0	0	0	0	0	0	0	0	0	0	0	0	0	0	0	0	0	73	0	1	2	0	0
fde878d17b6422ef0bb360c5cb444b86	0	0	0	0	0	0	0	0	0	0	0	0	0	0	0	0	0	0	0	0	0	0	0	0	72	0	1	0	0	0
86e9907c49b4f402d80c66aa54950635	0	0	0	0	0	0	0	0	0	0	0	0	0	0	0	0	0	0	0	0	0	0	0	0	53	0	0	0	0	0
b1cac55fb6df27e756ab80a083b4337e	0	0	0	0	0	0	0	0	0	0	0	0	0	0	0	0	0	0	0	0	0	0	0	0	51	0	0	0	0	0
cabaa70703097852266da4e648a22056	0	0	0	0	0	0	0	0	0	0	0	0	0	0	0	0	0	0	0	0	0	0	0	0	48	0	0	0	1	0
ff51087ec8656e2c51d052a069948be4	0	0	0	0	0	0	0	0	0	0	0	0	0	0	0	0	0	0	0	0	0	0	0	0	46	0	0	0	0	0
501ebfae84f8017ba4714ba341d25edb	0	0	0	0	0	0	0	0	0	0	0	0	0	0	0	0	0	0	0	0	0	0	0	0	37	0	0	0	0	0
351fd899c28000a5ccb67e1a1969feed	0	0	0	0	0	0	0	0	0	0	0	0	0	0	0	0	0	0	0	0	0	0	0	0	36	0	0	0	0	0
ad78257691fe3f58bfafdea4a32d6a95	0	0	0	0	0	0	0	0	0	0	0	0	0	0	0	0	0	0	0	0	0	0	0	0	35	0	0	0	0	0
1c08a1f46f6be5ac645390cc01b095f9	0	0	0	0	0	0	0	0	0	0	0	0	0	0	0	0	0	0	0	0	0	0	0	0	33	0	0	0	0	0
075af0c14f42de2a6e8c4fb19255889d	0	0	0	0	0	0	0	0	0	0	0	0	0	0	0	0	0	0	0	0	0	0	0	0	31	0	0	1	0	0
4820e590902837c7eac7638ba2180075	0	0	0	0	0	0	0	0	0	0	0	0	0	0	0	0	0	0	0	0	0	0	0	0	29	0	0	0	0	0
3bf78a705141fd6f30ab44849c90b4ec	0	0	0	0	0	0	0	0	0	0	0	0	0	0	0	0	0	0	0	0	0	0	0	0	29	0	0	1	0	0
2cd24e9121c8c44e694adc4eab74db8a	0	0	0	0	0	0	0	0	0	0	0	0	0	0	0	0	0	0	0	0	0	0	0	0	25	0	0	0	0	0
89e44ff5e979d37ef53b035cc5502a74	0	0	0	0	0	0	0	0	0	0	0	0	0	0	0	0	0	0	0	0	0	0	0	0	25	0	0	0	0	0
f35137f81749c4309133efc3c5384763	0	0	0	0	0	0	0	0	0	0	0	0	0	0	0	0	0	0	0	0	0	0	0	0	23	0	0	0	0	0
b5303dce26c1dd02f89164bb64bc5fc6	0	0	0	0	0	0	0	0	0	0	0	0	0	0	0	0	0	0	0	0	0	0	0	0	21	0	0	0	0	0
f241084ae4aed1045fee8ffa706d2390	0	0	0	0	0	0	0	0	0	0	0	0	0	0	0	0	0	0	0	0	0	0	0	0	20	0	0	0	0	0
9571e5e700ccc363992e5d7bba5585b6	0	0	0	0	0	0	0	0	0	0	0	0	0	0	0	0	0	0	0	0	0	0	0	0	18	0	0	0	0	0
37410494db6d2c0e94a968771fa556ce	0	0	0	0	0	0	0	0	0	0	0	0	0	0	0	0	0	0	0	0	0	0	0	0	16	0	0	0	0	0
af9e69935719d45d6cbe5b4a172e0a1f	0	0	0	0	0	0	0	0	0	0	0	0	0	0	0	0	0	0	0	0	0	0	0	0	16	0	0	0	0	0
693e7d37bd31da9de1a460d5bbf6ee73	0	0	0	0	0	0	0	0	0	0	0	0	0	0	0	0	0	0	0	0	0	0	0	0	14	0	0	0	0	0
69028cd582fe0d832772ce87595ff3e0	0	0	0	0	0	0	0	0	0	0	0	0	0	0	0	0	0	0	0	0	0	0	0	0	14	0	0	0	0	0
635481b750c38a646d1552276fa0708c	0	0	0	0	0	0	0	0	0	0	0	0	0	0	0	0	0	0	0	0	0	0	0	0	14	0	0	0	0	0
fc844f49cd7e30481414576c740ea1ac	0	0	0	0	0	0	0	0	0	0	0	0	0	0	0	0	0	0	0	0	0	0	0	0	14	0	0	0	0	0
7a8885d320b9adb6e0ba4739d31e68ab	0	0	0	0	0	0	0	0	0	0	0	0	0	0	0	0	0	0	0	0	0	0	0	0	13	0	0	0	0	0
d893160d24bc00afa05b31e7563fda9e	0	0	0	0	0	0	0	0	0	0	0	0	0	0	0	0	0	0	0	0	0	0	0	0	13	0	0	0	0	0
871825bbdf9a0bc7784e9d25a7a40325	0	0	0	0	0	0	0	0	0	0	0	0	0	0	0	0	0	0	0	0	0	0	0	0	13	0	0	0	0	0
51bd0c0e8a15e1c73233c51e65306e8e	0	0	0	0	0	0	0	0	0	0	0	0	0	0	0	0	0	0	0	0	0	0	0	0	12	0	0	0	0	0
ca6d7d3f273d0f5f15eca1d62dee75f2	0	0	0	0	0	0	0	0	0	0	0	0	0	0	0	0	0	0	0	0	0	0	0	0	12	0	0	0	0	0
5f369e0fdc52b99e757a4993ffc3ca86	0	0	0	0	0	0	0	0	0	0	0	0	0	0	0	0	0	0	0	0	0	0	0	0	11	0	0	0	0	0
c85cb20fadd9f7bfbf49fa7c1e4aa814	0	0	0	0	0	0	0	0	0	0	0	0	0	0	0	0	0	0	0	0	0	0	0	0	11	0	0	0	0	0
ab955cd888201eae92ac5ee53a680af9	0	0	0	0	0	0	0	0	0	0	0	0	0	0	0	0	0	0	0	0	0	0	0	0	11	0	0	0	0	0
cf5ee79e5e1e4184208aad1b810acae7	0	0	0	0	0	0	0	0	0	0	0	0	0	0	0	0	0	0	0	0	0	0	0	0	10	0	0	0	0	0
b596c6543dd99db89dbd5688deba9fdf	0	0	0	0	0	0	0	0	0	0	0	0	0	0	0	0	0	0	0	0	0	0	0	0	10	0	0	0	0	0
580ed8624e4e28aef2751f957df55ead	0	0	0	0	0	0	0	0	0	0	0	0	0	0	0	0	0	0	0	0	0	0	0	0	7	54	0	0	0	0
768c3e7c7c46d1e45836c33489e4d2c3	0	0	0	0	0	0	0	0	0	0	0	0	0	0	0	0	0	0	0	0	0	0	0	0	6	13	0	0	0	0
49567cf5a8b8ed955556d063121a585e	0	0	0	0	0	0	0	0	0	0	0	0	0	0	0	0	0	0	0	0	0	0	0	0	6	0	1	0	7	1
6c5585686a908eab55d43b3c2881016c	0	0	0	0	0	0	0	0	0	0	0	0	0	0	0	0	0	0	0	0	0	0	0	0	6	7	0	0	0	0
a13457a0f8fb03a692a1709748341bbc	0	0	0	0	0	0	0	0	0	0	0	0	0	0	0	0	0	0	0	0	0	0	0	0	6	123	0	0	0	0
2067453154209ce1856aa4d096d02106	0	0	0	0	0	0	0	0	0	0	0	0	0	0	0	0	0	0	0	0	0	0	0	0	3	20	0	0	0	0
6d8e932e7a00f384e80c6a44f53a2681	0	0	0	0	0	0	0	0	0	0	0	0	0	0	0	0	0	0	0	0	0	0	0	0	2	0	13	0	3	10
828e4604cb200173cadfe59a4593245a	0	0	0	0	0	0	0	0	0	0	0	0	0	0	0	0	0	0	0	0	0	0	0	0	1	14	0	0	0	0
23bab5b4e82b2d2cd6705161aad58744	0	0	0	0	0	0	0	0	0	0	0	0	0	0	0	0	0	0	0	0	0	0	0	0	1	11	0	0	0	0
3cd0030b307ab557729bd607963aff1a	0	0	0	0	0	0	0	0	0	0	0	0	0	0	0	0	0	0	0	0	0	0	0	0	0	707	0	0	0	0
dbb44e01df090cb51e4a2fa84fa6ed06	0	0	0	0	0	0	0	0	0	0	0	0	0	0	0	0	0	0	0	0	0	0	0	0	0	607	0	0	0	0
5c4a534c3637c89a0ba31d32f1fda23b	0	0	0	0	0	0	0	0	0	0	0	0	0	0	0	0	0	0	0	0	0	0	0	0	0	409	0	0	0	0
ad9ec3df9385793f2c993d287be5dac6	0	0	0	0	0	0	0	0	0	0	0	0	0	0	0	0	0	0	0	0	0	0	0	0	0	373	0	0	0	0
35ab2f9305f741bd80b396c26392dbf2	0	0	0	0	0	0	0	0	0	0	0	0	0	0	0	0	0	0	0	0	0	0	0	0	0	366	0	0	0	0
5b8583e335e3aecc151c71ce23292f3b	0	0	0	0	0	0	0	0	0	0	0	0	0	0	0	0	0	0	0	0	0	0	0	0	0	292	0	0	0	0
93549e927cfaa24114c1bcdbd3de18a8	0	0	0	0	0	0	0	0	0	0	0	0	0	0	0	0	0	0	0	0	0	0	0	0	0	274	0	0	0	0
63a0600ab987b9c73e871f412fea1d28	0	0	0	0	0	0	0	0	0	0	0	0	0	0	0	0	0	0	0	0	0	0	0	0	0	274	0	0	0	0
46936f281e0788f5786418c65f7f4092	0	0	0	0	0	0	0	0	0	0	0	0	0	0	0	0	0	0	0	0	0	0	0	0	0	243	0	0	0	0
0a3bb01f3d73e431b20be171cc64a17e	0	0	0	0	0	0	0	0	0	0	0	0	0	0	0	0	0	0	0	0	0	0	0	0	0	194	0	0	0	0
99b8380c15f1d89fbe6dc5372cee20ea	0	0	0	0	0	0	0	0	0	0	0	0	0	0	0	0	0	0	0	0	0	0	0	0	0	179	0	0	0	0
66beee743967266a26f19a90ce302a6c	0	0	0	0	0	0	0	0	0	0	0	0	0	0	0	0	0	0	0	0	0	0	0	0	0	173	1	0	0	0
ed44bf0eeabcf98f68085cb58b7418fb	0	0	0	0	0	0	0	0	0	0	0	0	0	0	0	0	0	0	0	0	0	0	0	0	0	163	0	0	0	0
70d9b18a0c24e09c05b618e51dd4d3d7	0	0	0	0	0	0	0	0	0	0	0	0	0	0	0	0	0	0	0	0	0	0	0	0	0	156	0	0	2	0
d5da9e53e0e7bc07077930cc96c0c2f1	0	0	0	0	0	0	0	0	0	0	0	0	0	0	0	0	0	0	0	0	0	0	0	0	0	151	0	0	0	0
f4295f1f85ef65296180694a67148a05	0	0	0	0	0	0	0	0	0	0	0	0	0	0	0	0	0	0	0	0	0	0	0	0	0	136	0	0	1	0
5b1928a7304dff13e12fcdd13a83a1db	0	0	0	0	0	0	0	0	0	0	0	0	0	0	0	0	0	0	0	0	0	0	0	0	0	135	0	0	0	0
a14781926b80ffb34e5a2fe66ded8e09	0	0	0	0	0	0	0	0	0	0	0	0	0	0	0	0	0	0	0	0	0	0	0	0	0	133	0	0	0	0
82ffa39b6b8d434c55e9b65bba603e92	0	0	0	0	0	0	0	0	0	0	0	0	0	0	0	0	0	0	0	0	0	0	0	0	0	123	0	0	0	0
efb634ef2ddc693f2284f4961e2ad3bf	0	0	0	0	0	0	0	0	0	0	0	0	0	0	0	0	0	0	0	0	0	0	0	0	0	112	0	0	0	0
a01056e4c8f98c4cabba1374480b818f	0	0	0	0	0	0	0	0	0	0	0	0	0	0	0	0	0	0	0	0	0	0	0	0	0	103	0	0	0	0
41767587fbd15ea2e716dc42e265e955	0	0	0	0	0	0	0	0	0	0	0	0	0	0	0	0	0	0	0	0	0	0	0	0	0	103	0	0	0	0
6829106d292a53c857cc92a3b5006789	0	0	0	0	0	0	0	0	0	0	0	0	0	0	0	0	0	0	0	0	0	0	0	0	0	95	0	0	0	1
89857969971e3f47f24bf3141e8746cd	0	0	0	0	0	0	0	0	0	0	0	0	0	0	0	0	0	0	0	0	0	0	0	0	0	94	0	0	0	0
95d30f3f70e1e9a431e4f050cd97f5d7	0	0	0	0	0	0	0	0	0	0	0	0	0	0	0	0	0	0	0	0	0	0	0	0	0	86	0	0	0	0
09c21fa6036a8d0a97b940c51ed17173	0	0	0	0	0	0	0	0	0	0	0	0	0	0	0	0	0	0	0	0	0	0	0	0	0	77	0	0	0	0
6d693f60547cfa30e3691a4608cb690e	0	0	0	0	0	0	0	0	0	0	0	0	0	0	0	0	0	0	0	0	0	0	0	0	0	76	0	0	0	0
6d9dd035566df7f5d2ef170b02061534	0	0	0	0	0	0	0	0	0	0	0	0	0	0	0	0	0	0	0	0	0	0	0	0	0	75	0	0	0	0
584cc6e31f1cc9172a93a6c63a955d60	0	0	0	0	0	0	0	0	0	0	0	0	0	0	0	0	0	0	0	0	0	0	0	0	0	72	0	0	0	0
e5de5241daba22f14a433a7f706275ba	0	0	0	0	0	0	0	0	0	0	0	0	0	0	0	0	0	0	0	0	0	0	0	0	0	70	0	0	0	0
7fa5ea13d75c32dc5cea5c37a06aafe8	0	0	0	0	0	0	0	0	0	0	0	0	0	0	0	0	0	0	0	0	0	0	0	0	0	69	0	0	0	0
a4010d033b27f54457e45183555d8105	0	0	0	0	0	0	0	0	0	0	0	0	0	0	0	0	0	0	0	0	0	0	0	0	0	69	0	0	0	0
833b818f252452de7b7ae0b3d9c8d337	0	0	0	0	0	0	0	0	0	0	0	0	0	0	0	0	0	0	0	0	0	0	0	0	0	66	0	0	0	0
4495979dbefcfe4220c69aeda58aff53	0	0	0	0	0	0	0	0	0	0	0	0	0	0	0	0	0	0	0	0	0	0	0	0	0	64	0	0	0	0
0a88c4f91116c5afa004c19004577db1	0	0	0	0	0	0	0	0	0	0	0	0	0	0	0	0	0	0	0	0	0	0	0	0	0	64	0	0	0	0
630481e89f927f4439eb10866a52244a	0	0	0	0	0	0	0	0	0	0	0	0	0	0	0	0	0	0	0	0	0	0	0	0	0	63	0	0	0	0
63351b1e2ec616736f839c920c06824a	0	0	0	0	0	0	0	0	0	0	0	0	0	0	0	0	0	0	0	0	0	0	0	0	0	60	0	0	1	0
dfe80f638481d1de21ced454270c9ef5	0	0	0	0	0	0	0	0	0	0	0	0	0	0	0	0	0	0	0	0	0	0	0	0	0	60	0	0	0	0
b283016c9cc9b1fc3a1d671e1889675f	0	0	0	0	0	0	0	0	0	0	0	0	0	0	0	0	0	0	0	0	0	0	0	0	0	58	0	0	0	0
9522853179206f6104cf71ee0534024f	0	0	0	0	0	0	0	0	0	0	0	0	0	0	0	0	0	0	0	0	0	0	0	0	0	57	0	0	0	0
2ed0c8a8e3bf0b35cb33fd2e4df1501b	0	0	0	0	0	0	0	0	0	0	0	0	0	0	0	0	0	0	0	0	0	0	0	0	0	56	2	0	0	0
2b3131b787ad1358bbf0b044538f26f9	0	0	0	0	0	0	0	0	0	0	0	0	0	0	0	0	0	0	0	0	0	0	0	0	0	54	0	0	0	0
f88e1fb9848bf72137918f2697e2f539	0	0	0	0	0	0	0	0	0	0	0	0	0	0	0	0	0	0	0	0	0	0	0	0	0	54	0	0	0	0
9090f93f9452848ee3efe6f47e2d34fc	0	0	0	0	0	0	0	0	0	0	0	0	0	0	0	0	0	0	0	0	0	0	0	0	0	54	0	0	0	0
a3c0c4577917d1fb27125f47cf8f361e	0	0	0	0	0	0	0	0	0	0	0	0	0	0	0	0	0	0	0	0	0	0	0	0	0	53	0	0	0	0
e1f0b73301bee26118d37d35801dcac0	0	0	0	0	0	0	0	0	0	0	0	0	0	0	0	0	0	0	0	0	0	0	0	0	0	52	0	0	0	0
6392a7f034731a76e532995196980720	0	0	0	0	0	0	0	0	0	0	0	0	0	0	0	0	0	0	0	0	0	0	0	0	0	49	0	0	0	0
3cd563092d98157d6d6dc43749a08fb7	0	0	0	0	0	0	0	0	0	0	0	0	0	0	0	0	0	0	0	0	0	0	0	0	0	49	0	0	0	0
6574b4e4dd61f49c100dd0ca97da4485	0	0	0	0	0	0	0	0	0	0	0	0	0	0	0	0	0	0	0	0	0	0	0	0	0	46	0	0	0	0
742ab2a782ad9d763ef2f6053692458f	0	0	0	0	0	0	0	0	0	0	0	0	0	0	0	0	0	0	0	0	0	0	0	0	0	46	0	0	0	0
8356afb443c4227012629f11d4878119	0	0	0	0	0	0	0	0	0	0	0	0	0	0	0	0	0	0	0	0	0	0	0	0	0	45	0	0	0	0
e06d925ec9611b84d5c5d886d0823ed9	0	0	0	0	0	0	0	0	0	0	0	0	0	0	0	0	0	0	0	0	0	0	0	0	0	44	0	0	0	0
389e565e5dc3eec4af08cb4489bcc328	0	0	0	0	0	0	0	0	0	0	0	0	0	0	0	0	0	0	0	0	0	0	0	0	0	44	0	0	0	0
d8e780f63a0e01a3e4695d75aed0a8b6	0	0	0	0	0	0	0	0	0	0	0	0	0	0	0	0	0	0	0	0	0	0	0	0	0	42	0	1	0	0
81da5c123813795cc3a3f3ccacfbaa61	0	0	0	0	0	0	0	0	0	0	0	0	0	0	0	0	0	0	0	0	0	0	0	0	0	42	0	0	0	0
9c8013b224d0a3af4f2fc22c9d6a4421	0	0	0	0	0	0	0	0	0	0	0	0	0	0	0	0	0	0	0	0	0	0	0	0	0	41	0	0	0	0
a1e52ab4335cd7efae36dee1995cb683	0	0	0	0	0	0	0	0	0	0	0	0	0	0	0	0	0	0	0	0	0	0	0	0	0	40	0	0	0	0
f79822a384847a37ee9009ff257d71b7	0	0	0	0	0	0	0	0	0	0	0	0	0	0	0	0	0	0	0	0	0	0	0	0	0	40	0	0	0	0
3e146d8fc04626a8803fe7ff10c9a37f	0	0	0	0	0	0	0	0	0	0	0	0	0	0	0	0	0	0	0	0	0	0	0	0	0	40	0	0	0	0
9bb5c9a12bc5d7c2323a00ff5492ebfb	0	0	0	0	0	0	0	0	0	0	0	0	0	0	0	0	0	0	0	0	0	0	0	0	0	40	0	0	0	0
5c12617aae89e1dad993ab2afd8d7433	0	0	0	0	0	0	0	0	0	0	0	0	0	0	0	0	0	0	0	0	0	0	0	0	0	40	0	0	0	0
b44fea86fbd5be6502f012e341772b74	0	0	0	0	0	0	0	0	0	0	0	0	0	0	0	0	0	0	0	0	0	0	0	0	0	40	1	0	0	0
4576d5bc72bddc34e09a2e0f14b6fd98	0	0	0	0	0	0	0	0	0	0	0	0	0	0	0	0	0	0	0	0	0	0	0	0	0	37	0	0	0	0
93eb3fdae8d57d4b1dafaff98cd82c14	0	0	0	0	0	0	0	0	0	0	0	0	0	0	0	0	0	0	0	0	0	0	0	0	0	37	0	0	0	0
ef2093498c3e1522aa67beaee2fbca4b	0	0	0	0	0	0	0	0	0	0	0	0	0	0	0	0	0	0	0	0	0	0	0	0	0	36	0	0	0	0
0177a5a6db7ae3b8fb6a03a896b6f948	0	0	0	0	0	0	0	0	0	0	0	0	0	0	0	0	0	0	0	0	0	0	0	0	0	35	0	0	0	0
3923d8c73bdcd35a7c32ef5a18abb17e	0	0	0	0	0	0	0	0	0	0	0	0	0	0	0	0	0	0	0	0	0	0	0	0	0	34	0	0	2	0
882b6fc2db7cfceec7e5249c7fe34e9b	0	0	0	0	0	0	0	0	0	0	0	0	0	0	0	0	0	0	0	0	0	0	0	0	0	34	0	0	0	1
6136a644f567bf6eaf86b151042bddc4	0	0	0	0	0	0	0	0	0	0	0	0	0	0	0	0	0	0	0	0	0	0	0	0	0	34	0	0	0	0
53191378c4f7ef059b542dfaf5fa1e4d	0	0	0	0	0	0	0	0	0	0	0	0	0	0	0	0	0	0	0	0	0	0	0	0	0	33	0	0	0	0
4194a1f7c1a38f3ad8cb36b19a5abe32	0	0	0	0	0	0	0	0	0	0	0	0	0	0	0	0	0	0	0	0	0	0	0	0	0	32	0	0	0	0
59be75c2c6fae99888a50360aba700df	0	0	0	0	0	0	0	0	0	0	0	0	0	0	0	0	0	0	0	0	0	0	0	0	0	32	0	0	0	0
d0d41383d8316eec12b46f049017377c	0	0	0	0	0	0	0	0	0	0	0	0	0	0	0	0	0	0	0	0	0	0	0	0	0	32	0	0	0	0
8bb22af5e748305282d45ffadedf6e2d	0	0	0	0	0	0	0	0	0	0	0	0	0	0	0	0	0	0	0	0	0	0	0	0	0	30	0	0	0	0
eae4b31ee2558966c923a98fd6a66427	0	0	0	0	0	0	0	0	0	0	0	0	0	0	0	0	0	0	0	0	0	0	0	0	0	30	0	0	0	0
489d652c9423fb7d43c291f1ec1c4812	0	0	0	0	0	0	0	0	0	0	0	0	0	0	0	0	0	0	0	0	0	0	0	0	0	30	0	0	0	0
7843b6135ed8b8e9f91f2142c2d2562d	0	0	0	0	0	0	0	0	0	0	0	0	0	0	0	0	0	0	0	0	0	0	0	0	0	29	0	0	0	0
cd1bee0aba4a4cb92cb840612f95a009	0	0	0	0	0	0	0	0	0	0	0	0	0	0	0	0	0	0	0	0	0	0	0	0	0	29	0	0	0	0
4a54e1a0a6c126a08a78518f8bde54a2	0	0	0	0	0	0	0	0	0	0	0	0	0	0	0	0	0	0	0	0	0	0	0	0	0	29	0	2	2	0
f7104adf9c468ab3c887b53464367643	0	0	0	0	0	0	0	0	0	0	0	0	0	0	0	0	0	0	0	0	0	0	0	0	0	28	0	0	0	0
01d7b849cb23f994c483968499e3ea5e	0	0	0	0	0	0	0	0	0	0	0	0	0	0	0	0	0	0	0	0	0	0	0	0	0	28	0	0	0	0
016cea1375220dfcad19153eb5020bdb	0	0	0	0	0	0	0	0	0	0	0	0	0	0	0	0	0	0	0	0	0	0	0	0	0	27	0	0	0	0
765ef26a0a23bdd13ef55b66b46d9ff1	0	0	0	0	0	0	0	0	0	0	0	0	0	0	0	0	0	0	0	0	0	0	0	0	0	26	0	0	0	0
0fa5d58da3749b8a5af8278578b02912	0	0	0	0	0	0	0	0	0	0	0	0	0	0	0	0	0	0	0	0	0	0	0	0	0	25	0	1	0	2
d95dd4645901303b271bb80600d407bc	0	0	0	0	0	0	0	0	0	0	0	0	0	0	0	0	0	0	0	0	0	0	0	0	0	24	0	0	0	0
65f2323eae9d1588b22ee22bd4551e08	0	0	0	0	0	0	0	0	0	0	0	0	0	0	0	0	0	0	0	0	0	0	0	0	0	24	0	0	0	0
9f5271e7ed6731ed77a452d973a47c73	0	0	0	0	0	0	0	0	0	0	0	0	0	0	0	0	0	0	0	0	0	0	0	0	0	24	1	0	0	0
bb11e647acb12dd32c62d43911c44f3a	0	0	0	0	0	0	0	0	0	0	0	0	0	0	0	0	0	0	0	0	0	0	0	0	0	24	0	0	0	0
20b1e8b478ac1e62112eb55098a0c1d6	0	0	0	0	0	0	0	0	0	0	0	0	0	0	0	0	0	0	0	0	0	0	0	0	0	23	0	0	0	0
a824cd8fab411c48a4cacc0a422170c4	0	0	0	0	0	0	0	0	0	0	0	0	0	0	0	0	0	0	0	0	0	0	0	0	0	23	0	0	0	0
ecde5694e7c29b1897ea079d82aa2683	0	0	0	0	0	0	0	0	0	0	0	0	0	0	0	0	0	0	0	0	0	0	0	0	0	23	2	1	0	0
dc033f07196bd245fe07b2d40d02c414	0	0	0	0	0	0	0	0	0	0	0	0	0	0	0	0	0	0	0	0	0	0	0	0	0	23	2	0	0	0
d11b40230b52f939f051db6c8506adb8	0	0	0	0	0	0	0	0	0	0	0	0	0	0	0	0	0	0	0	0	0	0	0	0	0	22	0	0	0	0
6d281bfd3d3b2c408482ee1634a171f0	0	0	0	0	0	0	0	0	0	0	0	0	0	0	0	0	0	0	0	0	0	0	0	0	0	22	0	0	0	0
de40dca6aa509680380efcb287440151	0	0	0	0	0	0	0	0	0	0	0	0	0	0	0	0	0	0	0	0	0	0	0	0	0	22	0	0	0	0
7a4bf496e2cb69cedb126417c2e93b84	0	0	0	0	0	0	0	0	0	0	0	0	0	0	0	0	0	0	0	0	0	0	0	0	0	22	0	0	0	0
70a7f136b88ccd615b593cba2e2068b1	0	0	0	0	0	0	0	0	0	0	0	0	0	0	0	0	0	0	0	0	0	0	0	0	0	22	0	0	0	0
dee9ff1044bdac94b0e8371c1cc84a66	0	0	0	0	0	0	0	0	0	0	0	0	0	0	0	0	0	0	0	0	0	0	0	0	0	22	0	0	0	0
5fa5863f6bd79f4f7a83b727cd515d56	0	0	0	0	0	0	0	0	0	0	0	0	0	0	0	0	0	0	0	0	0	0	0	0	0	22	0	0	0	0
388c118f018edc71800e5d86f5065191	0	0	0	0	0	0	0	0	0	0	0	0	0	0	0	0	0	0	0	0	0	0	0	0	0	21	0	0	0	0
8b17f318566d3e8084b8fa6eea6ee584	0	0	0	0	0	0	0	0	0	0	0	0	0	0	0	0	0	0	0	0	0	0	0	0	0	21	0	0	0	0
8a03e5a1b8951a4f94de165c335e9d01	0	0	0	0	0	0	0	0	0	0	0	0	0	0	0	0	0	0	0	0	0	0	0	0	0	21	0	0	0	0
33cfa54d3c348655c67d671865f4c0a8	0	0	0	0	0	0	0	0	0	0	0	0	0	0	0	0	0	0	0	0	0	0	0	0	0	20	0	0	0	0
daeeea99a4933f1d0ce1f2beb083a71b	0	0	0	0	0	0	0	0	0	0	0	0	0	0	0	0	0	0	0	0	0	0	0	0	0	20	0	0	0	0
6904cbd2ea765fdf3cf43df5c34d8f3a	0	0	0	0	0	0	0	0	0	0	0	0	0	0	0	0	0	0	0	0	0	0	0	0	0	20	0	0	0	0
75d063eb1f423f73fbc686a9ce08afa9	0	0	0	0	0	0	0	0	0	0	0	0	0	0	0	0	0	0	0	0	0	0	0	0	0	20	0	1	0	0
b7d2c59168a8f1ee65d139358d71742c	0	0	0	0	0	0	0	0	0	0	0	0	0	0	0	0	0	0	0	0	0	0	0	0	0	19	0	0	0	0
335623f57305a5cde364c50821c0b6dc	0	0	0	0	0	0	0	0	0	0	0	0	0	0	0	0	0	0	0	0	0	0	0	0	0	19	0	1	0	0
05ed4b39e9398e68aff8e28b09127a54	0	0	0	0	0	0	0	0	0	0	0	0	0	0	0	0	0	0	0	0	0	0	0	0	0	18	0	0	0	0
eed825dde93cafd602ef5c1c568dcb13	0	0	0	0	0	0	0	0	0	0	0	0	0	0	0	0	0	0	0	0	0	0	0	0	0	18	0	0	0	0
5c39939a4b200ebec9362244c865c6d8	0	0	0	0	0	0	0	0	0	0	0	0	0	0	0	0	0	0	0	0	0	0	0	0	0	18	0	0	0	0
999c232238d84d169f8153cb6846471a	0	0	0	0	0	0	0	0	0	0	0	0	0	0	0	0	0	0	0	0	0	0	0	0	0	18	0	0	0	0
d993f6219665c4d66fa735846bb7f5ae	0	0	0	0	0	0	0	0	0	0	0	0	0	0	0	0	0	0	0	0	0	0	0	0	0	18	0	0	0	0
a21bac04e55be0b6cc87a341c0d15d93	0	0	0	0	0	0	0	0	0	0	0	0	0	0	0	0	0	0	0	0	0	0	0	0	0	18	0	0	0	0
e1db8b64837a04eb614550bd5c01c0ed	0	0	0	0	0	0	0	0	0	0	0	0	0	0	0	0	0	0	0	0	0	0	0	0	0	18	0	0	0	0
af1755c34ea49bf4a178f3143c40ae76	0	0	0	0	0	0	0	0	0	0	0	0	0	0	0	0	0	0	0	0	0	0	0	0	0	18	0	0	0	0
8df248045cc42c928164e96dfcc75ac6	0	0	0	0	0	0	0	0	0	0	0	0	0	0	0	0	0	0	0	0	0	0	0	0	0	17	0	0	0	0
f831ff637f98fd4a4cb7bfbb3f978abb	0	0	0	0	0	0	0	0	0	0	0	0	0	0	0	0	0	0	0	0	0	0	0	0	0	17	0	0	0	0
f5fea55f1ea1bbe1a3ae31c8d0bfb232	0	0	0	0	0	0	0	0	0	0	0	0	0	0	0	0	0	0	0	0	0	0	0	0	0	17	0	0	0	0
866a9adf75729e1699c6e820aeb79b23	0	0	0	0	0	0	0	0	0	0	0	0	0	0	0	0	0	0	0	0	0	0	0	0	0	17	0	0	0	0
9970c9b0e748133e0db13c204acbb9b3	0	0	0	0	0	0	0	0	0	0	0	0	0	0	0	0	0	0	0	0	0	0	0	0	0	17	0	0	0	0
d2398f0eec4c0519c6db5ed61265a1c2	0	0	0	0	0	0	0	0	0	0	0	0	0	0	0	0	0	0	0	0	0	0	0	0	0	17	0	0	0	0
d97cf7ebd9ffcc5b0531c1f8edf4108a	0	0	0	0	0	0	0	0	0	0	0	0	0	0	0	0	0	0	0	0	0	0	0	0	0	17	0	0	0	0
d87fedad0aa0d64b37a3935e526260a8	0	0	0	0	0	0	0	0	0	0	0	0	0	0	0	0	0	0	0	0	0	0	0	0	0	17	0	0	0	0
21b523174809c3b309c36ff69f9dfa6c	0	0	0	0	0	0	0	0	0	0	0	0	0	0	0	0	0	0	0	0	0	0	0	0	0	16	0	0	0	0
3762bc00f3067b66c096614b2f8e38c0	0	0	0	0	0	0	0	0	0	0	0	0	0	0	0	0	0	0	0	0	0	0	0	0	0	16	0	0	0	0
a0883f7032039e9a5fde8c1983a2ddee	0	0	0	0	0	0	0	0	0	0	0	0	0	0	0	0	0	0	0	0	0	0	0	0	0	16	1	0	0	3
5d3ed526c765ef092f1e6134ee92318e	0	0	0	0	0	0	0	0	0	0	0	0	0	0	0	0	0	0	0	0	0	0	0	0	0	16	0	0	0	0
3713b449a2ca7197bc699ae0228e2358	0	0	0	0	0	0	0	0	0	0	0	0	0	0	0	0	0	0	0	0	0	0	0	0	0	15	0	0	0	0
a7b725d67f25e695ab2fb126166027d3	0	0	0	0	0	0	0	0	0	0	0	0	0	0	0	0	0	0	0	0	0	0	0	0	0	15	0	0	0	0
0c7beba6cf4c8fa839e32d7b51b9329a	0	0	0	0	0	0	0	0	0	0	0	0	0	0	0	0	0	0	0	0	0	0	0	0	0	15	0	0	0	0
9760e0e5f6bcd963ecdc057a8e3f0c44	0	0	0	0	0	0	0	0	0	0	0	0	0	0	0	0	0	0	0	0	0	0	0	0	0	15	5	0	0	0
47470cbb99463d6f8caca53557151b08	0	0	0	0	0	0	0	0	0	0	0	0	0	0	0	0	0	0	0	0	0	0	0	0	0	14	0	0	0	0
4f8f6787c20f163b7609bb06cda90d12	0	0	0	0	0	0	0	0	0	0	0	0	0	0	0	0	0	0	0	0	0	0	0	0	0	14	0	0	1	0
1376ac1b33f7674961bf0a85fede50b2	0	0	0	0	0	0	0	0	0	0	0	0	0	0	0	0	0	0	0	0	0	0	0	0	0	14	0	0	0	0
2a0df5fd7532e49675408f7bd6fce241	0	0	0	0	0	0	0	0	0	0	0	0	0	0	0	0	0	0	0	0	0	0	0	0	0	14	0	0	0	0
5ac6d3bd05e786880d7ba5a597af93d1	0	0	0	0	0	0	0	0	0	0	0	0	0	0	0	0	0	0	0	0	0	0	0	0	0	14	1	0	0	0
865731e1cd79d26827e888b92428057c	0	0	0	0	0	0	0	0	0	0	0	0	0	0	0	0	0	0	0	0	0	0	0	0	0	14	0	0	0	0
3548a41f5f720cae7423c0d59857aa9e	0	0	0	0	0	0	0	0	0	0	0	0	0	0	0	0	0	0	0	0	0	0	0	0	0	14	0	0	0	0
5e9d7443d0ee85df6dde89130af9e9cd	0	0	0	0	0	0	0	0	0	0	0	0	0	0	0	0	0	0	0	0	0	0	0	0	0	14	0	0	0	0
5827dceb65ad806053cdf6de6c46c936	0	0	0	0	0	0	0	0	0	0	0	0	0	0	0	0	0	0	0	0	0	0	0	0	0	14	0	0	0	0
da133dcd68815959b0a0734eeb34e093	0	0	0	0	0	0	0	0	0	0	0	0	0	0	0	0	0	0	0	0	0	0	0	0	0	14	0	0	0	0
9e894dd87b6bda358353de76fc86c868	0	0	0	0	0	0	0	0	0	0	0	0	0	0	0	0	0	0	0	0	0	0	0	0	0	14	0	0	0	0
0ebf621a892bbea0c7e69127a2a8a904	0	0	0	0	0	0	0	0	0	0	0	0	0	0	0	0	0	0	0	0	0	0	0	0	0	13	0	0	0	0
a149cc8d90349c66db8e563642b58361	0	0	0	0	0	0	0	0	0	0	0	0	0	0	0	0	0	0	0	0	0	0	0	0	0	13	0	1	0	0
6e5c7d4ed359d86253e3949920ed5e3c	0	0	0	0	0	0	0	0	0	0	0	0	0	0	0	0	0	0	0	0	0	0	0	0	0	13	0	0	0	0
b5ca84b33b65f699ca10fe4ccbee8630	0	0	0	0	0	0	0	0	0	0	0	0	0	0	0	0	0	0	0	0	0	0	0	0	0	13	0	0	0	0
eca4ae945386bc238543c317a2364fd9	0	0	0	0	0	0	0	0	0	0	0	0	0	0	0	0	0	0	0	0	0	0	0	0	0	13	0	0	0	0
ff5f2721846920c5e9c4549f345ad220	0	0	0	0	0	0	0	0	0	0	0	0	0	0	0	0	0	0	0	0	0	0	0	0	0	13	0	0	0	0
6e7eaa38a7c30079bc0f11bbd4308bb9	0	0	0	0	0	0	0	0	0	0	0	0	0	0	0	0	0	0	0	0	0	0	0	0	0	12	0	0	0	0
5a4d25eda4eddd91debefc21835df6d6	0	0	0	0	0	0	0	0	0	0	0	0	0	0	0	0	0	0	0	0	0	0	0	0	0	12	0	0	0	0
ef121a6c9ee85f298fde95195287ccb7	0	0	0	0	0	0	0	0	0	0	0	0	0	0	0	0	0	0	0	0	0	0	0	0	0	12	0	0	0	0
f3336e6a8bfdbd26a001e94a2d16f9af	0	0	0	0	0	0	0	0	0	0	0	0	0	0	0	0	0	0	0	0	0	0	0	0	0	12	0	0	0	0
f7acf5f8787e7bfa4df275a44751da49	0	0	0	0	0	0	0	0	0	0	0	0	0	0	0	0	0	0	0	0	0	0	0	0	0	12	0	0	0	0
d939860a86c9c7cabbf99abcae0810ec	0	0	0	0	0	0	0	0	0	0	0	0	0	0	0	0	0	0	0	0	0	0	0	0	0	12	0	0	1	0
35620e446f971956cae85b5c1ea7653b	0	0	0	0	0	0	0	0	0	0	0	0	0	0	0	0	0	0	0	0	0	0	0	0	0	12	0	0	0	0
5c3bc540dc39204de81934632f4cf0d6	0	0	0	0	0	0	0	0	0	0	0	0	0	0	0	0	0	0	0	0	0	0	0	0	0	12	0	0	0	0
00de3a665abb60c5b64473d5da638716	0	0	0	0	0	0	0	0	0	0	0	0	0	0	0	0	0	0	0	0	0	0	0	0	0	12	1	0	0	0
d062e1b40f847e66a9da2d2d2862dda0	0	0	0	0	0	0	0	0	0	0	0	0	0	0	0	0	0	0	0	0	0	0	0	0	0	12	0	0	0	0
b134cd697ac22f6190bd1c8793e89f24	0	0	0	0	0	0	0	0	0	0	0	0	0	0	0	0	0	0	0	0	0	0	0	0	0	12	0	0	0	0
12666180b78de632339115839dd1cb2e	0	0	0	0	0	0	0	0	0	0	0	0	0	0	0	0	0	0	0	0	0	0	0	0	0	12	0	0	0	0
71687326f90bd2db14d1dedcdafc5395	0	0	0	0	0	0	0	0	0	0	0	0	0	0	0	0	0	0	0	0	0	0	0	0	0	11	0	0	0	0
367d53cc1319f3dbfc941cd82ae2d713	0	0	0	0	0	0	0	0	0	0	0	0	0	0	0	0	0	0	0	0	0	0	0	0	0	11	0	0	0	0
38c50c5fae03c92edfe050a4ca201cee	0	0	0	0	0	0	0	0	0	0	0	0	0	0	0	0	0	0	0	0	0	0	0	0	0	11	0	0	0	0
ce473de77a1911934653c9d7278c2225	0	0	0	0	0	0	0	0	0	0	0	0	0	0	0	0	0	0	0	0	0	0	0	0	0	11	0	0	0	0
000ffd17617ac549d20f69359f61dbeb	0	0	0	0	0	0	0	0	0	0	0	0	0	0	0	0	0	0	0	0	0	0	0	0	0	11	0	0	0	0
75b819f32ff1f23d3e72970e36ff698f	0	0	0	0	0	0	0	0	0	0	0	0	0	0	0	0	0	0	0	0	0	0	0	0	0	11	0	0	0	0
f7a55f8cf25600b2a1ab9eca846aa6d4	0	0	0	0	0	0	0	0	0	0	0	0	0	0	0	0	0	0	0	0	0	0	0	0	0	11	0	0	0	0
6ecca2f8c06479c3f63dc55d68604ea6	0	0	0	0	0	0	0	0	0	0	0	0	0	0	0	0	0	0	0	0	0	0	0	0	0	11	0	0	0	0
59fe8881a958fc226bd3837f038d7b70	0	0	0	0	0	0	0	0	0	0	0	0	0	0	0	0	0	0	0	0	0	0	0	0	0	11	0	0	0	0
6acd9fdf693085f551c5aef8f249ad98	0	0	0	0	0	0	0	0	0	0	0	0	0	0	0	0	0	0	0	0	0	0	0	0	0	11	0	0	0	0
78e21464c75a3eb4b6d8fb042d1f073f	0	0	0	0	0	0	0	0	0	0	0	0	0	0	0	0	0	0	0	0	0	0	0	0	0	11	0	0	0	0
1532a67c57c73726837557567c7dcb53	0	0	0	0	0	0	0	0	0	0	0	0	0	0	0	0	0	0	0	0	0	0	0	0	0	11	0	0	0	0
c2d34e5a492246ea55a155b4cfa9b721	0	0	0	0	0	0	0	0	0	0	0	0	0	0	0	0	0	0	0	0	0	0	0	0	0	11	0	0	0	0
90e9aaefeeef8300582c43d4f47715b1	0	0	0	0	0	0	0	0	0	0	0	0	0	0	0	0	0	0	0	0	0	0	0	0	0	11	0	0	0	0
20a8fed50aaf61e0b6c0f6e0d6d42c5e	0	0	0	0	0	0	0	0	0	0	0	0	0	0	0	0	0	0	0	0	0	0	0	0	0	10	0	0	0	0
93a540a5e0b68e584ffb1dd60e58e696	0	0	0	0	0	0	0	0	0	0	0	0	0	0	0	0	0	0	0	0	0	0	0	0	0	10	0	0	0	0
21ac15dda9b7e46b793fbae78e39e52f	0	0	0	0	0	0	0	0	0	0	0	0	0	0	0	0	0	0	0	0	0	0	0	0	0	10	0	0	0	0
536e33d2b8ba96680aaf8b2aeaac53b4	0	0	0	0	0	0	0	0	0	0	0	0	0	0	0	0	0	0	0	0	0	0	0	0	0	10	0	0	0	0
d22c1ac879cb45c1314e64e8561faf6a	0	0	0	0	0	0	0	0	0	0	0	0	0	0	0	0	0	0	0	0	0	0	0	0	0	10	0	0	0	0
3b4670aa88ec3a61eca42b04a3d53ade	0	0	0	0	0	0	0	0	0	0	0	0	0	0	0	0	0	0	0	0	0	0	0	0	0	10	0	0	0	0
80544c2f1b0b97ac3bb242e8cfd109f8	0	0	0	0	0	0	0	0	0	0	0	0	0	0	0	0	0	0	0	0	0	0	0	0	0	10	0	0	0	0
a042dc260af401b7ff01173b871a37aa	0	0	0	0	0	0	0	0	0	0	0	0	0	0	0	0	0	0	0	0	0	0	0	0	0	10	0	0	0	0
4b15f03f20bd8ded3d4f09713472a07b	0	0	0	0	0	0	0	0	0	0	0	0	0	0	0	0	0	0	0	0	0	0	0	0	0	10	0	0	0	0
05653c62d1b159397ac54624d990cdd6	0	0	0	0	0	0	0	0	0	0	0	0	0	0	0	0	0	0	0	0	0	0	0	0	0	10	0	0	0	0
2e8fb98c0b07e209b7e98c93e31dce66	0	0	0	0	0	0	0	0	0	0	0	0	0	0	0	0	0	0	0	0	0	0	0	0	0	10	4	0	0	0
e604ec658a96add2ea8935a0bdcf20ee	0	0	0	0	0	0	0	0	0	0	0	0	0	0	0	0	0	0	0	0	0	0	0	0	0	10	0	0	0	0
f1f601ffbdfae63bf65444e1ce0c85ae	0	0	0	0	0	0	0	0	0	0	0	0	0	0	0	0	0	0	0	0	0	0	0	0	0	9	0	0	0	2
3828d746d0db4eca163c2c9f2ea7303b	0	0	0	0	0	0	0	0	0	0	0	0	0	0	0	0	0	0	0	0	0	0	0	0	0	6	4	0	0	0
853dd2a6c261b7199abf086995cf24a4	0	0	0	0	0	0	0	0	0	0	0	0	0	0	0	0	0	0	0	0	0	0	0	0	0	0	316	0	0	144
bd3b5ef5533650e52febba91f49c7732	0	0	0	0	0	0	0	0	0	0	0	0	0	0	0	0	0	0	0	0	0	0	0	0	0	0	110	0	0	52
a610b94c625dcbabd210454bd73cd2e7	0	0	0	0	0	0	0	0	0	0	0	0	0	0	0	0	0	0	0	0	0	0	0	0	0	0	62	0	0	39
1ba5982560d86e9a9d16d5a57c211311	0	0	0	0	0	0	0	0	0	0	0	0	0	0	0	0	0	0	0	0	0	0	0	0	0	0	51	0	0	13
38a6c9895a22105df1ff5bd2b8dd2d1d	0	0	0	0	0	0	0	0	0	0	0	0	0	0	0	0	0	0	0	0	0	0	0	0	0	0	51	0	0	31
f8222470e0aee14d6c10aed29d8ca8c4	0	0	0	0	0	0	0	0	0	0	0	0	0	0	0	0	0	0	0	0	0	0	0	0	0	0	49	0	0	21
e7c1c4dbc30e859c0e38069931823977	0	0	0	0	0	0	0	0	0	0	0	0	0	0	0	0	0	0	0	0	0	0	0	0	0	0	45	0	0	13
0540e19f0baa0c153480450bf1cba3e6	0	0	0	0	0	0	0	0	0	0	0	0	0	0	0	0	0	0	0	0	0	0	0	0	0	0	37	0	0	7
9cd24a712d553a0caefd5e6ee2ba460c	0	0	0	0	0	0	0	0	0	0	0	0	0	0	0	0	0	0	0	0	0	0	0	0	0	0	34	0	1	9
1a40fb2ebaf8bb309feadfaff1df2237	0	0	0	0	0	0	0	0	0	0	0	0	0	0	0	0	0	0	0	0	0	0	0	0	0	0	31	0	0	23
05358b533999eb962a628ca1f8c8b2dd	0	0	0	0	0	0	0	0	0	0	0	0	0	0	0	0	0	0	0	0	0	0	0	0	0	0	31	0	0	6
6c07ac0bb9325d7683a6e949578d26c6	0	0	0	0	0	0	0	0	0	0	0	0	0	0	0	0	0	0	0	0	0	0	0	0	0	0	30	0	0	15
55861017d88609e325e1e5e84f58d99f	0	0	0	0	0	0	0	0	0	0	0	0	0	0	0	0	0	0	0	0	0	0	0	0	0	0	28	0	0	25
7fd6374578d70057ece92ee73782f77e	0	0	0	0	0	0	0	0	0	0	0	0	0	0	0	0	0	0	0	0	0	0	0	0	0	0	26	0	0	14
5687d3d7b200f2cbd815bca3aa1f2662	0	0	0	0	0	0	0	0	0	0	0	0	0	0	0	0	0	0	0	0	0	0	0	0	0	0	25	1	0	9
d7e34988db774c51bb6e3442b28e69b0	0	0	0	0	0	0	0	0	0	0	0	0	0	0	0	0	0	0	0	0	0	0	0	0	0	0	24	0	0	12
b6d8f11182507ae3f71592377f3e6033	0	0	0	0	0	0	0	0	0	0	0	0	0	0	0	0	0	0	0	0	0	0	0	0	0	0	23	0	0	15
50fc8be561dc1ef6c7dc81586e1e11e3	0	0	0	0	0	0	0	0	0	0	0	0	0	0	0	0	0	0	0	0	0	0	0	0	0	0	23	0	0	20
065f6cae0a8cb9cf5618464ce93f10d8	0	0	0	0	0	0	0	0	0	0	0	0	0	0	0	0	0	0	0	0	0	0	0	0	0	0	22	0	0	17
d7a5f1c7d080e16c27f7cdda1f206c3e	0	0	0	0	0	0	0	0	0	0	0	0	0	0	0	0	0	0	0	0	0	0	0	0	0	0	22	0	0	2
120983f59321e6a484b827050c2d07ff	0	0	0	0	0	0	0	0	0	0	0	0	0	0	0	0	0	0	0	0	0	0	0	0	0	0	22	0	0	16
060d8a256579c7be91b0eb45c0f0ad3c	0	0	0	0	0	0	0	0	0	0	0	0	0	0	0	0	0	0	0	0	0	0	0	0	0	0	21	0	3	24
fa123da729d6f9a42d1dcc362d5d365f	0	0	0	0	0	0	0	0	0	0	0	0	0	0	0	0	0	0	0	0	0	0	0	0	0	0	21	0	0	15
d0a8b817ca68b7458e70214991e301eb	0	0	0	0	0	0	0	0	0	0	0	0	0	0	0	0	0	0	0	0	0	0	0	0	0	0	20	0	0	10
99128d03b72d6ddeca6f1716d420a7ff	0	0	0	0	0	0	0	0	0	0	0	0	0	0	0	0	0	0	0	0	0	0	0	0	0	0	20	0	0	5
92304d3a94819ba9d16a94fb41f36ab1	0	0	0	0	0	0	0	0	0	0	0	0	0	0	0	0	0	0	0	0	0	0	0	0	0	0	20	0	0	4
d132a305394454d5fb3ddc72f630aff5	0	0	0	0	0	0	0	0	0	0	0	0	0	0	0	0	0	0	0	0	0	0	0	0	0	0	19	0	0	4
64e8caa563f5eb79f434aa4a29052bb5	0	0	0	0	0	0	0	0	0	0	0	0	0	0	0	0	0	0	0	0	0	0	0	0	0	0	18	0	0	3
cab4cee75c0a226832de8d87b3b8afba	0	0	0	0	0	0	0	0	0	0	0	0	0	0	0	0	0	0	0	0	0	0	0	0	0	0	18	0	0	17
261f042fd9bae788a01917b8c088be78	0	0	0	0	0	0	0	0	0	0	0	0	0	0	0	0	0	0	0	0	0	0	0	0	0	0	17	0	6	1
25bfa7374dbebc00e03fe5ffd60d75aa	0	0	0	0	0	0	0	0	0	0	0	0	0	0	0	0	0	0	0	0	0	0	0	0	0	0	17	0	0	12
e8de58c3dfb02cd917027ea1489a7044	0	0	0	0	0	0	0	0	0	0	0	0	0	0	0	0	0	0	0	0	0	0	0	0	0	0	16	0	0	5
b18bc10c4856ef4cae74e1c5b917c427	0	0	0	0	0	0	0	0	0	0	0	0	0	0	0	0	0	0	0	0	0	0	0	0	0	0	16	0	0	14
c30809f1280c2b6dd7a0a9540e2467fc	0	0	0	0	0	0	0	0	0	0	0	0	0	0	0	0	0	0	0	0	0	0	0	0	0	0	16	0	0	11
8c067724380f89ece7c4f5f57d840368	0	0	0	0	0	0	0	0	0	0	0	0	0	0	0	0	0	0	0	0	0	0	0	0	0	0	15	0	0	21
f8b22bcaaf0023a9fa3c052f42b70688	0	0	0	0	0	0	0	0	0	0	0	0	0	0	0	0	0	0	0	0	0	0	0	0	0	0	15	0	0	4
ea5bcc2311a4b0047881da38b15e5a75	0	0	0	0	0	0	0	0	0	0	0	0	0	0	0	0	0	0	0	0	0	0	0	0	0	0	15	0	0	0
5616a3e57f3c6926db388243ed377fce	0	0	0	0	0	0	0	0	0	0	0	0	0	0	0	0	0	0	0	0	0	0	0	0	0	0	14	0	0	9
f1b80bd4ea201fc85795d319d8697330	0	0	0	0	0	0	0	0	0	0	0	0	0	0	0	0	0	0	0	0	0	0	0	0	0	0	14	0	3	17
69e677ab6ef8772cc9cb9c9aa759ad15	0	0	0	0	0	0	0	0	0	0	0	0	0	0	0	0	0	0	0	0	0	0	0	0	0	0	14	0	0	18
710addce51f76b5f89e796f78635a530	0	0	0	0	0	0	0	0	0	0	0	0	0	0	0	0	0	0	0	0	0	0	0	0	0	0	14	0	0	11
d08f55f267bed6f6ce2782b75d24c1e9	0	0	0	0	0	0	0	0	0	0	0	0	0	0	0	0	0	0	0	0	0	0	0	0	0	0	14	0	0	10
3b19e8b90e15d2d4a6c8f486c0589b3a	0	0	0	0	0	0	0	0	0	0	0	0	0	0	0	0	0	0	0	0	0	0	0	0	0	0	14	0	0	1
6edcc31dc46392ec9fd08ddcfdc096be	0	0	0	0	0	0	0	0	0	0	0	0	0	0	0	0	0	0	0	0	0	0	0	0	0	0	13	0	0	11
826c05a32d9dfc4f0288f26283ea01e4	0	0	0	0	0	0	0	0	0	0	0	0	0	0	0	0	0	0	0	0	0	0	0	0	0	0	13	0	0	2
1e4b46d18895f855b85403be00ede609	0	0	0	0	0	0	0	0	0	0	0	0	0	0	0	0	0	0	0	0	0	0	0	0	0	0	13	0	0	11
7dc23b608e23370afa249e3cc848aed8	0	0	0	0	0	0	0	0	0	0	0	0	0	0	0	0	0	0	0	0	0	0	0	0	0	0	13	0	0	9
49eaabe00c9bbaec0f9ac85f7aeee976	0	0	0	0	0	0	0	0	0	0	0	0	0	0	0	0	0	0	0	0	0	0	0	0	0	0	13	0	0	5
32d1c1241ec120d89ae5e83a5f96b150	0	0	0	0	0	0	0	0	0	0	0	0	0	0	0	0	0	0	0	0	0	0	0	0	0	0	13	0	0	5
b67ef66b4efdcd28ba904a310c8960ca	0	0	0	0	0	0	0	0	0	0	0	0	0	0	0	0	0	0	0	0	0	0	0	0	0	0	13	0	0	1
965e8fdf0dbf776b1bc975158163d270	0	0	0	0	0	0	0	0	0	0	0	0	0	0	0	0	0	0	0	0	0	0	0	0	0	0	13	0	0	4
750011778d896ec69156a54150901ec3	0	0	0	0	0	0	0	0	0	0	0	0	0	0	0	0	0	0	0	0	0	0	0	0	0	0	13	0	32	16
0ebf18b5cc6a0f0439f962bf9f257a7a	0	0	0	0	0	0	0	0	0	0	0	0	0	0	0	0	0	0	0	0	0	0	0	0	0	0	13	0	0	3
361ecb333b9d96b55c6042d6718f841d	0	0	0	0	0	0	0	0	0	0	0	0	0	0	0	0	0	0	0	0	0	0	0	0	0	0	13	0	0	3
f71f586af9fd2f05a4a826e5d38d94d0	0	0	0	0	0	0	0	0	0	0	0	0	0	0	0	0	0	0	0	0	0	0	0	0	0	0	13	0	0	4
fe691437fc9c5be0208237c7287dba83	0	0	0	0	0	0	0	0	0	0	0	0	0	0	0	0	0	0	0	0	0	0	0	0	0	0	13	0	0	2
2f78097741dc939031c5b8472d092b53	0	0	0	0	0	0	0	0	0	0	0	0	0	0	0	0	0	0	0	0	0	0	0	0	0	0	13	0	0	7
7d81353a87d6431ac1508576c40bdd0f	0	0	0	0	0	0	0	0	0	0	0	0	0	0	0	0	0	0	0	0	0	0	0	0	0	0	13	0	0	7
da6907cf41d9acd84515a6cbc2268722	0	0	0	0	0	0	0	0	0	0	0	0	0	0	0	0	0	0	0	0	0	0	0	0	0	0	12	0	0	7
9197a68af7862210f067bdeaeac564c5	0	0	0	0	0	0	0	0	0	0	0	0	0	0	0	0	0	0	0	0	0	0	0	0	0	0	12	0	0	3
3f1666be1c79b85a0c24e68f02130c77	0	0	0	0	0	0	0	0	0	0	0	0	0	0	0	0	0	0	0	0	0	0	0	0	0	0	12	0	0	1
46def3add625ff69d15a5ba261ccda9a	0	0	0	0	0	0	0	0	0	0	0	0	0	0	0	0	0	0	0	0	0	0	0	0	0	0	12	0	0	8
87f481f4d7da6ddb1dc3bcc6ec72e9d2	0	0	0	0	0	0	0	0	0	0	0	0	0	0	0	0	0	0	0	0	0	0	0	0	0	0	12	0	0	2
e79564eae74786f51e534d98d6879bf2	0	0	0	0	0	0	0	0	0	0	0	0	0	0	0	0	0	0	0	0	0	0	0	0	0	0	12	0	0	7
1206103d97c73245b7aa65e8845169f9	0	0	0	0	0	0	0	0	0	0	0	0	0	0	0	0	0	0	0	0	0	0	0	0	0	0	12	0	0	2
cc30441cb469ea3185387a0ca51edb68	0	0	0	0	0	0	0	0	0	0	0	0	0	0	0	0	0	0	0	0	0	0	0	0	0	0	11	0	0	0
613537aff1e01b2cb6860c72f3acc09f	0	0	0	0	0	0	0	0	0	0	0	0	0	0	0	0	0	0	0	0	0	0	0	0	0	0	11	0	0	8
6d42a79b580fa52c73130ea849e7c4ac	0	0	0	0	0	0	0	0	0	0	0	0	0	0	0	0	0	0	0	0	0	0	0	0	0	0	11	0	5	15
83275c248835a50e119804ccbb4fd375	0	0	0	0	0	0	0	0	0	0	0	0	0	0	0	0	0	0	0	0	0	0	0	0	0	0	11	0	0	0
d65e0b798b503892bb6fb01a1942e0ba	0	0	0	0	0	0	0	0	0	0	0	0	0	0	0	0	0	0	0	0	0	0	0	0	0	0	11	0	0	7
7ea69c4b9175c5dbbefd9f0fbcd7c712	0	0	0	0	0	0	0	0	0	0	0	0	0	0	0	0	0	0	0	0	0	0	0	0	0	0	11	0	0	1
67f2643b71a09fd0e4edafd9f52b1731	0	0	0	0	0	0	0	0	0	0	0	0	0	0	0	0	0	0	0	0	0	0	0	0	0	0	11	0	0	1
fc2d7a837dc0e6b442d972aa79b886f4	0	0	0	0	0	0	0	0	0	0	0	0	0	0	0	0	0	0	0	0	0	0	0	0	0	0	11	0	0	10
b90048b2e49dce9af7c8f4b6cbb532c1	0	0	0	0	0	0	0	0	0	0	0	0	0	0	0	0	0	0	0	0	0	0	0	0	0	0	11	0	0	8
6c8e8421594243fc619dee80ead3f470	0	0	0	0	0	0	0	0	0	0	0	0	0	0	0	0	0	0	0	0	0	0	0	0	0	0	11	0	0	0
adfb8b01bf3d9339b0e2ac9eec2edb4e	0	0	0	0	0	0	0	0	0	0	0	0	0	0	0	0	0	0	0	0	0	0	0	0	0	0	11	0	2	2
6c77d10e0721ac9564e0bd4a89d09950	0	0	0	0	0	0	0	0	0	0	0	0	0	0	0	0	0	0	0	0	0	0	0	0	0	0	11	0	1	2
6af8e1e0e5af1c3b768d35b7351509da	0	0	0	0	0	0	0	0	0	0	0	0	0	0	0	0	0	0	0	0	0	0	0	0	0	0	11	0	0	3
4bbd67601da3700cfa61aabbc83ba1f3	0	0	0	0	0	0	0	0	0	0	0	0	0	0	0	0	0	0	0	0	0	0	0	0	0	0	11	0	0	4
327e8a1dbf3edf7f1bf0e41c067c335b	0	0	0	0	0	0	0	0	0	0	0	0	0	0	0	0	0	0	0	0	0	0	0	0	0	0	11	0	0	7
69cddb17f10d84b29e46300552595945	0	0	0	0	0	0	0	0	0	0	0	0	0	0	0	0	0	0	0	0	0	0	0	0	0	0	11	0	0	3
b17f70ecedd4875726df78923e537e58	0	0	0	0	0	0	0	0	0	0	0	0	0	0	0	0	0	0	0	0	0	0	0	0	0	0	11	0	0	4
546c789e98f3ef5d4b25463a8783260b	0	0	0	0	0	0	0	0	0	0	0	0	0	0	0	0	0	0	0	0	0	0	0	0	0	0	10	0	0	0
39e7ea1edcbf34c4d4a3bb6aecb488f7	0	0	0	0	0	0	0	0	0	0	0	0	0	0	0	0	0	0	0	0	0	0	0	0	0	0	10	0	0	1
6000c3d486b8c5e5829ce361cba65a5e	0	0	0	0	0	0	0	0	0	0	0	0	0	0	0	0	0	0	0	0	0	0	0	0	0	0	10	0	0	3
2eca0ef257322af190c5e496888b4080	0	0	0	0	0	0	0	0	0	0	0	0	0	0	0	0	0	0	0	0	0	0	0	0	0	0	10	0	0	3
2bcab67a313052909c68fe9fe3031f56	0	0	0	0	0	0	0	0	0	0	0	0	0	0	0	0	0	0	0	0	0	0	0	0	0	0	10	0	0	3
f3caa4cec8e70ebb5fcb6a2bae83019c	0	0	0	0	0	0	0	0	0	0	0	0	0	0	0	0	0	0	0	0	0	0	0	0	0	0	10	0	0	38
553adcc47391fbdd89a46a24a4b0f9a5	0	0	0	0	0	0	0	0	0	0	0	0	0	0	0	0	0	0	0	0	0	0	0	0	0	0	10	0	0	4
cadbae8c8a5c487c89d0634646aa7b8b	0	0	0	0	0	0	0	0	0	0	0	0	0	0	0	0	0	0	0	0	0	0	0	0	0	0	10	0	5	9
82595a1c85f035093a64272922ee9c7c	0	0	0	0	0	0	0	0	0	0	0	0	0	0	0	0	0	0	0	0	0	0	0	0	0	0	10	0	0	7
b64de102cf9ffec80e088c71ea288295	0	0	0	0	0	0	0	0	0	0	0	0	0	0	0	0	0	0	0	0	0	0	0	0	0	0	10	0	0	6
7e079574089c0340530b2b11f39ab7f9	0	0	0	0	0	0	0	0	0	0	0	0	0	0	0	0	0	0	0	0	0	0	0	0	0	0	10	0	0	2
00522ca7c3d6417f48fd22ae93b44553	0	0	0	0	0	0	0	0	0	0	0	0	0	0	0	0	0	0	0	0	0	0	0	0	0	0	10	0	0	3
c6c22cd337a136bde2ad842a1ba7561d	0	0	0	0	0	0	0	0	0	0	0	0	0	0	0	0	0	0	0	0	0	0	0	0	0	0	10	0	0	0
c72fc876a349cab2fbb8401a07cf065e	0	0	0	0	0	0	0	0	0	0	0	0	0	0	0	0	0	0	0	0	0	0	0	0	0	0	10	0	1	0
f20c75d4970ef2d8b0329e51c68c6186	0	0	0	0	0	0	0	0	0	0	0	0	0	0	0	0	0	0	0	0	0	0	0	0	0	0	10	0	0	15
993d2b143bcbe6a79f50ed6c47cef320	0	0	0	0	0	0	0	0	0	0	0	0	0	0	0	0	0	0	0	0	0	0	0	0	0	0	10	0	0	22
aa77f27ffb3065ce0d67d9759dfa51be	0	0	0	0	0	0	0	0	0	0	0	0	0	0	0	0	0	0	0	0	0	0	0	0	0	0	10	0	0	4
8eefe25e903ad8ccbeb0e0d457fa344e	0	0	0	0	0	0	0	0	0	0	0	0	0	0	0	0	0	0	0	0	0	0	0	0	0	0	10	0	0	9
84e7a37a47bded32930219d65a464213	0	0	0	0	0	0	0	0	0	0	0	0	0	0	0	0	0	0	0	0	0	0	0	0	0	0	10	0	0	2
68aa39d882e394b450d203055753a30d	0	0	0	0	0	0	0	0	0	0	0	0	0	0	0	0	0	0	0	0	0	0	0	0	0	0	10	0	0	4
3e9d4e6fe69408cc3b4b5f3d5a576c66	0	0	0	0	0	0	0	0	0	0	0	0	0	0	0	0	0	0	0	0	0	0	0	0	0	0	10	0	5	14
59711c1b21a02b7c2a0d84738b652456	0	0	0	0	0	0	0	0	0	0	0	0	0	0	0	0	0	0	0	0	0	0	0	0	0	0	10	0	0	3
cb53e9edb0c852824cf3f2eec6775d6a	0	0	0	0	0	0	0	0	0	0	0	0	0	0	0	0	0	0	0	0	0	0	0	0	0	0	10	0	4	5
15bb9869ed71bde509af562fa3405820	0	0	0	0	0	0	0	0	0	0	0	0	0	0	0	0	0	0	0	0	0	0	0	0	0	0	10	0	0	5
7d315e2b446823055663851d58b59ab7	0	0	0	0	0	0	0	0	0	0	0	0	0	0	0	0	0	0	0	0	0	0	0	0	0	0	10	0	0	4
403f37b3e564f737c0bf69101da0302b	0	0	0	0	0	0	0	0	0	0	0	0	0	0	0	0	0	0	0	0	0	0	0	0	0	0	10	0	0	1
24871652747b1a00b977c4bea2e55c90	0	0	0	0	0	0	0	0	0	0	0	0	0	0	0	0	0	0	0	0	0	0	0	0	0	0	10	0	0	2
291357dcb8708c695d9a4d32ab8c65f2	0	0	0	0	0	0	0	0	0	0	0	0	0	0	0	0	0	0	0	0	0	0	0	0	0	0	10	0	0	10
63090894c4d4ff9da06c625c77a3044e	0	0	0	0	0	0	0	0	0	0	0	0	0	0	0	0	0	0	0	0	0	0	0	0	0	0	9	0	0	7
3ac19978660df95078b305e2107ad81b	0	0	0	0	0	0	0	0	0	0	0	0	0	0	0	0	0	0	0	0	0	0	0	0	0	0	9	0	0	5
afd7cd38d4badde7bb77bcd40b30e746	0	0	0	0	0	0	0	0	0	0	0	0	0	0	0	0	0	0	0	0	0	0	0	0	0	0	9	0	0	5
a65bf4ceb8d56fe22bf4b6ea16f02180	0	0	0	0	0	0	0	0	0	0	0	0	0	0	0	0	0	0	0	0	0	0	0	0	0	0	9	0	0	3
904fd4329ede7e3eb60ee2cb23da4db3	0	0	0	0	0	0	0	0	0	0	0	0	0	0	0	0	0	0	0	0	0	0	0	0	0	0	9	0	1	10
305e60038ca4a8ab3a4a101430b179e2	0	0	0	0	0	0	0	0	0	0	0	0	0	0	0	0	0	0	0	0	0	0	0	0	0	0	9	0	0	9
ca345e065ed20cc2ff71039c87eda99e	0	0	0	0	0	0	0	0	0	0	0	0	0	0	0	0	0	0	0	0	0	0	0	0	0	0	9	0	0	2
7076a6ce7194ded2f7de141e319c0b50	0	0	0	0	0	0	0	0	0	0	0	0	0	0	0	0	0	0	0	0	0	0	0	0	0	0	9	0	0	15
f4b8d8162bfe14c7c0d6386aa0713015	0	0	0	0	0	0	0	0	0	0	0	0	0	0	0	0	0	0	0	0	0	0	0	0	0	0	9	0	0	4
a0b60953f8eed0dbc308ffc46e0c0192	0	0	0	0	0	0	0	0	0	0	0	0	0	0	0	0	0	0	0	0	0	0	0	0	0	0	9	0	0	4
5789d3b1ebf505da95e592198a4c961b	0	0	0	0	0	0	0	0	0	0	0	0	0	0	0	0	0	0	0	0	0	0	0	0	0	0	9	0	0	8
2e0130772784a513b3f468419703d54d	0	0	0	0	0	0	0	0	0	0	0	0	0	0	0	0	0	0	0	0	0	0	0	0	0	0	9	0	0	1
107a6b47ee33418decbb0bce093641b6	0	0	0	0	0	0	0	0	0	0	0	0	0	0	0	0	0	0	0	0	0	0	0	0	0	0	9	0	0	4
3d8c284535a13d80181ad8fce8ba298e	0	0	0	0	0	0	0	0	0	0	0	0	0	0	0	0	0	0	0	0	0	0	0	0	0	0	9	0	0	2
1898d2ff62f20b5817e016764a93e7ac	0	0	0	0	0	0	0	0	0	0	0	0	0	0	0	0	0	0	0	0	0	0	0	0	0	0	9	0	0	1
89f660c041e676011fd44235e2e2a17c	0	0	0	0	0	0	0	0	0	0	0	0	0	0	0	0	0	0	0	0	0	0	0	0	0	0	9	1	0	24
bd959fd8759c7fb3b422cd00b922d6ad	0	0	0	0	0	0	0	0	0	0	0	0	0	0	0	0	0	0	0	0	0	0	0	0	0	0	9	0	4	14
64a6a30534a9a402ea1c0a657b1ff01f	0	0	0	0	0	0	0	0	0	0	0	0	0	0	0	0	0	0	0	0	0	0	0	0	0	0	9	2	4	0
6b786c3302a62766bd3eda3349b6ef85	0	0	0	0	0	0	0	0	0	0	0	0	0	0	0	0	0	0	0	0	0	0	0	0	0	0	9	0	0	1
1562cd7ec933a544c5b0a681fd35fd72	0	0	0	0	0	0	0	0	0	0	0	0	0	0	0	0	0	0	0	0	0	0	0	0	0	0	8	0	11	6
3c90868ab898c4b0310bb09dab7f0736	0	0	0	0	0	0	0	0	0	0	0	0	0	0	0	0	0	0	0	0	0	0	0	0	0	0	8	0	0	4
0c83b126e4dfe6a462cbeccba2f9147c	0	0	0	0	0	0	0	0	0	0	0	0	0	0	0	0	0	0	0	0	0	0	0	0	0	0	8	0	0	2
e54e62cff09cd5619036593f7f5f7287	0	0	0	0	0	0	0	0	0	0	0	0	0	0	0	0	0	0	0	0	0	0	0	0	0	0	8	0	0	8
2057f7c7b8a75727216ece259d4f7ffc	0	0	0	0	0	0	0	0	0	0	0	0	0	0	0	0	0	0	0	0	0	0	0	0	0	0	8	0	1	15
4fe7951d097247c8201dff2eb1238f5a	0	0	0	0	0	0	0	0	0	0	0	0	0	0	0	0	0	0	0	0	0	0	0	0	0	0	8	0	0	8
d35e21a37136f175a2db29d39e4d2b29	0	0	0	0	0	0	0	0	0	0	0	0	0	0	0	0	0	0	0	0	0	0	0	0	0	0	8	0	0	5
813fed95daba5d09767b06e3bedcc306	0	0	0	0	0	0	0	0	0	0	0	0	0	0	0	0	0	0	0	0	0	0	0	0	0	0	8	0	0	3
c068289fdafdb525a3cf5b1b15383dd4	0	0	0	0	0	0	0	0	0	0	0	0	0	0	0	0	0	0	0	0	0	0	0	0	0	0	8	0	1	11
d157ecd818c1ea08119ea51e0368be6c	0	0	0	0	0	0	0	0	0	0	0	0	0	0	0	0	0	0	0	0	0	0	0	0	0	0	8	0	0	2
6416a93d1dc25c6d34c911f753066c77	0	0	0	0	0	0	0	0	0	0	0	0	0	0	0	0	0	0	0	0	0	0	0	0	0	0	8	0	1	1
2fe4dfe9e97e6af7185378aeca76db73	0	0	0	0	0	0	0	0	0	0	0	0	0	0	0	0	0	0	0	0	0	0	0	0	0	0	8	0	0	2
9a06611cb86d0832fc1041338f04e555	0	0	0	0	0	0	0	0	0	0	0	0	0	0	0	0	0	0	0	0	0	0	0	0	0	0	8	2	0	2
47b97d8ccb4f133c10952dde3cde520c	0	0	0	0	0	0	0	0	0	0	0	0	0	0	0	0	0	0	0	0	0	0	0	0	0	0	8	0	0	6
71d5a1ce573d3c8afd250936dc56bb01	0	0	0	0	0	0	0	0	0	0	0	0	0	0	0	0	0	0	0	0	0	0	0	0	0	0	8	0	1	12
204a9354ee017c9e06942e8021bcbe13	0	0	0	0	0	0	0	0	0	0	0	0	0	0	0	0	0	0	0	0	0	0	0	0	0	0	8	0	0	2
2a60dab20e5c6eedb1041dfc1d7fa419	0	0	0	0	0	0	0	0	0	0	0	0	0	0	0	0	0	0	0	0	0	0	0	0	0	0	8	0	0	5
7109fd72f36985f025b90c2525f19dac	0	0	0	0	0	0	0	0	0	0	0	0	0	0	0	0	0	0	0	0	0	0	0	0	0	0	8	0	0	11
0d2c2fcbfef395f0b1c57c54e743426a	0	0	0	0	0	0	0	0	0	0	0	0	0	0	0	0	0	0	0	0	0	0	0	0	0	0	8	0	0	4
b8b6fb10e70297f710ac0670f38fb925	0	0	0	0	0	0	0	0	0	0	0	0	0	0	0	0	0	0	0	0	0	0	0	0	0	0	8	0	0	2
47f427d5152496aaf1b1f447cdbdf338	0	0	0	0	0	0	0	0	0	0	0	0	0	0	0	0	0	0	0	0	0	0	0	0	0	0	8	0	0	5
3a6b688e1443fc2fe08f0f8cbd07f4a3	0	0	0	0	0	0	0	0	0	0	0	0	0	0	0	0	0	0	0	0	0	0	0	0	0	0	8	0	1	24
e6cf951017b687770d0f86a0f4c3d5bd	0	0	0	0	0	0	0	0	0	0	0	0	0	0	0	0	0	0	0	0	0	0	0	0	0	0	8	0	5	6
d1a12a313fb34ebb875fbb1a63d865a2	0	0	0	0	0	0	0	0	0	0	0	0	0	0	0	0	0	0	0	0	0	0	0	0	0	0	8	0	0	7
e2ac898e501e3998f5f286e334819915	0	0	0	0	0	0	0	0	0	0	0	0	0	0	0	0	0	0	0	0	0	0	0	0	0	0	8	0	0	4
50b0a58d4fc5cdd6507582bff0e37b7a	0	0	0	0	0	0	0	0	0	0	0	0	0	0	0	0	0	0	0	0	0	0	0	0	0	0	8	0	0	4
96cdaaf5ace596c772be6b0ef834c748	0	0	0	0	0	0	0	0	0	0	0	0	0	0	0	0	0	0	0	0	0	0	0	0	0	0	8	0	0	4
e2088199567e4366ab6d7cc4d8df041a	0	0	0	0	0	0	0	0	0	0	0	0	0	0	0	0	0	0	0	0	0	0	0	0	0	0	8	0	0	5
bf9aa2d6d510110abf550e74dd9c848f	0	0	0	0	0	0	0	0	0	0	0	0	0	0	0	0	0	0	0	0	0	0	0	0	0	0	8	0	4	6
ea7294284a80ff6b1065b2b3f2afe152	0	0	0	0	0	0	0	0	0	0	0	0	0	0	0	0	0	0	0	0	0	0	0	0	0	0	8	0	0	2
58426494985b76582c28015822026424	0	0	0	0	0	0	0	0	0	0	0	0	0	0	0	0	0	0	0	0	0	0	0	0	0	0	8	0	4	10
e105e3181a7cfe70268de9430509189c	0	0	0	0	0	0	0	0	0	0	0	0	0	0	0	0	0	0	0	0	0	0	0	0	0	0	8	0	0	3
ae7581233cda48053d1b96c3043bdaa8	0	0	0	0	0	0	0	0	0	0	0	0	0	0	0	0	0	0	0	0	0	0	0	0	0	0	8	0	0	4
8677af4bc8de40fd586ba92ff0acf1f0	0	0	0	0	0	0	0	0	0	0	0	0	0	0	0	0	0	0	0	0	0	0	0	0	0	0	8	1	0	2
8d831af648cd795fe231dc32c73f971e	0	0	0	0	0	0	0	0	0	0	0	0	0	0	0	0	0	0	0	0	0	0	0	0	0	0	7	0	0	4
b54d4615e03f6acd0b927b6ec8b4729c	0	0	0	0	0	0	0	0	0	0	0	0	0	0	0	0	0	0	0	0	0	0	0	0	0	0	7	0	0	29
4a897d245f207a55bdcaa81c725a6a8b	0	0	0	0	0	0	0	0	0	0	0	0	0	0	0	0	0	0	0	0	0	0	0	0	0	0	7	0	0	6
32151548aea0ab18878d7b0a67db2815	0	0	0	0	0	0	0	0	0	0	0	0	0	0	0	0	0	0	0	0	0	0	0	0	0	0	7	0	0	5
6d7cfe1e529d8e8aa6b538999279ccf9	0	0	0	0	0	0	0	0	0	0	0	0	0	0	0	0	0	0	0	0	0	0	0	0	0	0	7	0	0	8
78f905fc1ab977d57456b0624b5d4622	0	0	0	0	0	0	0	0	0	0	0	0	0	0	0	0	0	0	0	0	0	0	0	0	0	0	7	0	3	7
3d075d382266b48f1e14574bfb48b1b5	0	0	0	0	0	0	0	0	0	0	0	0	0	0	0	0	0	0	0	0	0	0	0	0	0	0	7	0	0	11
db04b6a892a4f4a1e3216ada9613a4da	0	0	0	0	0	0	0	0	0	0	0	0	0	0	0	0	0	0	0	0	0	0	0	0	0	0	7	0	0	4
eade29c0acb97ba52ee37b3438b964c6	0	0	0	0	0	0	0	0	0	0	0	0	0	0	0	0	0	0	0	0	0	0	0	0	0	0	7	0	0	8
dd1c2baf224b5b73b7790b644d8ac0c7	0	0	0	0	0	0	0	0	0	0	0	0	0	0	0	0	0	0	0	0	0	0	0	0	0	0	7	0	2	11
f81f143b599cc7b6993094d9518773ca	0	0	0	0	0	0	0	0	0	0	0	0	0	0	0	0	0	0	0	0	0	0	0	0	0	0	7	0	20	5
4bd89c357ff62473c771d25e32ad0ea3	0	0	0	0	0	0	0	0	0	0	0	0	0	0	0	0	0	0	0	0	0	0	0	0	0	0	7	0	0	4
6209a3bec520acf23eac15d6076f7eb7	0	0	0	0	0	0	0	0	0	0	0	0	0	0	0	0	0	0	0	0	0	0	0	0	0	0	7	0	0	3
161a1d66a89e89b0b3fb209e91fb9a89	0	0	0	0	0	0	0	0	0	0	0	0	0	0	0	0	0	0	0	0	0	0	0	0	0	0	7	0	0	7
6b03f36dc5e8eb78c9752092a805d644	0	0	0	0	0	0	0	0	0	0	0	0	0	0	0	0	0	0	0	0	0	0	0	0	0	0	7	0	14	9
931646cd280a1840ebb33f91aae48454	0	0	0	0	0	0	0	0	0	0	0	0	0	0	0	0	0	0	0	0	0	0	0	0	0	0	7	0	0	20
d9b91ef12e928b6c44948b748e7b47e6	0	0	0	0	0	0	0	0	0	0	0	0	0	0	0	0	0	0	0	0	0	0	0	0	0	0	7	0	6	15
e4e389822544d6e1eeee5e7a47f16cbf	0	0	0	0	0	0	0	0	0	0	0	0	0	0	0	0	0	0	0	0	0	0	0	0	0	0	7	0	0	3
0a914e006be8d903bd11189d23e8f84e	0	0	0	0	0	0	0	0	0	0	0	0	0	0	0	0	0	0	0	0	0	0	0	0	0	0	7	0	0	6
f068a35aad71f9db374af5da4210dc19	0	0	0	0	0	0	0	0	0	0	0	0	0	0	0	0	0	0	0	0	0	0	0	0	0	0	7	0	0	9
921edf83bc3521373116537df35435da	0	0	0	0	0	0	0	0	0	0	0	0	0	0	0	0	0	0	0	0	0	0	0	0	0	0	7	0	0	5
a515c3cddcfe13194707cc2f5994ca05	0	0	0	0	0	0	0	0	0	0	0	0	0	0	0	0	0	0	0	0	0	0	0	0	0	0	7	0	2	8
e8fdf4fa4dbbd6d536a47f8f3fc5ba4e	0	0	0	0	0	0	0	0	0	0	0	0	0	0	0	0	0	0	0	0	0	0	0	0	0	0	7	0	0	3
dbff2b12afbcd40872f9de33e8b90664	0	0	0	0	0	0	0	0	0	0	0	0	0	0	0	0	0	0	0	0	0	0	0	0	0	0	7	0	0	5
aab16828d912abb041d902c6d4862342	0	0	0	0	0	0	0	0	0	0	0	0	0	0	0	0	0	0	0	0	0	0	0	0	0	0	7	2	5	3
0c06d923f201ba337f54c6412d9f91d2	0	0	0	0	0	0	0	0	0	0	0	0	0	0	0	0	0	0	0	0	0	0	0	0	0	0	7	0	0	3
b41b7e4e0cd24123bbf1394a604f6124	0	0	0	0	0	0	0	0	0	0	0	0	0	0	0	0	0	0	0	0	0	0	0	0	0	0	7	0	0	8
d621ced75502bb426c1cabadeba133d2	0	0	0	0	0	0	0	0	0	0	0	0	0	0	0	0	0	0	0	0	0	0	0	0	0	0	7	0	0	3
9faa6c00d10992f0673c814748c6ecdd	0	0	0	0	0	0	0	0	0	0	0	0	0	0	0	0	0	0	0	0	0	0	0	0	0	0	7	0	0	6
c9ef5f44615f35c66ca4d6b4cea19429	0	0	0	0	0	0	0	0	0	0	0	0	0	0	0	0	0	0	0	0	0	0	0	0	0	0	6	1	0	3
15b555fad7ee53ddc01c2c0c15be1d8b	0	0	0	0	0	0	0	0	0	0	0	0	0	0	0	0	0	0	0	0	0	0	0	0	0	0	6	1	0	3
fe55a2ac652139251fbc7b7f249b7ec1	0	0	0	0	0	0	0	0	0	0	0	0	0	0	0	0	0	0	0	0	0	0	0	0	0	0	6	0	0	6
bb9718f29230392b32f08b2679482488	0	0	0	0	0	0	0	0	0	0	0	0	0	0	0	0	0	0	0	0	0	0	0	0	0	0	6	0	0	4
b23ec70f37157dee533c1062de2dc403	0	0	0	0	0	0	0	0	0	0	0	0	0	0	0	0	0	0	0	0	0	0	0	0	0	0	6	0	0	12
fbb3e1a6c4288c94ce8b72bf37467e28	0	0	0	0	0	0	0	0	0	0	0	0	0	0	0	0	0	0	0	0	0	0	0	0	0	0	6	0	0	5
88b324e75c34bb227bbb62f1dfa54be2	0	0	0	0	0	0	0	0	0	0	0	0	0	0	0	0	0	0	0	0	0	0	0	0	0	0	6	0	9	5
d86aee3b3392b1fdaefb654c9cd3091a	0	0	0	0	0	0	0	0	0	0	0	0	0	0	0	0	0	0	0	0	0	0	0	0	0	0	6	0	0	4
b85e74ed84c5b0a93072e30dae01fada	0	0	0	0	0	0	0	0	0	0	0	0	0	0	0	0	0	0	0	0	0	0	0	0	0	0	6	0	0	5
8d8d552ab9f6771cbdba11d3337ec922	0	0	0	0	0	0	0	0	0	0	0	0	0	0	0	0	0	0	0	0	0	0	0	0	0	0	6	0	11	0
9b21c026be870897aeb87abfa1e24f18	0	0	0	0	0	0	0	0	0	0	0	0	0	0	0	0	0	0	0	0	0	0	0	0	0	0	6	0	0	6
99f4b2d2cec1763d8eb2392b1093d886	0	0	0	0	0	0	0	0	0	0	0	0	0	0	0	0	0	0	0	0	0	0	0	0	0	0	6	0	0	8
4b3b0a95a741d1abbee34a0a2f509899	0	0	0	0	0	0	0	0	0	0	0	0	0	0	0	0	0	0	0	0	0	0	0	0	0	0	6	0	0	5
d36a777ef4a91f24dba26e8b189a53ab	0	0	0	0	0	0	0	0	0	0	0	0	0	0	0	0	0	0	0	0	0	0	0	0	0	0	6	0	0	4
94dd570519aacf6a3e63c74902247d61	0	0	0	0	0	0	0	0	0	0	0	0	0	0	0	0	0	0	0	0	0	0	0	0	0	0	6	0	14	0
2b265c71f5b1f2db3ad74b7132f1323c	0	0	0	0	0	0	0	0	0	0	0	0	0	0	0	0	0	0	0	0	0	0	0	0	0	0	6	3	0	3
0a84932500cd6ed79f76c796f489b06d	0	0	0	0	0	0	0	0	0	0	0	0	0	0	0	0	0	0	0	0	0	0	0	0	0	0	6	0	0	4
d166bf91b32cc84fcadbb36cb18ed359	0	0	0	0	0	0	0	0	0	0	0	0	0	0	0	0	0	0	0	0	0	0	0	0	0	0	6	0	3	3
f39559f238bc66f81e65dad70bc03d64	0	0	0	0	0	0	0	0	0	0	0	0	0	0	0	0	0	0	0	0	0	0	0	0	0	0	6	0	0	4
9946a942f9eafc977aabbe097f972c56	0	0	0	0	0	0	0	0	0	0	0	0	0	0	0	0	0	0	0	0	0	0	0	0	0	0	6	0	2	2
11d64bb89a9af3aef5d13738b6c4ae4c	0	0	0	0	0	0	0	0	0	0	0	0	0	0	0	0	0	0	0	0	0	0	0	0	0	0	6	0	0	6
9c0cd978e8fe1b2f015b3c4d0542bad1	0	0	0	0	0	0	0	0	0	0	0	0	0	0	0	0	0	0	0	0	0	0	0	0	0	0	6	0	0	7
f25d03d773d77555b2b379b5373bae2b	0	0	0	0	0	0	0	0	0	0	0	0	0	0	0	0	0	0	0	0	0	0	0	0	0	0	6	0	0	4
996a5bba4e3fcdccc757aa8fbadb1746	0	0	0	0	0	0	0	0	0	0	0	0	0	0	0	0	0	0	0	0	0	0	0	0	0	0	6	0	0	4
32d026814006354dfcf692dbd43a14eb	0	0	0	0	0	0	0	0	0	0	0	0	0	0	0	0	0	0	0	0	0	0	0	0	0	0	6	0	0	4
809a0ced14b5b627aaa4f607de6d120c	0	0	0	0	0	0	0	0	0	0	0	0	0	0	0	0	0	0	0	0	0	0	0	0	0	0	6	0	0	4
e7f1f9d6749c0805893c45ddb493c8b3	0	0	0	0	0	0	0	0	0	0	0	0	0	0	0	0	0	0	0	0	0	0	0	0	0	0	6	0	0	6
e5879f6a7cb6f96e487d95ac29304022	0	0	0	0	0	0	0	0	0	0	0	0	0	0	0	0	0	0	0	0	0	0	0	0	0	0	6	0	0	5
ebb90dbf0cee8b6ce60ef315d8db09e9	0	0	0	0	0	0	0	0	0	0	0	0	0	0	0	0	0	0	0	0	0	0	0	0	0	0	6	0	0	7
2ec3865649962bb1c31cd1d7cd800c57	0	0	0	0	0	0	0	0	0	0	0	0	0	0	0	0	0	0	0	0	0	0	0	0	0	0	6	0	18	1
ec42ccfc4cc81956ed1fb5fa450823de	0	0	0	0	0	0	0	0	0	0	0	0	0	0	0	0	0	0	0	0	0	0	0	0	0	0	6	0	0	4
5c94ac5eea63a085fd5c8a892c635998	0	0	0	0	0	0	0	0	0	0	0	0	0	0	0	0	0	0	0	0	0	0	0	0	0	0	6	0	18	10
b73204200648eae18775c70b9a3b4546	0	0	0	0	0	0	0	0	0	0	0	0	0	0	0	0	0	0	0	0	0	0	0	0	0	0	5	0	0	12
25927ac40f74353c0fa2ff2cd74ad42a	0	0	0	0	0	0	0	0	0	0	0	0	0	0	0	0	0	0	0	0	0	0	0	0	0	0	5	0	1	9
efce887cabc7e6b3dc2ca9177fe4a12b	0	0	0	0	0	0	0	0	0	0	0	0	0	0	0	0	0	0	0	0	0	0	0	0	0	0	5	0	0	7
993124b8c3f38b4de1628025cd11a674	0	0	0	0	0	0	0	0	0	0	0	0	0	0	0	0	0	0	0	0	0	0	0	0	0	0	5	6	0	6
9908b32f73cc9fa8d0b1460f6bd21655	0	0	0	0	0	0	0	0	0	0	0	0	0	0	0	0	0	0	0	0	0	0	0	0	0	0	5	0	5	3
f4095e64f2048532bd0d0d8013ea377e	0	0	0	0	0	0	0	0	0	0	0	0	0	0	0	0	0	0	0	0	0	0	0	0	0	0	5	0	43	0
a1bc109ee9a60687a35d58f256f58ee0	0	0	0	0	0	0	0	0	0	0	0	0	0	0	0	0	0	0	0	0	0	0	0	0	0	0	5	0	25	4
4f1e2ee24f1f27fe531f8d647110ac63	0	0	0	0	0	0	0	0	0	0	0	0	0	0	0	0	0	0	0	0	0	0	0	0	0	0	5	0	10	3
26c1ab9a0c95ee61352fb68b42aa9c70	0	0	0	0	0	0	0	0	0	0	0	0	0	0	0	0	0	0	0	0	0	0	0	0	0	0	5	1	0	5
9629507e41aa618b83a08b77423ab567	0	0	0	0	0	0	0	0	0	0	0	0	0	0	0	0	0	0	0	0	0	0	0	0	0	0	5	0	0	11
56dff8e57a436632a152295466e4221d	0	0	0	0	0	0	0	0	0	0	0	0	0	0	0	0	0	0	0	0	0	0	0	0	0	0	5	0	0	5
b45264706b6fca589721ea69f0160681	0	0	0	0	0	0	0	0	0	0	0	0	0	0	0	0	0	0	0	0	0	0	0	0	0	0	5	0	5	11
b9ef06db0505bfb26f58aa3ccd9a28df	0	0	0	0	0	0	0	0	0	0	0	0	0	0	0	0	0	0	0	0	0	0	0	0	0	0	5	0	1	16
42cab744b2e0f245c231b2fd8416dbcb	0	0	0	0	0	0	0	0	0	0	0	0	0	0	0	0	0	0	0	0	0	0	0	0	0	0	5	0	0	8
625be1d9d3b2d88e8c6931dcf5670f8b	0	0	0	0	0	0	0	0	0	0	0	0	0	0	0	0	0	0	0	0	0	0	0	0	0	0	5	0	0	6
d3e218a2f3048b2421d3d325a1d02ab7	0	0	0	0	0	0	0	0	0	0	0	0	0	0	0	0	0	0	0	0	0	0	0	0	0	0	5	0	0	12
4312b0c7b6c27520c2482fd764b481b6	0	0	0	0	0	0	0	0	0	0	0	0	0	0	0	0	0	0	0	0	0	0	0	0	0	0	5	0	5	1
d46fb56c5057a0eb948745f2b7d7e590	0	0	0	0	0	0	0	0	0	0	0	0	0	0	0	0	0	0	0	0	0	0	0	0	0	0	5	0	0	7
b900c032ef846d7a8d7d6d3ce19d3b3a	0	0	0	0	0	0	0	0	0	0	0	0	0	0	0	0	0	0	0	0	0	0	0	0	0	0	5	0	0	6
3f5e1e80db7d0d0cbcc71d169589c40c	0	0	0	0	0	0	0	0	0	0	0	0	0	0	0	0	0	0	0	0	0	0	0	0	0	0	5	0	1	4
46164317c2561afdb09f0d744257e77b	0	0	0	0	0	0	0	0	0	0	0	0	0	0	0	0	0	0	0	0	0	0	0	0	0	0	5	0	0	8
4721114ad5a866f8bd78eb66c6b05064	0	0	0	0	0	0	0	0	0	0	0	0	0	0	0	0	0	0	0	0	0	0	0	0	0	0	5	0	1	7
1fc1cf7e72662159ca9fada50fbdbe42	0	0	0	0	0	0	0	0	0	0	0	0	0	0	0	0	0	0	0	0	0	0	0	0	0	0	5	0	0	7
1b2ffc85d2cfdf69dbab3f65532a69d0	0	0	0	0	0	0	0	0	0	0	0	0	0	0	0	0	0	0	0	0	0	0	0	0	0	0	5	0	0	5
abdec4109310d61c19204a7ebcbb6d99	0	0	0	0	0	0	0	0	0	0	0	0	0	0	0	0	0	0	0	0	0	0	0	0	0	0	5	0	0	5
1f809f719e3cc99a6673b0c55b66136f	0	0	0	0	0	0	0	0	0	0	0	0	0	0	0	0	0	0	0	0	0	0	0	0	0	0	5	0	0	7
3e9dc582bc3fa8e5825b1976fa55320f	0	0	0	0	0	0	0	0	0	0	0	0	0	0	0	0	0	0	0	0	0	0	0	0	0	0	5	0	0	5
201c2372e7426d8791e210f47ac73fcb	0	0	0	0	0	0	0	0	0	0	0	0	0	0	0	0	0	0	0	0	0	0	0	0	0	0	5	0	35	1
0a7c9c83f58465902f2f8f3bd953f8c7	0	0	0	0	0	0	0	0	0	0	0	0	0	0	0	0	0	0	0	0	0	0	0	0	0	0	5	2	3	9
67a688b480eddb4e4de332c590925e5f	0	0	0	0	0	0	0	0	0	0	0	0	0	0	0	0	0	0	0	0	0	0	0	0	0	0	5	4	6	1
e8ed2fb95b3e971b01109db914e289f8	0	0	0	0	0	0	0	0	0	0	0	0	0	0	0	0	0	0	0	0	0	0	0	0	0	0	4	0	9	0
5ca6fa16c24a4fe641f50688c338723f	0	0	0	0	0	0	0	0	0	0	0	0	0	0	0	0	0	0	0	0	0	0	0	0	0	0	4	0	0	8
f73b8a805251fc67b6b62fef9fc645a9	0	0	0	0	0	0	0	0	0	0	0	0	0	0	0	0	0	0	0	0	0	0	0	0	0	0	4	0	0	6
41b171162a761a2d3989de6213850a04	0	0	0	0	0	0	0	0	0	0	0	0	0	0	0	0	0	0	0	0	0	0	0	0	0	0	4	0	0	6
e994a988a0fd0dd319d841dde8ab5011	0	0	0	0	0	0	0	0	0	0	0	0	0	0	0	0	0	0	0	0	0	0	0	0	0	0	4	0	11	0
4a47dcd51493c4decb483f8a931b44f8	0	0	0	0	0	0	0	0	0	0	0	0	0	0	0	0	0	0	0	0	0	0	0	0	0	0	4	0	0	7
e310474387c4c59d134f8f2a22cdf3b2	0	0	0	0	0	0	0	0	0	0	0	0	0	0	0	0	0	0	0	0	0	0	0	0	0	0	4	0	8	15
143dc2296f960057fb7b7a639da6da9c	0	0	0	0	0	0	0	0	0	0	0	0	0	0	0	0	0	0	0	0	0	0	0	0	0	0	4	0	0	6
7e78210c108f0ecb41444434298f8636	0	0	0	0	0	0	0	0	0	0	0	0	0	0	0	0	0	0	0	0	0	0	0	0	0	0	4	0	0	9
6d18d3af500c43803679f20f4abeaa23	0	0	0	0	0	0	0	0	0	0	0	0	0	0	0	0	0	0	0	0	0	0	0	0	0	0	4	0	0	6
e7013fa659ecf90def562ab1da746389	0	0	0	0	0	0	0	0	0	0	0	0	0	0	0	0	0	0	0	0	0	0	0	0	0	0	4	0	0	6
8b859f3f718e0e4b2349b64ae22b1393	0	0	0	0	0	0	0	0	0	0	0	0	0	0	0	0	0	0	0	0	0	0	0	0	0	0	4	0	0	7
74f3e1531a953907597d8f6cc3cf8aa9	0	0	0	0	0	0	0	0	0	0	0	0	0	0	0	0	0	0	0	0	0	0	0	0	0	0	4	0	0	10
d42f23e71dd3fdb078797da7f5a9611c	0	0	0	0	0	0	0	0	0	0	0	0	0	0	0	0	0	0	0	0	0	0	0	0	0	0	4	0	0	6
fd06d919f3827973371fd1be26660f66	0	0	0	0	0	0	0	0	0	0	0	0	0	0	0	0	0	0	0	0	0	0	0	0	0	0	4	0	0	15
5bb2d25c3b8d2f5d182549fd263f7aa9	0	0	0	0	0	0	0	0	0	0	0	0	0	0	0	0	0	0	0	0	0	0	0	0	0	0	4	0	0	6
620288bb9fe0b690adbbd144802cff55	0	0	0	0	0	0	0	0	0	0	0	0	0	0	0	0	0	0	0	0	0	0	0	0	0	0	4	0	0	6
4159f1dc4cf7a3793682afdd741f2660	0	0	0	0	0	0	0	0	0	0	0	0	0	0	0	0	0	0	0	0	0	0	0	0	0	0	4	0	0	7
e877747971fb27d341f108a849894121	0	0	0	0	0	0	0	0	0	0	0	0	0	0	0	0	0	0	0	0	0	0	0	0	0	0	4	1	0	5
53eeaa7590d8a0d29445c537a649df90	0	0	0	0	0	0	0	0	0	0	0	0	0	0	0	0	0	0	0	0	0	0	0	0	0	0	4	0	0	8
e418c92df042688a2ca6c8f72adfdb29	0	0	0	0	0	0	0	0	0	0	0	0	0	0	0	0	0	0	0	0	0	0	0	0	0	0	4	0	0	6
63fb9566a19253e29ccc686e0f3ffbbb	0	0	0	0	0	0	0	0	0	0	0	0	0	0	0	0	0	0	0	0	0	0	0	0	0	0	4	0	0	12
490b3b1f9acb1c3ed3a144a415c5472d	0	0	0	0	0	0	0	0	0	0	0	0	0	0	0	0	0	0	0	0	0	0	0	0	0	0	4	0	14	2
2cb7bbbb723c9638c90fd50a2f013d72	0	0	0	0	0	0	0	0	0	0	0	0	0	0	0	0	0	0	0	0	0	0	0	0	0	0	4	0	8	0
38c46af3324033098ffb8299ee60365c	0	0	0	0	0	0	0	0	0	0	0	0	0	0	0	0	0	0	0	0	0	0	0	0	0	0	4	0	0	6
ea26f2a1efeea01e77ced8d5c94f8878	0	0	0	0	0	0	0	0	0	0	0	0	0	0	0	0	0	0	0	0	0	0	0	0	0	0	4	0	0	7
f7a39cd512c5c81b702b30b700004f28	0	0	0	0	0	0	0	0	0	0	0	0	0	0	0	0	0	0	0	0	0	0	0	0	0	0	4	0	1	5
a8aafe08d72aa1435d850ebd7cab8a61	0	0	0	0	0	0	0	0	0	0	0	0	0	0	0	0	0	0	0	0	0	0	0	0	0	0	4	0	0	6
0bfc5203747e0e7a8cd94dfe67c01697	0	0	0	0	0	0	0	0	0	0	0	0	0	0	0	0	0	0	0	0	0	0	0	0	0	0	4	0	5	10
f88153492f8a1f7f98361098f5e8e6fa	0	0	0	0	0	0	0	0	0	0	0	0	0	0	0	0	0	0	0	0	0	0	0	0	0	0	4	0	0	6
162bf737f34d714cf0cabb8df20c1387	0	0	0	0	0	0	0	0	0	0	0	0	0	0	0	0	0	0	0	0	0	0	0	0	0	0	3	0	107	0
a9c18a48b726507f57380b7fffed1dd7	0	0	0	0	0	0	0	0	0	0	0	0	0	0	0	0	0	0	0	0	0	0	0	0	0	0	3	0	22	0
40d6d7a865a8db8a4cd406020fa36f8c	0	0	0	0	0	0	0	0	0	0	0	0	0	0	0	0	0	0	0	0	0	0	0	0	0	0	3	0	1	6
f04513fdac59d94227869a884f699bdd	0	0	0	0	0	0	0	0	0	0	0	0	0	0	0	0	0	0	0	0	0	0	0	0	0	0	3	0	0	14
527016b41a7b9c90363318d5673d6152	0	0	0	0	0	0	0	0	0	0	0	0	0	0	0	0	0	0	0	0	0	0	0	0	0	0	3	3	0	5
7874daab72400141a3d75f8fa82e96ae	0	0	0	0	0	0	0	0	0	0	0	0	0	0	0	0	0	0	0	0	0	0	0	0	0	0	3	0	4	8
ec60e702374c4e2e1355cade749a9d90	0	0	0	0	0	0	0	0	0	0	0	0	0	0	0	0	0	0	0	0	0	0	0	0	0	0	3	0	0	12
1481dc30ce072ac7212a8e0e5b34b41b	0	0	0	0	0	0	0	0	0	0	0	0	0	0	0	0	0	0	0	0	0	0	0	0	0	0	3	0	0	30
8a38a85bea2373621c03ac33266e40ab	0	0	0	0	0	0	0	0	0	0	0	0	0	0	0	0	0	0	0	0	0	0	0	0	0	0	3	0	1	6
a91a03ad899c3cbf78ddc075744baf32	0	0	0	0	0	0	0	0	0	0	0	0	0	0	0	0	0	0	0	0	0	0	0	0	0	0	3	0	5	2
783f705ce1746717e5f624d280f56fd2	0	0	0	0	0	0	0	0	0	0	0	0	0	0	0	0	0	0	0	0	0	0	0	0	0	0	3	0	0	8
8ee5c7059f41be9260d7689d2f83eac5	0	0	0	0	0	0	0	0	0	0	0	0	0	0	0	0	0	0	0	0	0	0	0	0	0	0	3	0	0	12
df6eb3a218f72acc54d7926f7b2c13db	0	0	0	0	0	0	0	0	0	0	0	0	0	0	0	0	0	0	0	0	0	0	0	0	0	0	3	1	0	10
c017605859616a11009881cceeedc723	0	0	0	0	0	0	0	0	0	0	0	0	0	0	0	0	0	0	0	0	0	0	0	0	0	0	3	0	3	5
92b254a0d1e79dca892942d284b0145d	0	0	0	0	0	0	0	0	0	0	0	0	0	0	0	0	0	0	0	0	0	0	0	0	0	0	3	0	0	13
be2509928b116d48d4c6ec34dea1a871	0	0	0	0	0	0	0	0	0	0	0	0	0	0	0	0	0	0	0	0	0	0	0	0	0	0	3	1	0	7
4dcf6db52848ee4a004637681e457fc4	0	0	0	0	0	0	0	0	0	0	0	0	0	0	0	0	0	0	0	0	0	0	0	0	0	0	3	0	0	29
e3963457b66434397f2e0eb78cc0b017	0	0	0	0	0	0	0	0	0	0	0	0	0	0	0	0	0	0	0	0	0	0	0	0	0	0	3	0	1	6
b6894fdca8dd7ebf7e8badec4f323318	0	0	0	0	0	0	0	0	0	0	0	0	0	0	0	0	0	0	0	0	0	0	0	0	0	0	3	0	0	11
ceae70ccfa362f53ee31cbb7bd7be450	0	0	0	0	0	0	0	0	0	0	0	0	0	0	0	0	0	0	0	0	0	0	0	0	0	0	3	0	4	4
ac635e41d282ccbd9ee2e2457eeb89ce	0	0	0	0	0	0	0	0	0	0	0	0	0	0	0	0	0	0	0	0	0	0	0	0	0	0	3	0	0	10
a9062d04b2e646b65937eae4880d65dd	0	0	0	0	0	0	0	0	0	0	0	0	0	0	0	0	0	0	0	0	0	0	0	0	0	0	3	0	0	8
648fb8205f76e8b83799d8e992b0fb59	0	0	0	0	0	0	0	0	0	0	0	0	0	0	0	0	0	0	0	0	0	0	0	0	0	0	3	0	4	3
4a2484c0f03d283c71981790229afd8d	0	0	0	0	0	0	0	0	0	0	0	0	0	0	0	0	0	0	0	0	0	0	0	0	0	0	3	0	0	10
423d99839ff47c824f59fd0074e71e11	0	0	0	0	0	0	0	0	0	0	0	0	0	0	0	0	0	0	0	0	0	0	0	0	0	0	2	0	9	9
34365dea203c459b49e0d3e7b6f667ae	0	0	0	0	0	0	0	0	0	0	0	0	0	0	0	0	0	0	0	0	0	0	0	0	0	0	2	0	6	6
276561b96672d00ae1eaf67c437472c2	0	0	0	0	0	0	0	0	0	0	0	0	0	0	0	0	0	0	0	0	0	0	0	0	0	0	2	0	0	11
0c65178a9335f346b7cf13c1c64e1785	0	0	0	0	0	0	0	0	0	0	0	0	0	0	0	0	0	0	0	0	0	0	0	0	0	0	2	0	10	2
8cf5a3b703ee9bbf67cfe4136c26ba16	0	0	0	0	0	0	0	0	0	0	0	0	0	0	0	0	0	0	0	0	0	0	0	0	0	0	2	0	7	1
a37e24723558379d7dee199c1746c6ee	0	0	0	0	0	0	0	0	0	0	0	0	0	0	0	0	0	0	0	0	0	0	0	0	0	0	2	0	13	4
3112e5736d5fc3eaf08ddbdc625b47d9	0	0	0	0	0	0	0	0	0	0	0	0	0	0	0	0	0	0	0	0	0	0	0	0	0	0	2	0	0	43
8a9feb5e30798c98e219e438ee35a621	0	0	0	0	0	0	0	0	0	0	0	0	0	0	0	0	0	0	0	0	0	0	0	0	0	0	2	0	8	3
9478818fe486e8d89e005fe2ed405b76	0	0	0	0	0	0	0	0	0	0	0	0	0	0	0	0	0	0	0	0	0	0	0	0	0	0	2	0	0	22
a65da934ec1430a3c7bbba31ccf5d9fd	0	0	0	0	0	0	0	0	0	0	0	0	0	0	0	0	0	0	0	0	0	0	0	0	0	0	2	0	10	3
cdc2c407a83a42ec754e66f8297a78ed	0	0	0	0	0	0	0	0	0	0	0	0	0	0	0	0	0	0	0	0	0	0	0	0	0	0	2	0	0	8
7729dbfe87abdf8382bd13da93331aec	0	0	0	0	0	0	0	0	0	0	0	0	0	0	0	0	0	0	0	0	0	0	0	0	0	0	2	0	5	5
a45261c0a546a5041d3ba246fcc94e43	0	0	0	0	0	0	0	0	0	0	0	0	0	0	0	0	0	0	0	0	0	0	0	0	0	0	2	0	0	17
cc00db40b070ec9f471cf80c52b3662c	0	0	0	0	0	0	0	0	0	0	0	0	0	0	0	0	0	0	0	0	0	0	0	0	0	0	2	3	8	3
a6d1df9d243b7dd8238ac3589bb81833	0	0	0	0	0	0	0	0	0	0	0	0	0	0	0	0	0	0	0	0	0	0	0	0	0	0	2	0	0	9
60134f0f0da55a77b50925c788a3a8f8	0	0	0	0	0	0	0	0	0	0	0	0	0	0	0	0	0	0	0	0	0	0	0	0	0	0	2	0	0	9
97d2fc8d3dee3efe173932cfb0f065ca	0	0	0	0	0	0	0	0	0	0	0	0	0	0	0	0	0	0	0	0	0	0	0	0	0	0	2	1	4	8
610ddd946d0e2922b3e3a26c400dee32	0	0	0	0	0	0	0	0	0	0	0	0	0	0	0	0	0	0	0	0	0	0	0	0	0	0	2	0	10	0
79bd0fe6a10700b284253c2fafdd1afc	0	0	0	0	0	0	0	0	0	0	0	0	0	0	0	0	0	0	0	0	0	0	0	0	0	0	2	0	0	8
e1981cc0ac1bbf30cff04908f3337842	0	0	0	0	0	0	0	0	0	0	0	0	0	0	0	0	0	0	0	0	0	0	0	0	0	0	1	0	14	0
2b53446f36b995ff2396220a771a1d50	0	0	0	0	0	0	0	0	0	0	0	0	0	0	0	0	0	0	0	0	0	0	0	0	0	0	1	0	3	6
d739faac88fe90808c3e2c65b575b304	0	0	0	0	0	0	0	0	0	0	0	0	0	0	0	0	0	0	0	0	0	0	0	0	0	0	1	0	8	3
31708ee01f1040526c3fbd042c90fca2	0	0	0	0	0	0	0	0	0	0	0	0	0	0	0	0	0	0	0	0	0	0	0	0	0	0	1	0	7	11
2fcbfb0e51516f4018f74cde568934e0	0	0	0	0	0	0	0	0	0	0	0	0	0	0	0	0	0	0	0	0	0	0	0	0	0	0	1	0	1	9
d1be18985b4cedd81c88fe08c24ec034	0	0	0	0	0	0	0	0	0	0	0	0	0	0	0	0	0	0	0	0	0	0	0	0	0	0	1	4	0	5
ba431809a6128c877e197bbea5fc0833	0	0	0	0	0	0	0	0	0	0	0	0	0	0	0	0	0	0	0	0	0	0	0	0	0	0	1	0	3	6
242e45441bdd114b01cd3b8669eed442	0	0	0	0	0	0	0	0	0	0	0	0	0	0	0	0	0	0	0	0	0	0	0	0	0	0	1	4	4	3
0bf9829e34070aaa5efbb0da76025d9a	0	0	0	0	0	0	0	0	0	0	0	0	0	0	0	0	0	0	0	0	0	0	0	0	0	0	1	0	11	4
1c99473631137b66b73e7be49ca7368d	0	0	0	0	0	0	0	0	0	0	0	0	0	0	0	0	0	0	0	0	0	0	0	0	0	0	1	0	6	24
8abd3e9a0f2ad16b0e4326bafcce4dc7	0	0	0	0	0	0	0	0	0	0	0	0	0	0	0	0	0	0	0	0	0	0	0	0	0	0	1	2	0	9
09e2e44fc29e45c94fddd0ed38bb3bb5	0	0	0	0	0	0	0	0	0	0	0	0	0	0	0	0	0	0	0	0	0	0	0	0	0	0	1	0	16	0
53e85913d7c7e95ec769d5ab5f80a213	0	0	0	0	0	0	0	0	0	0	0	0	0	0	0	0	0	0	0	0	0	0	0	0	0	0	1	0	0	9
938ed28d6611986366000ce274ee9e79	0	0	0	0	0	0	0	0	0	0	0	0	0	0	0	0	0	0	0	0	0	0	0	0	0	0	1	0	15	2
4cef3bf03726becffa422795df10913c	0	0	0	0	0	0	0	0	0	0	0	0	0	0	0	0	0	0	0	0	0	0	0	0	0	0	1	0	5	14
8e53873610484fc32e1aad9d74424e7a	0	0	0	0	0	0	0	0	0	0	0	0	0	0	0	0	0	0	0	0	0	0	0	0	0	0	1	1	5	3
d6d3c6b01bd6e2862f75d2e3ece46cf9	0	0	0	0	0	0	0	0	0	0	0	0	0	0	0	0	0	0	0	0	0	0	0	0	0	0	1	0	0	11
a10b8c1252e4390d96e6c65f306f9f1a	0	0	0	0	0	0	0	0	0	0	0	0	0	0	0	0	0	0	0	0	0	0	0	0	0	0	1	0	0	15
b601fb42536ba37e6fc3da3fa37b947f	0	0	0	0	0	0	0	0	0	0	0	0	0	0	0	0	0	0	0	0	0	0	0	0	0	0	1	0	5	12
e0586206b506b012e4cdb144bf0da6f3	0	0	0	0	0	0	0	0	0	0	0	0	0	0	0	0	0	0	0	0	0	0	0	0	0	0	1	0	0	12
9749be991acd9210050a25a4375a2b57	0	0	0	0	0	0	0	0	0	0	0	0	0	0	0	0	0	0	0	0	0	0	0	0	0	0	1	0	11	0
1e4eb97df88fbb7e12427c8486e5f7ce	0	0	0	0	0	0	0	0	0	0	0	0	0	0	0	0	0	0	0	0	0	0	0	0	0	0	1	2	0	7
c40ddaa48a1749a860766f7bada44f4b	0	0	0	0	0	0	0	0	0	0	0	0	0	0	0	0	0	0	0	0	0	0	0	0	0	0	1	0	9	0
b76a7050c4dd6c7aaee90cd4562648c8	0	0	0	0	0	0	0	0	0	0	0	0	0	0	0	0	0	0	0	0	0	0	0	0	0	0	1	0	9	0
43a98bb939b1aab93f9db4852a21b88c	0	0	0	0	0	0	0	0	0	0	0	0	0	0	0	0	0	0	0	0	0	0	0	0	0	0	1	0	0	14
32c64fe3d424e66b931ca47b10ff51c9	0	0	0	0	0	0	0	0	0	0	0	0	0	0	0	0	0	0	0	0	0	0	0	0	0	0	1	0	12	0
f88cd05c856fe7c305cff430e7148ac3	0	0	0	0	0	0	0	0	0	0	0	0	0	0	0	0	0	0	0	0	0	0	0	0	0	0	0	21	0	0
55ac09758408fb74c24100253bb14962	0	0	0	0	0	0	0	0	0	0	0	0	0	0	0	0	0	0	0	0	0	0	0	0	0	0	0	12	0	0
cac7ab5db15ccc8ace31adf40870fae9	0	0	0	0	0	0	0	0	0	0	0	0	0	0	0	0	0	0	0	0	0	0	0	0	0	0	0	10	0	0
3f3168131bd6043a60f01fdc9b55ebe3	0	0	0	0	0	0	0	0	0	0	0	0	0	0	0	0	0	0	0	0	0	0	0	0	0	0	0	10	0	0
17e98e6ad637ed2d453eb37de753fb9a	0	0	0	0	0	0	0	0	0	0	0	0	0	0	0	0	0	0	0	0	0	0	0	0	0	0	0	4	7	0
a4631c880589abc1cb8722cbe7d4c831	0	0	0	0	0	0	0	0	0	0	0	0	0	0	0	0	0	0	0	0	0	0	0	0	0	0	0	2	8	0
b4eba8693118d74ca8fadb11b245ec01	0	0	0	0	0	0	0	0	0	0	0	0	0	0	0	0	0	0	0	0	0	0	0	0	0	0	0	2	8	4
fe155af7e6ef599e5ae09d1a594c1acc	0	0	0	0	0	0	0	0	0	0	0	0	0	0	0	0	0	0	0	0	0	0	0	0	0	0	0	1	0	21
aa4887010e3df98cac32af6a1bb2933b	0	0	0	0	0	0	0	0	0	0	0	0	0	0	0	0	0	0	0	0	0	0	0	0	0	0	0	0	37	0
54d79f11f7de33b445e0eab5ed66016e	0	0	0	0	0	0	0	0	0	0	0	0	0	0	0	0	0	0	0	0	0	0	0	0	0	0	0	0	33	1
2400159e0d4c3690cd75577ec0d41a53	0	0	0	0	0	0	0	0	0	0	0	0	0	0	0	0	0	0	0	0	0	0	0	0	0	0	0	0	26	1
bbebe75ddea4ac6afa3b44bffb4d7655	0	0	0	0	0	0	0	0	0	0	0	0	0	0	0	0	0	0	0	0	0	0	0	0	0	0	0	0	22	0
c8dc126c79a51bf67eb83498ffb09612	0	0	0	0	0	0	0	0	0	0	0	0	0	0	0	0	0	0	0	0	0	0	0	0	0	0	0	0	20	0
c5e59a9b25d8b718eae9b1e6cd157989	0	0	0	0	0	0	0	0	0	0	0	0	0	0	0	0	0	0	0	0	0	0	0	0	0	0	0	0	20	0
73054ea07db0a8259331f4fdea5841f5	0	0	0	0	0	0	0	0	0	0	0	0	0	0	0	0	0	0	0	0	0	0	0	0	0	0	0	0	19	1
a927f49a1d5ddb5ee5eb05be02212100	0	0	0	0	0	0	0	0	0	0	0	0	0	0	0	0	0	0	0	0	0	0	0	0	0	0	0	0	17	0
a52b0139233960a69e7aefd169bc1851	0	0	0	0	0	0	0	0	0	0	0	0	0	0	0	0	0	0	0	0	0	0	0	0	0	0	0	0	16	6
c491dc527b79d4553e4735eca08e0c35	0	0	0	0	0	0	0	0	0	0	0	0	0	0	0	0	0	0	0	0	0	0	0	0	0	0	0	0	15	7
67d73af5f87a2f32fd0461c7e4988c1b	0	0	0	0	0	0	0	0	0	0	0	0	0	0	0	0	0	0	0	0	0	0	0	0	0	0	0	0	14	5
ca139ef43851141b824cd928b3fef70a	0	0	0	0	0	0	0	0	0	0	0	0	0	0	0	0	0	0	0	0	0	0	0	0	0	0	0	0	14	1
137fe704840fde4e195fef6b20a9a4eb	0	0	0	0	0	0	0	0	0	0	0	0	0	0	0	0	0	0	0	0	0	0	0	0	0	0	0	0	13	4
ce9473c7738fcccb003412c299b6093f	0	0	0	0	0	0	0	0	0	0	0	0	0	0	0	0	0	0	0	0	0	0	0	0	0	0	0	0	13	0
380ac43093451552835656768c1398f7	0	0	0	0	0	0	0	0	0	0	0	0	0	0	0	0	0	0	0	0	0	0	0	0	0	0	0	0	13	0
80d286c26cfca5fc49b01973ad25fb6e	0	0	0	0	0	0	0	0	0	0	0	0	0	0	0	0	0	0	0	0	0	0	0	0	0	0	0	0	13	0
33ca2a05fe59a165d7aac4f4924eebe3	0	0	0	0	0	0	0	0	0	0	0	0	0	0	0	0	0	0	0	0	0	0	0	0	0	0	0	0	12	0
1633ff04387fbeb4f158b9a3b613bb43	0	0	0	0	0	0	0	0	0	0	0	0	0	0	0	0	0	0	0	0	0	0	0	0	0	0	0	0	12	0
c740f6dc5603ed5314c3ad1a5ffb3813	0	0	0	0	0	0	0	0	0	0	0	0	0	0	0	0	0	0	0	0	0	0	0	0	0	0	0	0	12	0
7074362020f6fac16029fcb72a50459d	0	0	0	0	0	0	0	0	0	0	0	0	0	0	0	0	0	0	0	0	0	0	0	0	0	0	0	0	12	0
3dd15b17ce70f6b7cda6d72db230dafe	0	0	0	0	0	0	0	0	0	0	0	0	0	0	0	0	0	0	0	0	0	0	0	0	0	0	0	0	12	1
52cde6550ba455c0008e86c963a225e0	0	0	0	0	0	0	0	0	0	0	0	0	0	0	0	0	0	0	0	0	0	0	0	0	0	0	0	0	12	1
459bd9796e52e2d7082d3e8979462f8a	0	0	0	0	0	0	0	0	0	0	0	0	0	0	0	0	0	0	0	0	0	0	0	0	0	0	0	0	11	0
11e90dc9fa3029e2efe7d3a366cf9106	0	0	0	0	0	0	0	0	0	0	0	0	0	0	0	0	0	0	0	0	0	0	0	0	0	0	0	0	11	0
550cec78d5589fdf7e663742b66acbfa	0	0	0	0	0	0	0	0	0	0	0	0	0	0	0	0	0	0	0	0	0	0	0	0	0	0	0	0	11	1
6d8c18284b15415a35ff8f4ea2f0e19f	0	0	0	0	0	0	0	0	0	0	0	0	0	0	0	0	0	0	0	0	0	0	0	0	0	0	0	0	10	0
cef9cf42b767b255a2f7f0e90182d60e	0	0	0	0	0	0	0	0	0	0	0	0	0	0	0	0	0	0	0	0	0	0	0	0	0	0	0	0	10	2
6d9bc72d1aa22a277ec66873401b224d	0	0	0	0	0	0	0	0	0	0	0	0	0	0	0	0	0	0	0	0	0	0	0	0	0	0	0	0	10	2
ce977a9e88c515d46e1779d9c6540522	0	0	0	0	0	0	0	0	0	0	0	0	0	0	0	0	0	0	0	0	0	0	0	0	0	0	0	0	10	0
b531836108a57e370eae35c55fa71a6b	0	0	0	0	0	0	0	0	0	0	0	0	0	0	0	0	0	0	0	0	0	0	0	0	0	0	0	0	9	1
202a344c5afc52d81fa264a94d82c26f	0	0	0	0	0	0	0	0	0	0	0	0	0	0	0	0	0	0	0	0	0	0	0	0	0	0	0	0	9	2
4dc939091cb9dc1fcae05be620624ee4	0	0	0	0	0	0	0	0	0	0	0	0	0	0	0	0	0	0	0	0	0	0	0	0	0	0	0	0	9	1
02879665e70beb33e8b2c21cd3c1ff78	0	0	0	0	0	0	0	0	0	0	0	0	0	0	0	0	0	0	0	0	0	0	0	0	0	0	0	0	9	1
715a2649ae87526bea49eb542b26a56e	0	0	0	0	0	0	0	0	0	0	0	0	0	0	0	0	0	0	0	0	0	0	0	0	0	0	0	0	7	3
c05cd3b7bf2524e16db4289cdf99f169	0	0	0	0	0	0	0	0	0	0	0	0	0	0	0	0	0	0	0	0	0	0	0	0	0	0	0	0	3	8
e3595478f74bc72018efcac3a4bc9ca4	0	0	0	0	0	0	0	0	0	0	0	0	0	0	0	0	0	0	0	0	0	0	0	0	0	0	0	0	1	9
1647510727e188da9be8384a82693908	0	0	0	0	0	0	0	0	0	0	0	0	0	0	0	0	0	0	0	0	0	0	0	0	0	0	0	0	0	41
1ca0776def7f22314e9de9300190c339	0	0	0	0	0	0	0	0	0	0	0	0	0	0	0	0	0	0	0	0	0	0	0	0	0	0	0	0	0	22
928f11435a216eb7e551184c1bd8b4b4	0	0	0	0	0	0	0	0	0	0	0	0	0	0	0	0	0	0	0	0	0	0	0	0	0	0	0	0	0	17
8bfd6d94f00a9159a8be2aed1580261c	0	0	0	0	0	0	0	0	0	0	0	0	0	0	0	0	0	0	0	0	0	0	0	0	0	0	0	0	0	15
4b1ace38e1bcba324014401a84f01449	0	0	0	0	0	0	0	0	0	0	0	0	0	0	0	0	0	0	0	0	0	0	0	0	0	0	0	0	0	13
46bbd9b31b3e003e74db9b73e46631c5	0	0	0	0	0	0	0	0	0	0	0	0	0	0	0	0	0	0	0	0	0	0	0	0	0	0	0	0	0	12
39bd0c1fefdb5ccd111ccabb823ecff2	0	0	0	0	0	0	0	0	0	0	0	0	0	0	0	0	0	0	0	0	0	0	0	0	0	0	0	0	0	12
ba3c85461f8adcdf676058e906f8e2eb	0	0	0	0	0	0	0	0	0	0	0	0	0	0	0	0	0	0	0	0	0	0	0	0	0	0	0	0	0	10
780c7065b4a7c4640135ffde1f33f177	0	0	0	0	0	0	0	0	0	0	0	0	0	0	0	0	0	0	0	0	0	0	0	0	0	0	0	0	0	10
2155fe246900fc996e9d9eee0089bbfe	0	0	0	0	0	0	0	0	0	0	0	0	0	0	0	0	0	0	0	0	0	0	0	0	0	0	0	0	0	10
c453c3104a5863d6804c44d4ddc0a244	0	0	0	0	0	0	0	0	0	0	0	0	0	0	0	0	0	0	0	0	0	0	0	0	0	0	0	0	0	10
3d27ff2095a27b89f7a030b77be33278	0	0	0	0	0	0	0	0	0	0	0	0	0	0	0	0	0	0	0	0	0	0	0	0	0	0	0	0	0	10
a443f9a703efe061833abe995da63bf8	0	0	0	0	0	0	0	0	0	0	0	0	0	0	0	0	0	0	0	0	0	0	0	0	0	0	0	0	0	10
